unix_ms,rel_timestamp,frame,event,side,screen_pos_x,screen_pos_y,screen_pos_z,target_name,local_direction_x,local_direction_y,local_direction_z,angular_diff
1742842016002,0,276,,Center,0,0,0,,0,0,0,0
1742842016277,0.01999998,278,Eye Hit,Center,726.7153,684.6788,49.40723,Truck1-Detailed,0.4640548,-7.416332,49.40723,8.553179
1742842016329,0.08615732,279,,Center,702.4226,792.8229,49.96637,,-1.228415,0.05750998,49.96637,1.409727
1742842016390,0.1223631,280,,Center,700.0244,682.5374,49.38735,,-1.379838,-7.561265,49.38735,8.845956
1742842016445,0.2046762,281,,Center,702.9523,670.1884,49.25893,,-1.174531,-8.392406,49.25893,9.761264
1742842016512,0.2369294,282,,Center,703.5585,663.2957,49.18002,,-1.13095,-8.853083,49.18002,10.28589
1742842016555,0.3041229,283,,Center,698.0688,664.8177,49.18808,,-1.508812,-8.749828,49.18808,10.2323
1742842016582,0.3477945,284,,Center,696.5386,666.2598,49.20155,,-1.61453,-8.652983,49.20155,10.14309
1742842016610,0.376349,285,,Center,696.1335,671.4911,49.26064,,-1.644379,-8.302945,49.26064,9.749635
1742842016643,0.4145489,286,,Center,723.1559,671.1084,49.28241,,0.2175351,-8.332994,49.28241,9.600379
1742842016671,0.4360843,287,,Center,722.496,671.4962,49.28707,,0.1720612,-8.307045,49.28707,9.568977
1742842016700,0.4646125,288,,Center,734.5543,647.0427,48.97612,,0.9969856,-9.929727,48.97612,11.51724
1742842016734,0.4944501,289,Eye Hit,Center,740.052,645.8846,48.95187,NorthSidewalk,1.372905,-10.00411,48.95187,11.65559
1742842016775,0.5269842,290,Eye Hit,Center,741.4538,646.8718,48.96246,NorthSidewalk,1.469199,-9.93866,48.96246,11.59564
1742842016816,0.5681882,291,,Center,740.9739,650.3467,49.00925,,1.437702,-9.709965,49.00925,11.32563
1742842016849,0.6101427,292,,Center,736.7691,651.7597,49.035,,1.150081,-9.618158,49.035,11.17468
1742842016890,0.641674,293,,Center,668.6347,724.8095,49.6367,,-3.566034,-4.664699,49.6367,6.746309
1742842016922,0.6842475,294,,Center,668.8401,724.1274,49.63359,,-3.551553,-4.711761,49.63359,6.779399
1742842016962,0.7135291,295,,Center,675.2424,694.8522,49.43361,,-3.094583,-6.716892,49.43361,8.508609
1742842016993,0.7562194,296,Eye Hit,Center,686.36,502.7875,46.29269,RoadCrosswalk,-2.178118,-18.72589,46.29269,22.15802
1742842017035,0.7850046,297,Eye Hit,Center,697.5428,458.3514,45.27679,RoadCrosswalk,-1.422147,-21.12895,45.27679,25.06632
1742842017076,0.827764,298,Eye Hit,Center,685.3541,447.4406,44.98547,RoadCrosswalk,-2.179899,-21.6795,44.98547,25.84334
1742842017105,0.8688502,299,Eye Hit,Center,685.7949,424.1302,44.40545,RoadCrosswalk,-2.124417,-22.84774,44.40545,27.32744
1742842017146,0.8977489,300,Eye Hit,Center,684.3248,423.6044,44.38913,RoadCrosswalk,-2.214908,-22.87199,44.38913,27.36931
1742842017175,0.9388938,301,Eye Hit,Center,688.9647,443.6432,44.89968,RoadCrosswalk,-1.948999,-21.87663,44.89968,26.06619
1742842017216,0.9672294,302,Eye Hit,Center,692.9611,467.3482,45.48475,RoadCrosswalk,-1.720155,-20.65364,45.48475,24.49641
1742842017245,1.009133,303,Eye Hit,Center,696.7984,595.2939,48.16962,NorthSidewalk,-1.563161,-13.25269,48.16962,15.48447
1742842017286,1.037535,304,,Center,698.2931,640.8789,48.8821,,-1.484093,-10.33208,48.8821,12.05373
1742842017329,1.079206,305,,Center,700.2939,639.0793,48.86108,,-1.34672,-10.45063,48.86108,12.16964
1742842017357,1.12349,306,,Center,702.4786,638.8732,48.86183,,-1.197436,-10.46487,48.86183,12.1651
1742842017384,1.149853,307,,Center,702.566,636.0375,48.82188,,-1.190488,-10.64995,48.82188,12.37996
1742842017425,1.176549,308,,Center,703.4256,636.8019,48.83415,,-1.132074,-10.60042,48.83415,12.3147
1742842017468,1.219138,309,,Center,700.797,636.3743,48.8238,,-1.311334,-10.62737,48.8238,12.37017
1742842017509,1.260515,310,,Center,632.9192,673.994,48.96486,,-5.963756,-8.081675,48.96486,11.59197
1742842017537,1.301459,311,,Center,616.1714,738.856,49.33143,,-7.163968,-3.66683,49.33143,9.265523
1742842017578,1.329285,312,,Center,616.0217,737.936,49.32556,,-7.17344,-3.729866,49.32556,9.308819
1742842017620,1.370866,313,,Center,680.1352,725.4396,49.69119,,-2.770651,-4.626029,49.69119,6.193275
1742842017662,1.413156,314,,Center,686.0655,724.8632,49.70835,,-2.359303,-4.667697,49.70835,6.006291
1742842017705,1.455496,315,,Center,688.0319,728.7888,49.73884,,-2.223949,-4.397466,49.73884,5.658042
1742842017745,1.498503,316,,Center,687.9399,734.9343,49.77385,,-2.231924,-3.972729,49.77385,5.230794
1742842017786,1.538372,317,,Center,682.9582,735.5682,49.76017,,-2.578025,-3.927523,49.76017,5.393505
1742842017828,1.579563,318,,Center,683.8262,732.2278,49.74401,,-2.516796,-4.158657,49.74401,5.581142
1742842017871,1.621907,319,,Center,686.0363,735.7261,49.77061,,-2.364289,-3.917355,49.77061,5.252588
1742842017912,1.664614,320,,Center,661.9631,741.314,49.69233,,-4.033727,-3.522817,49.69233,6.151157
1742842017954,1.70534,321,Eye Hit,Center,518.1655,803.8607,48.09506,NorthWalkingSignal,-13.57715,0.7978564,48.09506,15.79012
1742842017996,1.747186,322,Eye Hit,Center,517.7742,806.5234,48.08477,NorthWalkingSignal,-13.60057,0.976761,48.08477,15.83197
1742842018025,1.789302,323,Eye Hit,Center,518.3755,808.6317,48.09252,NorthWalkingSignal,-13.56231,1.118737,48.09252,15.79953
1742842018051,1.817694,324,Eye Hit,Center,517.6447,808.5222,48.0799,NorthWalkingSignal,-13.6079,1.111079,48.0799,15.85288
1742842018079,1.844201,325,Eye Hit,Center,513.9351,809.2972,48.01308,NorthWalkingSignal,-13.8381,1.161576,48.01308,16.13139
1742842018107,1.871636,326,Eye Hit,Center,513.8759,813.8324,48.00453,NorthWalkingSignal,-13.83961,1.465876,48.00453,16.16744
1742842018136,1.899762,327,Eye Hit,Center,514.1424,813.9437,48.00869,NorthWalkingSignal,-13.82292,1.473477,48.00869,16.14871
1742842018177,1.928543,328,Eye Hit,Center,514.1202,814.1258,48.00791,NorthWalkingSignal,-13.82418,1.485676,48.00791,16.15178
1742842018218,1.969219,329,Eye Hit,Center,515.8442,811.0269,48.0446,NorthWalkingSignal,-13.7189,1.278574,48.0446,16.00196
1742842018260,2.011794,330,Eye Hit,Center,515.7792,810.4332,48.04449,NorthWalkingSignal,-13.72324,1.238678,48.04449,16.00275
1742842018289,2.053742,331,Eye Hit,Center,520.6613,807.7061,48.13456,NorthWalkingSignal,-13.42028,1.057398,48.13456,15.6248
1742842018330,2.080923,332,Eye Hit,Center,521.2104,807.0734,48.14486,NorthWalkingSignal,-13.38618,1.015021,48.14486,15.58047
1742842018360,2.123209,333,Eye Hit,Center,519.6181,808.498,48.11496,NorthWalkingSignal,-13.48502,1.110256,48.11496,15.70678
1742842018387,2.152644,334,Eye Hit,Center,522.3959,808.4354,48.16333,NorthWalkingSignal,-13.31145,1.107162,48.16333,15.5006
1742842018415,2.179216,335,Eye Hit,Center,530.4176,808.8345,48.29916,NorthWalkingSignal,-12.80709,1.137238,48.29916,14.90672
1742842018443,2.20754,336,Eye Hit,Center,536.6707,806.4099,48.4058,NorthWalkingSignal,-12.41201,0.9755989,48.4058,14.42419
1742842018471,2.23557,337,Eye Hit,Center,511.2944,804.053,47.97324,NorthWalkingSignal,-14.00381,0.8087336,47.97324,16.29865
1742842018499,2.263752,338,Eye Hit,Center,525.822,800.2231,48.23148,NorthWalkingSignal,-13.09916,0.554724,48.23148,15.20741
1742842018526,2.292354,339,,Center,521.0383,788.3834,48.15234,,-13.39984,-0.2435717,48.15234,15.55328
1742842018554,2.319134,340,Eye Hit,Center,531.1971,775.7899,48.31494,NorthWalkingPole,-12.7586,-1.095418,48.31494,14.84455
1742842018582,2.346492,341,Eye Hit,Center,545.545,763.2752,48.52214,NorthWalkingPole,-11.83958,-1.949438,48.52214,13.88998
1742842018610,2.375222,342,Eye Hit,Center,564.5574,752.6635,48.77267,NorthWalkingPole,-10.60375,-2.683398,48.77267,12.6403
1742842018639,2.403398,343,Eye Hit,Center,589.5582,735.0678,49.02312,NorthWalkingPole,-8.943975,-3.903659,49.02312,11.25837
1742842018667,2.434175,344,Eye Hit,Center,613.1559,718.28,49.18208,NorthWalkingPole,-7.349712,-5.071131,49.18208,10.29046
1742842018707,2.470143,345,,Center,641.3746,700.8346,49.29406,,-5.420888,-6.285467,49.29406,9.557878
1742842018747,2.499424,346,,Center,648.8143,698.8041,49.33041,,-4.911573,-6.4302,49.33041,9.315002
1742842018789,2.540705,347,,Center,628.6814,724.2766,49.36856,,-6.305546,-4.676295,49.36856,9.035202
1742842018818,2.582715,348,,Center,643.3563,729.6964,49.51843,,-5.308307,-4.31512,49.51843,7.865567
1742842018845,2.61002,349,,Center,656.9225,721.6677,49.55733,,-4.372154,-4.875008,49.55733,7.527308
1742842018873,2.637115,350,,Center,647.2206,732.7421,49.56173,,-5.045077,-4.107761,49.56173,7.478347
1742842018902,2.671488,351,,Center,658.9324,735.1296,49.65047,,-4.240796,-3.949323,49.65047,6.657201
1742842018942,2.694391,352,,Center,623.8364,744.0116,49.43057,,-6.648431,-3.317758,49.43057,8.548561
1742842018984,2.734749,353,,Center,549.2355,749.6029,48.53619,,-11.59248,-2.87816,48.53619,13.82537
1742842019012,2.777768,354,,Center,570.7388,752.9604,48.85828,,-10.19995,-2.66782,48.85828,12.17707
1742842019053,2.804535,355,,Center,577.7342,755.7855,48.95971,,-9.742094,-2.479898,48.95971,11.60313
1742842019082,2.84655,356,,Center,578.9273,753.9216,48.96811,,-9.662048,-2.607987,48.96811,11.55074
1742842019123,2.874493,357,,Center,487.7949,750.4653,47.46342,,-15.415,-2.757296,47.46342,18.25933
1742842019153,2.916499,358,Eye Hit,Center,488.2304,748.423,47.4641,NorthCarSignal,-15.38631,-2.892917,47.4641,18.25502
1742842019180,2.946097,359,Eye Hit,Center,492.5304,750.1223,47.55267,NorthCarSignal,-15.12903,-2.785291,47.55267,17.92639
1742842019208,2.972609,360,Eye Hit,Center,510.5855,750.2984,47.8885,NorthCarSignal,-14.02655,-2.793168,47.8885,16.62832
1742842019249,3.000666,361,Eye Hit,Center,532.7473,746.6898,48.25655,NorthCarSignal,-12.63855,-3.058195,48.25655,15.08083
1742842019291,3.042764,362,Eye Hit,Center,559.0867,748.4414,48.6716,NorthCarSignal,-10.9542,-2.965257,48.6716,13.12478
1742842019332,3.084318,363,Eye Hit,Center,561.0132,748.1707,48.69827,NorthCarSignal,-10.82898,-2.985319,48.69827,12.9889
1742842019374,3.125512,364,Eye Hit,Center,553.0016,747.4371,48.57801,NorthCarSignal,-11.34658,-3.027793,48.57801,13.59036
1742842019415,3.167665,365,Eye Hit,Center,547.3915,741.4228,48.46924,NorthCarSignal,-11.70149,-3.428736,48.46924,14.12097
1742842019444,3.208684,366,Eye Hit,Center,559.0717,741.0432,48.64256,NorthCarSignal,-10.94868,-3.466822,48.64256,13.2842
1742842019485,3.237748,367,Eye Hit,Center,564.6559,742.4396,48.72828,NorthCarSignal,-10.58739,-3.377761,48.72828,12.84735
1742842019526,3.277934,368,Eye Hit,Center,572.5635,739.1501,48.82332,NorthCarSignal,-10.06805,-3.608979,48.82332,12.35615
1742842019555,3.319632,369,Eye Hit,Center,575.483,738.7446,48.86067,NorthCarSignal,-9.876233,-3.639449,48.86067,12.15677
1742842019596,3.347493,370,Eye Hit,Center,578.1608,737.9017,48.89235,NorthCarSignal,-9.699514,-3.699454,48.89235,11.98731
1742842019625,3.38961,371,Eye Hit,Center,577.1292,735.6105,48.86764,NorthCarSignal,-9.765124,-3.854186,48.86764,12.12454
1742842019666,3.418497,372,Eye Hit,Center,569.3846,736.7015,48.76968,NorthCarSignal,-10.27383,-3.77204,48.76968,12.6482
1742842019708,3.461225,373,Eye Hit,Center,562.1379,738.4602,48.67757,NorthCarSignal,-10.7478,-3.645175,48.67757,13.124
1742842019750,3.502451,374,Eye Hit,Center,541.7632,740.9706,48.38335,NorthCarSignal,-12.06164,-3.453261,48.38335,14.53714
1742842019792,3.54394,375,Eye Hit,Center,527.0289,757.6744,48.20543,NorthCarSignal,-13.01072,-2.314341,48.20543,15.33034
1742842019834,3.585684,376,,Center,560.5444,775.5294,48.7726,,-10.87749,-1.123563,48.7726,12.63735
1742842019862,3.62747,377,,Center,653.5668,780.3485,49.76004,,-4.623586,-0.8109158,49.76004,5.389107
1742842019890,3.655227,378,,Center,750.0115,779.4653,49.92712,,2.095737,-0.8753163,49.92712,2.60459
1742842019931,3.68283,379,,Center,838.4343,753.6708,49.23529,,8.155808,-2.639485,49.23529,9.876692
1742842019972,3.72416,380,Eye Hit,Center,872.3923,747.7656,48.78675,NorthWalkingSignal,10.39867,-3.018384,48.78675,12.51356
1742842020014,3.765234,381,Eye Hit,Center,853.8281,743.9591,49.0134,NorthWalkingSignal,9.174348,-3.293357,49.0134,11.24794
1742842020043,3.807506,382,Eye Hit,Center,821.9167,764.2081,49.43944,NorthWalkingSignal,7.047443,-1.921783,49.43944,8.404758
1742842020084,3.836123,383,Eye Hit,Center,783.6265,766.5881,49.74876,NorthWalkingSignal,4.427245,-1.768206,49.74876,5.473821
1742842020126,3.877669,384,Eye Hit,Center,757.5587,768.2872,49.88044,NorthWalkingSignal,2.620319,-1.654346,49.88044,3.555012
1742842020154,3.918803,385,Eye Hit,Center,731.9861,770.6931,49.94783,NorthWalkingSignal,0.8373497,-1.488501,49.94783,1.958347
1742842020182,3.946649,386,Eye Hit,Center,713.9352,769.9069,49.95184,NorthWalkingSignal,-0.4237246,-1.543548,49.95184,1.835364
1742842020210,3.974214,387,Eye Hit,Center,694.0386,769.4329,49.92025,NorthWalkingSignal,-1.812667,-1.575668,49.92025,2.75449
1742842020239,4.003326,388,Eye Hit,Center,674.4208,763.6588,49.83833,NorthWalkingSignal,-3.177191,-1.975578,49.83833,4.293134
1742842020267,4.031701,389,Eye Hit,Center,660.0483,767.113,49.77318,NorthWalkingSignal,-4.17359,-1.732533,49.77318,5.187651
1742842020294,4.059729,390,Eye Hit,Center,628.7789,744.5677,49.46962,NorthWalkingSignal,-6.311707,-3.281902,49.46962,8.18331
1742842020335,4.087445,391,,Center,585.0372,669.6943,48.43181,,-9.142349,-8.284958,48.43181,14.29197
1742842020375,4.128283,392,Eye Hit,Center,547.1967,658.5742,47.80008,NorthWalkingPole,-11.55297,-8.920336,47.80008,16.98032
1742842020404,4.168361,393,Eye Hit,Center,522.9453,653.7233,47.36755,NorthWalkingPole,-13.05511,-9.160998,47.36755,18.6084
1742842020445,4.197072,394,Eye Hit,Center,493.9196,656.5352,46.89515,NorthWalkingPole,-14.82872,-8.8852,46.89515,20.23536
1742842020474,4.238199,395,,Center,495.2141,653.8987,46.89083,,-14.74246,-9.057298,46.89083,20.25377
1742842020516,4.267782,396,,Center,481.0201,678.2881,46.87362,,-15.66761,-7.454997,46.87362,20.31262
1742842020545,4.309062,397,,Center,640.9598,718.0681,49.41774,,-5.463161,-5.110078,49.41774,8.60777
1742842020572,4.337699,398,,Center,779.1349,750.855,49.72924,,4.113091,-2.861816,49.72924,5.753706
1742842020600,4.363903,399,,Center,746.2714,748.7382,49.8562,,1.831957,-3.016732,49.8562,4.049365
1742842020628,4.39304,400,,Center,835.0334,753.6775,49.27799,,7.928477,-2.641312,49.27799,9.625002
1742842020656,4.422374,401,,Center,906.1089,747.8421,48.28427,,12.56857,-2.982132,48.28427,14.97761
1742842020684,4.450304,402,,Center,923.1102,743.5248,47.97839,,13.62983,-3.252958,47.97839,16.28105
1742842020725,4.480361,403,,Center,914.8759,723.8214,48.02097,,13.08886,-4.579223,48.02097,16.10688
1742842020764,4.519184,404,,Center,918.9125,712.8625,47.8829,,13.32157,-5.299999,47.8829,16.66882
1742842020793,4.558861,405,,Center,929.9597,694.3381,47.55151,,13.96411,-6.495349,47.55151,17.94594
1742842020835,4.586191,406,Eye Hit,Center,916.8283,691.0161,47.75029,NE_Tree_10,13.14548,-6.744362,47.75029,17.19284
1742842020876,4.628553,407,,Center,877.6882,669.8514,48.1459,,10.6187,-8.225471,48.1459,15.58817
1742842020917,4.669643,408,,Center,832.6644,675.7536,48.75108,,7.682172,-7.926414,48.75108,12.75787
1742842020960,4.72144,409,Eye Hit,Center,741.1988,681.9782,49.38371,NE_Tree_10,1.464226,-7.599329,49.38371,8.906577
1742842020998,4.754043,410,Eye Hit,Center,704.6693,684.5123,49.42179,NE_Tree_10,-1.059725,-7.43002,49.42179,8.634949
1742842021042,4.799364,411,Eye Hit,Center,652.4291,679.6323,49.17053,NE_Tree_10,-4.647054,-7.727859,49.17053,10.39211
1742842021083,4.834172,412,Eye Hit,Center,615.6675,683.3077,48.91726,NE_Tree_10,-7.138299,-7.436592,48.91726,11.89963
1742842021115,4.87899,413,,Center,622.5434,693.8216,49.0818,,-6.690284,-6.739837,49.0818,10.95055
1742842021148,4.906322,414,,Center,645.168,686.0602,49.18964,,-5.148417,-7.288629,49.18964,10.28231
1742842021176,4.938063,415,,Center,795.3191,690.8581,49.23296,,5.186494,-6.964662,49.23296,10.0029
1742842021194,4.966816,416,Eye Hit,Center,857.1287,690.9429,48.63095,MicroBus2-Detailed,9.327257,-6.873733,48.63095,13.40103
1742842021217,4.985177,417,Eye Hit,Center,853.1325,692.7292,48.6994,MicroBus2-Detailed,9.06819,-6.761735,48.6994,13.07649
1742842021235,5.00745,418,Eye Hit,Center,872.4903,690.9867,48.43496,MicroBus2-Detailed,10.33033,-6.843063,48.43496,14.35036
1742842021251,5.025572,419,Eye Hit,Center,872.7985,690.5429,48.4288,MicroBus2-Detailed,10.34989,-6.872249,48.4288,14.38812
1742842021286,5.059,421,Eye Hit,Center,855.5842,691.2186,48.65949,MicroBus2-Detailed,9.227619,-6.858997,48.65949,13.2944
1742842021302,5.076941,422,Eye Hit,Center,850.4333,689.373,48.70223,MicroBus2-Detailed,8.884851,-6.990744,48.70223,13.06875
1742842021335,5.108349,424,Eye Hit,Center,841.2559,689.1083,48.80438,MicroBus2-Detailed,8.277033,-7.023478,48.80438,12.53992
1742842021365,5.139427,426,Eye Hit,Center,830.1312,690.4966,48.93457,MicroBus2-Detailed,7.537706,-6.947193,48.93457,11.83133
1742842021395,5.170055,428,Eye Hit,Center,831.4654,686.5934,48.8834,MicroBus2-Detailed,7.621042,-7.206797,48.8834,12.11038
1742842021411,5.186996,429,Eye Hit,Center,832.5416,685.626,48.86546,MicroBus2-Detailed,7.691802,-7.27027,48.86546,12.22116
1742842021442,5.216756,431,Eye Hit,Center,835.6921,683.0854,48.81005,MicroBus2-Detailed,7.898155,-7.435469,48.81005,12.52966
1742842021457,5.237305,432,Eye Hit,Center,822.3068,679.3846,48.90245,MicroBus2-Detailed,6.997585,-7.70267,48.90245,12.01352
1742842021488,5.263511,434,Eye Hit,Center,827.2589,677.7871,48.84356,MicroBus2-Detailed,7.327463,-7.802528,48.84356,12.36064
1742842021518,5.294204,436,Eye Hit,Center,828.1135,674.8515,48.80365,MicroBus2-Detailed,7.379811,-7.996536,48.80365,12.56932
1742842021551,5.326872,438,Eye Hit,Center,823.5443,674.8934,48.85003,MicroBus2-Detailed,7.074636,-8.001275,48.85003,12.33288
1742842021582,5.358295,440,Eye Hit,Center,822.3329,671.8799,48.82802,MicroBus2-Detailed,6.988716,-8.203473,48.82802,12.44618
1742842021615,5.394012,442,Eye Hit,Center,822.2217,669.0009,48.79622,MicroBus2-Detailed,6.976573,-8.394618,48.79622,12.60893
1742842021645,5.421098,444,Eye Hit,Center,828.5601,693.2707,48.98002,MicroBus2-Detailed,7.437074,-6.763601,48.98002,11.59836
1742842021680,5.458149,446,,Center,873.4023,784.8762,48.88762,,10.48923,-0.4871061,48.88762,12.12234
1742842021710,5.485588,448,,Center,874.8506,866.1382,48.61832,,10.52993,5.041444,48.61832,13.50262
1742842021742,5.515694,450,Eye Hit,Center,875.5712,877.084,48.52831,SouthCarSignal,10.55935,5.775052,48.52831,13.92879
1742842021760,5.532845,451,Eye Hit,Center,872.156,873.66,48.59888,SouthCarSignal,10.34257,5.550708,48.59888,13.57841
1742842021777,5.550989,452,Eye Hit,Center,871.0222,870.6299,48.63781,SouthCarSignal,10.27372,5.349022,48.63781,13.39515
1742842021807,5.582347,454,Eye Hit,Center,866.2292,874.0099,48.67538,SouthCarSignal,9.955348,5.583266,48.67538,13.19711
1742842021840,5.613851,456,Eye Hit,Center,865.9584,875.0842,48.66867,SouthCarSignal,9.935536,5.655628,48.66867,13.21932
1742842021858,5.630568,457,Eye Hit,Center,863.8472,864.01,48.77167,SouthCarSignal,9.812555,4.912172,48.77167,12.68014
1742842021873,5.648596,458,Eye Hit,Center,861.2001,859.5855,48.83468,SouthCarSignal,9.644421,4.616309,48.83468,12.34996
1742842021905,5.679821,460,Eye Hit,Center,856.3803,850.0123,48.94839,SouthCarSignal,9.336906,3.971657,48.94839,11.711
1742842021937,5.711536,462,Eye Hit,Center,852.1793,839.0159,49.0514,SouthCarSignal,9.068342,3.225594,49.0514,11.10163
1742842021970,5.743509,464,Eye Hit,Center,844.1569,825.1147,49.19673,SouthCarSignal,8.54319,2.278609,49.19673,10.18866
1742842021985,5.760267,465,Eye Hit,Center,839.2045,819.4665,49.26883,SouthCarSignal,8.214437,1.892727,49.26883,9.709036
1742842022018,5.793473,467,,Center,830.9171,790.282,49.39201,,7.662458,-0.1186842,49.39201,8.819356
1742842022052,5.824838,469,Eye Hit,Center,820.8419,781.4131,49.48584,SouthCarSignal,6.979674,-0.7327614,49.48584,8.07183
1742842022070,5.847868,470,Eye Hit,Center,815.7427,786.461,49.53624,SouthCarSignal,6.633482,-0.3837681,49.53624,7.639797
1742842022102,5.875999,472,Eye Hit,Center,804.506,790.6276,49.63268,SouthCarSignal,5.866351,-0.09527102,49.63268,6.741685
1742842022136,5.907512,474,Eye Hit,Center,806.673,778.5689,49.60392,SouthCarSignal,6.013294,-0.931839,49.60392,6.993697
1742842022153,5.926584,475,Eye Hit,Center,805.9164,777.7499,49.6076,SouthCarSignal,5.961244,-0.9887334,49.6076,6.944949
1742842022170,5.948619,476,,Center,800.597,764.4568,49.62305,,5.593906,-1.911663,49.62305,6.79356
1742842022202,5.974626,478,,Center,794.3692,752.525,49.62928,,5.162309,-2.740139,49.62928,6.716358
1742842022219,5.992448,479,,Center,793.1603,748.1781,49.61654,,5.077088,-3.0411,49.61654,6.802042
1742842022236,6.009306,480,,Center,795.3307,747.7946,49.60059,,5.226027,-3.066725,49.60059,6.964945
1742842022252,6.02693,481,,Center,794.111,743.5369,49.58821,,5.140131,-3.36126,49.58821,7.060193
1742842022284,6.060607,483,,Center,794.2805,738.7257,49.56306,,5.149275,-3.69308,49.56306,7.28583
1742842022319,6.094087,485,Eye Hit,Center,795.6535,805.8182,49.67805,SouthWalkingSignal,5.256618,0.9601281,49.67805,6.139354
1742842022351,6.126529,487,Eye Hit,Center,797.5611,848.6842,49.52001,SouthWalkingSignal,5.372018,3.92605,49.52001,7.652707
1742842022383,6.159504,489,Eye Hit,Center,798.9224,850.6537,49.49869,SouthWalkingSignal,5.463955,4.06071,49.49869,7.830879
1742842022417,6.192036,491,Eye Hit,Center,799.8634,843.8597,49.52451,SouthWalkingSignal,5.531983,3.59222,49.52451,7.586334
1742842022449,6.223833,493,Eye Hit,Center,801.1591,837.1722,49.54519,SouthWalkingSignal,5.624082,3.130295,49.54519,7.401944
1742842022481,6.255821,495,Eye Hit,Center,801.4939,829.9178,49.57124,SouthWalkingSignal,5.650253,2.628971,49.57124,7.165439
1742842022514,6.289124,497,Eye Hit,Center,801.0992,830.3271,49.56956,SouthWalkingSignal,5.622694,2.657258,49.56956,7.150968
1742842022548,6.321485,499,Eye Hit,Center,802.8099,824.9139,49.57494,SouthWalkingSignal,5.741921,2.282201,49.57494,7.104537
1742842022563,6.338218,500,Eye Hit,Center,807.1085,807.9499,49.58381,SouthWalkingSignal,6.041064,1.10614,49.58381,7.06072
1742842022597,6.371127,502,Eye Hit,Center,806.4161,805.1274,49.59138,SouthWalkingSignal,5.993956,0.9105363,49.59138,6.970013
1742842022613,6.390595,503,Eye Hit,Center,805.3837,802.3758,49.59947,SouthWalkingSignal,5.923321,0.7197987,49.59947,6.859812
1742842022629,6.409046,504,Eye Hit,Center,811.1039,798.4125,49.5588,SouthWalkingSignal,6.314958,0.4444882,49.5588,7.279473
1742842022661,6.435771,506,Eye Hit,Center,814.2889,802.1835,49.52845,SouthWalkingSignal,6.531728,0.7054453,49.52845,7.55593
1742842022693,6.46755,508,Eye Hit,Center,816.8917,812.7487,49.48696,SouthWalkingSignal,6.706412,1.436136,49.48696,7.890458
1742842022724,6.499955,510,Eye Hit,Center,817.0858,815.0272,49.48081,SouthWalkingSignal,6.719015,1.593644,49.48081,7.944753
1742842022755,6.530616,512,Eye Hit,Center,821.6556,817.5977,49.43257,SouthWalkingSignal,7.028411,1.769814,49.43257,8.341296
1742842022787,6.561679,514,Eye Hit,Center,829.8553,825.4597,49.32119,SouthWalkingSignal,7.578225,2.308178,49.32119,9.124879
1742842022818,6.593402,516,Eye Hit,Center,843.7731,839.2567,49.11343,SouthWalkingSignal,8.502357,3.246212,49.11343,10.49814
1742842022849,6.62531,518,Eye Hit,Center,850.974,845.9861,48.99629,SouthWalkingSignal,8.975554,3.699626,48.99629,11.20743
1742842022880,6.65503,520,,Center,761.263,847.1553,49.71204,,2.869033,3.834967,49.71204,5.503029
1742842022909,6.684914,522,,Center,705.5906,851.9611,49.75395,,-1.002737,4.172634,49.75395,4.929667
1742842022939,6.714386,524,,Center,653.1204,835.3242,49.62802,,-4.642302,3.007257,49.62802,6.359586
1742842022969,6.744582,526,,Center,625.4504,815.297,49.47683,,-6.542965,1.612183,49.47683,7.755852
1742842022984,6.763934,527,,Center,643.293,826.0124,49.5854,,-5.319877,2.358868,49.5854,6.69366
1742842023027,6.80569,529,,Center,659.0336,803.7174,49.71876,,-4.239585,0.8148258,49.71876,4.962661
1742842023055,6.833901,530,,Center,640.842,767.2609,49.5711,,-5.488283,-1.715242,49.5711,6.616513
1742842023089,6.861782,531,,Center,657.5366,755.2283,49.63863,,-4.336687,-2.552978,49.63863,5.788856
1742842023125,6.889793,532,,Center,663.795,746.7679,49.63065,,-3.901558,-3.139857,49.63065,5.76208
1742842023162,6.919865,533,,Center,678.9252,725.1072,49.57481,,-2.848064,-4.638242,49.57481,6.265474
1742842023202,6.956,534,,Center,692.4332,716.3295,49.55037,,-1.910493,-5.244283,49.55037,6.426784
1742842023244,6.995449,535,,Center,696.8986,714.3994,49.53911,,-1.600659,-5.376829,49.53911,6.460895
1742842023276,7.037504,536,,Center,628.5031,718.9907,49.22782,,-6.299845,-5.026914,49.22782,9.298045
1742842023318,7.068983,537,,Center,618.2756,736.3837,49.23142,,-7.004554,-3.829632,49.23142,9.210595
1742842023351,7.112276,538,,Center,585.0948,723.1079,48.79309,,-9.206614,-4.701543,48.79309,11.96217
1742842023392,7.144615,539,,Center,585.249,714.2722,48.72652,,-9.183541,-5.2973,48.72652,12.27499
1742842023423,7.186045,540,,Center,577.7119,710.6922,48.61002,,-9.674026,-5.528037,48.61002,12.90999
1742842023464,7.215887,541,,Center,588.9855,724.8754,48.84047,,-8.949777,-4.58537,48.84047,11.63439
1742842023494,7.258919,542,,Center,624.8671,733.8229,49.27719,,-6.556764,-4.009694,49.27719,8.864835
1742842023535,7.287579,543,Eye Hit,Center,676.6022,725.2725,49.5647,NorthSidewalk,-3.008524,-4.625836,49.5647,6.352645
1742842023577,7.329175,544,Eye Hit,Center,718.8395,729.7106,49.68161,NorthSidewalk,-0.08064175,-4.328355,49.68161,4.980041
1742842023619,7.370763,545,Eye Hit,Center,616.3058,735.1176,49.22876,NorthWalkingPole,-7.139803,-3.916605,49.22876,9.392915
1742842023661,7.414142,546,Eye Hit,Center,605.6398,721.4803,49.04092,NorthSidewalk,-7.844161,-4.837067,49.04092,10.64276
1742842023703,7.455905,547,Eye Hit,Center,605.1033,716.0157,48.99896,NorthSidewalk,-7.874218,-5.207435,48.99896,10.90526
1742842023743,7.497824,548,Eye Hit,Center,644.5161,707.0482,49.27846,NorthSidewalk,-5.202646,-5.855212,49.27846,9.031461
1742842023783,7.539007,549,Eye Hit,Center,675.0032,707.573,49.47206,NorthSidewalk,-3.113543,-5.841902,49.47206,7.621408
1742842023826,7.577236,550,Eye Hit,Center,687.7154,717.1106,49.58882,NorthSidewalk,-2.239197,-5.194182,49.58882,6.507256
1742842023866,7.621459,551,Eye Hit,Center,690.7293,712.5687,49.56218,NorthSidewalk,-2.029068,-5.506237,49.56218,6.75244
1742842023908,7.660615,552,Eye Hit,Center,622.8952,717.7072,49.20302,NorthSidewalk,-6.682599,-5.11271,49.20302,9.704134
1742842023950,7.703416,553,Eye Hit,Center,633.4785,718.099,49.30045,NorthSidewalk,-5.966063,-5.09582,49.30045,9.042702
1742842023992,7.744881,554,Eye Hit,Center,663.7491,702.2047,49.39697,NorthSidewalk,-3.886357,-6.203927,49.39697,8.429932
1742842024034,7.786331,555,Eye Hit,Center,713.4755,684.5233,49.37891,NorthSidewalk,-0.4506083,-7.422817,49.37891,8.5644
1742842024075,7.826146,556,Eye Hit,Center,757.8974,670.3102,49.15922,NorthSidewalk,2.605719,-8.367043,49.15922,10.10768
1742842024119,7.869051,557,Eye Hit,Center,694.9286,712.4381,49.61669,NW_Tree_10,-1.73988,-5.521358,49.61669,6.654874
1742842024160,7.912862,558,Eye Hit,Center,621.1044,728.9865,49.30658,NorthSidewalk,-6.820165,-4.345616,49.30658,9.31437
1742842024203,7.954053,559,Eye Hit,Center,619.5743,725.1338,49.27098,NorthSidewalk,-6.920685,-4.607984,49.27098,9.578341
1742842024245,7.995367,560,Eye Hit,Center,643.975,714.1422,49.39633,NorthSidewalk,-5.252476,-5.379101,49.39633,8.65408
1742842024277,8.035713,561,Eye Hit,Center,661.9013,704.5614,49.43736,NorthSidewalk,-4.017304,-6.046046,49.43736,8.353223
1742842024309,8.067749,562,Eye Hit,Center,685.592,706.3026,49.55435,NorthSidewalk,-2.384813,-5.93967,49.55435,7.359728
1742842024338,8.099977,563,Eye Hit,Center,705.1015,708.4119,49.61224,NorthSidewalk,-1.033818,-5.800242,49.61224,6.772365
1742842024365,8.129177,564,Eye Hit,Center,692.8998,717.2336,49.65629,Sedan5-Detailed,-1.882175,-5.192705,49.65629,6.346963
1742842024393,8.156258,565,Eye Hit,Center,557.9736,722.195,48.51942,Sedan5-Detailed,-10.99548,-4.737127,48.51942,13.86124
1742842024411,8.183147,566,Eye Hit,Center,533.7991,724.3865,48.16245,Sedan5-Detailed,-12.54305,-4.55465,48.16245,15.48649
1742842024435,8.201845,567,Eye Hit,Center,541.4785,730.8997,48.32118,Sedan5-Detailed,-12.06538,-4.129464,48.32118,14.78391
1742842024452,8.226238,568,Eye Hit,Center,542.0507,731.8934,48.33421,Sedan5-Detailed,-12.02995,-4.063403,48.33421,14.71933
1742842024489,8.261045,570,Eye Hit,Center,551.309,725.3499,48.43758,Sedan5-Detailed,-11.42845,-4.515397,48.43758,14.23507
1742842024507,8.280642,571,Eye Hit,Center,553.3243,722.0306,48.44847,Sedan5-Detailed,-11.29446,-4.741342,48.44847,14.18883
1742842024525,8.298021,572,Eye Hit,Center,574.6382,716.8492,48.71362,Sedan5-Detailed,-9.904069,-5.120318,48.71362,12.89157
1742842024546,8.315411,573,Eye Hit,Center,572.49,715.1697,48.67026,Sedan5-Detailed,-10.04149,-5.230092,48.67026,13.0955
1742842024563,8.336561,574,Eye Hit,Center,577.4724,713.0855,48.72242,Sedan5-Detailed,-9.712717,-5.377726,48.72242,12.8365
1742842024579,8.354315,575,Eye Hit,Center,575.1308,712.3834,48.68512,Sedan5-Detailed,-9.86473,-5.421414,48.68512,13.0184
1742842024615,8.386896,577,Eye Hit,Center,574.7567,709.2471,48.6556,Sedan5-Detailed,-9.884206,-5.631567,48.6556,13.15967
1742842024632,8.405668,578,Eye Hit,Center,577.0151,711.7257,48.7055,Sedan5-Detailed,-9.740498,-5.468491,48.7055,12.91735
1742842024648,8.423433,579,Eye Hit,Center,570.9325,714.3901,48.64243,Sedan5-Detailed,-10.14171,-5.280138,48.64243,13.22783
1742842024685,8.456047,581,Eye Hit,Center,565.3083,714.9473,48.56784,Sedan5-Detailed,-10.50821,-5.234189,48.56784,13.58868
1742842024701,8.475813,582,Eye Hit,Center,567.7758,711.1797,48.57797,Sedan5-Detailed,-10.34275,-5.491269,48.57797,13.55303
1742842024735,8.508497,584,Eye Hit,Center,567.0524,713.929,48.58906,Sedan5-Detailed,-10.39427,-5.305679,48.58906,13.50546
1742842024751,8.52562,585,Eye Hit,Center,562.0895,714.6083,48.52284,Sedan5-Detailed,-10.71692,-5.252349,48.52284,13.81832
1742842024785,8.558966,587,Eye Hit,Center,559.1337,713.0799,48.46976,Sedan5-Detailed,-10.90558,-5.350216,48.46976,14.06944
1742842024802,8.575848,588,Eye Hit,Center,559.3011,716.0701,48.496,Sedan5-Detailed,-10.90013,-5.150287,48.496,13.96019
1742842024818,8.593283,589,Eye Hit,Center,553.9536,718.6582,48.43462,Sedan5-Detailed,-11.24859,-4.968443,48.43462,14.24576
1742842024855,8.628252,591,Eye Hit,Center,557.947,725.5389,48.53813,Sedan5-Detailed,-11.00153,-4.511942,48.53813,13.76513
1742842024871,8.645672,592,Eye Hit,Center,566.3958,719.488,48.62339,Sedan5-Detailed,-10.44627,-4.931377,48.62339,13.36437
1742842024907,8.678967,594,Eye Hit,Center,571.0918,716.7487,48.67199,Sedan5-Detailed,-10.13703,-5.122784,48.67199,13.13527
1742842024925,8.697577,595,Eye Hit,Center,578.926,712.3688,48.74639,Sedan5-Detailed,-9.618388,-5.429235,48.74639,12.76647
1742842024941,8.715277,596,Eye Hit,Center,577.3373,711.7152,48.72195,Sedan5-Detailed,-9.721829,-5.471052,48.72195,12.89636
1742842024977,8.747831,598,Eye Hit,Center,577.601,723.4831,48.8089,Sedan5-Detailed,-9.721176,-4.677456,48.8089,12.46339
1742842024994,8.767685,599,Eye Hit,Center,583.3701,724.972,48.89275,Sedan5-Detailed,-9.343359,-4.583674,48.89275,12.01642
1742842025010,8.784851,600,Eye Hit,Center,580.8549,726.4266,48.87144,Sedan5-Detailed,-9.511212,-4.482248,48.87144,12.14182
1742842025047,8.818708,602,Eye Hit,Center,580.9844,719.7625,48.83539,Sedan5-Detailed,-9.495355,-4.934125,48.83539,12.35933
1742842025063,8.837719,603,Eye Hit,Center,584.6952,717.6629,48.86765,Sedan5-Detailed,-9.247996,-5.080892,48.86765,12.1846
1742842025081,8.857012,604,Eye Hit,Center,577.518,718.6158,48.78571,Sedan5-Detailed,-9.72222,-5.007353,48.78571,12.63474
1742842025097,8.873806,605,Eye Hit,Center,583.423,716.9287,48.84835,Sedan5-Detailed,-9.331262,-5.129048,48.84835,12.29701
1742842025115,8.890579,606,Eye Hit,Center,568.5545,717.8522,48.66553,Sedan5-Detailed,-10.30839,-5.046995,48.66553,13.2705
1742842025143,8.922882,607,Eye Hit,Center,559.2676,716.7608,48.52928,Sedan5-Detailed,-10.90989,-5.106944,48.52928,13.94029
1742842025180,8.951422,608,Eye Hit,Center,537.4047,717.3928,48.20533,Sedan5-Detailed,-12.31112,-5.030238,48.20533,15.4234
1742842025214,8.981491,609,Eye Hit,Center,512.0273,712.608,47.74886,Sedan5-Detailed,-13.88936,-5.302158,47.74886,17.2944
1742842025247,9.012419,610,Eye Hit,Center,477.522,707.864,47.07166,Sedan5-Detailed,-15.96411,-5.53929,47.07166,19.74718
1742842025287,9.04681,611,Eye Hit,Center,444.5576,697.6978,46.32139,Sedan5-Detailed,-17.84536,-6.10965,46.32139,22.15635
1742842025325,9.079977,612,Eye Hit,Center,402.5694,688.9578,45.32172,Sedan5-Detailed,-20.12186,-6.531822,45.32172,25.02244
1742842025367,9.118242,613,Eye Hit,Center,368.6469,686.8486,44.50375,Sedan5-Detailed,-21.87023,-6.545227,44.50375,27.156
1742842025410,9.160164,614,Eye Hit,Center,319.2648,685.5198,43.26811,Sedan5-Detailed,-24.25148,-6.443914,43.26811,30.11125
1742842025447,9.204714,615,Eye Hit,Center,346.8824,684.7567,43.94689,Sedan5-Detailed,-22.93437,-6.591908,43.94689,28.50171
1742842025487,9.239676,616,Eye Hit,Center,314.3932,665.4408,42.98859,NorthSidewalk,-24.38773,-7.609564,42.98859,30.72224
1742842025520,9.280569,617,Eye Hit,Center,289.6175,663.6968,42.34395,NorthSidewalk,-25.48936,-7.598745,42.34395,32.13454
1742842025561,9.313229,618,Eye Hit,Center,259.6454,661.8056,41.55796,NorthSidewalk,-26.75837,-7.567622,41.55796,33.78788
1742842025594,9.35536,619,Eye Hit,Center,352.2214,672.1614,43.97553,NorthSidewalk,-22.62093,-7.370905,43.97553,28.41416
1742842025635,9.387543,620,Eye Hit,Center,454.7458,675.5592,46.33668,NorthSidewalk,-17.19096,-7.546456,46.33668,22.05649
1742842025665,9.428732,621,Eye Hit,Center,543.1201,674.5001,47.92373,NorthSidewalk,-11.8561,-7.875911,47.92373,16.54176
1742842025705,9.458561,622,Eye Hit,Center,593.5397,679.8562,48.6515,NorthSidewalk,-8.605248,-7.631052,48.6515,13.3008
1742842025747,9.498165,623,Eye Hit,Center,628.5045,672.2296,48.91777,NorthSidewalk,-6.260069,-8.194621,48.91777,11.90398
1742842025789,9.540863,624,Eye Hit,Center,757.9694,683.4319,49.3576,NorthSidewalk,2.621206,-7.49496,49.3576,9.138823
1742842025831,9.583048,625,Eye Hit,Center,741.3135,681.7535,49.38913,NorthSidewalk,1.472308,-7.615688,49.38913,8.925549
1742842025874,9.625881,626,Eye Hit,Center,676.5156,688.9088,49.39637,NorthSidewalk,-3.004284,-7.12245,49.39637,8.894194
1742842025916,9.66773,627,Eye Hit,Center,627.2314,685.6503,49.05127,NorthSidewalk,-6.364498,-7.296244,49.05127,11.16585
1742842025958,9.709183,628,Eye Hit,Center,597.2021,678.0885,48.68191,NorthSidewalk,-8.361257,-7.756186,48.68191,13.185
1742842026000,9.752253,629,Eye Hit,Center,566.0226,675.0155,48.2679,NorthSidewalk,-10.39509,-7.897682,48.2679,15.13457
1742842026041,9.793224,630,Eye Hit,Center,549.7759,669.1094,47.97841,NorthSidewalk,-11.42299,-8.246651,47.97841,16.36473
1742842026071,9.831923,631,Eye Hit,Center,705.0513,706.5035,49.63295,Sedan5-Detailed,-1.037738,-5.935146,49.63295,6.921524
1742842026103,9.862261,632,,Center,685.2495,701.0363,49.54416,,-2.408054,-6.30338,49.54416,7.755726
1742842026132,9.89397,633,Eye Hit,Center,700.7247,704.5457,49.61263,Sedan5-Detailed,-1.337541,-6.068568,49.61263,7.13941
1742842026161,9.923794,634,Eye Hit,Center,691.1987,706.3184,49.60375,Sedan5-Detailed,-1.9982,-5.944493,49.60375,7.205601
1742842026179,9.952208,635,,Center,675.5671,700.2974,49.4959,,-3.076004,-6.348391,49.4959,8.111403
1742842026201,9.968912,636,,Center,664.7791,700.6997,49.4473,,-3.819082,-6.314334,49.4473,8.488088
1742842026219,9.992121,637,,Center,657.4549,697.5475,49.3806,,-4.319791,-6.523532,49.3806,9.003397
1742842026237,10.01001,638,,Center,658.984,698.6238,49.39613,,-4.215505,-6.451223,49.39613,8.867383
1742842026256,10.02766,639,,Center,641.7603,693.9586,49.24495,,-5.38892,-6.752801,49.24495,9.950661
1742842026275,10.04711,640,,Center,657.48,688.0242,49.28951,,-4.310091,-7.16803,49.28951,9.630923
1742842026291,10.06525,641,Eye Hit,Center,714.2886,681.5525,49.40358,Sedan5-Detailed,-0.3946538,-7.631806,49.40358,8.7931
1742842026309,10.08222,642,Eye Hit,Center,709.1844,680.3329,49.3882,Sedan5-Detailed,-0.7471145,-7.713676,49.3882,8.917886
1742842026326,10.10044,643,Eye Hit,Center,717.6932,679.2415,49.3807,Sedan5-Detailed,-0.1593255,-7.787882,49.3807,8.964206
1742842026360,10.13413,645,Eye Hit,Center,726.1612,679.5674,49.38105,Sedan5-Detailed,0.4255371,-7.765431,49.38105,8.950059
1742842026377,10.15087,646,Eye Hit,Center,722.9496,677.135,49.35718,Sedan5-Detailed,0.2036208,-7.929595,49.35718,9.129938
1742842026396,10.16797,647,Eye Hit,Center,713.9626,677.3846,49.35698,Sedan5-Detailed,-0.4167855,-7.912333,49.35698,9.119903
1742842026413,10.18665,648,Eye Hit,Center,711.1226,676.7021,49.34838,Sedan5-Detailed,-0.6127322,-7.95806,49.34838,9.187461
1742842026430,10.20362,649,Eye Hit,Center,710.1978,680.793,49.38923,Sedan5-Detailed,-0.6771223,-7.682052,49.38923,8.874736
1742842026446,10.2212,650,Eye Hit,Center,706.0776,679.9861,49.37682,Sedan5-Detailed,-0.9615036,-7.735848,49.37682,8.971501
1742842026480,10.25277,652,Eye Hit,Center,700.0982,682.6412,49.39425,Sedan5-Detailed,-1.374932,-7.555152,49.39425,8.836935
1742842026496,10.27073,653,Eye Hit,Center,698.2313,681.8106,49.38027,Sedan5-Detailed,-1.503483,-7.610377,49.38027,8.927992
1742842026512,10.28845,654,Eye Hit,Center,694.2929,680.5209,49.35837,Sedan5-Detailed,-1.774708,-7.69604,49.35837,9.09105
1742842026544,10.31989,656,Eye Hit,Center,691.2828,678.9367,49.33293,Sedan5-Detailed,-1.981492,-7.801382,49.33293,9.266646
1742842026577,10.35128,658,Eye Hit,Center,688.6808,670.5079,49.23228,Sedan5-Detailed,-2.156622,-8.365869,49.23228,9.953032
1742842026609,10.38339,660,Eye Hit,Center,712.7788,672.2171,49.29396,Sedan5-Detailed,-0.4978696,-8.258504,49.29396,9.527699
1742842026642,10.41634,662,Eye Hit,Center,768.9658,683.4927,49.30371,Sedan5-Detailed,3.376645,-7.482584,49.30371,9.453176
1742842026674,10.44827,664,Eye Hit,Center,770.0017,683.9349,49.3026,Sedan5-Detailed,3.448002,-7.451923,49.3026,9.4554
1742842026708,10.48144,666,Eye Hit,Center,768.7625,678.9526,49.25625,Sedan5-Detailed,3.359386,-7.788161,49.25625,9.770384
1742842026722,10.49811,667,Eye Hit,Center,769.2698,680.6445,49.27174,Sedan5-Detailed,3.395401,-7.674016,49.27174,9.665483
1742842026754,10.52942,669,Eye Hit,Center,765.2954,680.0725,49.28291,Sedan5-Detailed,3.122221,-7.71518,49.28291,9.585768
1742842026785,10.56039,671,Eye Hit,Center,755.2703,686.8771,49.38966,Sedan5-Detailed,2.436455,-7.261836,49.38966,8.81559
1742842026818,10.59361,673,Eye Hit,Center,750.89,688.6443,49.42064,Sedan5-Detailed,2.135206,-7.144236,49.42064,8.579933
1742842026849,10.62432,675,Eye Hit,Center,752.0543,687.3843,49.40499,Sedan5-Detailed,2.214983,-7.229041,49.40499,8.700846
1742842026882,10.65579,677,Eye Hit,Center,753.1368,688.73,49.41476,Sedan5-Detailed,2.290231,-7.137462,49.41476,8.625618
1742842026913,10.68794,679,Eye Hit,Center,751.599,690.5917,49.43738,Sedan5-Detailed,2.184951,-7.012,49.43738,8.450197
1742842026944,10.71969,681,Eye Hit,Center,750.2249,691.1342,49.44699,Sedan5-Detailed,2.090346,-6.975843,49.44699,8.378011
1742842026976,10.75035,683,Eye Hit,Center,753.3439,690.4641,49.43122,Sedan5-Detailed,2.305313,-7.019948,49.43122,8.501404
1742842027007,10.78229,685,Eye Hit,Center,755.6967,687.6804,49.39659,Sedan5-Detailed,2.466257,-7.207354,49.39659,8.766744
1742842027039,10.81375,687,Eye Hit,Center,757.8204,687.8224,49.3907,Sedan5-Detailed,2.612664,-7.196685,49.3907,8.811534
1742842027070,10.84538,689,Eye Hit,Center,759.2441,680.2253,49.30843,Sedan5-Detailed,2.706503,-7.708637,49.30843,9.407927
1742842027101,10.87597,691,Eye Hit,Center,767.0588,676.3792,49.23595,Sedan5-Detailed,3.240675,-7.962164,49.23595,9.903772
1742842027133,10.90702,693,Eye Hit,Center,767.6537,677.0978,49.24117,Sedan5-Detailed,3.281996,-7.913518,49.24117,9.869681
1742842027149,10.92406,694,Eye Hit,Center,770.7162,675.1398,49.20573,Sedan5-Detailed,3.490397,-8.04258,49.20573,10.10277
1742842027180,10.9564,696,Eye Hit,Center,774.196,675.0183,49.18777,Sedan5-Detailed,3.728526,-8.047998,49.18777,10.22197
1742842027211,10.98698,698,Eye Hit,Center,773.3345,675.0836,49.19309,Sedan5-Detailed,3.669655,-8.044376,49.19309,10.18943
1742842027244,11.01883,700,,Center,736.5293,784.731,49.96535,,1.155143,-0.507989,49.96535,1.446857
1742842027275,11.04996,702,,Center,714.8387,860.5126,49.75192,,-0.3591549,4.767525,49.75192,5.489159
1742842027307,11.0808,704,,Center,713.1944,865.7089,49.71549,,-0.4732287,5.125363,49.71549,5.910921
1742842027323,11.09804,705,,Center,711.7206,864.4312,49.72342,,-0.5758015,5.037322,49.72342,5.822112
1742842027353,11.12849,707,,Center,712.5451,862.7711,49.73542,,-0.5185863,4.923057,49.73542,5.684065
1742842027385,11.15963,709,,Center,716.8755,868.4578,49.69739,,-0.2171832,5.314577,49.69739,6.109007
1742842027417,11.19353,711,Eye Hit,Center,716.1662,874.3339,49.65255,SouthCarSignal,-0.2662464,5.717854,49.65255,6.576111
1742842027449,11.22426,713,Eye Hit,Center,716.5125,875.9252,49.64019,SouthCarSignal,-0.2421348,5.826911,49.64019,6.70063
1742842027483,11.25544,715,Eye Hit,Center,717.5532,875.9829,49.64006,SouthCarSignal,-0.1698789,5.830908,49.64006,6.702298
1742842027498,11.27322,716,Eye Hit,Center,718.6055,876.7109,49.6344,SouthCarSignal,-0.09680804,5.880777,49.6344,6.757957
1742842027530,11.30467,718,Eye Hit,Center,717.6191,877.3112,49.62951,SouthCarSignal,-0.16527,5.921873,49.62951,6.807057
1742842027562,11.33586,720,,Center,717.6552,873.4844,49.66006,,-0.1628649,5.659713,49.66006,6.504543
1742842027578,11.35293,721,,Center,717.9829,873.4352,49.66054,,-0.1401049,5.656351,49.66054,6.499959
1742842027609,11.38303,723,Eye Hit,Center,718.4457,880.9898,49.59928,SouthCarSignal,-0.1078265,6.173457,49.59928,7.096
1742842027625,11.40001,724,Eye Hit,Center,719.8817,883.9954,49.5737,SouthCarSignal,-0.008200797,6.378676,49.5737,7.332002
1742842027656,11.43039,726,Eye Hit,Center,721.5988,883.5184,49.57793,SouthCarSignal,0.110869,6.346138,49.57793,7.295492
1742842027687,11.46158,728,Eye Hit,Center,721.764,881.7115,49.59378,SouthCarSignal,0.1223592,6.222833,49.59378,7.153217
1742842027718,11.4931,730,Eye Hit,Center,721.0062,880.8352,49.60186,SouthCarSignal,0.06980592,6.163056,49.60186,7.083161
1742842027750,11.52644,732,Eye Hit,Center,720.7111,874.1219,49.65713,SouthCarSignal,0.04938893,5.703655,49.65713,6.552601
1742842027782,11.55757,734,Eye Hit,Center,721.4235,879.7336,49.61142,SouthCarSignal,0.09877627,6.087802,49.61142,6.996698
1742842027813,11.58888,736,Eye Hit,Center,721.7874,874.5962,49.65334,SouthCarSignal,0.1241335,5.736161,49.65334,6.591332
1742842027846,11.62137,738,Eye Hit,Center,722.7654,873.8811,49.65926,SouthCarSignal,0.1920737,5.687177,49.65926,6.536991
1742842027877,11.65281,740,,Center,724.2311,872.1768,49.67204,,0.2939538,5.570238,49.67204,6.407289
1742842027909,11.6829,742,,Center,819.7592,823.6819,49.45827,,6.900886,2.191606,49.45827,8.328763
1742842027924,11.69971,743,Eye Hit,Center,837.63,737.0502,49.18118,SE_Tree_10,8.091517,-3.779883,49.18118,10.29224
1742842027956,11.73044,745,Eye Hit,Center,838.1673,656.7186,48.47977,Sedan5-Detailed,8.012551,-9.173001,48.47977,14.10268
1742842027988,11.76238,747,Eye Hit,Center,838.2027,655.9272,48.47109,Sedan5-Detailed,8.013514,-9.225017,48.47109,14.14942
1742842028018,11.7938,749,Eye Hit,Center,812.7728,621.5238,48.2414,Sedan5-Detailed,6.259703,-11.50262,48.2414,15.18748
1742842028049,11.8252,751,Eye Hit,Center,812.4174,622.5487,48.25963,Sedan5-Detailed,6.238077,-11.43778,48.25963,15.10757
1742842028082,11.85628,753,Eye Hit,Center,813.5036,617.9523,48.18201,Sedan5-Detailed,6.301243,-11.72914,48.18201,15.44759
1742842028112,11.88843,755,Eye Hit,Center,812.3933,621.7404,48.24817,Sedan5-Detailed,6.234968,-11.48961,48.24817,15.15973
1742842028145,11.91865,757,Eye Hit,Center,811.271,622.4096,48.26718,Sedan5-Detailed,6.161658,-11.44896,48.26718,15.07591
1742842028175,11.95178,759,Eye Hit,Center,809.3129,634.8633,48.46272,Sedan5-Detailed,6.053897,-10.6512,48.46272,14.18721
1742842028208,11.98341,761,Eye Hit,Center,807.0538,635.8817,48.49515,Sedan5-Detailed,5.904714,-10.58925,48.49515,14.03678
1742842028240,12.01487,763,Eye Hit,Center,804.7039,636.3546,48.51955,Sedan5-Detailed,5.748216,-10.56248,48.51955,13.91993
1742842028271,12.04558,765,Eye Hit,Center,802.2789,635.7217,48.52844,Sedan5-Detailed,5.584669,-10.60738,48.52844,13.87566
1742842028303,12.07762,767,Eye Hit,Center,802.1381,641.2322,48.60496,Sedan5-Detailed,5.583906,-10.24949,48.60496,13.50315
1742842028336,12.1086,769,Eye Hit,Center,798.7449,646.4129,48.69935,Sedan5-Detailed,5.363623,-9.916512,48.69935,13.0346
1742842028349,12.12694,770,Eye Hit,Center,799.2321,647.1489,48.70633,Sedan5-Detailed,5.397585,-9.867794,48.70633,13.00313
1742842028381,12.15711,772,Eye Hit,Center,799.743,647.181,48.70285,Sedan5-Detailed,5.431999,-9.864901,48.70285,13.01971
1742842028412,12.18738,774,Eye Hit,Center,798.5966,648.609,48.72948,SportCar3-Detailed,5.356838,-9.772969,48.72948,12.88241
1742842028445,12.22074,776,Eye Hit,Center,793.7538,650.8505,48.79253,SportCar3-Detailed,5.033275,-9.632643,48.79253,12.55746
1742842028476,12.25217,778,Eye Hit,Center,792.7511,653.3668,48.83112,SportCar3-Detailed,4.968774,-9.468405,48.83112,12.35157
1742842028508,12.28182,780,Eye Hit,Center,786.871,652.1594,48.85288,SportCar3-Detailed,4.569204,-9.555121,48.85288,12.23255
1742842028538,12.31295,782,Eye Hit,Center,787.6468,650.179,48.82246,SportCar3-Detailed,4.619337,-9.684407,48.82246,12.39481
1742842028570,12.34447,784,Eye Hit,Center,793.9306,649.1351,48.7691,SportCar3-Detailed,5.042918,-9.745031,48.7691,12.67983
1742842028602,12.37721,786,Eye Hit,Center,793.6313,649.757,48.77872,SportCar3-Detailed,5.023494,-9.704521,48.77872,12.6272
1742842028633,12.40796,788,Eye Hit,Center,796.8808,650.4381,48.76493,SportCar3-Detailed,5.243705,-9.655326,48.76493,12.6974
1742842028665,12.43949,790,Eye Hit,Center,796.3981,651.5956,48.78357,SportCar3-Detailed,5.212773,-9.580037,48.78357,12.60226
1742842028682,12.45681,791,Eye Hit,Center,797.7114,652.0439,48.78095,SportCar3-Detailed,5.302103,-9.548937,48.78095,12.62056
1742842028713,12.48838,793,Eye Hit,Center,799.5386,651.5851,48.76173,SportCar3-Detailed,5.424629,-9.576466,48.76173,12.71924
1742842028744,12.51994,795,Eye Hit,Center,801.6185,652.7705,48.76089,SportCar3-Detailed,5.566387,-9.495457,48.76089,12.72014
1742842028779,12.55425,797,Eye Hit,Center,804.4086,657.8547,48.80319,SportCar3-Detailed,5.761665,-9.156651,48.80319,12.49904
1742842028811,12.58559,799,Eye Hit,Center,806.4269,662.0176,48.83706,SportCar3-Detailed,5.903522,-8.878653,48.83706,12.31566
1742842028843,12.61677,801,Eye Hit,Center,809.6802,663.248,48.82498,SportCar3-Detailed,6.12423,-8.792431,48.82498,12.37786
1742842028860,12.63466,802,Eye Hit,Center,808.3423,662.2001,48.82285,SportCar3-Detailed,6.0326,-8.863607,48.82285,12.38582
1742842028892,12.66618,804,Eye Hit,Center,806.3984,665.3499,48.87473,SportCar3-Detailed,5.906127,-8.657706,48.87473,12.10283
1742842028908,12.68297,805,Eye Hit,Center,806.9475,665.7072,48.87499,SportCar3-Detailed,5.943698,-8.633327,48.87499,12.10405
1742842028939,12.71385,807,Eye Hit,Center,807.8866,669.0469,48.90483,SportCar3-Detailed,6.011561,-8.410162,48.90483,11.9358
1742842028971,12.74533,809,Eye Hit,Center,813.3361,668.2147,48.84983,SportCar3-Detailed,6.377139,-8.457556,48.84983,12.23435
1742842028988,12.76205,810,Eye Hit,Center,814.3058,668.3715,48.84332,SportCar3-Detailed,6.442529,-8.44572,48.84332,12.26963
1742842029019,12.7942,812,Eye Hit,Center,814.2328,664.6391,48.80022,SportCar3-Detailed,6.431864,-8.693022,48.80022,12.49441
1742842029052,12.8266,814,Eye Hit,Center,814.486,663.8842,48.78823,SportCar3-Detailed,6.447562,-8.742399,48.78823,12.55228
1742842029085,12.8602,816,Eye Hit,Center,815.8618,667.1097,48.81191,SportCar3-Detailed,6.544618,-8.526436,48.81191,12.41857
1742842029117,12.89266,818,Eye Hit,Center,818.9103,664.5788,48.75463,SportCar3-Detailed,6.744815,-8.689013,48.75463,12.71374
1742842029149,12.92562,820,Eye Hit,Center,826.2396,668.4692,48.72972,SportCar3-Detailed,7.240911,-8.419419,48.72972,12.8377
1742842029182,12.9575,822,Eye Hit,Center,835.3342,670.1874,48.65587,SportCar3-Detailed,7.848855,-8.289732,48.65587,13.20428
1742842029214,12.98896,824,Eye Hit,Center,840.9088,670.3783,48.59736,SportCar3-Detailed,8.21833,-8.266787,48.59736,13.4884
1742842029246,13.0203,826,,Center,837.8967,666.5408,48.58563,,8.011657,-8.525568,48.58563,13.53885
1742842029277,13.05237,828,,Center,749.9803,672.903,49.24896,,2.065124,-8.20372,49.24896,9.746751
1742842029310,13.08472,830,,Center,666.6238,681.3425,49.24651,,-3.676513,-7.622002,49.24651,9.75028
1742842029342,13.11635,832,Eye Hit,Center,602.8027,699.5422,48.91243,NE_Tree_10,-8.017701,-6.325223,48.91243,11.79328
1742842029376,13.14809,834,,Center,604.8834,710.1971,49.01703,,-7.892195,-5.608266,49.01703,11.17331
1742842029391,13.16659,835,,Center,593.4279,707.4261,48.87115,,-8.651737,-5.780985,48.87115,12.01964
1742842029423,13.19795,837,,Center,627.8875,700.566,49.16304,,-6.333886,-6.287231,49.16304,10.28884
1742842029455,13.22931,839,,Center,659.0279,706.3063,49.42846,,-4.215229,-5.924325,49.42846,8.368161
1742842029487,13.26442,841,,Center,700.6978,708.624,49.60281,,-1.33914,-5.784425,49.60281,6.82576
1742842029523,13.30171,843,,Center,735.1092,717.5543,49.67716,,1.049811,-5.172603,49.67716,6.064754
1742842029556,13.33025,844,,Center,791.6228,721.1652,49.46514,,4.955225,-4.900706,49.46514,8.01981
1742842029581,13.35826,845,,Center,839.0436,725.2459,49.06816,,8.169935,-4.581318,49.06816,10.80733
1742842029615,13.38602,846,Eye Hit,Center,876.1403,727.2489,48.61195,NorthSidewalk,10.61625,-4.402536,48.61195,13.30171
1742842029653,13.41364,847,,Center,914.3018,740.2438,48.08463,,13.0676,-3.48082,48.08463,15.70803
1742842029691,13.44643,848,,Center,832.856,731.8395,49.16674,,7.760846,-4.137101,49.16674,10.1415
1742842029731,13.48346,849,,Center,782.2673,738.387,49.62055,,4.321496,-3.72087,49.62055,6.555982
1742842029765,13.52493,850,,Center,722.9307,733.4993,49.78518,,0.2040717,-4.073556,49.78518,4.683538
1742842029792,13.55788,851,,Center,714.8036,731.3724,49.77626,,-0.3617746,-4.220905,49.77626,4.864619
1742842029823,13.58463,852,,Center,735.0238,732.3245,49.77616,,1.045958,-4.15461,49.77616,4.919323
1742842029853,13.61512,853,,Center,786.0588,736.5068,49.60406,,4.583117,-3.850084,49.60406,6.880539
1742842029882,13.64567,854,Eye Hit,Center,841.1631,727.4294,49.07058,NorthSidewalk,8.315806,-4.431686,49.07058,10.87013
1742842029912,13.67454,855,Eye Hit,Center,907.8726,722.6249,48.11834,NorthSidewalk,12.64408,-4.669037,48.11834,15.64828
1742842029941,13.70448,856,Eye Hit,Center,895.4232,719.1196,48.29744,NorthSidewalk,11.85016,-4.923203,48.29744,14.87916
1742842029970,13.73414,857,Eye Hit,Center,810.7046,725.4838,49.36796,NorthSidewalk,6.263071,-4.592884,49.36796,8.940549
1742842029999,13.76298,858,Eye Hit,Center,868.0245,724.7388,48.73018,NorthSidewalk,10.08891,-4.584327,48.73018,12.81162
1742842030026,13.79272,859,,Center,768.7064,744.6378,49.75249,,3.389331,-3.29579,49.75249,5.428056
1742842030054,13.81952,860,,Center,734.4362,745.0848,49.86134,,1.006769,-3.27183,49.86134,3.927451
1742842030095,13.84708,861,,Center,745.4581,741.5777,49.82459,,1.774122,-3.513817,49.82459,4.517136
1742842030137,13.88907,862,,Center,824.3439,731.1745,49.28358,,7.192536,-4.192768,49.28358,9.58833
1742842030178,13.93012,863,Eye Hit,Center,929.6736,711.0004,47.68456,NorthSidewalk,13.98409,-5.402236,47.68456,17.45235
1742842030220,13.96954,864,Eye Hit,Center,882.3673,713.2784,48.46598,NorthSidewalk,11.00648,-5.336346,48.46598,14.16457
1742842030251,14.01011,865,,Center,728.746,728.2892,49.78294,,0.6089781,-4.436155,49.78294,5.139651
1742842030281,14.04103,866,Eye Hit,Center,615.9026,730.4077,49.28388,NW_Tree_30,-7.175593,-4.245649,49.28388,9.602037
1742842030309,14.07274,867,Eye Hit,Center,518.6539,717.3851,47.87225,SportCar4-Detailed,-13.48156,-4.995999,47.87225,16.7166
1742842030327,14.09962,868,Eye Hit,Center,475.2982,693.1623,46.89252,SouthSidewalk,-16.04921,-6.482449,46.89252,20.26009
1742842030344,14.11725,869,Eye Hit,Center,484.9583,693.4935,47.08349,SouthSidewalk,-15.47841,-6.487034,47.08349,19.61852
1742842030365,14.13491,870,Eye Hit,Center,492.91,694.5632,47.24323,SouthSidewalk,-15.0055,-6.438366,47.24323,19.06642
1742842030381,14.15607,871,Eye Hit,Center,497.4798,696.0299,47.34022,SouthSidewalk,-14.73373,-6.354465,47.34022,18.72371
1742842030413,14.1877,873,Eye Hit,Center,504.0024,695.3052,47.45371,SouthSidewalk,-14.33613,-6.417803,47.45371,18.31444
1742842030445,14.22039,875,Eye Hit,Center,539.7695,695.6367,48.06085,RoadWest,-12.11526,-6.477625,48.06085,15.95264
1742842030477,14.2514,877,Eye Hit,Center,560.9677,694.8873,48.37032,RoadWest,-10.75913,-6.570036,48.37032,14.60776
1742842030508,14.28194,879,Eye Hit,Center,570.5186,698.9525,48.53584,SportCar4-Detailed,-10.14758,-6.316553,48.53584,13.83491
1742842030538,14.31272,881,Eye Hit,Center,578.0481,698.7392,48.63232,SportCar4-Detailed,-9.655597,-6.34362,48.63232,13.36339
1742842030569,14.34278,883,Eye Hit,Center,594.7764,698.5486,48.83299,SportCar4-Detailed,-8.552879,-6.382812,48.83299,12.32767
1742842030583,14.35984,884,Eye Hit,Center,597.7969,698.7234,48.86901,SportCar4-Detailed,-8.352736,-6.375572,48.86901,12.13507
1742842030615,14.38955,886,Eye Hit,Center,600.076,698.8862,48.89545,SportCar4-Detailed,-8.20139,-6.367886,48.89545,11.98907
1742842030644,14.42011,888,Eye Hit,Center,606.9105,696.3958,48.94705,SportCar4-Detailed,-7.742151,-6.5451,48.94705,11.70175
1742842030675,14.44928,890,Eye Hit,Center,606.5808,698.7484,48.96333,SportCar4-Detailed,-7.767306,-6.386163,48.96333,11.60541
1742842030705,14.47939,892,Eye Hit,Center,601.0853,699.2847,48.90866,SportCar4-Detailed,-8.134562,-6.342345,48.90866,11.90921
1742842030736,14.51093,894,Eye Hit,Center,596.7408,717.8757,49.00254,SportCar4-Detailed,-8.447942,-5.080335,49.00254,11.37439
1742842030765,14.53948,896,Eye Hit,Center,592.8627,720.1129,48.97251,SportCar4-Detailed,-8.708398,-4.92398,48.97251,11.54552
1742842030796,14.57032,898,Eye Hit,Center,595.0157,717.5923,48.97987,SportCar4-Detailed,-8.562214,-5.097398,48.97987,11.49956
1742842030825,14.60015,900,Eye Hit,Center,591.637,717.2729,48.93821,SportCar4-Detailed,-8.786192,-5.114924,48.93821,11.73591
1742842030855,14.63209,902,Eye Hit,Center,585.9994,716.4415,48.86435,SportCar4-Detailed,-9.158237,-5.164024,48.86435,12.14285
1742842030886,14.66125,904,Eye Hit,Center,581.7874,716.7177,48.81316,SportCar4-Detailed,-9.436207,-5.139757,48.81316,12.41446
1742842030916,14.69187,906,Eye Hit,Center,577.2335,715.0014,48.74251,SportCar4-Detailed,-9.733006,-5.249326,48.74251,12.78245
1742842030948,14.72202,908,Eye Hit,Center,570.5692,714.8826,48.65356,SportCar4-Detailed,-10.16875,-5.247831,48.65356,13.23512
1742842030977,14.75299,910,Eye Hit,Center,565.9653,713.8621,48.58241,SportCar4-Detailed,-10.46672,-5.309498,48.58241,13.58112
1742842031007,14.78268,912,Eye Hit,Center,560.324,713.9229,48.50306,SportCar4-Detailed,-10.83233,-5.296705,48.50306,13.96083
1742842031039,14.81321,914,Eye Hit,Center,553.614,716.0013,48.41958,SportCar4-Detailed,-11.2681,-5.146835,48.41958,14.35099
1742842031069,14.84543,916,Eye Hit,Center,553.9406,717.5903,48.43454,SportCar4-Detailed,-11.24946,-5.040782,48.43454,14.2793
1742842031100,14.87463,918,Eye Hit,Center,541.0821,715.8384,48.22636,SportCar4-Detailed,-12.06844,-5.137285,48.22636,15.215
1742842031115,14.89146,919,Eye Hit,Center,536.1109,715.0705,48.14085,SportCar4-Detailed,-12.38177,-5.179879,48.14085,15.57839
1742842031148,14.92331,921,Eye Hit,Center,535.6804,718.0118,48.15393,SportCar4-Detailed,-12.41413,-4.983189,48.15393,15.52506
1742842031178,14.95374,923,Eye Hit,Center,537.2452,712.4785,48.1421,SportCar4-Detailed,-12.30571,-5.354544,48.1421,15.57646
1742842031209,14.98358,925,,Center,535.4309,710.1018,48.09676,,-12.41617,-5.509383,48.09676,15.77089
1742842031241,15.01399,927,Eye Hit,Center,646.4637,792.3047,49.71511,NW_Tree_30,-5.113321,0.02118535,49.71511,5.872395
1742842031257,15.03144,928,,Center,740.2698,909.6016,49.29623,,1.397576,8.108487,49.29623,9.475876
1742842031287,15.06211,930,,Center,733.624,902.8225,49.37833,,0.9409221,7.653802,49.37833,8.876196
1742842031318,15.09307,932,Eye Hit,Center,767.6566,906.0392,49.24717,NorthCarSignal,3.282597,7.855037,49.24717,9.807765
1742842031348,15.12542,934,Eye Hit,Center,769.9039,910.4189,49.1899,NorthCarSignal,3.433388,8.14723,49.1899,10.18926
1742842031378,15.15496,936,Eye Hit,Center,762.9121,910.9417,49.21465,NorthCarSignal,2.95384,8.187314,49.21465,10.02935
1742842031409,15.18548,938,Eye Hit,Center,750.3298,892.3021,49.44965,NorthCarSignal,2.097707,6.937235,49.44965,8.338047
1742842031442,15.21551,940,Eye Hit,Center,748.0439,889.0009,49.48734,NorthCarSignal,1.941088,6.714021,49.48734,8.038612
1742842031456,15.2324,941,Eye Hit,Center,744.7767,884.938,49.53293,NorthCarSignal,1.716523,6.438728,49.53293,7.661934
1742842031487,15.26181,943,Eye Hit,Center,742.8412,882.5674,49.55682,NorthCarSignal,1.583196,6.277518,49.55682,7.442945
1742842031518,15.29336,945,Eye Hit,Center,745.2891,878.2119,49.58808,NorthCarSignal,1.75398,5.979401,49.58808,7.162372
1742842031549,15.3255,947,,Center,732.3762,865.1887,49.71047,,0.8604933,5.088675,49.71047,5.927148
1742842031581,15.35721,949,,Center,727.6917,856.0251,49.77543,,0.5354899,4.457364,49.77543,5.153737
1742842031621,15.3945,951,,Center,727.1581,850.7222,49.80639,,0.4986505,4.090728,49.80639,4.729902
1742842031636,15.41197,952,,Center,728.2687,852.3975,49.79657,,0.5759012,4.206602,49.79657,4.873471
1742842031675,15.45,954,,Center,726.1971,851.4918,49.80257,,0.4316686,4.14402,49.80257,4.78213
1742842031715,15.4826,956,,Center,725.0869,853.6045,49.7904,,0.3542534,4.290135,49.7904,4.941337
1742842031731,15.50513,957,,Center,722.5204,853.6761,49.79197,,0.1755273,4.295254,49.79197,4.934473
1742842031764,15.5389,959,,Center,722.3745,853.364,49.79418,,0.165373,4.273714,49.79418,4.909197
1742842031784,15.55573,960,,Center,721.183,854.6888,49.78524,,0.08237584,4.36519,49.78524,5.011805
1742842031802,15.57512,961,,Center,714.2101,857.4527,49.76751,,-0.4030247,4.556029,49.76751,5.250947
1742842031818,15.59335,962,,Center,713.9359,858.4363,49.76056,,-0.4220483,4.62385,49.76056,5.330721
1742842031853,15.62626,964,,Center,712.4015,860.8905,49.74374,,-0.5286636,4.793036,49.74374,5.536899
1742842031871,15.64406,965,,Center,657.5861,828.6331,49.72306,,-4.340622,2.547678,49.72306,5.779877
1742842031887,15.66217,966,,Center,656.7904,830.0944,49.71228,,-4.395006,2.648733,49.71228,5.893386
1742842031923,15.69453,968,Eye Hit,Center,549.7831,747.3082,48.52649,NW_Tree_30,-11.55299,-3.033329,48.52649,13.82819
1742842031940,15.71371,969,Eye Hit,Center,485.8795,662.2836,46.80416,SportCar4-Detailed,-15.32628,-8.491652,46.80416,20.52378
1742842031957,15.73114,970,Eye Hit,Center,488.1344,648.985,46.70249,SportCar4-Detailed,-15.1457,-9.341887,46.70249,20.8583
1742842031974,15.74791,971,Eye Hit,Center,488.0727,648.696,46.69721,SportCar4-Detailed,-15.14801,-9.359707,46.69721,20.87261
1742842031992,15.76472,972,Eye Hit,Center,489.4528,646.9604,46.70328,SportCar4-Detailed,-15.05983,-9.474295,46.70328,20.85491
1742842032010,15.78317,973,Eye Hit,Center,489.0319,646.5164,46.68958,SportCar4-Detailed,-15.0829,-9.500507,46.68958,20.89638
1742842032027,15.80129,974,Eye Hit,Center,490.5994,645.9084,46.71274,SportCar4-Detailed,-14.98797,-9.544946,46.71274,20.8265
1742842032043,15.81977,975,Eye Hit,Center,490.061,645.6744,46.69937,SportCar4-Detailed,-15.01885,-9.557499,46.69937,20.86707
1742842032076,15.84962,977,Eye Hit,Center,488.7565,642.5596,46.6384,SportCar4-Detailed,-15.08433,-9.748204,46.6384,21.0613
1742842032093,15.86704,978,Eye Hit,Center,497.6934,642.1871,46.79691,SportCar4-Detailed,-14.55065,-9.805717,46.79691,20.55335
1742842032111,15.88427,979,Eye Hit,Center,496.1886,642.4097,46.77195,SportCar4-Detailed,-14.64133,-9.785923,46.77195,20.63238
1742842032126,15.90149,980,Eye Hit,Center,503.1995,644.2758,46.91992,SportCar4-Detailed,-14.22756,-9.694421,46.91992,20.14971
1742842032164,15.93761,982,Eye Hit,Center,503.4526,645.3732,46.93702,SportCar4-Detailed,-14.21613,-9.625908,46.93702,20.09134
1742842032179,15.955,983,Eye Hit,Center,501.2679,645.4037,46.89826,SportCar4-Detailed,-14.34769,-9.615962,46.89826,20.2181
1742842032215,15.98716,985,Eye Hit,Center,497.3853,646.2903,46.83926,SportCar4-Detailed,-14.584,-9.545779,46.83926,20.41175
1742842032233,16.00576,986,Eye Hit,Center,487.3868,645.502,46.64901,SportCar4-Detailed,-15.17713,-9.55844,46.64901,21.03143
1742842032249,16.02404,987,Eye Hit,Center,483.671,645.1462,46.57505,SportCar4-Detailed,-15.39513,-9.566464,46.57505,21.26418
1742842032285,16.05625,989,Eye Hit,Center,466.0963,647.6382,46.2654,SportCar4-Detailed,-16.43003,-9.341605,46.2654,22.22067
1742842032302,16.07613,990,Eye Hit,Center,466.3356,649.6006,46.29298,SportCar4-Detailed,-16.42433,-9.220113,46.29298,22.14002
1742842032319,16.09318,991,Eye Hit,Center,461.1247,650.0418,46.19366,SportCar4-Detailed,-16.72576,-9.171826,46.19366,22.43796
1742842032355,16.12754,993,Eye Hit,Center,447.1889,650.6832,45.91678,SportCar4-Detailed,-17.52049,-9.075657,45.91678,23.2544
1742842032372,16.14587,994,Eye Hit,Center,447.7279,653.2466,45.95621,SportCar4-Detailed,-17.50089,-8.918685,45.95621,23.14262
1742842032389,16.16294,995,Eye Hit,Center,441.0144,653.6438,45.81961,SportCar4-Detailed,-17.87912,-8.866717,45.81961,23.53581
1742842032406,16.18003,996,Eye Hit,Center,445.3596,654.0063,45.91531,SportCar4-Detailed,-17.63741,-8.861959,45.91531,23.26247
1742842032425,16.19711,997,Eye Hit,Center,431.7403,654.88,45.63486,SportCar4-Detailed,-18.39897,-8.752062,45.63486,24.05924
1742842032443,16.21628,998,Eye Hit,Center,437.0723,652.4946,45.72492,SportCar4-Detailed,-18.09428,-8.921889,45.72492,23.80758
1742842032461,16.23368,999,Eye Hit,Center,440.5324,649.3004,45.76514,SportCar4-Detailed,-17.88872,-9.134199,45.76514,23.69613
1742842032476,16.25237,1000,Eye Hit,Center,432.0622,650.3793,45.59641,SportCar4-Detailed,-18.36294,-9.031718,45.59641,24.17075
1742842032514,16.2891,1002,Eye Hit,Center,420.3726,651.4476,45.35422,SportCar4-Detailed,-19.00694,-8.915978,45.35422,24.83918
1742842032529,16.30706,1003,Eye Hit,Center,434.4724,658.1262,45.72837,SportCar4-Detailed,-18.26193,-8.562374,45.72837,23.80102
1742842032551,16.33008,1004,Eye Hit,Center,411.9939,658.8651,45.24289,SportCar4-Detailed,-19.49048,-8.424711,45.24289,25.14154
1742842032592,16.35853,1005,Eye Hit,Center,542.8478,677.8075,47.93809,SportCar4-Detailed,-11.87792,-7.656516,47.93809,16.42509
1742842032628,16.38718,1006,Eye Hit,Center,644.7249,705.3912,49.34746,SportCar4-Detailed,-5.19552,-5.977778,49.34746,9.117985
1742842032662,16.42203,1007,,Center,679.2054,706.8593,49.55042,,-2.827241,-5.900616,49.55042,7.522196
1742842032702,16.45612,1008,,Center,731.4467,680.5076,49.37902,,0.7905631,-7.700173,49.37902,8.90918
1742842032743,16.49574,1009,,Center,697.3181,683.59,49.39391,,-1.566986,-7.489548,49.39391,8.805825
1742842032775,16.53629,1010,Eye Hit,Center,692.1198,664.3682,49.16933,SportCar4-Detailed,-1.917355,-8.777402,49.16933,10.35503
1742842032815,16.56734,1011,Eye Hit,Center,604.5328,667.8641,48.63708,SportCar4-Detailed,-7.854872,-8.444576,48.63708,13.33979
1742842032859,16.60884,1012,Eye Hit,Center,530.6749,680.5899,47.78395,SportCar4-Detailed,-12.65328,-7.445938,47.78395,17.07949
1742842032902,16.65357,1013,Eye Hit,Center,444.7244,684.2036,46.19875,SportCar4-Detailed,-17.78733,-6.96542,46.19875,22.46439
1742842032944,16.6955,1014,Eye Hit,Center,341.2771,681.9047,43.77856,SportCar4-Detailed,-23.18974,-6.741291,43.77856,28.8826
1742842032986,16.73725,1015,Eye Hit,Center,428.4775,691.3954,45.90537,SportCar4-Detailed,-18.71753,-6.459431,45.90537,23.3324
1742842033028,16.77948,1016,Eye Hit,Center,505.4176,730.6705,47.71991,SportCar4-Detailed,-14.32209,-4.09338,47.71991,17.33553
1742842033071,16.82166,1017,Eye Hit,Center,527.6368,748.1282,48.18871,SportCar4-Detailed,-12.96523,-2.956948,48.18871,15.42738
1742842033113,16.86429,1018,Eye Hit,Center,561.8785,750.3732,48.72947,SportCar4-Detailed,-10.77694,-2.837119,48.72947,12.88166
1742842033155,16.90607,1019,Eye Hit,Center,672.7017,763.4005,49.83326,SportCar4-Detailed,-3.296686,-1.993381,49.83326,4.420624
1742842033198,16.94827,1020,Eye Hit,Center,691.2406,770.1833,49.91616,SportCar4-Detailed,-2.007863,-1.523152,49.91616,2.890425
1742842033239,16.99164,1021,Eye Hit,Center,694.8389,768.9612,49.92191,SportCar4-Detailed,-1.756843,-1.608659,49.92191,2.731798
1742842033281,17.03279,1022,Eye Hit,Center,656.3459,761.6168,49.73755,SportCar4-Detailed,-4.428164,-2.113639,49.73755,5.634195
1742842033323,17.07435,1023,Eye Hit,Center,608.2738,748.1974,49.29156,SportCar4-Detailed,-7.702655,-3.01985,49.29156,9.528152
1742842033365,17.11513,1024,Eye Hit,Center,613.6005,748.3227,49.34597,SportCar4-Detailed,-7.343515,-3.014536,49.34597,9.138759
1742842033396,17.15676,1025,Eye Hit,Center,731.3389,759.728,49.91954,SportCar4-Detailed,0.7916901,-2.253249,49.91954,2.739097
1742842033427,17.18711,1026,Eye Hit,Center,754.8732,762.0313,49.87371,SportCar4-Detailed,2.432636,-2.090509,49.87371,3.679722
1742842033456,17.21849,1027,Eye Hit,Center,732.6499,750.838,49.88722,SportCar4-Detailed,0.8826514,-2.872093,49.88722,3.446738
1742842033475,17.24665,1028,Eye Hit,Center,719.6871,746.4204,49.87766,SportCar4-Detailed,-0.02183123,-3.179725,49.87766,3.647817
1742842033496,17.26479,1029,Eye Hit,Center,703.7932,747.5535,49.87038,SportCar4-Detailed,-1.130455,-3.100222,49.87038,3.785739
1742842033515,17.28711,1030,Eye Hit,Center,695.6948,747.0721,49.85209,SportCar4-Detailed,-1.69471,-3.132655,49.85209,4.08653
1742842033532,17.30509,1031,Eye Hit,Center,720.2144,750.0884,49.8938,SportCar4-Detailed,0.01496217,-2.924786,49.8938,3.354913
1742842033552,17.32323,1032,Eye Hit,Center,706.0551,750.0955,49.88388,SportCar4-Detailed,-0.9729433,-2.923704,49.88388,3.53463
1742842033569,17.34364,1033,Eye Hit,Center,826.3492,751.9981,49.35938,SportCar4-Detailed,7.342041,-2.761614,49.35938,9.029982
1742842033604,17.3758,1035,Eye Hit,Center,840.3203,752.4642,49.21336,SportCar4-Detailed,8.281991,-2.721363,49.21336,10.04518
1742842033621,17.39396,1036,Eye Hit,Center,830.9389,751.7565,49.31148,SportCar4-Detailed,7.65147,-2.775601,49.31148,9.372722
1742842033638,17.41179,1037,Eye Hit,Center,828.786,751.3671,49.33295,SportCar4-Detailed,7.506251,-2.803676,49.33295,9.225561
1742842033656,17.42904,1038,Eye Hit,Center,825.563,750.6877,49.36253,SportCar4-Detailed,7.288229,-2.852263,49.36253,9.009309
1742842033671,17.44574,1039,Eye Hit,Center,819.1914,742.9688,49.39192,SportCar4-Detailed,6.852405,-3.387203,49.39192,8.797276
1742842033705,17.47749,1041,Eye Hit,Center,806.2164,737.8629,49.48096,SportCar4-Detailed,5.966793,-3.746674,49.48096,8.103848
1742842033722,17.49529,1042,Eye Hit,Center,805.7769,737.3034,49.48147,SportCar4-Detailed,5.93644,-3.785434,49.48147,8.098176
1742842033737,17.51269,1043,Eye Hit,Center,808.308,736.8436,49.45869,SportCar4-Detailed,6.108797,-3.815498,49.45869,8.285531
1742842033770,17.5435,1045,Eye Hit,Center,801.9709,736.2728,49.50727,SportCar4-Detailed,5.675989,-3.858769,49.50727,7.892896
1742842033785,17.56036,1046,Eye Hit,Center,803.6222,735.6388,49.49097,SportCar4-Detailed,5.788424,-3.901387,49.49097,8.028324
1742842033817,17.59267,1048,Eye Hit,Center,811.9138,733.3472,49.41006,SportCar4-Detailed,6.351982,-4.053374,49.41006,8.670859
1742842033850,17.62594,1050,Eye Hit,Center,823.4984,732.7603,49.30111,SportCar4-Detailed,7.136796,-4.084908,49.30111,9.469464
1742842033882,17.6569,1052,Eye Hit,Center,827.4917,723.2946,49.2061,SportCar4-Detailed,7.397871,-4.72849,49.2061,10.11694
1742842033914,17.68918,1054,,Center,825.0266,723.374,49.23292,,7.232159,-4.7256,49.23292,9.952697
1742842033948,17.72228,1056,,Center,829.7921,838.1532,49.30511,,7.571397,3.182782,49.30511,9.457417
1742842033979,17.75392,1058,,Center,848.1982,848.7451,49.05122,,8.795177,3.893062,49.05122,11.09416
1742842034015,17.78901,1060,Eye Hit,Center,856.1838,848.8663,48.9554,SouthCarSignal,9.324785,3.893751,48.9554,11.66287
1742842034045,17.82077,1062,Eye Hit,Center,863.7213,856.3333,48.81804,SouthCarSignal,9.813287,4.392678,48.81804,12.4204
1742842034077,17.85149,1064,Eye Hit,Center,862.751,861.5851,48.79847,SouthCarSignal,9.743121,4.749364,48.79847,12.52314
1742842034110,17.88316,1066,,Center,847.9554,758.9925,49.15536,,8.797155,-2.269325,49.15536,10.47153
1742842034125,17.90026,1067,,Center,823.0852,723.3716,49.25218,,7.101249,-4.727617,49.25218,9.826753
1742842034156,17.93063,1069,,Center,819.3473,717.147,49.24446,,6.842682,-5.155605,49.24446,9.869522
1742842034186,17.9611,1071,,Center,836.0289,729.9809,49.15937,,7.977837,-4.264272,49.15937,10.42657
1742842034217,17.99279,1073,,Center,857.5919,735.7528,48.93748,,9.417756,-3.849952,48.93748,11.74472
1742842034248,18.02376,1075,,Center,892.5967,751.6704,48.51485,,11.7117,-2.736601,48.51485,13.92334
1742842034281,18.05637,1077,,Center,917.1378,770.8878,48.16579,,13.28072,-1.422279,48.16579,15.49902
1742842034296,18.07466,1078,,Center,910.4961,780.6207,48.29176,,12.86684,-0.7685997,48.29176,14.94468
1742842034311,18.09134,1079,,Center,930.0345,790.7897,47.95584,,14.08786,-0.0811822,47.95584,16.37133
1742842034361,18.13857,1081,,Center,929.1438,825.8664,47.91656,,14.01663,2.269696,47.91656,16.50624
1742842034399,18.16652,1082,,Center,870.5443,891.6324,48.44502,,10.20061,6.750914,48.44502,14.1708
1742842034433,18.19497,1083,,Center,765.4239,888.0823,49.40444,,3.138799,6.639296,49.40444,8.454984
1742842034470,18.22744,1084,,Center,770.9694,769.2207,49.78188,,3.548903,-1.586078,49.78188,4.464887
1742842034510,18.26269,1085,Eye Hit,Center,748.3728,753.5355,49.8082,NorthSidewalk,1.976587,-2.679624,49.8082,3.824591
1742842034541,18.30251,1086,Eye Hit,Center,625.8098,728.3757,49.30328,NorthSidewalk,-6.495226,-4.387449,49.30328,9.033267
1742842034582,18.33312,1087,Eye Hit,Center,615.8342,742.149,49.2737,NorthSidewalk,-7.178819,-3.435597,49.2737,9.175046
1742842034616,18.37492,1088,Eye Hit,Center,624.5444,747.5325,49.37872,NorthSidewalk,-6.592561,-3.071111,49.37872,8.378644
1742842034657,18.40843,1089,Eye Hit,Center,645.8085,752.8219,49.56227,NorthSidewalk,-5.143023,-2.715862,49.56227,6.692957
1742842034687,18.45024,1090,Eye Hit,Center,669.6398,750.173,49.69468,NorthSidewalk,-3.500341,-2.907234,49.69468,5.231581
1742842034728,18.47968,1091,Eye Hit,Center,710.1238,742.3405,49.76817,NorthSidewalk,-0.6874736,-3.456739,49.76817,4.050767
1742842034759,18.52175,1092,Eye Hit,Center,727.2532,734.0958,49.72745,NorthSidewalk,0.5044745,-4.027348,49.72745,4.666233
1742842034785,18.55107,1093,Eye Hit,Center,733.4706,726.2673,49.67418,NorthSidewalk,0.9359032,-4.566941,49.67418,5.361401
1742842034814,18.57768,1094,Eye Hit,Center,747.5986,729.4273,49.66554,NorthSidewalk,1.917146,-4.346631,49.66554,5.46386
1742842034842,18.60641,1095,Eye Hit,Center,759.8561,728.0927,49.61796,NorthSidewalk,2.765963,-4.435089,49.61796,6.013532
1742842034870,18.63431,1096,Eye Hit,Center,756.2938,728.0132,49.63133,NorthSidewalk,2.519428,-4.441802,49.63133,5.874497
1742842034898,18.66264,1097,Eye Hit,Center,771.138,722.9696,49.51163,NorthSidewalk,3.54131,-4.780358,49.51163,6.851687
1742842034926,18.69154,1098,Eye Hit,Center,706.4879,709.9689,49.53525,NorthSidewalk,-0.9361578,-5.683369,49.53525,6.632529
1742842034955,18.71939,1099,Eye Hit,Center,703.7198,701.9894,49.46946,NorthSidewalk,-1.126444,-6.227932,49.46946,7.290623
1742842034983,18.74741,1100,Eye Hit,Center,718.9088,711.5566,49.56472,NorthSidewalk,-0.07564429,-5.576684,49.56472,6.420129
1742842035011,18.7747,1101,Eye Hit,Center,730.5412,721.5114,49.63799,NorthSidewalk,0.7318423,-4.893797,49.63799,5.692782
1742842035039,18.8032,1102,Eye Hit,Center,739.0847,719.3172,49.61776,NorthSidewalk,1.32445,-5.044075,49.61776,6.000021
1742842035068,18.83077,1103,Eye Hit,Center,752.6875,714.1034,49.52365,NorthSidewalk,2.264161,-5.395653,49.52365,6.738513
1742842035095,18.86055,1104,Eye Hit,Center,767.249,704.1116,49.39625,NorthSidewalk,3.264373,-6.072097,49.39625,7.945124
1742842035122,18.88739,1105,Eye Hit,Center,773.389,696.8329,49.30997,NorthSidewalk,3.682133,-6.563487,49.30997,8.677629
1742842035151,18.91524,1106,Eye Hit,Center,781.1799,700.0288,49.29991,NorthSidewalk,4.218591,-6.341774,49.29991,8.782639
1742842035178,18.94282,1107,Eye Hit,Center,792.2587,698.3625,49.21923,NorthSidewalk,4.974368,-6.44611,49.21923,9.393291
1742842035207,18.97143,1108,Eye Hit,Center,800.5568,688.3513,49.0714,NorthSidewalk,5.528963,-7.113858,49.0714,10.40399
1742842035235,18.99877,1109,Eye Hit,Center,799.6859,694.2346,49.13591,NorthSidewalk,5.476377,-6.718883,49.13591,10.00451
1742842035262,19.02766,1110,Eye Hit,Center,812.8806,694.8764,49.01076,NorthSidewalk,6.366922,-6.657773,49.01076,10.6452
1742842035290,19.05601,1111,Eye Hit,Center,720.2911,702.7599,49.48635,NorthSidewalk,0.02014507,-6.176728,49.48635,7.114719
1742842035318,19.0828,1112,Eye Hit,Center,649.4568,714.601,49.34644,NorthSidewalk,-4.868823,-5.342001,49.34644,8.333006
1742842035345,19.10975,1113,Eye Hit,Center,643.4736,711.3407,49.2823,NorthSidewalk,-5.274913,-5.559791,49.2823,8.839335
1742842035374,19.13797,1114,Eye Hit,Center,646.8025,711.4084,49.30809,NorthSidewalk,-5.048095,-5.558032,49.30809,8.658119
1742842035402,19.16644,1115,Eye Hit,Center,658.629,710.874,49.38103,NorthSidewalk,-4.238732,-5.603159,49.38103,8.097594
1742842035429,19.19527,1116,Eye Hit,Center,664.4379,705.9598,49.34407,NorthSidewalk,-3.834655,-5.938125,49.34407,8.152277
1742842035457,19.22263,1117,Eye Hit,Center,670.1927,703.1599,49.35154,NorthSidewalk,-3.438005,-6.132289,49.35154,8.107431
1742842035485,19.25,1118,Eye Hit,Center,670.5939,694.7173,49.28159,NorthSidewalk,-3.40548,-6.705532,49.28159,8.676815
1742842035513,19.27745,1119,Eye Hit,Center,683.3289,690.6075,49.29733,NorthSidewalk,-2.528482,-6.991048,49.29733,8.575835
1742842035541,19.30547,1120,Eye Hit,Center,681.5773,694.0048,49.3266,NorthSidewalk,-2.650831,-6.760813,49.3266,8.37501
1742842035570,19.3349,1121,Eye Hit,Center,679.4946,694.2777,49.28803,NorthSidewalk,-2.792333,-6.736713,49.28803,8.416246
1742842035596,19.36245,1122,Eye Hit,Center,678.7353,693.7018,49.28473,NorthSidewalk,-2.844486,-6.775961,49.28473,8.480797
1742842035624,19.38942,1123,,Center,670.6082,707.1178,49.37466,,-3.410922,-5.861837,49.37466,7.821097
1742842035651,19.41589,1124,Eye Hit,Center,661.8746,712.5009,49.38089,NorthSidewalk,-4.014561,-5.490778,49.38089,7.842726
1742842035679,19.44342,1125,Eye Hit,Center,653.3585,700.2663,49.24052,NorthSidewalk,-4.589656,-6.317778,49.24052,9.011336
1742842035707,19.47209,1126,Eye Hit,Center,651.4979,685.8604,49.10337,NorthSidewalk,-4.704656,-7.289564,49.10337,10.01999
1742842035736,19.49962,1127,Eye Hit,Center,635.1609,687.543,48.97411,NorthSidewalk,-5.811332,-7.15512,48.97411,10.65937
1742842035763,19.52773,1128,Eye Hit,Center,658.808,691.4007,49.1769,NorthSidewalk,-4.208901,-6.919411,49.1769,9.352106
1742842035791,19.55611,1129,Eye Hit,Center,713.0589,676.9214,49.20876,NorthSidewalk,-0.4777302,-7.920451,49.20876,9.160021
1742842035818,19.58438,1130,Eye Hit,Center,708.5837,672.2155,49.15841,NorthSidewalk,-0.7849422,-8.235904,49.15841,9.553186
1742842035846,19.61062,1131,Eye Hit,Center,689.4374,669.1957,49.09143,NorthSidewalk,-2.098502,-8.432031,49.09143,10.03748
1742842035874,19.63834,1132,Eye Hit,Center,676.2943,661.2254,48.95645,NorthSidewalk,-2.992682,-8.954602,48.95645,10.91571
1742842035903,19.66628,1133,Eye Hit,Center,663.0214,660.402,48.88906,NorthSidewalk,-3.896154,-8.998578,48.88906,11.34153
1742842035931,19.69538,1134,Eye Hit,Center,650.4446,661.9069,48.80129,NorthSidewalk,-4.747612,-8.879704,48.80129,11.65827
1742842035958,19.72348,1135,Eye Hit,Center,663.011,660.7476,48.86383,NorthSidewalk,-3.894856,-8.970314,48.86383,11.31741
1742842035986,19.75064,1136,Eye Hit,Center,701.6759,655.6921,48.93927,NorthSidewalk,-1.254274,-9.330213,48.93927,10.88861
1742842036014,19.7783,1137,Eye Hit,Center,712.8103,652.8793,48.92162,NorthSidewalk,-0.4919536,-9.519314,48.92162,11.02553
1742842036042,19.80688,1138,Eye Hit,Center,707.9086,650.6332,48.8935,NorthSidewalk,-0.8268735,-9.66744,48.8935,11.2243
1742842036071,19.83432,1139,Eye Hit,Center,702.8036,644.7805,48.81404,NorthSidewalk,-1.174073,-10.05132,48.81404,11.7121
1742842036098,19.86326,1140,Eye Hit,Center,698.4993,636.7661,48.66029,NorthSidewalk,-1.463321,-10.56511,48.66029,12.36327
1742842036126,19.89098,1141,Eye Hit,Center,696.7047,635.7549,48.64761,NorthSidewalk,-1.58505,-10.63117,48.64761,12.45934
1742842036154,19.91913,1142,Eye Hit,Center,688.6851,638.103,48.66777,NorthSidewalk,-2.131598,-10.47573,48.66777,12.38889
1742842036182,19.94702,1143,Eye Hit,Center,685.736,651.541,48.84987,NorthSidewalk,-2.34107,-9.596786,48.84987,11.43192
1742842036209,19.97444,1144,Eye Hit,Center,684.6733,652.834,48.87226,NorthSidewalk,-2.414785,-9.512804,48.87226,11.35508
1742842036238,20.00138,1145,Eye Hit,Center,689.5212,633.2489,48.63055,NorthSidewalk,-2.0731,-10.79789,48.63055,12.74004
1742842036265,20.03065,1146,Eye Hit,Center,691.5157,633.0143,48.60143,NorthSidewalk,-1.936279,-10.80737,48.60143,12.72991
1742842036293,20.05761,1147,Eye Hit,Center,689.2751,632.3118,48.59427,NorthSidewalk,-2.088278,-10.85352,48.59427,12.81373
1742842036320,20.08648,1148,Eye Hit,Center,693.9353,631.1045,48.5965,NorthSidewalk,-1.771619,-10.93608,48.5965,12.84237
1742842036348,20.11253,1149,Eye Hit,Center,695.7472,638.3391,48.70974,NorthSidewalk,-1.652306,-10.46868,48.70974,12.27512
1742842036376,20.141,1150,Eye Hit,Center,700.1912,638.5432,48.72686,NorthSidewalk,-1.350016,-10.45845,48.72686,12.21135
1742842036404,20.16792,1151,Eye Hit,Center,701.3726,640.0977,48.75532,NorthSidewalk,-1.270241,-10.35856,48.75532,12.08194
1742842036432,20.19711,1152,Eye Hit,Center,706.1135,639.9418,48.72659,NorthSidewalk,-0.9463909,-10.36308,48.72659,12.05516
1742842036460,20.22578,1153,Eye Hit,Center,715.2731,634.81,48.66576,NorthSidewalk,-0.3217465,-10.69945,48.66576,12.40497
1742842036488,20.25393,1154,Eye Hit,Center,716.6031,632.7063,48.63967,NorthSidewalk,-0.2310942,-10.83683,48.63967,12.56302
1742842036515,20.27966,1155,Eye Hit,Center,716.3708,633.6728,48.65741,NorthSidewalk,-0.2469877,-10.775,48.65741,12.4896
1742842036543,20.30741,1156,Eye Hit,Center,713.5701,631.9738,48.63633,NorthSidewalk,-0.4373976,-10.88591,48.63633,12.62601
1742842036572,20.33575,1157,Eye Hit,Center,721.5103,628.3635,48.59105,NorthSidewalk,0.1026421,-11.12114,48.59105,12.89191
1742842036598,20.36437,1158,Eye Hit,Center,723.4855,630.9461,48.59372,NorthSidewalk,0.2368961,-10.94622,48.59372,12.69745
1742842036626,20.39102,1159,Eye Hit,Center,723.0807,632.6175,48.62522,NorthSidewalk,0.2095207,-10.83965,48.62522,12.5693
1742842036668,20.41889,1160,Eye Hit,Center,723.824,635.8035,48.66241,NorthSidewalk,0.2602712,-10.63109,48.66241,12.32715
1742842036696,20.46039,1161,Eye Hit,Center,720.2271,627.5108,48.55135,NorthSidewalk,0.01542221,-11.16996,48.55135,12.95631
1742842036723,20.48853,1162,Eye Hit,Center,724.4711,636.4449,48.69054,NorthSidewalk,0.3044886,-10.59356,48.69054,12.27943
1742842036751,20.51461,1163,Eye Hit,Center,718.4186,659.9218,49.01256,NorthSidewalk,-0.1084103,-9.054228,49.01256,10.46714
1742842036779,20.54344,1164,Eye Hit,Center,721.9985,657.0959,48.98781,NorthSidewalk,0.1369308,-9.243281,48.98781,10.6864
1742842036807,20.57048,1165,Eye Hit,Center,734.2247,635.0381,48.69507,NorthSidewalk,0.9688109,-10.69036,48.69507,12.43126
1742842036836,20.59894,1166,Eye Hit,Center,731.4102,642.757,48.77801,NorthSidewalk,0.7784523,-10.18195,48.77801,11.82408
1742842036864,20.62833,1167,Eye Hit,Center,737.7558,627.1884,48.55923,NorthSidewalk,1.205938,-11.19367,48.55923,13.05336
1742842036891,20.65715,1168,Eye Hit,Center,737.9191,629.4013,48.5999,NorthSidewalk,1.21805,-11.05262,48.5999,12.88731
1742842036920,20.68315,1169,Eye Hit,Center,738.7617,629.6124,48.6081,NorthSidewalk,1.275541,-11.04013,48.6081,12.87852
1742842036947,20.71168,1170,Eye Hit,Center,742.605,621.0871,48.47802,NorthSidewalk,1.532716,-11.58864,48.47802,13.557
1742842036975,20.73913,1171,Eye Hit,Center,743.7723,616.5527,48.40879,NorthSidewalk,1.609562,-11.87911,48.40879,13.90858
1742842037004,20.76695,1172,Eye Hit,Center,717.2527,655.2974,48.9847,NorthSidewalk,-0.1882267,-9.365911,48.9847,10.82649
1742842037031,20.79586,1173,Eye Hit,Center,717.2556,651.9164,48.91082,NorthSidewalk,-0.1877432,-9.583082,48.91082,11.08759
1742842037059,20.82395,1174,Eye Hit,Center,693.6348,676.6802,49.17612,NorthSidewalk,-1.813417,-7.931791,49.17612,9.394776
1742842037087,20.8514,1175,Eye Hit,Center,692.9578,684.9216,49.26526,NorthSidewalk,-1.863353,-7.378288,49.26526,8.781006
1742842037115,20.87903,1176,Eye Hit,Center,696.579,689.5078,49.32507,NorthSidewalk,-1.615794,-7.070845,49.32507,8.365228
1742842037143,20.90769,1177,Eye Hit,Center,696.7996,677.606,49.20971,NorthSidewalk,-1.59683,-7.873482,49.20971,9.272074
1742842037172,20.93629,1178,Eye Hit,Center,685.4091,666.5121,49.06067,NorthSidewalk,-2.373603,-8.610895,49.06067,10.31832
1742842037198,20.96575,1179,Eye Hit,Center,685.9138,653.9588,48.87856,NorthSidewalk,-2.330289,-9.437133,48.87856,11.24777
1742842037225,20.99196,1180,Eye Hit,Center,688.7455,645.7424,48.78577,NorthSidewalk,-2.132646,-9.979864,48.78577,11.81498
1742842037253,21.01748,1181,Eye Hit,Center,693.3683,644.9772,48.79368,NorthSidewalk,-1.817505,-10.0337,48.79368,11.80388
1742842037280,21.04486,1182,Eye Hit,Center,702.6133,640.7035,48.75983,NorthSidewalk,-1.185749,-10.3182,48.75983,12.02461
1742842037308,21.0728,1183,,Center,712.3702,644.9449,48.83424,,-0.5211375,-10.04425,48.83424,11.63774
1742842037335,21.10051,1184,,Center,712.6199,632.282,48.62726,,-0.5019442,-10.86292,48.62726,12.60566
1742842037363,21.12748,1185,,Center,712.3096,671.1874,49.13229,,-0.5284824,-8.302179,49.13229,9.61008
1742842037404,21.15591,1186,Eye Hit,Center,712.7837,675.6512,49.17141,Truck1-Detailed,-0.4962953,-8.001796,49.17141,9.260324
1742842037433,21.19771,1187,Eye Hit,Center,713.2288,672.4835,49.14344,Truck1-Detailed,-0.4654178,-8.214976,49.14344,9.504935
1742842037460,21.22626,1188,,Center,718.4305,669.185,49.11491,,-0.1078171,-8.4368,49.11491,9.747719
1742842037488,21.2527,1189,,Center,720.1945,658.2275,48.99141,,0.01332709,-9.166422,48.99141,10.59767
1742842037529,21.27939,1190,,Center,725.7364,672.1411,49.14492,,0.3943044,-8.238759,49.14492,9.52739
1742842037560,21.32285,1191,,Center,729.2232,676.1293,49.19366,,0.6346049,-7.972525,49.19366,9.234184
1742842037586,21.35187,1192,,Center,727.1751,679.9039,49.24174,,0.4941677,-7.72035,49.24174,8.928476
1742842037614,21.37766,1193,,Center,730.8856,675.9736,49.2021,,0.749119,-7.984605,49.2021,9.257481
1742842037642,21.40587,1194,,Center,727.0372,682.2733,49.27825,,0.4850276,-7.562762,49.27825,8.742803
1742842037670,21.43346,1195,,Center,725.325,683.8663,49.26338,,0.3669091,-7.450721,49.26338,8.610644
1742842037698,21.46271,1196,,Center,722.1011,690.3717,49.33412,,0.1449762,-7.012533,49.33412,8.091725
1742842037726,21.49133,1197,,Center,718.2874,697.0281,49.40203,,-0.1183337,-6.562253,49.40203,7.567712
1742842037754,21.51882,1198,,Center,717.9225,702.9544,49.45964,,-0.1437181,-6.159937,49.45964,7.101251
1742842037782,21.54666,1199,,Center,719.0782,697.2172,49.4156,,-0.06371238,-6.550982,49.4156,7.551956
1742842037811,21.5747,1200,,Center,724.5908,693.6985,49.3886,,0.317125,-6.79047,49.3886,7.836967
1742842037838,21.60298,1201,,Center,731.2258,679.9259,49.25299,,0.773326,-7.720593,49.25299,8.95267
1742842037867,21.63038,1202,,Center,731.4363,676.815,49.18766,,0.786779,-7.924376,49.18766,9.196204
1742842037894,21.65939,1203,,Center,728.0532,670.9506,49.13231,,0.5534145,-8.318456,49.13231,9.630312
1742842037922,21.68852,1204,,Center,722.5488,674.0446,49.17657,,0.175312,-8.11314,49.17657,9.370415
1742842037950,21.714,1205,,Center,714.9612,681.2697,49.26103,,-0.3471724,-7.629268,49.26103,8.812671
1742842037977,21.74214,1206,,Center,709.1451,676.1204,49.20855,,-0.7471024,-7.975545,49.20855,9.245862
1742842038005,21.76919,1207,,Center,703.5045,673.2415,49.17614,,-1.134574,-8.168305,49.17614,9.519794
1742842038034,21.79771,1208,,Center,691.9852,672.544,49.11365,,-1.924429,-8.205843,49.11365,9.73779
1742842038061,21.82701,1209,,Center,686.4519,671.6991,49.0958,,-2.303695,-8.260878,49.0958,9.908497
1742842038089,21.85424,1210,,Center,683.5812,668.0557,49.05193,,-2.498589,-8.503455,49.05193,10.24198
1742842038118,21.8814,1211,,Center,674.0328,660.3878,48.93156,,-3.145939,-9.00737,48.93156,11.03342
1742842038145,21.91004,1212,,Center,667.5811,653.8364,48.82639,,-3.579773,-9.435417,48.82639,11.67774
1742842038174,21.93781,1213,,Center,669.2864,645.7993,48.73445,,-3.456795,-9.965485,48.73445,12.21261
1742842038202,21.96535,1214,,Center,665.8157,643.5252,48.65547,,-3.687382,-10.10409,48.65547,12.46548
1742842038229,21.99393,1215,,Center,666.4769,638.927,48.59991,,-3.638224,-10.40512,48.59991,12.77895
1742842038257,22.02227,1216,,Center,663.9633,644.3338,48.66526,,-3.814207,-10.05109,48.66526,12.45693
1742842038285,22.04895,1217,,Center,652.8088,652.4874,48.71421,,-4.578056,-9.505652,48.71421,12.2205
1742842038313,22.07813,1218,,Center,655.0809,653.3883,48.74439,,-4.425987,-9.450124,48.74439,12.08353
1742842038341,22.10588,1219,,Center,656.8742,649.3816,48.70957,,-4.300651,-9.716342,48.70957,12.30581
1742842038369,22.13436,1220,,Center,660.9493,640.9247,48.62554,,-4.016083,-10.27474,48.62554,12.78239
1742842038397,22.1611,1221,,Center,666.0821,634.0115,48.52316,,-3.659273,-10.72229,48.52316,13.14237
1742842038424,22.19014,1222,,Center,667.3581,640.6437,48.62834,,-3.580419,-10.29445,48.62834,12.6332
1742842038453,22.21798,1223,,Center,670.1171,633.5835,48.54953,,-3.387266,-10.75718,48.54953,13.07764
1742842038479,22.24581,1224,,Center,675.5457,635.8592,48.61224,,-3.022541,-10.61634,48.61224,12.79304
1742842038507,22.27135,1225,,Center,675.3691,643.318,48.72225,,-3.041419,-10.13208,48.72225,12.25009
1742842038535,22.29859,1226,Eye Hit,Center,679.8344,597.618,48.04951,NorthSidewalk,-2.69933,-13.06345,48.04951,15.51563
1742842038562,22.32669,1227,Eye Hit,Center,686.3248,597.774,48.04299,NorthSidewalk,-2.262833,-13.0512,48.04299,15.41403
1742842038591,22.35548,1228,Eye Hit,Center,685.304,580.0115,47.73811,NorthSidewalk,-2.316633,-14.15437,47.73811,16.72266
1742842038619,22.38373,1229,Eye Hit,Center,689.0486,579.485,47.74566,NorthSidewalk,-2.066937,-14.19177,47.74566,16.71884
1742842038648,22.41107,1230,Eye Hit,Center,700.1406,563.5555,47.4793,NorthSidewalk,-1.318812,-15.17043,47.4793,17.78218
1742842038675,22.44071,1231,Eye Hit,Center,704.7963,568.4987,47.586,NorthSidewalk,-1.011906,-14.87552,47.586,17.39708
1742842038704,22.46796,1232,Eye Hit,Center,710.014,574.8292,47.7144,NorthSidewalk,-0.6664301,-14.49318,47.7144,16.91291
1742842038730,22.49674,1233,Eye Hit,Center,713.6585,580.4017,47.78948,NorthSidewalk,-0.4238725,-14.14352,47.78948,16.49335
1742842038757,22.52363,1234,Eye Hit,Center,716.2614,593.2843,48.0234,NorthSidewalk,-0.2511142,-13.34744,48.0234,15.53516
1742842038786,22.54964,1235,Eye Hit,Center,718.6675,596.2964,48.07917,NorthSidewalk,-0.08960744,-13.16039,48.07917,15.30857
1742842038813,22.57771,1236,Eye Hit,Center,718.1798,601.5399,48.17196,NorthSidewalk,-0.1226391,-12.8325,48.17196,14.91723
1742842038841,22.60533,1237,Eye Hit,Center,717.3262,594.8592,48.06464,NorthSidewalk,-0.1797522,-13.25303,48.06464,15.41666
1742842038870,22.63351,1238,Eye Hit,Center,715.7913,593.6901,48.01256,NorthSidewalk,-0.282626,-13.31717,48.01256,15.50568
1742842038898,22.66232,1239,Eye Hit,Center,712.0203,589.7418,47.9473,NorthSidewalk,-0.535134,-13.56386,47.9473,15.80741
1742842038925,22.6906,1240,Eye Hit,Center,717.2962,578.1861,47.74823,NorthSidewalk,-0.1805693,-14.27928,47.74823,16.65074
1742842038954,22.71787,1241,Eye Hit,Center,714.7866,569.5839,47.59276,NorthSidewalk,-0.3470362,-14.80539,47.59276,17.2846
1742842038981,22.74597,1242,Eye Hit,Center,709.6732,567.1467,47.54948,NorthSidewalk,-0.6867882,-14.95402,47.54948,17.47532
1742842039009,22.77369,1243,Eye Hit,Center,707.1171,587.887,47.93417,NorthSidewalk,-0.8637167,-13.68449,47.93417,15.96335
1742842039039,22.80136,1244,Eye Hit,Center,694.9476,585.2452,47.8744,NorthSidewalk,-1.677514,-13.84433,47.8744,16.24059
1742842039065,22.83083,1245,Eye Hit,Center,690.6237,586.1676,47.85139,NorthSidewalk,-1.966094,-13.77594,47.85139,16.21481
1742842039092,22.85932,1246,Eye Hit,Center,688.3216,600.2697,48.09766,NorthSidewalk,-2.131081,-12.89815,48.09766,15.20574
1742842039119,22.88491,1247,Eye Hit,Center,683.2711,603.4506,48.14362,NorthSidewalk,-2.473201,-12.69629,48.14362,15.03873
1742842039147,22.91192,1248,Eye Hit,Center,679.5264,588.0341,47.87574,NorthSidewalk,-2.710192,-13.65796,47.87574,16.21663
1742842039174,22.94048,1249,Eye Hit,Center,672.4776,582.1342,47.75102,NorthSidewalk,-3.173904,-14.01642,47.75102,16.74985
1742842039203,22.96748,1250,Eye Hit,Center,665.2906,579.9592,47.65221,NorthSidewalk,-3.646348,-14.13238,47.65221,17.0291
1742842039232,22.99552,1251,Eye Hit,Center,655.8534,581.2714,47.63445,NorthSidewalk,-4.273736,-14.03969,47.63445,17.12361
1742842039259,23.02524,1252,Eye Hit,Center,655.5821,589.8852,47.79062,NorthSidewalk,-4.305882,-13.50995,47.79062,16.5257
1742842039287,23.05073,1253,Eye Hit,Center,649.6044,590.1967,47.7658,NorthSidewalk,-4.703007,-13.48212,47.7658,16.64323
1742842039314,23.07921,1254,Eye Hit,Center,652.2119,586.783,47.72483,NorthSidewalk,-4.524918,-13.69843,47.72483,16.8192
1742842039343,23.10576,1255,Eye Hit,Center,647.4982,586.049,47.68684,NorthSidewalk,-4.835709,-13.73648,47.68684,16.98183
1742842039372,23.13605,1256,Eye Hit,Center,644.7664,586.0165,47.638,NorthSidewalk,-5.012776,-13.72458,47.638,17.05164
1742842039399,23.16346,1257,Eye Hit,Center,647.0399,590.0717,47.72654,NorthSidewalk,-4.870327,-13.47938,47.72654,16.71499
1742842039426,23.19221,1258,Eye Hit,Center,651.5041,590.4961,47.76425,NorthSidewalk,-4.575941,-13.46168,47.76425,16.57688
1742842039455,23.2196,1259,Eye Hit,Center,653.8622,594.1243,47.84399,NorthSidewalk,-4.425784,-13.24136,47.84399,16.26784
1742842039482,23.24758,1260,Eye Hit,Center,656.7115,596.0715,47.89834,NorthSidewalk,-4.239925,-13.12596,47.89834,16.06534
1742842039510,23.27464,1261,Eye Hit,Center,662.1443,592.8007,47.87591,NorthSidewalk,-3.874149,-13.33883,47.87591,16.1788
1742842039538,23.30216,1262,Eye Hit,Center,664.5868,579.7733,47.6641,NorthSidewalk,-3.694175,-14.1483,47.6641,17.05521
1742842039565,23.32983,1263,Eye Hit,Center,670.7826,583.4697,47.72646,NorthSidewalk,-3.28542,-13.92007,47.72646,16.68228
1742842039594,23.35827,1264,Eye Hit,Center,671.0853,575.1046,47.58286,NorthSidewalk,-3.255385,-14.4349,47.58286,17.27478
1742842039622,23.38554,1265,Eye Hit,Center,671.3956,584.38,47.76138,NorthSidewalk,-3.246872,-13.86944,47.76138,16.60675
1742842039650,23.41368,1266,Eye Hit,Center,673.3228,596.7426,47.99446,NorthSidewalk,-3.133348,-13.10725,47.99446,15.68444
1742842039679,23.44153,1267,Eye Hit,Center,676.6471,601.6346,48.09859,NorthSidewalk,-2.91651,-12.80658,48.09859,15.27362
1742842039706,23.47028,1268,Eye Hit,Center,682.0671,589.5015,47.91835,NorthSidewalk,-2.542325,-13.57177,47.91835,16.07452
1742842039735,23.49756,1269,Eye Hit,Center,683.4218,578.3987,47.73066,NorthSidewalk,-2.441927,-14.25983,47.73066,16.86233
1742842039762,23.52651,1270,Eye Hit,Center,689.6906,580.806,47.76327,NorthSidewalk,-2.024809,-14.10875,47.76327,16.61593
1742842039793,23.5542,1271,Eye Hit,Center,698.8971,587.234,47.90478,NorthSidewalk,-1.413949,-13.71986,47.90478,16.06192
1742842039817,23.58426,1272,Eye Hit,Center,704.336,594.4648,48.04549,NorthSidewalk,-1.052613,-13.27425,48.04549,15.49085
1742842039846,23.60898,1273,Eye Hit,Center,706.9957,598.037,48.1157,NorthSidewalk,-0.875158,-13.05325,48.1157,15.21089
1742842039873,23.63737,1274,Eye Hit,Center,709.3895,599.356,48.14617,NorthSidewalk,-0.714512,-12.97269,48.14617,15.10169
1742842039901,23.66427,1275,Eye Hit,Center,712.4354,598.7286,48.10818,NorthSidewalk,-0.5089973,-13.00467,48.10818,15.1378
1742842039929,23.69254,1276,Eye Hit,Center,714.7557,593.8679,48.03213,NorthSidewalk,-0.3523187,-13.31066,48.03213,15.49429
1742842039958,23.72123,1277,Eye Hit,Center,719.5113,585.5585,47.89293,NorthSidewalk,-0.03273741,-13.8287,47.89293,16.10571
1742842039985,23.749,1278,Eye Hit,Center,728.8279,588.6879,47.9507,NorthSidewalk,0.5920565,-13.6355,47.9507,15.88809
1742842040013,23.7762,1279,Eye Hit,Center,730.6537,578.3635,47.76927,NorthSidewalk,0.7118031,-14.27371,47.76927,16.65596
1742842040041,23.80406,1280,Eye Hit,Center,731.5327,577.1254,47.75204,NorthSidewalk,0.770259,-14.35125,47.75204,16.75019
1742842040069,23.83263,1281,Eye Hit,Center,731.8466,574.6829,47.71322,NorthSidewalk,0.7905797,-14.50259,47.71322,16.93048
1742842040096,23.86156,1282,Eye Hit,Center,733.965,573.8704,47.66822,NorthSidewalk,0.9310707,-14.54308,47.66822,16.99915
1742842040124,23.88892,1283,Eye Hit,Center,731.1538,578.009,47.7554,NorthSidewalk,0.7450023,-14.29325,47.7554,16.68388
1742842040152,23.9159,1284,Eye Hit,Center,735.8229,560.9952,47.43755,NorthSidewalk,1.049835,-15.32697,47.43755,17.9448
1742842040180,23.94391,1285,Eye Hit,Center,734.4206,557.3812,47.37714,NorthSidewalk,0.9555747,-15.54693,47.37714,18.19941
1742842040208,23.97147,1286,Eye Hit,Center,735.3354,558.5535,47.40616,NorthSidewalk,1.016815,-15.47872,47.40616,18.11895
1742842040236,23.99952,1287,Eye Hit,Center,743.3242,555.0659,47.33178,NorthSidewalk,1.544092,-15.68531,47.33178,18.41738
1742842040263,24.02783,1288,Eye Hit,Center,748.2871,552.541,47.24623,NorthSidewalk,1.869257,-15.82381,47.24623,18.63672
1742842040292,24.05536,1289,Eye Hit,Center,760.5804,543.0977,47.02822,NorthSidewalk,2.669241,-16.37195,47.02822,19.42911
1742842040319,24.084,1290,Eye Hit,Center,762.1184,550.3035,47.17416,NorthSidewalk,2.779003,-15.94731,47.17416,18.93946
1742842040347,24.11071,1291,Eye Hit,Center,763.9196,561.5338,47.39418,NorthSidewalk,2.911366,-15.27725,47.39418,18.16702
1742842040374,24.13813,1292,Eye Hit,Center,762.915,565.9013,47.48695,NorthSidewalk,2.850338,-15.01707,47.48695,17.84243
1742842040403,24.16597,1293,Eye Hit,Center,771.6144,562.9241,47.37113,NorthSidewalk,3.419773,-15.17771,47.37113,18.18183
1742842040430,24.1946,1294,Eye Hit,Center,773.4261,537.3251,46.85925,NorthSidewalk,3.50156,-16.69146,46.85925,19.99938
1742842040458,24.22255,1295,Eye Hit,Center,711.7089,534.2593,46.91267,NorthSidewalk,-0.5440186,-16.91166,46.91267,19.83329
1742842040486,24.25007,1296,Eye Hit,Center,696.7098,528.9216,46.78548,NorthSidewalk,-1.524046,-17.21509,46.78548,20.27408
1742842040514,24.27773,1297,Eye Hit,Center,701.1346,528.4802,46.78793,NorthSidewalk,-1.234562,-17.24487,46.78793,20.28021
1742842040542,24.30634,1298,Eye Hit,Center,709.3254,532.0063,46.8763,NorthSidewalk,-0.699873,-17.04626,46.8763,19.99896
1742842040570,24.33401,1299,Eye Hit,Center,722.5187,554.9733,47.35434,NorthSidewalk,0.1668205,-15.69893,47.35434,18.34236
1742842040597,24.36147,1300,Eye Hit,Center,753.7808,563.1074,47.44072,NorthSidewalk,2.241477,-15.18783,47.44072,17.93216
1742842040625,24.38979,1301,Eye Hit,Center,779.7778,566.6516,47.41174,NorthSidewalk,3.964047,-14.94353,47.41174,18.06049
1742842040652,24.41661,1302,Eye Hit,Center,805.3418,565.209,47.23646,NorthSidewalk,5.63835,-14.9836,47.23646,18.7225
1742842040680,24.44375,1303,Eye Hit,Center,835.2428,562.2321,46.94135,NorthSidewalk,7.566278,-15.08543,46.94135,19.77478
1742842040708,24.47213,1304,Eye Hit,Center,846.4846,558.3401,46.76717,NorthSidewalk,8.273548,-15.28404,46.76717,20.38615
1742842040736,24.49982,1305,Eye Hit,Center,901.299,557.3459,46.06569,NorthSidewalk,11.68116,-15.11885,46.06569,22.52622
1742842040763,24.52861,1306,Eye Hit,Center,845.7016,603.5043,47.55285,NorthSidewalk,8.360462,-12.53692,47.55285,17.58275
1742842040791,24.55621,1307,Eye Hit,Center,732.3022,610.4473,48.36026,NorthSidewalk,0.8321168,-12.28016,48.36026,14.27937
1742842040819,24.58284,1308,,Center,652.1208,694.4955,49.24247,,-4.675084,-6.715488,49.24247,9.434548
1742842040846,24.61316,1309,Eye Hit,Center,595.9749,694.323,48.75834,NorthSidewalk,-8.458072,-6.661224,48.75834,12.45151
1742842040875,24.63967,1310,Eye Hit,Center,560.3146,696.9512,48.33874,NorthSidewalk,-10.79626,-6.426212,48.33874,14.56975
1742842040902,24.66713,1311,Eye Hit,Center,540.8041,687.7307,47.97831,NorthSidewalk,-12.02502,-6.997037,47.97831,16.17091
1742842040928,24.69302,1312,Eye Hit,Center,592.5813,696.9041,48.75739,NorthSidewalk,-8.689335,-6.485077,48.75739,12.53728
1742842040957,24.71944,1313,Eye Hit,Center,579.864,720.9349,48.79433,NorthWalkingPole,-9.563832,-4.849968,48.79433,12.39459
1742842040988,24.74788,1314,Eye Hit,Center,580.49,734.5591,48.8908,NorthSidewalk,-9.539935,-3.927908,48.8908,11.9157
1742842041016,24.77902,1315,Eye Hit,Center,583.6426,751.9551,49.01586,NorthSidewalk,-9.348206,-2.745346,49.01586,11.24227
1742842041034,24.80601,1316,,Center,554.5856,752.5959,48.62502,,-11.24983,-2.679872,48.62502,13.37826
1742842041056,24.82471,1317,,Center,620.0143,756.3411,49.44077,,-6.914107,-2.465846,49.44077,8.445247
1742842041074,24.84619,1318,Eye Hit,Center,587.933,751.7086,49.08166,RoadWest,-9.066227,-2.765951,49.08166,10.93052
1742842041090,24.86459,1319,Eye Hit,Center,549.109,744.6212,48.52146,Jeep5-Detailed,-11.59754,-3.215369,48.52146,13.93022
1742842041123,24.89638,1321,Eye Hit,Center,615.3647,750.7297,49.38897,Jeep5-Detailed,-7.228051,-2.850892,49.38897,8.940615
1742842041138,24.91311,1322,Eye Hit,Center,648.5449,744.0626,49.63779,Jeep5-Detailed,-4.960877,-3.328124,49.63779,6.862471
1742842041170,24.94458,1324,Eye Hit,Center,728.9619,748.4,49.90554,Jeep5-Detailed,0.6255514,-3.043323,49.90554,3.562384
1742842041201,24.97499,1326,,Center,717.2821,775.0956,49.99145,,-0.1900398,-1.181976,49.99145,1.371878
1742842041231,25.00613,1328,,Center,626.6098,789.7285,49.58675,,-6.477088,-0.1575402,49.58675,7.444079
1742842041247,25.02333,1329,,Center,659.6207,794.5829,49.83585,,-4.208649,0.1800357,49.83585,4.831564
1742842041278,25.05372,1331,,Center,592.3549,818.046,49.20358,,-8.784431,1.792466,49.20358,10.32663
1742842041310,25.08689,1333,,Center,584.2339,830.5163,49.07033,,-9.318013,2.643481,49.07033,11.16578
1742842041340,25.11604,1335,,Center,558.1752,848.1029,48.63855,,-11.00877,3.81662,48.63855,13.47159
1742842041372,25.14747,1337,,Center,521.9927,846.1013,48.06909,,-13.31251,3.637365,48.06909,16.0186
1742842041402,25.17787,1339,,Center,498.577,834.803,47.69097,,-14.7697,2.855109,47.69097,17.50681
1742842041436,25.2098,1341,,Center,511.3906,832.017,47.93483,,-13.98614,2.682925,47.93483,16.54637
1742842041466,25.23996,1343,,Center,490.4197,819.3886,47.57614,,-15.27695,1.822517,47.57614,17.92029
1742842041496,25.2718,1345,,Center,472.0301,814.283,47.21768,,-16.37633,1.471609,47.21768,19.19934
1742842041526,25.30136,1347,,Center,453.4749,808.9459,46.83474,,-17.45899,1.110061,46.83474,20.48223
1742842041557,25.33105,1349,,Center,507.432,805.0402,47.91895,,-14.24682,0.8739886,47.91895,16.5872
1742842041588,25.36257,1351,,Center,509.3795,797.0254,47.95796,,-14.12779,0.3370861,47.95796,16.41872
1742842041617,25.39216,1353,,Center,528.839,788.9142,48.29901,,-12.91369,-0.2084595,48.29901,14.97089
1742842041646,25.42178,1355,,Center,566.371,774.7045,48.86713,,-10.50033,-1.182121,48.86713,12.20137
1742842041676,25.45064,1357,,Center,611.5369,773.6539,49.41582,,-7.496541,-1.268013,49.41582,8.746824
1742842041705,25.47989,1359,,Center,642.4427,771.5844,49.68526,,-5.389682,-1.41874,49.68526,6.400216
1742842041735,25.51082,1361,,Center,688.0196,758.6656,49.8922,,-2.231669,-2.326155,49.8922,3.696764
1742842041763,25.53924,1363,,Center,725.2124,748.0638,49.8998,,0.3637897,-3.066438,49.8998,3.541105
1742842041793,25.56884,1365,,Center,754.9244,747.1683,49.83718,,2.434414,-3.125012,49.83718,4.544631
1742842041823,25.59796,1367,,Center,803.1516,742.8409,49.55127,,5.762861,-3.406997,49.55127,7.694345
1742842041854,25.62909,1369,,Center,829.7101,744.1063,49.31387,,7.567083,-3.303393,49.31387,9.504976
1742842041884,25.65984,1371,,Center,823.0851,729.3054,49.30006,,7.108141,-4.32305,49.30006,9.578566
1742842041914,25.69002,1373,,Center,780.0824,730.1073,49.63171,,4.170802,-4.296469,49.63171,6.879313
1742842041935,25.70675,1374,,Center,649.6125,743.5555,49.629,,-4.885894,-3.362737,49.629,6.815207
1742842041950,25.72637,1375,,Center,664.3719,741.4064,49.70797,,-3.867526,-3.517506,49.70797,6.00381
1742842041981,25.75802,1377,,Center,628.5267,743.8003,49.46405,,-6.328445,-3.334623,49.46405,8.228793
1742842042021,25.79515,1379,,Center,636.4189,734.415,49.48015,,-5.784316,-3.985231,49.48015,8.079803
1742842042053,25.82783,1381,Eye Hit,Center,673.1807,728.6187,49.67627,MicroBus1-Detailed,-3.253018,-4.403752,49.67627,6.289337
1742842042091,25.86702,1383,Eye Hit,Center,725.4548,723.4651,49.74754,MicroBus1-Detailed,0.3795449,-4.76866,49.74754,5.492692
1742842042123,25.89743,1385,Eye Hit,Center,758.5694,723.2145,49.67655,MicroBus1-Detailed,2.679829,-4.779268,49.67655,6.29426
1742842042159,25.93455,1387,Eye Hit,Center,763.2692,715.2304,49.60302,MicroBus1-Detailed,3.001927,-5.32611,49.60302,7.026548
1742842042192,25.96717,1389,Eye Hit,Center,801.1135,713.7924,49.36868,MicroBus1-Detailed,5.600898,-5.400243,49.36868,8.955896
1742842042228,25.99861,1391,Eye Hit,Center,678.9028,736.391,49.73945,MicroBus1-Detailed,-2.859081,-3.868645,49.73945,5.524107
1742842042244,26.01854,1392,Eye Hit,Center,562.1537,737.6918,48.66238,MicroBus1-Detailed,-10.74337,-3.696339,48.66238,13.14174
1742842042277,26.05085,1394,,Center,472.6755,734.0539,47.08881,,-16.28912,-3.816409,47.08881,19.55966
1742842042293,26.06819,1395,,Center,482.9253,732.9039,47.28675,,-15.67969,-3.908511,47.28675,18.86704
1742842042328,26.10225,1397,,Center,381.1542,723.7394,44.99664,,-21.32529,-4.29599,44.99664,25.80152
1742842042344,26.11998,1398,,Center,388.8418,724.669,45.18559,,-20.92899,-4.255277,45.18559,25.298
1742842042379,26.15116,1400,,Center,408.0303,732.2753,45.67701,,-19.93072,-3.815614,45.67701,23.95387
1742842042396,26.1696,1401,,Center,414.5266,732.9998,45.83273,,-19.58222,-3.782179,45.83273,23.51628
1742842042413,26.18831,1402,,Center,418.1181,730.073,45.90208,,-19.38127,-3.975809,45.90208,23.31717
1742842042445,26.21993,1404,,Center,426.6614,725.4056,46.07475,,-18.90363,-4.291545,46.07475,22.81754
1742842042480,26.25374,1406,,Center,452.7285,718.1072,46.60606,,-17.4224,-4.816789,46.60606,21.1986
1742842042512,26.28748,1408,,Center,469.0894,718.2268,46.94693,,-16.47552,-4.844164,46.94693,20.09223
1742842042544,26.31925,1410,,Center,468.5802,717.4636,46.93287,,-16.50401,-4.892808,46.93287,20.14199
1742842042577,26.35104,1412,,Center,488.6669,713.0972,47.30436,,-15.30565,-5.22043,47.30436,18.87349
1742842042593,26.36787,1413,,Center,488.5418,713.0083,47.30288,,-15.31345,-5.22615,47.30288,18.88405
1742842042624,26.39894,1415,,Center,476.3458,692.0261,46.91096,,-15.98678,-6.559546,46.91096,20.22185
1742842042655,26.4296,1417,,Center,477.1438,684.3751,46.86559,,-15.91901,-7.054719,46.86559,20.38177
1742842042686,26.46147,1419,,Center,479.4438,674.1805,46.81946,,-15.75273,-7.715368,46.81946,20.53821
1742842042718,26.49356,1421,,Center,477.407,672.5102,46.76372,,-15.8672,-7.81543,46.76372,20.71822
1742842042749,26.52511,1423,,Center,471.0997,673.1927,46.64551,,-16.23858,-7.751145,46.64551,21.09428
1742842042780,26.55562,1425,,Center,464.1324,669.0168,46.46442,,-16.62833,-7.992437,46.46442,21.65631
1742842042811,26.58543,1427,,Center,455.4274,646.9112,46.05874,,-17.04393,-9.34671,46.05874,22.88158
1742842042841,26.61635,1429,,Center,446.2815,638.0225,45.77048,,-17.52276,-9.857244,45.77048,23.71386
1742842042870,26.64645,1431,,Center,422.4293,628.2531,45.1546,,-18.79339,-10.34161,45.1546,25.41025
1742842042901,26.67518,1433,,Center,412.116,623.9224,44.88003,,-19.3265,-10.55057,44.88003,26.13326
1742842042931,26.70469,1435,Eye Hit,Center,407.71,630.2994,44.8563,SE_Tree_50,-19.59271,-10.14491,44.8563,26.19112
1742842042946,26.72227,1436,Eye Hit,Center,391.9512,617.4253,44.35621,SE_Tree_50,-20.35194,-10.8305,44.35621,27.46333
1742842042974,26.75046,1438,,Center,451.7956,735.6557,46.67186,,-17.50789,-3.678053,46.67186,20.97263
1742842043004,26.7795,1440,,Center,566.809,802.9651,48.85971,,-10.4688,0.749337,48.85971,12.12351
1742842043034,26.80965,1442,Eye Hit,Center,595.265,820.859,49.18865,SouthCarSignal,-8.581557,1.985449,49.18865,10.1524
1742842043064,26.84001,1444,Eye Hit,Center,634.3678,813.0933,49.59303,SouthCarSignal,-5.939784,1.463117,49.59303,7.031934
1742842043094,26.87004,1446,,Center,642.3647,813.3313,49.65576,,-5.391901,1.481492,49.65576,6.425014
1742842043125,26.90026,1448,,Center,650.1171,804.6022,49.72605,,-4.860351,0.8764797,49.72605,5.671916
1742842043159,26.93138,1450,,Center,637.6493,786.6539,49.64224,,-5.717836,-0.3711965,49.64224,6.584158
1742842043175,26.94993,1451,,Center,634.4745,783.5486,49.61337,,-5.934816,-0.5864626,49.61337,6.854292
1742842043206,26.98061,1453,,Center,618.7671,778.9686,49.47126,,-7.00467,-0.901687,49.47126,8.124606
1742842043242,27.01252,1455,,Center,612.9951,780.8121,49.41653,,-7.39586,-0.773277,49.41653,8.557655
1742842043259,27.03286,1456,,Center,604.6821,784.886,49.33524,,-7.957318,-0.4908918,49.33524,9.179501
1742842043274,27.04996,1457,,Center,602.3741,785.5146,49.30941,,-8.11233,-0.4472816,49.30941,9.356477
1742842043306,27.08061,1459,,Center,604.2837,788.3957,49.33224,,-7.984326,-0.2486931,49.33224,9.197871
1742842043342,27.11653,1461,,Center,597.3088,779.1307,49.24649,,-8.450876,-0.8864276,49.24649,9.789705
1742842043374,27.14756,1463,,Center,600.8061,779.3569,49.28661,,-8.21667,-0.8715587,49.28661,9.516943
1742842043405,27.18117,1465,,Center,596.3215,779.2769,49.23557,,-8.516992,-0.8761629,49.23557,9.864938
1742842043439,27.21383,1467,,Center,591.1464,776.9822,49.17046,,-8.861631,-1.032819,49.17046,10.28402
1742842043471,27.24633,1469,,Center,589.5236,768.8156,49.13577,,-8.966905,-1.593332,49.13577,10.50066
1742842043502,27.27625,1471,,Center,585.8609,768.4306,49.08961,,-9.209964,-1.61827,49.08961,10.78503
1742842043517,27.29297,1472,,Center,586.2318,767.4351,49.09011,,-9.18459,-1.686638,49.09011,10.7704
1742842043550,27.32646,1474,,Center,581.0629,755.3533,48.98847,,-9.519734,-2.510974,48.98847,11.36351
1742842043581,27.35948,1476,,Center,574.4501,758.8746,48.91296,,-9.957466,-2.266202,48.91296,11.79288
1742842043614,27.38948,1478,,Center,574.2216,766.2397,48.92923,,-9.976411,-1.76292,48.92923,11.69801
1742842043646,27.42018,1480,,Center,573.019,767.9441,48.91389,,-10.05556,-1.645762,48.91389,11.76712
1742842043678,27.45244,1482,,Center,565.427,767.3618,48.80753,,-10.55196,-1.681931,48.80753,12.34862
1742842043694,27.46916,1483,,Center,561.7063,764.7427,48.75105,,-10.79346,-1.858577,48.75105,12.66173
1742842043725,27.49997,1485,,Center,553.0843,763.9835,48.62237,,-11.35132,-1.905297,48.62237,13.31815
1742842043757,27.53127,1487,,Center,530.29,763.4069,48.24966,,-12.80258,-1.929603,48.24966,15.02073
1742842043774,27.54834,1488,,Center,525.2778,765.6625,48.17344,,-13.12007,-1.774579,48.17344,15.36722
1742842043805,27.57936,1490,,Center,597.4111,764.9329,49.20473,,-8.436669,-1.862777,49.20473,9.959057
1742842043836,27.60977,1492,,Center,686.6895,757.3478,49.84367,,-2.322224,-2.41576,49.84367,3.846086
1742842043851,27.62675,1493,,Center,673.5054,758.5679,49.79214,,-3.237996,-2.328295,49.79214,4.579453
1742842043883,27.65753,1495,,Center,753.5562,754.1312,49.82307,,2.338385,-2.638912,49.82307,4.048011
1742842043914,27.69004,1497,,Center,767.5763,745.7099,49.73571,,3.309572,-3.220101,49.73571,5.304263
1742842043945,27.72119,1499,,Center,766.9031,742.1979,49.72431,,3.26199,-3.463614,49.72431,5.465652
1742842043977,27.75226,1501,Eye Hit,Center,748.7751,741.0922,49.78693,SouthWalkingPole,2.003756,-3.544967,49.78693,4.675836
1742842044009,27.78422,1503,Eye Hit,Center,699.9922,733.6318,49.76614,SouthWalkingPole,-1.392665,-4.062781,49.76614,4.932447
1742842044041,27.8155,1505,Eye Hit,Center,670.6972,735.5114,49.6809,SouthWalkingPole,-3.425893,-3.925213,49.6809,5.986677
1742842044071,27.8466,1507,Eye Hit,Center,674.1557,744.9647,49.74654,SouthWalkingSignal,-3.189784,-3.27265,49.74654,5.248819
1742842044101,27.87557,1509,Eye Hit,Center,649.5634,752.706,49.64388,SouthWalkingSignal,-4.890765,-2.728381,49.64388,6.436357
1742842044130,27.90603,1511,Eye Hit,Center,647.0494,756.6227,49.64344,SouthWalkingSignal,-5.065285,-2.456403,49.64344,6.4696
1742842044161,27.93514,1513,Eye Hit,Center,620.246,753.8635,49.41615,SouthWalkingSignal,-6.89465,-2.635859,49.41615,8.495511
1742842044189,27.964,1515,Eye Hit,Center,580.0626,753.033,48.96438,SouthWalkingSignal,-9.583559,-2.668638,48.96438,11.48455
1742842044218,27.9943,1517,Eye Hit,Center,552.0583,750.9245,48.56112,SouthWalkingSignal,-11.4067,-2.789874,48.56112,13.59414
1742842044247,28.02277,1519,Eye Hit,Center,527.1912,750.2743,48.16523,SouthWalkingSignal,-12.98893,-2.81093,48.16523,15.42507
1742842044275,28.05077,1521,,Center,504.6003,756.6732,47.79203,,-14.39837,-2.361417,47.79203,16.97725
1742842044303,28.07873,1523,,Center,512.2467,754.9107,47.92926,,-13.92713,-2.486351,47.92926,16.44508
1742842044332,28.10781,1525,,Center,578.7539,738.4787,48.8965,,-9.65978,-3.660307,48.8965,11.92906
1742842044360,28.13946,1527,,Center,672.4448,720.4572,49.61938,,-3.300366,-4.965124,49.61938,6.851458
1742842044389,28.16465,1529,,Center,765.8768,706.4877,49.52292,,3.177693,-5.923084,49.52292,7.729439
1742842044418,28.19355,1531,,Center,735.8224,704.9296,49.59756,,1.097602,-6.040094,49.59756,7.055995
1742842044446,28.22252,1533,,Center,739.7136,691.8922,49.47525,,1.364164,-6.927377,49.47525,8.12161
1742842044474,28.25087,1535,,Center,725.3916,686.3817,49.43925,,0.3728246,-7.303379,49.43925,8.413983
1742842044503,28.27811,1537,,Center,695.1284,687.7341,49.42595,,-1.719378,-7.207927,49.42595,8.526547
1742842044531,28.30777,1539,,Center,655.3659,686.6193,49.24895,,-4.452169,-7.258901,49.24895,9.80985
1742842044560,28.33634,1541,,Center,623.712,688.2752,49.02844,,-6.602878,-7.112849,49.02844,11.19697
1742842044588,28.36372,1543,,Center,599.6184,691.919,48.82395,,-8.220644,-6.834354,48.82395,12.35063
1742842044616,28.39384,1545,,Center,566.6477,693.4199,48.43198,,-10.38808,-6.677815,48.43198,14.30461
1742842044646,28.42364,1547,,Center,567.1387,693.5853,48.43924,,-10.35638,-6.667609,48.43924,14.26681
1742842044675,28.45077,1549,,Center,622.6707,692.919,49.06054,,-6.678652,-6.798853,49.06054,10.99327
1742842044705,28.4813,1551,,Center,691.3145,699.3668,49.52024,,-1.986816,-6.415967,49.52024,7.724003
1742842044734,28.51012,1553,,Center,784.8099,699.4213,49.35867,,4.474224,-6.391273,49.35867,8.981986
1742842044763,28.5392,1555,Eye Hit,Center,834.5135,697.1275,48.92456,SW_Tree_10,7.836038,-6.492025,48.92456,11.74959
1742842044793,28.56875,1557,,Center,848.5865,693.2128,48.73555,,8.765042,-6.733788,48.73555,12.77831
1742842044823,28.59851,1559,,Center,811.7648,697.1858,49.14501,,6.30766,-6.517272,49.14501,10.4564
1742842044854,28.62896,1561,,Center,787.8571,695.6428,49.30761,,4.679747,-6.645243,49.30761,9.360256
1742842044886,28.66126,1563,,Center,755.1514,680.1384,49.31516,,2.42458,-7.71568,49.31516,9.31359
1742842044916,28.69271,1565,,Center,737.3928,679.95,49.35902,,1.200741,-7.735553,49.35902,9.011883
1742842044947,28.72264,1567,,Center,712.8548,672.6639,49.29374,,-0.4926273,-8.227664,49.29374,9.492601
1742842044977,28.75298,1569,,Center,686.3604,678.1573,49.30473,,-2.319808,-7.850668,49.30473,9.427003
1742842045010,28.78255,1571,,Center,664.3533,675.2217,49.1826,,-3.827931,-8.033162,49.1826,10.25557
1742842045025,28.80041,1572,,Center,679.9362,679.296,49.29658,,-2.76237,-7.770857,49.29658,9.497528
1742842045055,28.83098,1574,,Center,666.7333,678.6786,49.23289,,-3.667958,-7.803337,49.23289,9.933769
1742842045086,28.86113,1576,,Center,813.1047,689.4088,49.06971,,6.389955,-7.041033,49.06971,10.96638
1742842045116,28.8917,1578,,Center,860.0537,691.4602,48.59075,,9.518338,-6.832891,48.59075,13.55724
1742842045148,28.92248,1580,Eye Hit,Center,868.5294,685.741,48.42931,SW_Tree_30,10.06083,-7.197584,48.42931,14.32872
1742842045163,28.93963,1581,Eye Hit,Center,862.9501,684.2126,48.48754,SW_Tree_30,9.694545,-7.309895,48.48754,14.05818
1742842045194,28.96896,1583,,Center,847.9109,678.669,48.61523,,8.697467,-7.706089,48.61523,13.44287
1742842045225,29.00018,1585,,Center,834.4615,675.7638,48.73262,,7.801751,-7.922717,48.73262,12.853
1742842045255,29.03083,1587,,Center,830.023,673.4689,48.7549,,7.502651,-8.082833,48.7549,12.74568
1742842045287,29.0619,1589,,Center,831.1074,670.2788,48.71003,,7.569623,-8.292729,48.71003,12.98037
1742842045318,29.09302,1591,,Center,823.7274,668.464,48.7629,,7.074504,-8.425507,48.7629,12.71402
1742842045349,29.12511,1593,Eye Hit,Center,827.8268,661.719,48.64716,SW_Tree_30,7.336636,-8.864446,48.64716,13.30782
1742842045379,29.15523,1595,,Center,871.9048,713.4926,48.61913,,10.32979,-5.338641,48.61913,13.45026
1742842045410,29.18543,1597,,Center,874.9907,761.3004,48.81256,,10.58157,-2.095931,48.81256,12.46159
1742842045442,29.21579,1599,,Center,872.6905,753.0347,48.82031,,10.42618,-2.660671,48.82031,12.42965
1742842045457,29.23267,1600,,Center,873.5898,761.047,48.83192,,10.49009,-2.114069,48.83192,12.36037
1742842045487,29.2623,1602,,Center,867.613,748.8572,48.8756,,10.09089,-2.949265,48.8756,12.13924
1742842045517,29.293,1604,,Center,857.8943,766.121,49.05724,,9.461551,-1.775678,49.05724,11.10232
1742842045549,29.32361,1606,Eye Hit,Center,840.4128,769.8738,49.27435,NorthCarSignal,8.298632,-1.5249,49.27435,9.71689
1742842045564,29.34036,1607,Eye Hit,Center,833.9675,772.6848,49.34866,NorthCarSignal,7.86628,-1.333174,49.34866,9.183846
1742842045593,29.36923,1609,Eye Hit,Center,826.4282,761.2266,49.39945,NorthCarSignal,7.353463,-2.126229,49.39945,8.808211
1742842045623,29.3995,1611,Eye Hit,Center,810.1996,743.606,49.4848,NorthCarSignal,6.242939,-3.34947,49.4848,8.147627
1742842045654,29.42966,1613,Eye Hit,Center,802.0155,738.5704,49.52986,NorthCarSignal,5.68167,-3.701368,49.52986,7.795709
1742842045684,29.46025,1615,Eye Hit,Center,789.6474,743.0701,49.6402,NorthCarSignal,4.835611,-3.397196,49.6402,6.789112
1742842045715,29.49114,1617,Eye Hit,Center,791.2906,737.1428,49.59837,NorthCarSignal,4.945529,-3.805518,49.59837,7.170967
1742842045747,29.52219,1619,Eye Hit,Center,784.8946,741.5508,49.66123,NorthCarSignal,4.507534,-3.504168,49.66123,6.558314
1742842045777,29.55382,1621,Eye Hit,Center,777.5251,739.3521,49.69354,NorthCarSignal,3.998253,-3.659265,49.69354,6.224567
1742842045809,29.58384,1623,Eye Hit,Center,767.7056,741.8658,49.75502,NorthCarSignal,3.319858,-3.488865,49.75502,5.528646
1742842045841,29.61513,1625,Eye Hit,Center,762.1565,742.6649,49.78221,NorthCarSignal,2.935295,-3.43513,49.78221,5.18614
1742842045859,29.63195,1626,Eye Hit,Center,749.5523,739.4678,49.80952,NorthCarSignal,2.05881,-3.659748,49.80952,4.818857
1742842045875,29.64972,1627,Eye Hit,Center,745.2525,738.5577,49.81684,NorthCarSignal,1.759517,-3.723699,49.81684,4.726048
1742842045907,29.68045,1629,Eye Hit,Center,741.2009,738.8741,49.82706,NorthCarSignal,1.477521,-3.702411,49.82706,4.574146
1742842045922,29.6973,1630,Eye Hit,Center,734.6562,738.0797,49.83321,NorthCarSignal,1.021534,-3.758237,49.83321,4.468746
1742842045952,29.7274,1632,Eye Hit,Center,728.7459,736.5656,49.83263,NorthCarSignal,0.60958,-3.863722,49.83263,4.488121
1742842045984,29.75886,1634,Eye Hit,Center,720.9928,736.4384,49.83524,NorthCarSignal,0.06920107,-3.872792,49.83524,4.444397
1742842046016,29.79051,1636,Eye Hit,Center,718.2622,737.6654,49.84098,NorthCarSignal,-0.1211442,-3.787703,49.84098,4.34812
1742842046046,29.82153,1638,Eye Hit,Center,707.9311,733.4327,49.8103,NorthCarSignal,-0.8408144,-4.080255,49.8103,4.780941
1742842046077,29.85224,1640,Eye Hit,Center,703.8369,734.9287,49.81259,NorthCarSignal,-1.126098,-3.976213,49.81259,4.742599
1742842046108,29.88199,1642,Eye Hit,Center,708.2054,744.0605,49.86436,NorthCarSignal,-0.8225953,-3.343466,49.86436,3.950023
1742842046138,29.91329,1644,Eye Hit,Center,710.0427,744.1317,49.86604,NorthCarSignal,-0.6944767,-3.33861,49.86604,3.912114
1742842046169,29.94359,1646,Eye Hit,Center,711.2455,738.4883,49.83863,NorthCarSignal,-0.6102547,-3.730165,49.83863,4.337025
1742842046201,29.97534,1648,Eye Hit,Center,706.5336,740.7151,49.84413,NorthCarSignal,-0.938809,-3.575332,49.84413,4.241363
1742842046231,30.00585,1650,Eye Hit,Center,709.4505,743.3077,49.8596,NorthCarSignal,-0.7356873,-3.395645,49.8596,3.986197
1742842046247,30.02266,1651,Eye Hit,Center,711.4549,745.4019,49.87078,NorthCarSignal,-0.5960403,-3.250329,49.87078,3.790959
1742842046279,30.05387,1653,Eye Hit,Center,723.313,750.9156,49.89642,NorthCarSignal,0.231207,-2.86721,49.89642,3.299484
1742842046310,30.08642,1655,Eye Hit,Center,731.6003,758.0793,49.91615,NorthCarSignal,0.8098829,-2.368205,49.91615,2.870581
1742842046340,30.11531,1657,Eye Hit,Center,738.0198,761.0477,49.9162,NorthCarSignal,1.25807,-2.160961,49.9162,2.867784
1742842046372,30.14649,1659,,Center,825.9915,708.6904,49.11368,,7.280926,-5.722823,49.11368,10.67824
1742842046404,30.17955,1661,Eye Hit,Center,899.7653,694.7203,48.05347,NW_Tree_10,12.08213,-6.538228,48.05347,15.95444
1742842046435,30.20997,1663,Eye Hit,Center,897.2168,693.8914,48.08547,NW_Tree_10,11.91877,-6.598327,48.08547,15.81822
1742842046466,30.24005,1665,,Center,730.2211,691.7564,49.48726,,0.7074667,-6.938456,49.48726,8.022061
1742842046496,30.27178,1667,,Center,710.5945,694.3082,49.51209,,-0.6513373,-6.765223,49.51209,7.816102
1742842046530,30.30428,1669,,Center,706.3811,711.6681,49.65427,,-0.9458255,-5.579015,49.65427,6.501377
1742842046561,30.3355,1671,,Center,699.419,770.0089,49.93209,,-1.437339,-1.535817,49.93209,2.412164
1742842046592,30.36616,1673,,Center,696.9,770.8098,49.92821,,-1.613133,-1.479767,49.92821,2.510454
1742842046622,30.39728,1675,,Center,697.1794,776.0878,49.93628,,-1.593883,-1.111369,49.93628,2.228444
1742842046654,30.42821,1677,,Center,830.1428,647.9681,48.43964,,7.462254,-9.758264,48.43964,14.23044
1742842046684,30.46052,1679,,Center,832.4616,595.6228,47.64332,,7.494096,-13.08597,47.64332,17.56348
1742842046715,30.49037,1681,,Center,831.8032,593.981,47.62207,,7.446899,-13.18949,47.62207,17.64369
1742842046747,30.52205,1683,,Center,835.2474,599.7375,47.68445,,7.686358,-12.82284,47.68445,17.40731
1742842046778,30.55222,1685,,Center,835.3248,611.8748,47.87572,,7.72238,-12.06154,47.87572,16.65437
1742842046809,30.58454,1687,,Center,834.7699,620.8062,48.01687,,7.707874,-11.49727,48.01687,16.08078
1742842046841,30.6162,1689,,Center,833.709,626.2823,48.10801,,7.651123,-11.15063,48.10801,15.7007
1742842046872,30.64657,1691,,Center,831.811,630.056,48.1813,,7.53487,-10.9133,48.1813,15.38942
1742842046905,30.68017,1693,,Center,830.9283,632.2867,48.22092,,7.481534,-10.77183,48.22092,15.21523
1742842046937,30.71153,1695,,Center,831.9602,619.9064,48.03254,,7.521633,-11.56147,48.03254,16.02176
1742842046969,30.74228,1697,,Center,829.7207,617.7979,48.02345,,7.369786,-11.70091,48.02345,16.06382
1742842047001,30.77385,1699,,Center,828.6526,620.0757,48.06711,,7.304674,-11.55841,48.06711,15.87892
1742842047017,30.79227,1700,,Center,827.7945,621.5773,48.09651,,7.25142,-11.46447,48.09651,15.75073
1742842047048,30.82326,1702,,Center,826.5164,620.8157,48.09808,,7.165676,-11.51608,48.09808,15.74822
1742842047080,30.8553,1704,,Center,817.2748,625.5255,48.25083,,6.564744,-11.2348,48.25083,15.09235
1742842047110,30.88519,1706,,Center,816.7635,638.391,48.43783,,6.555547,-10.40673,48.43783,14.24749
1742842047141,30.91572,1708,,Center,813.686,641.4292,48.50471,,6.355819,-10.21498,48.50471,13.93025
1742842047173,30.94723,1710,,Center,813.6721,645.9539,48.56533,,6.362817,-9.920401,48.56533,13.64056
1742842047204,30.97979,1712,,Center,811.9443,656.3279,48.71193,,6.264303,-9.243549,48.71193,12.91084
1742842047236,31.00969,1714,,Center,813.5004,661.1027,48.75717,,6.376245,-8.926517,48.75717,12.67988
1742842047252,31.02643,1715,,Center,815.6514,666.8554,48.80383,,6.529175,-8.542379,48.80383,12.42421
1742842047283,31.05924,1717,,Center,817.6957,670.7209,48.82983,,6.672267,-8.282931,48.82983,12.28819
1742842047314,31.08953,1719,,Center,821.3022,676.6639,48.86176,,6.923103,-7.882199,48.86176,12.11772
1742842047347,31.1215,1721,,Center,827.7132,672.0759,48.75232,,7.344753,-8.177387,48.75232,12.70534
1742842047379,31.15378,1723,,Center,832.6224,677.6719,48.76233,,7.681077,-7.79741,48.76233,12.651
1742842047411,31.18488,1725,,Center,840.8367,690.3923,48.80016,,8.247699,-6.935229,48.80016,12.45215
1742842047443,31.21698,1727,,Center,851.6268,692.0018,48.69142,,8.96416,-6.810166,48.69142,13.01827
1742842047458,31.2343,1728,,Center,856.3904,694.6887,48.65896,,9.282382,-6.622757,48.65896,13.18876
1742842047490,31.26518,1730,,Center,879.9431,702.3893,48.40954,,10.82952,-6.067418,48.40954,14.38215
1742842047522,31.29772,1732,Eye Hit,Center,846.1053,705.1989,48.86682,SW_Tree_30,8.619067,-5.932696,48.86682,12.08586
1742842047553,31.32794,1734,Eye Hit,Center,888.6676,712.5131,48.35487,SW_Tree_30,11.40735,-5.375869,48.35487,14.61676
1742842047586,31.36011,1736,,Center,851.5864,734.3506,48.98942,,9.016257,-3.950119,48.98942,11.36132
1742842047603,31.37685,1737,,Center,773.8649,735.3145,49.6721,,3.742239,-3.938197,49.6721,6.241616
1742842047618,31.39365,1738,,Center,803.8607,741.4413,49.50457,,5.80653,-3.500694,49.50457,7.798705
1742842047650,31.42472,1740,,Center,769.0307,773.1813,49.83167,,3.417325,-1.311623,49.83167,4.201091
1742842047683,31.45582,1742,,Center,752.8686,770.2619,49.88636,,2.29338,-1.516759,49.88636,3.154736
1742842047699,31.47335,1743,,Center,672.9312,758.4171,49.80051,,-3.278533,-2.339185,49.80051,4.623512
1742842047730,31.50528,1745,,Center,633.9289,775.5692,49.59233,,-5.970143,-1.139687,49.59233,6.987216
1742842047761,31.53593,1747,,Center,604.4103,781.3366,49.31804,,-7.973297,-0.735552,49.31804,9.221918
1742842047791,31.56545,1749,,Center,583.9696,781.9359,49.07973,,-9.337939,-0.6908587,49.07973,10.80112
1742842047821,31.59603,1751,,Center,575.0462,782.1796,48.96514,,-9.927261,-0.6725537,48.96514,11.48647
1742842047850,31.62588,1753,,Center,651.3633,790.9185,49.73097,,-4.774152,-0.0752231,49.73097,5.484194
1742842047881,31.65531,1755,,Center,649.2766,824.4191,49.66423,,-4.912692,2.251946,49.66423,6.210251
1742842047910,31.68426,1757,,Center,634.3026,840.0303,49.49357,,-5.932384,3.324885,49.49357,7.823657
1742842047939,31.71408,1759,,Center,609.7633,842.0095,49.25949,,-7.595021,3.445528,49.25949,9.609488
1742842047969,31.74351,1761,,Center,591.757,845.3607,49.04572,,-8.797264,3.660457,49.04572,10.99424
1742842047998,31.77215,1763,,Center,570.6241,844.9296,48.78027,,-10.19149,3.611233,48.78027,12.49782
1742842048026,31.80141,1765,,Center,548.9039,841.9691,48.48207,,-11.60204,3.38841,48.48207,13.99864
1742842048055,31.83114,1767,,Center,537.4134,838.3998,48.31879,,-12.33951,3.135772,48.31879,14.76157
1742842048085,31.86048,1769,,Center,581.1466,844.3545,48.92019,,-9.500743,3.582243,48.92019,11.72558
1742842048114,31.89074,1771,,Center,563.6934,839.5367,48.70932,,-10.64884,3.238573,48.70932,12.87147
1742842048144,31.92191,1773,,Center,572.1724,841.0428,48.81915,,-10.09389,3.348713,48.81915,12.28944
1742842048175,31.95247,1775,Eye Hit,Center,556.7537,824.3578,48.66486,SE_Tree_10,-11.11147,2.202454,48.66486,13.10333
1742842048212,31.98945,1777,Eye Hit,Center,611.9545,825.408,49.35248,SE_Tree_10,-7.458105,2.306071,49.35248,8.98848
1742842048244,32.02003,1779,,Center,635.9346,820.6194,49.58656,,-5.830344,1.984892,49.58656,7.080225
1742842048285,32.05902,1781,,Center,635.5895,825.2069,49.56974,,-5.852295,2.30228,49.56974,7.230444
1742842048323,32.09208,1783,,Center,627.0529,824.1124,49.50014,,-6.435097,2.223269,49.50014,7.83143
1742842048341,32.11351,1784,,Center,598.3292,808.5652,49.24754,,-8.380767,1.141021,49.24754,9.745257
1742842048357,32.1312,1785,,Center,611.0545,806.8649,49.38615,,-7.525361,1.026791,49.38615,8.743005
1742842048394,32.16323,1787,,Center,655.7897,799.4993,49.76786,,-4.46958,0.5220135,49.76786,5.166571
1742842048410,32.1841,1788,,Center,669.7043,797.2274,49.84478,,-3.506417,0.364434,49.84478,4.045495
1742842048443,32.21626,1790,,Center,701.8782,794.3994,49.95521,,-1.26618,0.1676494,49.95521,1.464468
1742842048459,32.2333,1791,,Center,721.1395,792.4984,49.97457,,0.07964744,0.03483766,49.97457,0.09891172
1742842048493,32.26722,1793,,Center,729.7407,786.0995,49.96815,,0.6807674,-0.4123796,49.96815,0.9127884
1742842048527,32.30258,1795,,Center,709.1732,773.202,49.95187,,-0.7564209,-1.313335,49.95187,1.737875
1742842048563,32.33618,1797,,Center,552.1634,763.6981,48.61394,,-11.41196,-1.924373,48.61394,13.39063
1742842048580,32.35455,1798,,Center,558.1353,760.5359,48.69281,,-11.02376,-2.142856,48.69281,12.98714
1742842048612,32.38714,1800,,Center,533.9829,757.2917,48.30905,,-12.56881,-2.345172,48.30905,14.8243
1742842048646,32.42187,1802,Eye Hit,Center,525.4639,747.7154,48.13294,NE_Tree_30,-13.09651,-2.981315,48.13294,15.59184
1742842048680,32.45546,1804,,Center,546.975,744.4561,48.46972,,-11.72985,-3.223132,48.46972,14.08873
1742842048713,32.48717,1806,,Center,566.2156,741.3627,48.7385,,-10.48329,-3.45188,48.7385,12.7596
1742842048746,32.52092,1808,,Center,579.5873,729.3926,48.85633,,-9.594895,-4.278185,48.85633,12.13543
1742842048779,32.55427,1810,,Center,588.0638,724.5721,48.93397,,-9.029994,-4.614907,48.93397,11.70807
1742842048813,32.58778,1812,,Center,594.2133,728.5123,49.03038,,-8.626067,-4.353792,49.03038,11.14855
1742842048846,32.62171,1814,Eye Hit,Center,639.4402,730.4255,49.47894,Car1-Detailed,-5.575089,-4.261224,49.47894,8.071855
1742842048863,32.64182,1815,Eye Hit,Center,652.6691,716.9139,49.48586,Car1-Detailed,-4.66024,-5.197012,49.48586,8.029156
1742842048896,32.66853,1817,Eye Hit,Center,672.4064,715.4395,49.58335,Car1-Detailed,-3.300636,-5.309498,49.58335,7.186299
1742842048910,32.68705,1818,Eye Hit,Center,673.4545,715.908,49.59087,Car1-Detailed,-3.228435,-5.277806,49.59087,7.111465
1742842048943,32.71776,1820,Eye Hit,Center,669.7155,710.8342,49.53677,Car1-Detailed,-3.48397,-5.623588,49.53677,7.60651
1742842048979,32.75003,1822,Eye Hit,Center,672.0319,708.0507,49.52617,Car1-Detailed,-3.322767,-5.815199,49.52617,7.70156
1742842048995,32.77005,1823,Eye Hit,Center,672.6008,706.8839,49.52064,Car1-Detailed,-3.282994,-5.895366,49.52064,7.759547
1742842049029,32.802,1825,Eye Hit,Center,674.0901,706.61,49.52594,Car1-Detailed,-3.180182,-5.914973,49.52594,7.722174
1742842049048,32.82038,1826,Eye Hit,Center,672.2201,704.6752,49.50117,Car1-Detailed,-3.308064,-6.045973,49.50117,7.926052
1742842049064,32.83847,1827,Eye Hit,Center,678.8758,703.8087,49.52305,Car1-Detailed,-2.848509,-6.108659,49.52305,7.750411
1742842049081,32.85538,1828,Eye Hit,Center,677.5433,703.5799,49.51552,Car1-Detailed,-2.94036,-6.123577,49.51552,7.81153
1742842049117,32.88789,1830,Eye Hit,Center,674.7836,704.8798,49.51525,Car1-Detailed,-3.131466,-6.03352,49.51525,7.81703
1742842049134,32.90794,1831,Eye Hit,Center,675.3354,700.792,49.48392,Car1-Detailed,-3.091296,-6.312624,49.48392,8.084443
1742842049150,32.92529,1832,Eye Hit,Center,673.5101,700.4353,49.47302,Car1-Detailed,-3.21692,-6.335914,49.47302,8.173491
1742842049183,32.95683,1834,Eye Hit,Center,673.5355,697.9229,49.45185,Car1-Detailed,-3.213783,-6.506978,49.45185,8.348896
1742842049202,32.97386,1835,Eye Hit,Center,676.608,697.0395,49.45758,Car1-Detailed,-3.001621,-6.568842,49.45758,8.308013
1742842049219,32.99266,1836,Eye Hit,Center,676.4916,695.4332,49.44284,Car1-Detailed,-3.008775,-6.677963,49.44284,8.42653
1742842049236,33.01006,1837,Eye Hit,Center,675.972,686.9762,49.3605,Car1-Detailed,-3.039635,-7.250703,49.3605,9.049956
1742842049253,33.02776,1838,Eye Hit,Center,675.6968,684.4911,49.33469,Car1-Detailed,-3.057037,-7.418391,49.33469,9.237483
1742842049288,33.06312,1840,Eye Hit,Center,677.0031,679.9973,49.29457,Car1-Detailed,-2.964483,-7.722187,49.29457,9.525512
1742842049322,33.09572,1842,Eye Hit,Center,663.1737,679.8164,49.22844,Car1-Detailed,-3.912717,-7.724286,49.22844,9.975671
1742842049341,33.11264,1843,,Center,600.834,710.1741,48.99282,,-8.16578,-5.607075,48.99282,11.43017
1742842049357,33.13194,1844,,Center,600.7374,708.3491,48.97799,,-8.169923,-5.730392,48.97799,11.51634
1742842049392,33.16378,1846,,Center,599.0908,704.366,48.92799,,-8.274266,-5.997119,48.92799,11.79714
1742842049410,33.1817,1847,,Center,600.1801,701.2108,48.91459,,-8.197478,-6.21134,48.91459,11.87418
1742842049428,33.20696,1848,,Center,597.3458,700.8614,48.87988,,-8.385428,-6.230822,48.87988,12.06413
1742842049461,33.23472,1850,,Center,606.9238,702.4295,48.99633,,-7.749034,-6.138205,48.99633,11.40698
1742842049477,33.25206,1851,,Center,607.904,701.7657,49.00124,,-7.682632,-6.184315,49.00124,11.37988
1742842049512,33.28561,1853,,Center,609.5808,701.6144,49.01733,,-7.570197,-6.196722,49.01733,11.28695
1742842049528,33.30231,1854,,Center,608.7662,697.894,48.97702,,-7.619775,-6.44648,48.97702,11.51844
1742842049563,33.33363,1856,,Center,606.447,696.8724,48.94419,,-7.773427,-6.512094,48.94419,11.70542
1742842049581,33.35516,1857,,Center,607.1677,697.1338,48.95414,,-7.725663,-6.495518,48.95414,11.65009
1742842049614,33.38835,1859,Eye Hit,Center,605.3582,692.537,48.89422,MicroBus3-Detailed,-7.839951,-6.801928,48.89422,11.98494
1742842049649,33.42443,1861,Eye Hit,Center,609.2331,691.7858,48.92708,MicroBus3-Detailed,-7.580053,-6.857903,48.92708,11.80061
1742842049684,33.45729,1863,Eye Hit,Center,610.9921,690.0421,48.92834,MicroBus3-Detailed,-7.459871,-6.977409,48.92834,11.79187
1742842049703,33.47417,1864,Eye Hit,Center,611.6147,687.2141,48.90748,MicroBus3-Detailed,-7.414104,-7.167886,48.90748,11.9068
1742842049719,33.49354,1865,Eye Hit,Center,612.2847,687.8331,48.92014,MicroBus3-Detailed,-7.370177,-7.127386,48.92014,11.83681
1742842049752,33.52663,1867,Eye Hit,Center,615.157,683.5309,48.90563,MicroBus3-Detailed,-7.171519,-7.419556,48.90563,11.91446
1742842049789,33.56278,1869,Eye Hit,Center,620.7006,677.9601,48.90037,MicroBus3-Detailed,-6.791591,-7.799774,48.90037,11.94187
1742842049805,33.57978,1870,Eye Hit,Center,621.7909,676.5784,48.89568,MicroBus3-Detailed,-6.716378,-7.893514,48.89568,11.96764
1742842049838,33.61121,1872,Eye Hit,Center,622.4183,683.1129,48.96827,MicroBus3-Detailed,-6.68338,-7.457686,48.96827,11.55786
1742842049856,33.62844,1873,Eye Hit,Center,621.0027,684.7334,48.97136,MicroBus3-Detailed,-6.780762,-7.34716,48.97136,11.53891
1742842049872,33.64631,1874,Eye Hit,Center,626.084,689.9228,49.06664,MicroBus3-Detailed,-6.445237,-7.005322,49.06664,10.97935
1742842049904,33.67855,1876,Eye Hit,Center,619.4893,695.5416,49.05899,MicroBus3-Detailed,-6.896739,-6.618681,49.05899,11.02561
1742842049939,33.713,1878,Eye Hit,Center,607.1793,698.6447,48.96502,MicroBus3-Detailed,-7.726583,-6.393486,48.96502,11.57498
1742842049955,33.73005,1879,Eye Hit,Center,600.0468,700.1747,48.90182,MicroBus3-Detailed,-8.204455,-6.280589,48.90182,11.93049
1742842049988,33.76149,1881,Eye Hit,Center,586.4832,704.7192,48.78243,MicroBus3-Detailed,-9.109871,-5.955185,48.78243,12.57707
1742842050019,33.7946,1883,,Center,608.7021,706.1868,49.04316,,-7.634459,-5.886341,49.04316,11.12063
1742842050052,33.82729,1885,,Center,673.1996,718.5246,49.61314,,-3.247577,-5.098606,49.61314,6.94687
1742842050084,33.8601,1887,,Center,716.6068,764.9321,49.94351,,-0.2370281,-1.890801,49.94351,2.185074
1742842050115,33.89067,1889,,Center,711.0391,770.7178,49.95461,,-0.6260945,-1.486982,49.95461,1.849914
1742842050148,33.92218,1891,Eye Hit,Center,575.0502,766.518,48.95731,SE_Tree_30,-9.925404,-1.744873,48.95731,11.63156
1742842050179,33.95393,1893,,Center,567.2647,754.5831,48.8179,,-10.42873,-2.554816,48.8179,12.40424
1742842050211,33.98557,1895,,Center,572.2437,751.3101,48.87487,,-10.10054,-2.781537,48.87487,12.09853
1742842050242,34.01566,1897,,Center,574.8448,750.8723,48.90852,,-9.929563,-2.8134,48.90852,11.91549
1742842050272,34.04673,1899,,Center,564.7997,729.605,48.67183,,-10.56533,-4.24757,48.67183,13.168
1742842050304,34.07772,1901,,Center,543.4815,730.8654,48.36332,,-11.94041,-4.135384,48.36332,14.64276
1742842050336,34.10965,1903,,Center,540.7778,730.391,48.31833,,-12.11202,-4.163599,48.31833,14.84592
1742842050366,34.14064,1905,,Center,542.4662,754.44,48.45087,,-12.03083,-2.545307,48.45087,14.2413
1742842050382,34.15737,1906,,Center,522.7824,755.1687,48.12932,,-13.27603,-2.479359,48.12932,15.67464
1742842050415,34.18911,1908,Eye Hit,Center,526.223,719.8548,48.02122,SE_Tree_10,-13.01512,-4.845666,48.02122,16.13006
1742842050430,34.2058,1909,,Center,550.1156,756.5839,48.57757,,-11.54256,-2.406296,48.57757,13.64296
1742842050461,34.23503,1911,,Center,511.8925,718.6038,47.76636,,-13.90346,-4.903526,47.76636,17.15255
1742842050492,34.26734,1913,,Center,518.787,733.309,47.97073,,-13.50036,-3.937864,47.97073,16.33887
1742842050524,34.29868,1915,,Center,509.4182,712.5806,47.68449,,-14.04465,-5.296837,47.68449,17.47313
1742842050556,34.3292,1917,,Center,463.0744,711.8416,46.79018,,-16.81415,-5.245857,46.79018,20.62812
1742842050586,34.36044,1919,,Center,488.8397,729.469,47.40646,,-15.32723,-4.146157,47.40646,18.51756
1742842050616,34.39159,1921,,Center,495.5719,705.4541,47.38496,,-14.8741,-5.735877,47.38496,18.5945
1742842050645,34.42158,1923,Eye Hit,Center,526.6962,675.5485,47.67525,SouthSidewalk,-12.8898,-7.76517,47.67525,17.51763
1742842050674,34.44942,1925,Eye Hit,Center,533.3167,675.5348,47.78185,SouthSidewalk,-12.47617,-7.78345,47.78185,17.10591
1742842050704,34.47895,1927,Eye Hit,Center,505.1333,673.6627,47.28804,SouthWalkingPole,-14.21128,-7.826826,47.28804,18.93659
1742842050732,34.50684,1929,Eye Hit,Center,506.2606,681.0914,47.3782,SouthSidewalk,-14.16368,-7.349484,47.3782,18.61351
1742842050761,34.5374,1931,,Center,501.3921,700.0955,47.45079,,-14.50849,-6.099483,47.45079,18.34966
1742842050789,34.56536,1933,,Center,455.3793,747.0807,46.80542,,-17.32339,-2.940643,46.80542,20.57662
1742842050819,34.5952,1935,,Center,392.8258,747.0084,45.39188,,-20.77161,-2.85642,45.39188,24.79283
1742842050848,34.62558,1937,,Center,401.6389,797.9113,45.6744,,-20.33788,0.3776345,45.6744,24.00612
1742842050879,34.65529,1939,,Center,546.1697,833.0851,48.50156,,-11.79218,2.787102,48.50156,14.02701
1742842050914,34.69056,1941,,Center,538.7959,853.4282,48.29372,,-12.23972,4.149269,48.29372,14.98188
1742842050947,34.72117,1943,,Center,597.9062,855.3602,49.09026,,-8.383047,4.350357,49.09026,10.89025
1742842050961,34.73845,1944,,Center,690.4875,849.651,49.78278,,-2.054935,4.0142,49.78278,5.176043
1742842051001,34.77468,1946,,Center,835.4495,814.3377,49.32128,,7.964147,1.540942,49.32128,9.339804
1742842051015,34.79259,1947,,Center,819.2273,813.5047,49.48797,,6.868213,1.488491,49.48797,8.082403
1742842051056,34.82921,1949,,Center,851.8609,807.5233,49.14376,,9.06353,1.067004,49.14376,10.52013
1742842051072,34.84636,1950,,Center,912.2158,796.1444,48.26859,,12.97677,0.2797936,48.26859,15.05122
1742842051111,34.88497,1952,,Center,922.6699,785.5886,48.08692,,13.63105,-0.4312109,48.08692,15.83379
1742842051144,34.9189,1954,,Center,917.677,773.9047,48.16194,,13.31598,-1.21894,48.16194,15.51674
1742842051181,34.95451,1956,,Center,895.412,764.8464,48.51091,,11.90177,-1.842384,48.51091,13.94261
1742842051215,34.9881,1958,,Center,863.6496,766.7822,48.97517,,9.839957,-1.727411,48.97517,11.52957
1742842051234,35.00504,1959,,Center,833.2968,764.3347,49.33199,,7.817347,-1.90887,49.33199,9.264483
1742842051249,35.02431,1960,,Center,820.3918,763.9343,49.46134,,6.945075,-1.941575,49.46134,8.295146
1742842051282,35.05676,1962,,Center,794.6221,753.5684,49.64361,,5.181356,-2.668484,49.64361,6.695858
1742842051312,35.08758,1964,,Center,770.6875,754.342,49.79072,,3.529897,-2.622519,49.79072,5.047215
1742842051345,35.11968,1966,,Center,733.8037,751.7145,49.89634,,0.963336,-2.81145,49.89634,3.408639
1742842051376,35.15276,1968,,Center,743.6542,751.782,49.87815,,1.650178,-2.805716,49.87815,3.733814
1742842051407,35.18186,1970,Eye Hit,Center,834.8257,751.8817,49.27481,SW_Tree_30,7.91365,-2.764906,49.27481,9.654839
1742842051437,35.21159,1972,,Center,843.4141,753.4971,49.18513,,8.490078,-2.648746,49.18513,10.24947
1742842051468,35.24285,1974,,Center,823.7952,735.42,49.31328,,7.159029,-3.902474,49.31328,9.388498
1742842051498,35.2733,1976,,Center,807.3766,727.9968,49.41848,,6.03945,-4.423885,49.41848,8.614225
1742842051529,35.30456,1978,,Center,791.2413,727.6176,49.53787,,4.936077,-4.460847,49.53787,7.649244
1742842051561,35.33503,1980,,Center,802.9721,726.7076,49.44659,,5.738275,-4.515563,49.44659,8.400341
1742842051591,35.36538,1982,,Center,801.3585,727.8242,49.4659,,5.628875,-4.440071,49.4659,8.24667
1742842051621,35.39649,1984,Eye Hit,Center,808.6375,711.5878,49.29676,Car1-Detailed,6.111515,-5.54438,49.29676,9.502536
1742842051653,35.42732,1986,Eye Hit,Center,803.6837,713.7369,49.35311,Car1-Detailed,5.776548,-5.402372,49.35311,9.10457
1742842051683,35.45975,1988,Eye Hit,Center,810.3978,712.9863,49.29268,Car1-Detailed,6.232371,-5.447506,49.29268,9.532546
1742842051714,35.48932,1990,,Center,802.5809,714.4675,49.36704,,5.70203,-5.353449,49.36704,9.002633
1742842051745,35.51996,1992,,Center,796.7672,714.9601,49.41402,,5.305654,-5.324502,49.41402,8.649313
1742842051775,35.55006,1994,,Center,790.2709,715.0754,49.45982,,4.86117,-5.321458,49.45982,8.291121
1742842051806,35.5801,1996,,Center,788.8962,715.3491,49.4707,,4.767122,-5.303691,49.4707,8.202696
1742842051821,35.5969,1997,,Center,788.3555,714.6415,49.46896,,4.729547,-5.352466,49.46896,8.21597
1742842051851,35.62684,1999,,Center,788.4622,717.7973,49.49084,,4.739024,-5.136383,49.49084,8.03761
1742842051881,35.65642,2001,,Center,787.2869,719.591,49.51097,,4.659564,-5.014259,49.51097,7.87138
1742842051911,35.68629,2003,,Center,787.1663,720.209,49.51596,,4.651676,-4.971965,49.51596,7.8294
1742842051941,35.71601,2005,,Center,787.7159,719.5367,49.50769,,4.688954,-5.017689,49.50769,7.897521
1742842051971,35.74604,2007,,Center,784.949,720.8536,49.53402,,4.499752,-4.929122,49.53402,7.673733
1742842052002,35.77621,2009,,Center,782.6174,723.2535,49.56432,,4.340869,-4.765768,49.56432,7.410316
1742842052031,35.80703,2011,,Center,783.8004,728.1963,49.58847,,4.425041,-4.425269,49.58847,7.192766
1742842052061,35.83579,2013,,Center,785.2609,730.6462,49.59401,,4.526843,-4.255826,49.59401,7.140921
1742842052091,35.86581,2015,,Center,790.6939,730.1785,49.55603,,4.899949,-4.284979,49.55603,7.483068
1742842052121,35.89648,2017,,Center,792.9114,731.4188,49.5481,,5.052835,-4.198339,49.5481,7.552605
1742842052151,35.92691,2019,,Center,796.7832,732.0468,49.52402,,5.318571,-4.152802,49.52402,7.758965
1742842052181,35.95661,2021,,Center,800.2817,733.3329,49.50523,,5.55879,-4.062175,49.50523,7.917528
1742842052212,35.98775,2023,,Center,805.009,732.2497,49.46242,,5.881023,-4.1336,49.46242,8.268949
1742842052242,36.01788,2025,,Center,809.6478,735.6907,49.44318,,6.199535,-3.894032,49.44318,8.42259
1742842052272,36.04736,2027,,Center,815.7047,736.3743,49.394,,6.611813,-3.842928,49.394,8.801004
1742842052303,36.07761,2029,,Center,794.4132,739.4679,49.58149,,5.160391,-3.642983,49.58149,7.260393
1742842052335,36.10819,2031,,Center,742.4934,743.1906,49.8406,,1.568018,-3.402512,49.8406,4.298742
1742842052349,36.12514,2032,,Center,752.8544,745.1841,49.82217,,2.289436,-3.262339,49.82217,4.573589
1742842052380,36.15536,2034,,Center,705.7461,742.6846,49.85174,,-0.9938641,-3.438555,49.85174,4.106704
1742842052411,36.18649,2036,,Center,653.5264,736.6525,49.61663,,-4.61306,-3.840944,49.61663,6.898276
1742842052442,36.21522,2038,Eye Hit,Center,613.7721,742.1447,49.31768,SW_Tree_10,-7.327473,-3.438957,49.31768,9.320656
1742842052472,36.24644,2040,,Center,580.1537,753.0205,48.97738,,-9.579865,-2.670204,48.97738,11.47806
1742842052487,36.26326,2041,,Center,613.7147,758.4166,49.37845,,-7.340462,-2.319393,49.37845,8.861177
1742842052517,36.29284,2043,,Center,596.2889,757.6257,49.18729,,-8.510881,-2.364832,49.18729,10.18095
1742842052549,36.32349,2045,,Center,581.3785,757.8807,49.00628,,-9.501569,-2.33865,49.00628,11.2918
1742842052578,36.35397,2047,,Center,553.0314,772.3664,48.64619,,-11.36048,-1.335864,48.64619,13.23224
1742842052609,36.3834,2049,,Center,554.8535,781.3342,48.68541,,-11.24556,-0.7262805,48.68541,13.03249
1742842052639,36.41352,2051,,Center,531.6554,786.5685,48.32219,,-12.72954,-0.3670976,48.32219,14.76403
1742842052669,36.44406,2053,,Center,536.7442,788.5981,48.4045,,-12.4067,-0.230315,48.4045,14.37853
1742842052699,36.47398,2055,,Center,527.1915,797.4246,48.24497,,-13.01041,0.366046,48.24497,15.09786
1742842052729,36.50374,2057,,Center,516.5313,796.3147,48.06078,,-13.67733,0.2900382,48.06078,15.8889
1742842052758,36.53252,2059,,Center,508.0434,796.671,47.90847,,-14.20274,0.3129951,47.90847,16.51655
1742842052788,36.56252,2061,,Center,480.7105,795.5482,47.38709,,-15.85976,0.2351733,47.38709,18.50652
1742842052816,36.59281,2063,,Center,541.8358,798.8661,48.48215,,-12.08134,0.4655881,48.48215,14.0026
1742842052847,36.62152,2065,,Center,526.2369,795.9742,48.22721,,-13.07002,0.2680712,48.22721,15.16649
1742842052875,36.65084,2067,,Center,484.0108,786.4453,47.44895,,-15.66144,-0.3686375,47.44895,18.27118
1742842052905,36.68035,2069,,Center,467.6664,781.1251,47.11618,,-16.62869,-0.7166493,47.11618,19.45612
1742842052935,36.7108,2071,,Center,479.2731,786.3553,47.35501,,-15.94423,-0.3738703,47.35501,18.61292
1742842052963,36.73877,2073,,Center,459.1434,796.1403,46.94209,,-17.12683,0.2718378,46.94209,20.04683
1742842052992,36.76724,2075,,Center,440.9125,795.8223,46.5495,,-18.17056,0.2488613,46.5495,21.32497
1742842053021,36.79718,2077,,Center,499.0096,795.775,47.73777,,-14.75531,0.2520557,47.73777,17.17827
1742842053050,36.82576,2079,,Center,485.8351,790.5624,47.4854,,-15.55231,-0.09548225,47.4854,18.13485
1742842053080,36.8556,2081,,Center,489.6948,802.7199,47.55692,,-15.319,0.7130475,47.55692,17.87284
1742842053110,36.88637,2083,,Center,483.2369,804.5518,47.42998,,-15.70652,0.8326705,47.42998,18.34639
1742842053128,36.90447,2084,Eye Hit,Center,482.9388,805.2846,47.42435,SE_Tree_10,-15.72442,0.881175,47.42435,18.37074
1742842053145,36.92125,2085,Eye Hit,Center,511.6879,805.1531,47.96702,SE_Tree_10,-13.97559,0.8824347,47.96702,16.27457
1742842053160,36.93888,2086,,Center,466.0805,790.5321,47.09058,,-16.72411,-0.09668137,47.09058,19.55267
1742842053201,36.97528,2088,Eye Hit,Center,466.554,788.6365,47.09927,MicroBus3-Detailed,-16.696,-0.2215763,47.09927,19.52027
1742842053225,36.9929,2089,Eye Hit,Center,516.6681,788.3334,48.06156,MicroBus3-Detailed,-13.66836,-0.2464762,48.06156,15.87782
1742842053243,37.01627,2090,Eye Hit,Center,470.8429,757.9916,47.14007,MicroBus3-Detailed,-16.42769,-2.242277,47.14007,19.37768
1742842053268,37.03395,2091,Eye Hit,Center,451.2379,747.9883,46.69877,MicroBus3-Detailed,-17.55441,-2.874662,46.69877,20.85255
1742842053285,37.05933,2092,Eye Hit,Center,472.0419,748.3754,47.13348,MicroBus3-Detailed,-16.34634,-2.8759,47.13348,19.39901
1742842053327,37.10002,2094,Eye Hit,Center,465.4746,744.3734,46.98766,MicroBus3-Detailed,-16.72738,-3.130014,46.98766,19.90905
1742842053343,37.1169,2095,Eye Hit,Center,480.2043,746.1518,47.29191,MicroBus3-Detailed,-15.86139,-3.032649,47.29191,18.85341
1742842053382,37.15656,2097,Eye Hit,Center,526.5677,750.8208,48.16425,MicroBus3-Detailed,-13.03067,-2.77406,48.16425,15.46194
1742842053416,37.18976,2099,Eye Hit,Center,561.2154,751.2969,48.71028,MicroBus3-Detailed,-10.81788,-2.773074,48.71028,12.91286
1742842053451,37.22525,2101,Eye Hit,Center,603.564,745.5999,49.2236,MicroBus3-Detailed,-8.016291,-3.194515,49.2236,9.943445
1742842053485,37.25869,2103,Eye Hit,Center,618.5934,744.8192,49.37484,MicroBus3-Detailed,-7.003011,-3.258244,49.37484,8.890903
1742842053504,37.27579,2104,Eye Hit,Center,645.1157,739.5822,49.57264,MicroBus3-Detailed,-5.19213,-3.634406,49.57264,7.285615
1742842053521,37.29553,2105,Eye Hit,Center,648.2784,739.2576,49.59248,MicroBus3-Detailed,-4.974837,-3.658375,49.59248,7.097852
1742842053538,37.31295,2106,Eye Hit,Center,630.5666,743.4276,49.47823,MicroBus3-Detailed,-6.189092,-3.361371,49.47823,8.101352
1742842053577,37.34993,2108,Eye Hit,Center,562.411,748.8916,48.72184,SportCar1-Detailed,-10.73897,-2.937638,48.72184,12.87175
1742842053594,37.36744,2109,Eye Hit,Center,542.5794,748.481,48.42367,SportCar1-Detailed,-12.01641,-2.94747,48.42367,14.33286
1742842053615,37.38558,2110,Eye Hit,Center,545.4688,747.4103,48.46376,SportCar1-Detailed,-11.8305,-3.02249,48.46376,14.1414
1742842053634,37.40597,2111,Eye Hit,Center,537.7058,744.8844,48.33165,SportCar1-Detailed,-12.32302,-3.184997,48.33165,14.75368
1742842053651,37.42489,2112,Eye Hit,Center,538.2246,744.2198,48.33686,SportCar1-Detailed,-12.28928,-3.230274,48.33686,14.72861
1742842053688,37.46138,2114,Eye Hit,Center,540.2082,742.1689,48.36031,SportCar1-Detailed,-12.16107,-3.370564,48.36031,14.62508
1742842053705,37.47869,2115,Eye Hit,Center,539.2276,743.2948,48.35058,SportCar1-Detailed,-12.22494,-3.293743,48.35058,14.67378
1742842053726,37.49548,2116,Eye Hit,Center,539.6461,742.1645,48.35186,SportCar1-Detailed,-12.19696,-3.370272,48.35186,14.66579
1742842053743,37.51647,2117,Eye Hit,Center,543.6096,739.9396,48.40511,SportCar1-Detailed,-11.94205,-3.524615,48.40511,14.42556
1742842053760,37.5335,2118,Eye Hit,Center,541.7091,737.8613,48.366,SportCar1-Detailed,-12.06097,-3.662358,48.366,14.60705
1742842053781,37.55084,2119,Eye Hit,Center,540.4348,737.2644,48.34268,SportCar1-Detailed,-12.14132,-3.700951,48.34268,14.71153
1742842053799,37.57188,2120,Eye Hit,Center,541.287,732.8781,48.33451,SportCar1-Detailed,-12.08165,-3.996857,48.33451,14.75021
1742842053816,37.58985,2121,Eye Hit,Center,540.4245,732.66,48.31968,SportCar1-Detailed,-12.13624,-4.010373,48.31968,14.8167
1742842053832,37.60691,2122,Eye Hit,Center,539.4556,733.6202,48.30963,SportCar1-Detailed,-12.19918,-3.944657,48.30963,14.86331
1742842053869,37.6409,2124,Eye Hit,Center,538.6448,731.4492,48.28547,SportCar1-Detailed,-12.24784,-4.089303,48.28547,14.97167
1742842053885,37.65915,2125,Eye Hit,Center,536.5528,730.2592,48.24551,SportCar1-Detailed,-12.37887,-4.166218,48.24551,15.14817
1742842053902,37.67583,2126,Eye Hit,Center,537.2105,730.7784,48.25948,SportCar1-Detailed,-12.33806,-4.13238,48.25948,15.08926
1742842053920,37.693,2127,Eye Hit,Center,532.7326,729.7277,48.18125,SportCar1-Detailed,-12.61982,-4.196486,48.18125,15.43087
1742842053938,37.71143,2128,Eye Hit,Center,533.2158,726.3319,48.1704,SportCar1-Detailed,-12.58442,-4.424329,48.1704,15.47865
1742842053954,37.7285,2129,Eye Hit,Center,530.6157,725.9374,48.12553,SportCar1-Detailed,-12.74772,-4.446766,48.12553,15.67083
1742842053988,37.76122,2131,Eye Hit,Center,528.074,726.7842,48.08829,SportCar1-Detailed,-12.90881,-4.38637,48.08829,15.82876
1742842054004,37.77851,2132,Eye Hit,Center,521.9279,722.8205,47.96136,SportCar1-Detailed,-13.28702,-4.640683,47.96136,16.35417
1742842054021,37.79535,2133,Eye Hit,Center,519.8094,723.133,47.92693,SportCar1-Detailed,-13.41949,-4.616403,47.92693,16.49421
1742842054055,37.82888,2135,Eye Hit,Center,521.1471,722.272,47.94446,SportCar1-Detailed,-13.3347,-4.675828,47.94446,16.4219
1742842054074,37.84635,2136,Eye Hit,Center,521.5597,718.4661,47.92786,SportCar1-Detailed,-13.30242,-4.929336,47.92786,16.48845
1742842054090,37.86403,2137,Eye Hit,Center,525.3752,722.8958,48.01994,SportCar1-Detailed,-13.07172,-4.641291,48.01994,16.11211
1742842054124,37.89769,2139,Eye Hit,Center,521.6722,718.4335,47.92938,SportCar1-Detailed,-13.29531,-4.931682,47.92938,16.48149
1742842054157,37.92992,2141,Eye Hit,Center,517.6333,719.726,47.86772,SportCar1-Detailed,-13.54861,-4.838799,47.86772,16.72827
1742842054173,37.94683,2142,Eye Hit,Center,514.0416,724.2642,47.83192,SportCar1-Detailed,-13.77876,-4.531572,47.83192,16.86969
1742842054190,37.96366,2143,Eye Hit,Center,511.7638,724.0363,47.79009,SportCar1-Detailed,-13.91897,-4.542843,47.79009,17.03362
1742842054221,37.99621,2145,Eye Hit,Center,509.8158,724.8244,47.75946,SportCar1-Detailed,-14.04017,-4.487286,47.75946,17.1516
1742842054254,38.02805,2147,Eye Hit,Center,511.969,725.7859,47.80316,SportCar1-Detailed,-13.90905,-4.427108,47.80316,16.97995
1742842054285,38.06087,2149,Eye Hit,Center,516.1595,726.9349,47.88327,SportCar1-Detailed,-13.65171,-4.357577,47.88327,16.66118
1742842054317,38.09302,2151,Eye Hit,Center,518.5492,726.3473,47.92149,SportCar1-Detailed,-13.50244,-4.400439,47.92149,16.50704
1742842054350,38.12464,2153,Eye Hit,Center,520.276,731.1129,47.97737,SportCar1-Detailed,-13.40231,-4.085777,47.97737,16.27987
1742842054382,38.15739,2155,Eye Hit,Center,521.7751,730.9506,48.00218,SportCar1-Detailed,-13.30859,-4.098786,48.00218,16.17749
1742842054418,38.18914,2157,Eye Hit,Center,524.4961,728.9876,48.0383,SportCar1-Detailed,-13.13578,-4.233763,48.0383,16.02914
1742842054431,38.20941,2158,Eye Hit,Center,525.7031,722.353,48.02087,SportCar1-Detailed,-13.04995,-4.677836,48.02087,16.10276
1742842054464,38.23712,2160,Eye Hit,Center,527.5616,723.8872,48.06129,SportCar1-Detailed,-12.936,-4.578644,48.06129,15.93502
1742842054481,38.25573,2161,Eye Hit,Center,528.2852,723.0912,48.06842,SportCar1-Detailed,-12.88927,-4.632843,48.06842,15.90435
1742842054513,38.28777,2163,Eye Hit,Center,530.9677,721.5782,48.10378,SportCar1-Detailed,-12.71827,-4.738046,48.10378,15.75606
1742842054547,38.31969,2165,Eye Hit,Center,531.5153,724.0093,48.12737,SportCar1-Detailed,-12.68764,-4.576725,48.12737,15.65572
1742842054565,38.33815,2166,Eye Hit,Center,534.0131,724.8013,48.17314,SportCar1-Detailed,-12.53141,-4.527712,48.17314,15.461
1742842054580,38.35588,2167,Eye Hit,Center,535.0989,724.8169,48.19073,SportCar1-Detailed,-12.46281,-4.528312,48.19073,15.38456
1742842054616,38.38729,2169,Eye Hit,Center,543.2906,725.7131,48.32636,SportCar1-Detailed,-11.94419,-4.480482,48.32636,14.78728
1742842054634,38.40718,2170,Eye Hit,Center,542.646,723.603,48.30393,SportCar1-Detailed,-11.9822,-4.620959,48.30393,14.88856
1742842054649,38.42448,2171,Eye Hit,Center,543.1939,723.4207,48.3113,SportCar1-Detailed,-11.947,-4.633984,48.3113,14.85524
1742842054681,38.45662,2173,Eye Hit,Center,542.7249,721.6599,48.29333,SportCar1-Detailed,-11.97424,-4.751197,48.29333,14.93605
1742842054716,38.49244,2175,Eye Hit,Center,548.4384,721.1935,48.37855,SportCar1-Detailed,-11.60876,-4.791143,48.37855,14.55223
1742842054751,38.52502,2177,Eye Hit,Center,548.1314,721.6931,48.37708,SportCar1-Detailed,-11.62918,-4.75719,48.37708,14.55928
1742842054785,38.5588,2179,Eye Hit,Center,556.3268,724.5455,48.517,SportCar1-Detailed,-11.10668,-4.57739,48.517,13.90691
1742842054803,38.57566,2180,Eye Hit,Center,562.6122,726.3398,48.61837,SportCar1-Detailed,-10.70248,-4.464942,48.61837,13.41558
1742842054819,38.59385,2181,Eye Hit,Center,562.4238,726.2026,48.61483,SportCar1-Detailed,-10.71451,-4.473944,48.61483,13.43276
1742842054854,38.62661,2183,Eye Hit,Center,566.7951,726.2683,48.67644,SportCar1-Detailed,-10.43048,-4.47514,48.67644,13.12523
1742842054872,38.64463,2184,Eye Hit,Center,575.5814,718.7565,48.74753,SportCar1-Detailed,-9.846653,-4.993844,48.74753,12.76136
1742842054888,38.66269,2185,Eye Hit,Center,575.1449,718.4238,48.7395,SportCar1-Detailed,-9.874789,-5.015695,48.7395,12.8025
1742842054928,38.70011,2187,,Center,510.0081,743.2018,47.85446,,-14.05523,-3.266175,47.85446,16.77983
1742842054944,38.71876,2188,,Center,509.2975,742.9376,47.84035,,-14.09863,-3.282887,47.84035,16.83506
1742842054983,38.75644,2190,,Center,492.2014,742.4553,47.52014,,-15.14055,-3.292968,47.52014,18.05918
1742842054999,38.77366,2191,,Center,486.0199,748.1798,47.42319,,-15.51968,-2.906552,47.42319,18.41512
1742842055016,38.79041,2192,,Center,485.0372,748.3768,47.40453,,-15.57872,-2.892347,47.40453,18.48219
1742842055036,38.80805,2193,,Center,480.7703,748.9927,47.32264,,-15.83423,-2.846585,47.32264,18.77626
1742842055052,38.82645,2194,,Center,479.8153,748.9113,47.3032,,-15.89091,-2.8508,47.3032,18.84479
1742842055086,38.8602,2196,,Center,479.9738,749.0446,47.3067,,-15.8816,-2.84219,47.3067,18.8319
1742842055123,38.89629,2198,,Center,477.0036,747.6584,47.24193,,-16.05611,-2.929894,47.24193,19.05912
1742842055139,38.91322,2199,,Center,475.7364,747.9419,47.21763,,-16.13154,-2.909663,47.21763,19.1447
1742842055175,38.94591,2201,,Center,471.8732,750.0594,47.14644,,-16.36197,-2.765646,47.14644,19.39046
1742842055191,38.96551,2202,,Center,470.249,749.7415,47.11244,,-16.45719,-2.784596,47.11244,19.50834
1742842055225,38.99857,2204,,Center,459.0035,739.2092,46.83865,,-17.09826,-3.458402,46.83865,20.42726
1742842055261,39.03478,2206,,Center,447.8849,737.7037,46.59493,,-17.7339,-3.538522,46.59493,21.21122
1742842055278,39.05248,2207,,Center,441.5305,737.7142,46.45645,,-18.09408,-3.527325,46.45645,21.644
1742842055314,39.08604,2209,,Center,429.5682,737.8254,46.19124,,-18.76362,-3.500002,46.19124,22.45152
1742842055330,39.10467,2210,,Center,439.878,726.1683,46.36559,,-18.16586,-4.269176,46.36559,21.92332
1742842055364,39.13872,2212,Eye Hit,Center,563.9369,711.2909,48.53344,SportCar1-Detailed,-10.59386,-5.478689,48.53344,13.80638
1742842055383,39.15545,2213,Eye Hit,Center,537.1068,712.8593,48.14063,SportCar1-Detailed,-12.31465,-5.328739,48.14063,15.57462
1742842055401,39.1737,2214,Eye Hit,Center,645.3126,694.3307,49.25126,SportCar1-Detailed,-5.144906,-6.728039,49.25126,9.757718
1742842055418,39.1924,2215,Eye Hit,Center,628.1027,694.695,49.11962,SportCar1-Detailed,-6.313506,-6.685025,49.11962,10.60295
1742842055453,39.22526,2217,Eye Hit,Center,621.7597,687.723,48.99632,SportCar1-Detailed,-6.73234,-7.146029,48.99632,11.33082
1742842055471,39.24379,2218,Eye Hit,Center,629.8343,686.7714,49.05814,SportCar1-Detailed,-6.18679,-7.22034,49.05814,10.969
1742842055487,39.26159,2219,Eye Hit,Center,605.9682,687.3339,48.83801,SportCar1-Detailed,-7.789272,-7.14952,48.83801,12.21551
1742842055504,39.27892,2220,Eye Hit,Center,598.7469,694.6151,48.82903,SportCar1-Detailed,-8.28102,-6.650934,48.82903,12.27172
1742842055540,39.31299,2222,Eye Hit,Center,564.0142,699.2514,48.43291,SportCar1-Detailed,-10.56668,-6.282908,48.43291,14.24233
1742842055557,39.33059,2223,Eye Hit,Center,612.9401,715.7425,49.14621,SportCar1-Detailed,-7.359184,-5.241862,49.14621,10.41713
1742842055578,39.34774,2224,Eye Hit,Center,559.5206,719.0607,48.51294,SportCar1-Detailed,-10.88904,-4.949164,48.51294,13.8502
1742842055596,39.36823,2225,Eye Hit,Center,662.1107,719.6145,49.55098,SportCar1-Detailed,-4.012022,-5.016685,49.55098,7.386472
1742842055613,39.38696,2226,Eye Hit,Center,633.5722,718.642,49.34672,SportCar1-Detailed,-5.965196,-5.063124,49.34672,9.009615
1742842055651,39.42457,2228,Eye Hit,Center,683.2497,714.4095,49.60275,SportCar1-Detailed,-2.549644,-5.383035,49.60275,6.847335
1742842055689,39.45947,2230,Eye Hit,Center,741.4749,710.7666,49.61504,SportCar1-Detailed,1.490246,-5.637167,49.61504,6.702708
1742842055706,39.47978,2231,Eye Hit,Center,808.0628,706.2927,49.23867,SportCar1-Detailed,6.064734,-5.902514,49.23867,9.752418
1742842055724,39.49684,2232,Eye Hit,Center,779.0382,706.6075,49.43902,SportCar1-Detailed,4.082404,-5.904765,49.43902,8.261679
1742842055740,39.51381,2233,Eye Hit,Center,821.2451,701.3704,49.08325,SportCar1-Detailed,6.950567,-6.2218,49.08325,10.76103
1742842055758,39.53068,2234,Eye Hit,Center,765.4847,702.1834,49.46749,SportCar1-Detailed,3.147009,-6.214261,49.46749,8.015328
1742842055776,39.54813,2235,Eye Hit,Center,803.7237,699.0098,49.21164,SportCar1-Detailed,5.762743,-6.400558,49.21164,9.926838
1742842055792,39.56532,2236,Eye Hit,Center,857.1332,699.9822,48.68188,SportCar1-Detailed,9.33733,-6.265449,48.68188,13.00618
1742842055823,39.59738,2238,Eye Hit,Center,875.2021,717.4433,48.57505,SportCar1-Detailed,10.54444,-5.06539,48.57505,13.54035
1742842055856,39.62993,2240,Eye Hit,Center,781.1387,721.7366,49.53326,SportCar1-Detailed,4.235705,-4.867872,49.53326,7.422142
1742842055888,39.66272,2242,Eye Hit,Center,790.5027,729.1097,49.52105,SouthSidewalk,4.883245,-4.355987,49.52105,7.52749
1742842055920,39.6947,2244,Eye Hit,Center,804.7894,755.4686,49.54024,SouthSidewalk,5.875063,-2.531262,49.54024,7.357914
1742842055953,39.72693,2246,Eye Hit,Center,815.7782,764.1882,49.46874,SportCar1-Detailed,6.626901,-1.924303,49.46874,7.941219
1742842055970,39.74439,2247,Eye Hit,Center,871.6166,775.4843,48.85419,SportCar1-Detailed,10.36004,-1.128527,48.85419,12.04156
1742842056004,39.77649,2249,Eye Hit,Center,890.6327,773.4027,48.57455,SportCar1-Detailed,11.59268,-1.263489,48.57455,13.49955
1742842056019,39.79487,2250,Eye Hit,Center,860.5889,773.7958,48.99628,SportCar1-Detailed,9.634457,-1.247524,48.99628,11.21503
1742842056054,39.82825,2252,Eye Hit,Center,850.6034,773.277,49.11711,SportCar1-Detailed,8.972226,-1.286238,49.11711,10.45562
1742842056087,39.861,2254,Eye Hit,Center,883.6397,773.4139,48.67382,SportCar1-Detailed,11.1403,-1.265309,48.67382,12.9717
1742842056120,39.89411,2256,Eye Hit,Center,882.2347,781.9092,48.70297,SportCar1-Detailed,11.05127,-0.6873753,48.70297,12.8085
1742842056138,39.9121,2257,Eye Hit,Center,872.4522,787.8852,48.85214,SportCar1-Detailed,10.4167,-0.2811538,48.85214,12.04112
1742842056154,39.92881,2258,Eye Hit,Center,851.9888,785.9161,49.11409,SportCar1-Detailed,9.066843,-0.4179295,49.11409,10.47037
1742842056186,39.96087,2260,,Center,881.0027,787.1311,48.72759,,10.97289,-0.3318335,48.72759,12.69628
1742842056221,39.99559,2262,Eye Hit,Center,868.0428,779.5856,48.9014,SportCar1-Detailed,10.12561,-0.8491033,48.9014,11.73838
1742842056254,40.02853,2264,Eye Hit,Center,859.6575,774.4967,49.00619,SportCar1-Detailed,9.572556,-1.199732,49.00619,11.13694
1742842056288,40.06094,2266,Eye Hit,Center,815.3831,772.6367,49.4847,SportCar1-Detailed,6.601694,-1.340178,49.4847,7.752005
1742842056305,40.0782,2267,Eye Hit,Center,794.0666,761.5864,49.63509,SportCar1-Detailed,5.141903,-2.111392,49.63509,6.389791
1742842056322,40.09517,2268,Eye Hit,Center,789.9301,760.7853,49.65568,SportCar1-Detailed,4.856755,-2.167909,49.65568,6.113626
1742842056338,40.11234,2269,Eye Hit,Center,817.3096,763.0698,49.45194,SportCar1-Detailed,6.730571,-2.001,49.45194,8.081455
1742842056374,40.14752,2271,,Center,836.2148,775.5915,49.28623,,8.01124,-1.131116,49.28623,9.322385
1742842056391,40.16456,2272,,Center,853.2113,775.4586,49.09534,,9.147326,-1.135861,49.09534,10.63342
1742842056407,40.18138,2273,,Center,852.838,775.7169,49.09507,,9.121645,-1.118116,49.09507,10.6023
1742842056426,40.19823,2274,,Center,849.5339,777.6272,49.12732,,8.9006,-0.9875912,49.12732,10.33078
1742842056444,40.21716,2275,Eye Hit,Center,845.1707,765.3861,49.16104,SportCar1-Detailed,8.606704,-1.829962,49.16104,10.14765
1742842056460,40.23471,2276,Eye Hit,Center,848.437,763.2025,49.12365,SportCar1-Detailed,8.824575,-1.978599,49.12365,10.43136
1742842056493,40.26775,2278,Eye Hit,Center,840.5432,757.9222,49.1997,SportCar1-Detailed,8.295032,-2.345025,49.1997,9.937767
1742842056526,40.30149,2280,Eye Hit,Center,846.9259,757.9611,49.12343,SportCar1-Detailed,8.72071,-2.338714,49.12343,10.41469
1742842056559,40.33291,2282,Eye Hit,Center,864.1573,764.996,48.93315,SportCar1-Detailed,9.866262,-1.848182,48.93315,11.59252
1742842056576,40.34965,2283,Eye Hit,Center,865.3574,763.0664,48.90775,SportCar1-Detailed,9.943238,-1.979216,48.90775,11.71125
1742842056607,40.3814,2285,Eye Hit,Center,869.8389,748.3538,48.79803,SportCar1-Detailed,10.2268,-2.978936,48.79803,12.3136
1742842056640,40.41452,2287,Eye Hit,Center,875.1044,743.1866,48.70755,SportCar1-Detailed,10.56655,-3.325435,48.70755,12.81275
1742842056673,40.44748,2289,Eye Hit,Center,882.7148,749.5068,48.62709,SportCar1-Detailed,11.0667,-2.890087,48.62709,13.23627
1742842056691,40.46423,2290,Eye Hit,Center,886.5388,749.7523,48.5635,SportCar1-Detailed,11.31197,-2.86963,48.5635,13.51252
1742842056708,40.48128,2291,,Center,889.9139,760.9141,48.55561,,11.53934,-2.111132,48.55561,13.58219
1742842056724,40.49873,2292,,Center,891.6626,760.6674,48.52474,,11.65069,-2.126533,48.52474,13.71573
1742842056755,40.5297,2294,,Center,892.5927,764.4772,48.52327,,11.71347,-1.867911,48.52327,13.73653
1742842056789,40.56217,2296,,Center,900.0472,761.21,48.39753,,12.18772,-2.084229,48.39753,14.33144
1742842056805,40.57984,2297,,Center,901.1037,760.0346,48.38321,,12.25561,-2.163154,48.38321,14.42483
1742842056837,40.61071,2299,,Center,904.761,759.1805,48.32478,,12.48801,-2.218271,48.32478,14.70634
1742842056853,40.62754,2300,,Center,905.8691,759.141,48.30402,,12.55751,-2.219988,48.30402,14.78863
1742842056887,40.66085,2302,,Center,908.1113,752.6158,48.24693,,12.69397,-2.657694,48.24693,15.04596
1742842056919,40.69402,2304,,Center,907.8681,750.4634,48.24688,,12.67754,-2.802937,48.24688,15.06203
1742842056950,40.72564,2306,,Center,908.7181,746.8984,48.22309,,12.72862,-3.042008,48.22309,15.18359
1742842056983,40.75777,2308,,Center,905.6726,757.6183,48.31433,,12.54691,-2.323359,48.31433,14.79447
1742842057016,40.79123,2310,,Center,910.7666,757.307,48.23431,,12.86979,-2.340512,48.23431,15.17334
1742842057047,40.82199,2312,,Center,911.3345,757.4164,48.22857,,12.90656,-2.332855,48.22857,15.21358
1742842057078,40.85319,2314,,Center,911.6882,755.1815,48.21834,,12.92768,-2.483082,48.21834,15.27006
1742842057111,40.88627,2316,,Center,919.5645,760.4365,48.10054,,13.42598,-2.123477,48.10054,15.77992
1742842057143,40.9168,2318,,Center,924.3273,763.379,48.02437,,13.72464,-1.922467,48.02437,16.0968
1742842057174,40.94764,2320,Eye Hit,Center,910.7152,769.0957,48.26999,SW_Tree_50,12.87583,-1.546348,48.26999,15.03816
1742842057206,40.98021,2322,,Center,905.0682,762.6599,48.34591,,12.51424,-1.983964,48.34591,14.68581
1742842057222,40.99706,2323,,Center,903.5436,759.7443,48.36164,,12.41518,-2.181824,48.36164,14.60909
1742842057253,41.02789,2325,Eye Hit,Center,897.8362,759.5645,48.4499,SW_Tree_50,12.05108,-2.197991,48.4499,14.18908
1742842057285,41.06274,2327,,Center,906.2082,760.4379,48.31582,,12.58349,-2.132888,48.31582,14.79708
1742842057317,41.09184,2329,,Center,912.0087,762.4415,48.22162,,12.95018,-1.993595,48.22162,15.20133
1742842057350,41.12418,2331,,Center,916.0364,765.579,48.15959,,13.20481,-1.779694,48.15959,15.46505
1742842057381,41.15653,2333,,Center,917.8386,761.5003,48.11748,,13.31456,-2.052634,48.11748,15.64111
1742842057412,41.18751,2335,,Center,925.0936,749.7924,47.9533,,13.75573,-2.830882,47.9533,16.32364
1742842057444,41.22045,2337,,Center,929.7064,747.6529,47.85937,,14.03756,-2.968554,47.85937,16.68848
1742842057476,41.25076,2339,,Center,937.2855,748.15,47.7219,,14.50312,-2.926848,47.7219,17.22533
1742842057508,41.28177,2341,,Center,939.7587,745.558,47.6647,,14.65062,-3.096143,47.6647,17.44049
1742842057523,41.29847,2342,,Center,943.7763,744.6506,47.58207,,14.89259,-3.151165,47.58207,17.74038
1742842057555,41.32937,2344,,Center,954.4224,742.7253,47.36457,,15.52979,-3.264305,47.36457,18.52305
1742842057586,41.36128,2346,,Center,966.61,750.8095,47.15109,,16.26355,-2.71645,47.15109,19.27486
1742842057618,41.39294,2348,,Center,985.9984,758.5172,46.77062,,17.40063,-2.190321,46.77062,20.55494
1742842057649,41.42389,2350,,Center,1009.109,765.0134,46.27956,,18.71388,-1.746827,46.27956,22.10323
1742842057683,41.45766,2352,,Center,1027.619,768.8909,45.8579,,19.73059,-1.48221,45.8579,23.33862
1742842057714,41.48816,2354,,Center,980.7094,762.3547,46.87936,,17.0943,-1.943795,46.87936,20.15285
1742842057745,41.51992,2356,Eye Hit,Center,880.7163,738.4321,48.57865,SouthSidewalk,10.91989,-3.639676,48.57865,13.33013
1742842057777,41.55089,2358,Eye Hit,Center,799.2991,728.411,49.40685,SouthSidewalk,5.479843,-4.394222,49.40685,8.091458
1742842057793,41.56787,2359,Eye Hit,Center,722.0259,717.8965,49.64276,SouthSidewalk,0.1406626,-5.145264,49.64276,5.919504
1742842057824,41.5997,2361,Eye Hit,Center,671.2863,729.23,49.59987,SouthSidewalk,-3.379437,-4.354576,49.59987,6.341277
1742842057855,41.62947,2363,Eye Hit,Center,721.1403,731.5897,49.7031,SouthSidewalk,0.07927444,-4.199592,49.7031,4.830511
1742842057885,41.66106,2365,Eye Hit,Center,676.5284,740.3066,49.65453,SouthSidewalk,-3.0191,-3.590104,49.65453,5.396701
1742842057917,41.69195,2367,Eye Hit,Center,664.559,749.5931,49.62299,SouthSidewalk,-3.847924,-2.943287,49.62299,5.575908
1742842057948,41.72299,2369,,Center,639.5161,779.0213,49.53718,,-5.576389,-0.8992382,49.53718,6.504995
1742842057978,41.75359,2371,,Center,600.7292,780.5242,49.17357,,-8.203114,-0.7892771,49.17357,9.513803
1742842058009,41.78258,2373,,Center,585.4739,784.0192,49.00085,,-9.219835,-0.546969,49.00085,10.67429
1742842058038,41.81199,2375,Eye Hit,Center,570.1797,782.7103,48.80447,SouthSidewalk,-10.22688,-0.6341208,48.80447,11.85706
1742842058066,41.84138,2377,Eye Hit,Center,555.1306,783.7677,48.59618,SouthSidewalk,-11.20611,-0.5595474,48.59618,13.00087
1742842058094,41.86914,2379,,Center,520.3098,804.4035,48.03735,,-13.41679,0.8333676,48.03735,15.63361
1742842058121,41.89785,2381,,Center,584.6318,806.384,48.96807,,-9.271342,0.9851528,48.96807,10.78009
1742842058148,41.92579,2383,,Center,567.4155,800.677,48.75484,,-10.40497,0.5916983,48.75484,12.0659
1742842058177,41.95222,2385,,Center,546.4139,796.5298,48.45748,,-11.76491,0.307009,48.45748,13.65117
1742842058203,41.979,2387,,Center,501.6106,787.8363,47.70033,,-14.57021,-0.2777877,47.70033,16.98836
1742842058231,42.00704,2389,,Center,472.2798,776.0317,47.12756,,-16.32861,-1.052562,47.12756,19.14679
1742842058259,42.03529,2391,,Center,448.6632,773.6705,46.63987,,-17.70023,-1.195698,46.63987,20.82548
1742842058287,42.06303,2393,,Center,496.8091,784.0927,47.60671,,-14.86132,-0.5265128,47.60671,17.34696
1742842058314,42.09202,2395,,Center,475.4128,782.0504,47.20136,,-16.14734,-0.6568606,47.20136,18.90007
1742842058343,42.11995,2397,,Center,445.4698,736.0678,46.4681,,-17.8426,-3.635211,46.4681,21.3984
1742842058372,42.14878,2399,,Center,427.6779,729.9089,46.06016,,-18.83216,-4.000072,46.06016,22.68402
1742842058401,42.17984,2401,,Center,408.037,720.8604,45.57829,,-19.88722,-4.535052,45.57829,24.11005
1742842058432,42.20897,2403,,Center,394.4321,715.9531,45.23957,,-20.60027,-4.811858,45.23957,25.0616
1742842058462,42.24015,2405,,Center,359.3174,710.9803,44.37477,,-22.38588,-5.028514,44.37477,27.34095
1742842058494,42.27221,2407,,Center,328.0205,714.6355,43.61764,,-23.91324,-4.719728,43.61764,29.19747
1742842058530,42.30662,2409,,Center,314.3491,688.2899,43.12297,,-24.46662,-6.255219,43.12297,30.354
1742842058570,42.33767,2411,Eye Hit,Center,323.0661,697.105,43.40439,SouthSidewalk,-24.0971,-5.760896,43.40439,29.71866
1742842058587,42.36077,2412,Eye Hit,Center,325.2255,700.694,43.48071,SouthSidewalk,-24.00814,-5.552761,43.48071,29.54162
1742842058618,42.39418,2414,Eye Hit,Center,342.6211,706.9993,43.95909,SouthSidewalk,-23.20274,-5.226175,43.95909,28.41557
1742842058654,42.42516,2416,,Center,337.5009,739.474,43.98421,,-23.53099,-3.231351,43.98421,28.3694
1742842058672,42.44471,2417,,Center,346.8591,738.6205,44.22045,,-23.07857,-3.301495,44.22045,27.79871
1742842058687,42.46367,2418,,Center,349.5658,740.5731,44.29743,,-22.95104,-3.186263,44.29743,27.61324
1742842058718,42.49362,2420,Eye Hit,Center,371.1043,737.6494,44.8259,SE_Tree_30,-21.87447,-3.407582,44.8259,26.28352
1742842058752,42.52594,2422,,Center,386.2269,732.6297,45.17949,,-21.09141,-3.75166,45.17949,25.36862
1742842058768,42.54402,2423,,Center,390.3648,724.2845,45.23979,,-20.85773,-4.284714,45.23979,25.20523
1742842058800,42.57452,2425,,Center,395.8244,715.7609,45.32593,,-20.55133,-4.833227,45.32593,24.97527
1742842058817,42.59145,2426,,Center,393.4868,714.5436,45.26579,,-20.67206,-4.903888,45.26579,25.14328
1742842058851,42.62725,2428,,Center,387.4649,721.6337,45.16151,,-21.00481,-4.444736,45.16151,25.42657
1742842058883,42.65897,2430,,Center,384.8602,726.1134,45.11749,,-21.14871,-4.157717,45.11749,25.53473
1742842058918,42.69105,2432,,Center,385.3885,725.9479,45.12565,,-21.11919,-4.168915,45.12565,25.503
1742842058936,42.709,2433,,Center,396.811,725.3121,45.38958,,-20.51756,-4.233663,45.38958,24.77593
1742842058951,42.72635,2434,,Center,398.3341,724.3512,45.42062,,-20.43483,-4.297603,45.42062,24.69032
1742842058983,42.75908,2436,,Center,400.397,728.8781,45.487,,-20.33345,-4.015874,45.487,24.49646
1742842059017,42.78934,2438,,Center,396.1389,733.1257,45.40317,,-20.56638,-3.738739,45.40317,24.72117
1742842059033,42.80818,2439,,Center,393.813,742.8643,45.38562,,-20.70608,-3.119093,45.38562,24.76731
1742842059064,42.83887,2441,,Center,383.8109,751.2275,45.17226,,-21.24068,-2.576039,45.17226,25.34506
1742842059095,42.87138,2443,,Center,371.9513,749.7787,44.87762,,-21.84655,-2.650175,44.87762,26.12202
1742842059112,42.88811,2444,,Center,362.4317,752.0035,44.64783,,-22.32915,-2.497671,44.64783,26.7132
1742842059144,42.91955,2446,Eye Hit,Center,407.1708,725.0671,45.61356,SouthSidewalk,-19.95787,-4.270185,45.61356,24.10591
1742842059177,42.95018,2448,Eye Hit,Center,495.5911,642.1452,46.73739,RoadEast,-14.66957,-9.795982,46.73739,20.67754
1742842059208,42.98168,2450,Eye Hit,Center,560.6561,534.8959,45.99757,RoadEast,-10.2514,-16.54082,45.99757,22.93151
1742842059225,42.99883,2451,Eye Hit,Center,616.3875,430.6802,44.20136,RoadCrosswalk,-6.405612,-22.3378,44.20136,27.73236
1742842059242,43.01583,2452,Eye Hit,Center,604.1887,431.0706,44.11416,RoadCrosswalk,-7.145649,-22.26964,44.11416,27.93116
1742842059257,43.03276,2453,Eye Hit,Center,589.8902,428.3867,43.92496,RoadCrosswalk,-7.993451,-22.33902,43.92496,28.37571
1742842059288,43.06317,2455,Eye Hit,Center,589.8315,338.862,41.67707,RoadCrosswalk,-7.587802,-26.41438,41.67707,33.40159
1742842059321,43.0956,2457,Eye Hit,Center,602.8002,308.6239,40.98066,RoadCrosswalk,-6.717672,-27.7062,40.98066,34.82513
1742842059353,43.12757,2459,Eye Hit,Center,593.3274,300.8217,40.70993,RoadCrosswalk,-7.212669,-27.96742,40.70993,35.35459
1742842059384,43.15921,2461,Eye Hit,Center,564.5641,304.4157,40.59254,RoadCrosswalk,-8.824914,-27.68273,40.59254,35.59433
1742842059416,43.18989,2463,Eye Hit,Center,535.2838,288.9722,39.95151,RoadCrosswalk,-10.3217,-28.10853,39.95151,36.85163
1742842059431,43.20696,2464,Eye Hit,Center,522.3722,275.0976,39.49345,RoadCrosswalk,-10.91657,-28.55265,39.49345,37.74027
1742842059462,43.23659,2466,Eye Hit,Center,505.1928,266.0477,39.10011,RoadCrosswalk,-11.74734,-28.7632,39.10011,38.47127
1742842059494,43.26805,2468,Eye Hit,Center,508.1846,277.4149,39.41403,RoadCrosswalk,-11.67673,-28.36749,39.41403,37.89433
1742842059524,43.2978,2470,Eye Hit,Center,510.2536,301.1623,40.02296,RoadCrosswalk,-11.74131,-27.47641,40.02296,36.74392
1742842059553,43.328,2472,Eye Hit,Center,469.0292,274.9344,38.91951,RoadCrosswalk,-13.66166,-28.1466,38.91951,38.79539
1742842059582,43.35821,2474,Eye Hit,Center,524.0643,320.3046,40.62669,RoadCrosswalk,-11.13366,-26.80316,40.62669,35.54189
1742842059612,43.38703,2476,Eye Hit,Center,633.5382,466.7016,45.15876,SouthSidewalk,-5.461088,-20.54645,45.15876,25.2101
1742842059640,43.41563,2478,Eye Hit,Center,692.7638,589.8131,47.9878,SouthSidewalk,-1.828061,-13.57053,47.9878,15.92584
1742842059668,43.44399,2480,Eye Hit,Center,796.3502,601.4948,47.96513,SouthSidewalk,5.122112,-12.78043,47.96513,16.0164
1742842059695,43.471,2482,Eye Hit,Center,847.5132,655.4636,48.28254,SouthSidewalk,8.611088,-9.220433,48.28254,14.64388
1742842059723,43.49836,2484,Eye Hit,Center,815.1045,651.8273,48.53321,SouthSidewalk,6.455845,-9.515144,48.53321,13.32879
1742842059750,43.52621,2486,Eye Hit,Center,889.6768,669.6265,47.87264,SouthSidewalk,11.36116,-8.193843,47.87264,16.30964
1742842059777,43.55266,2488,Eye Hit,Center,907.5573,686.4048,47.76648,SouthSidewalk,12.53055,-7.05473,47.76648,16.7543
1742842059804,43.57915,2490,Eye Hit,Center,884.1805,686.7869,48.13112,SouthSidewalk,11.05249,-7.08286,48.13112,15.25576
1742842059830,43.60602,2492,Eye Hit,Center,861.2647,664.8055,48.21891,SouthSidewalk,9.52717,-8.578248,48.21891,14.88888
1742842059857,43.63244,2494,Eye Hit,Center,832.0764,652.158,48.4015,SouthSidewalk,7.587278,-9.466933,48.4015,14.07167
1742842059883,43.65953,2496,Eye Hit,Center,815.3707,644.763,48.43336,SouthSidewalk,6.460599,-9.974116,48.43336,13.78587
1742842059909,43.68536,2498,Eye Hit,Center,789.4883,630.6067,48.43357,SouthSidewalk,4.707289,-10.93314,48.43357,13.80784
1742842059936,43.71121,2500,Eye Hit,Center,784.1667,620.2719,48.31707,SouthSidewalk,4.336337,-11.60526,48.31707,14.38135
1742842059963,43.73932,2502,Eye Hit,Center,777.1113,611.1893,48.21876,SouthSidewalk,3.851688,-12.1942,48.21876,14.85341
1742842059990,43.76557,2504,Eye Hit,Center,776.2897,617.7285,48.33072,SouthSidewalk,3.805088,-11.78047,48.33072,14.36721
1742842060018,43.7937,2506,Eye Hit,Center,779.2587,611.8576,48.1963,SouthSidewalk,3.99465,-12.14346,48.1963,14.85511
1742842060046,43.8231,2508,Eye Hit,Center,736.9399,652.4627,48.93158,SouthSidewalk,1.159345,-9.54976,48.93158,11.1224
1742842060074,43.84898,2510,,Center,712.2868,691.1926,49.38257,,-0.5327455,-6.962718,49.38257,8.048667
1742842060103,43.87714,2512,,Center,701.1967,702.2875,49.47447,,-1.30115,-6.207934,49.47447,7.305677
1742842060131,43.90595,2514,,Center,695.3136,706.1967,49.50194,,-1.709201,-5.940719,49.50194,7.118165
1742842060159,43.9337,2516,,Center,691.4549,712.0991,49.54565,,-1.978108,-5.536944,49.54565,6.767759
1742842060185,43.96156,2518,,Center,689.8493,710.2793,49.49926,,-2.087415,-5.657751,49.49926,6.946164
1742842060213,43.98977,2520,,Center,688.0472,707.8177,49.48044,,-2.211342,-5.825958,49.48044,7.177994
1742842060241,44.01656,2522,,Center,682.5233,706.0295,49.45335,,-2.592207,-5.946456,49.45335,7.47294
1742842060270,44.04438,2524,,Center,686.6123,708.3787,49.49124,,-2.311149,-5.788393,49.49124,7.177831
1742842060297,44.07295,2526,,Center,696.3503,699.572,49.44907,,-1.635674,-6.392557,49.44907,7.600677
1742842060324,44.10055,2528,,Center,702.8846,699.0387,49.46131,,-1.184039,-6.431033,49.46131,7.531191
1742842060353,44.12868,2530,,Center,706.5523,696.5254,49.41525,,-0.9294408,-6.598751,49.41525,7.680303
1742842060381,44.15709,2532,,Center,701.7122,694.3887,49.39237,,-1.263379,-6.743307,49.39237,7.907804
1742842060408,44.18425,2534,,Center,698.2369,695.475,49.39896,,-1.503669,-6.669153,49.39896,7.879405
1742842060437,44.21242,2536,,Center,696.9747,699.2199,49.43456,,-1.592023,-6.415024,49.43456,7.615535
1742842060464,44.24031,2538,,Center,694.0262,701.8776,49.45602,,-1.796669,-6.233969,49.45602,7.473439
1742842060492,44.26756,2540,,Center,695.7243,705.2631,49.49398,,-1.680495,-6.004393,49.49398,7.180154
1742842060520,44.29612,2542,,Center,696.1942,704.1282,49.45584,,-1.646694,-6.078272,49.45584,7.256608
1742842060547,44.32386,2544,,Center,698.8338,700.5974,49.43741,,-1.463563,-6.320145,49.43741,7.475906
1742842060575,44.35225,2546,,Center,700.5323,682.615,49.27546,,-1.341711,-7.538785,49.27546,8.832932
1742842060604,44.3787,2548,,Center,697.7765,675.9047,49.20585,,-1.529474,-7.989952,49.20585,9.387577
1742842060632,44.40753,2550,,Center,693.3447,681.5876,49.26316,,-1.836616,-7.607694,49.26316,9.026936
1742842060660,44.43535,2552,,Center,692.7884,689.175,49.34663,,-1.878124,-7.09691,49.34663,8.46174
1742842060687,44.4638,2554,,Center,689.5014,686.7201,49.28693,,-2.102445,-7.257551,49.28693,8.71589
1742842060716,44.49149,2556,,Center,684.4282,667.394,49.07118,,-2.441432,-8.55221,49.07118,10.27299
1742842060743,44.51995,2558,,Center,680.0266,660.2499,48.97762,,-2.738302,-9.025298,48.97762,10.89995
1742842060772,44.54641,2560,,Center,676.6639,662.0822,48.99259,,-2.969569,-8.902497,48.99259,10.84386
1742842060799,44.5746,2562,,Center,675.9285,679.0127,49.18729,,-3.03196,-7.773121,49.18729,9.62731
1742842060827,44.60291,2564,,Center,672.3498,681.291,49.20226,,-3.27916,-7.6187,49.20226,9.568833
1742842060854,44.62934,2566,,Center,666.7704,681.6763,49.1531,,-3.659461,-7.584602,49.1531,9.721947
1742842060882,44.65756,2568,,Center,659.8793,670.6387,49.00275,,-4.120572,-8.317901,49.00275,10.72646
1742842060911,44.68569,2570,,Center,652.2708,661.5663,48.85711,,-4.628246,-8.913137,48.85711,11.61601
1742842060939,44.71365,2572,,Center,649.9008,660.0029,48.82756,,-4.787302,-9.014514,48.82756,11.80702
1742842060966,44.74093,2574,Eye Hit,Center,654.6181,660.155,48.86288,SouthSidewalk,-4.468375,-9.010639,48.86288,11.63107
1742842060994,44.76878,2576,Eye Hit,Center,650.9913,656.6406,48.80145,SouthSidewalk,-4.710312,-9.23919,48.80145,11.99723
1742842061022,44.79734,2578,Eye Hit,Center,647.9075,648.9651,48.65592,SouthSidewalk,-4.906128,-9.733984,48.65592,12.62757
1742842061049,44.82554,2580,Eye Hit,Center,648.8405,642.2527,48.57653,SouthSidewalk,-4.834729,-10.17416,48.57653,13.05565
1742842061077,44.85294,2582,,Center,649.8158,649.3586,48.68048,,-4.778669,-9.712108,48.68048,12.53577
1742842061105,44.8803,2584,,Center,699.6284,696.2648,49.41193,,-1.407892,-6.616319,49.41193,7.795281
1742842061134,44.90979,2586,,Center,724.7466,701.4432,49.48119,,0.3285008,-6.267209,49.48119,7.228354
1742842061160,44.93629,2588,,Center,727.3455,703.0229,49.49754,,0.5085358,-6.159918,49.49754,7.117779
1742842061188,44.96308,2590,,Center,725.4908,701.1847,49.48685,,0.3800452,-6.285819,49.48685,7.252011
1742842061217,44.99264,2592,,Center,717.5612,698.504,49.43319,,-0.168619,-6.464343,49.43319,7.452746
1742842061253,45.02826,2594,,Center,703.5046,703.2034,49.46931,,-1.141332,-6.143911,49.46931,7.199527
1742842061282,45.05722,2596,,Center,699.946,712.9988,49.54967,,-1.389807,-5.475043,49.54967,6.503669
1742842061310,45.08372,2598,,Center,695.973,717.0586,49.57986,,-1.666162,-5.196847,49.57986,6.281445
1742842061337,45.11227,2600,,Center,692.3491,728.25,49.65268,,-1.920279,-4.427269,49.65268,5.551179
1742842061364,45.14033,2602,,Center,678.046,722.6282,49.57573,,-2.909078,-4.810223,49.57573,6.469236
1742842061393,45.16719,2604,,Center,683.2386,723.6384,49.60957,,-2.550766,-4.743406,49.60957,6.195934
1742842061421,45.19584,2606,,Center,680.8594,732.4955,49.629,,-2.716917,-4.130459,49.629,5.68889
1742842061447,45.2238,2608,,Center,680.9314,737.3759,49.66366,,-2.713809,-3.794335,49.66366,5.366077
1742842061475,45.25332,2610,,Center,671.4253,731.8014,49.59984,,-3.369795,-4.176183,49.59984,6.174825
1742842061504,45.27942,2612,,Center,657.4929,738.7536,49.56915,,-4.333649,-3.691599,49.56915,6.551524
1742842061531,45.30676,2614,,Center,651.2015,732.9128,49.50313,,-4.763484,-4.09109,49.50313,7.229006
1742842061559,45.33566,2616,,Center,646.0935,728.303,49.44666,,-5.111312,-4.405235,49.44666,7.77082
1742842061587,45.36304,2618,,Center,628.2441,727.6806,49.27673,,-6.323957,-4.432992,49.27673,8.907283
1742842061616,45.39158,2620,,Center,624.5383,730.6559,49.26631,,-6.577971,-4.227035,49.26631,9.018181
1742842061644,45.41972,2622,,Center,696.3828,736.3973,49.71351,,-1.642159,-3.866191,49.71351,4.829699
1742842061672,45.44731,2624,,Center,754.2465,739.3685,49.70798,,2.380979,-3.659186,49.70798,5.019149
1742842061700,45.47543,2626,,Center,756.9487,713.8463,49.54412,,2.560381,-5.415698,49.54412,6.894209
1742842061727,45.50286,2628,,Center,758.8265,700.5774,49.43636,,2.684647,-6.321394,49.43636,7.90907
1742842061755,45.53159,2630,,Center,731.5754,695.5023,49.43218,,0.8003097,-6.671745,49.43218,7.74106
1742842061784,45.55875,2632,,Center,703.54,697.7739,49.45084,,-1.138457,-6.517149,49.45084,7.620146
1742842061810,45.5866,2634,,Center,683.0521,704.3497,49.46103,,-2.556028,-6.063587,49.46103,7.578129
1742842061838,45.61318,2636,,Center,651.2217,712.7234,49.37381,,-4.749644,-5.474627,49.37381,8.351037
1742842061865,45.64141,2638,,Center,655.7415,714.7738,49.42538,,-4.442151,-5.338603,49.42538,7.998559
1742842061891,45.66766,2640,,Center,676.1219,697.9841,49.40106,,-3.031775,-6.496069,49.40106,8.256735
1742842061920,45.69795,2642,,Center,648.6887,686.5242,49.12353,,-4.8996,-7.246953,49.12353,10.09728
1742842061948,45.72513,2644,Eye Hit,Center,658.5966,658.4314,48.8809,SouthSidewalk,-4.198018,-9.131803,48.8809,11.61883
1742842061975,45.75232,2646,Eye Hit,Center,641.6378,680.0186,49.01952,SouthSidewalk,-5.372649,-7.67764,49.01952,10.82233
1742842062003,45.77969,2648,,Center,621.7783,694.3071,49.00031,,-6.731612,-6.695371,49.00031,10.9658
1742842062031,45.80734,2650,,Center,630.5377,696.1899,49.09808,,-6.14352,-6.579439,49.09808,10.38938
1742842062059,45.83437,2652,Eye Hit,Center,689.8076,690.657,49.38611,SouthSidewalk,-2.085525,-7.000218,49.38611,8.413143
1742842062087,45.86394,2654,Eye Hit,Center,672.775,687.6866,49.27475,SouthSidewalk,-3.254687,-7.189149,49.27475,9.098893
1742842062114,45.89123,2656,Eye Hit,Center,769.9677,700.7675,49.39425,SouthSidewalk,3.452063,-6.302876,49.39425,8.277801
1742842062142,45.91906,2658,Eye Hit,Center,836.3579,704.8934,48.92354,SouthSidewalk,7.962083,-5.960492,48.92354,11.49142
1742842062170,45.94561,2660,Eye Hit,Center,844.4092,698.2446,48.78328,SouthSidewalk,8.488605,-6.397054,48.78328,12.29178
1742842062197,45.97296,2662,Eye Hit,Center,823.3024,695.695,48.9823,SouthSidewalk,7.077221,-6.597828,48.9823,11.17401
1742842062227,46.00209,2664,Eye Hit,Center,808.0256,697.7667,49.13841,SouthSidewalk,6.049824,-6.47647,49.13841,10.22391
1742842062253,46.03094,2666,Eye Hit,Center,787.4835,696.0077,49.25438,SouthSidewalk,4.648956,-6.612934,49.25438,9.320213
1742842062282,46.05998,2668,Eye Hit,Center,771.3384,687.9973,49.27152,SouthSidewalk,3.537941,-7.167265,49.27152,9.214351
1742842062298,46.07925,2669,Eye Hit,Center,767.979,686.9839,49.28921,SouthSidewalk,3.307624,-7.239701,49.28921,9.17329
1742842062333,46.10908,2671,Eye Hit,Center,737.9478,683.8374,49.34565,SouthSidewalk,1.238719,-7.465158,49.34565,8.718482
1742842062363,46.14197,2673,Eye Hit,Center,717.3479,683.7982,49.36512,SouthSidewalk,-0.1831134,-7.470808,49.36512,8.608272
1742842062399,46.17614,2675,Eye Hit,Center,670.4711,686.1312,49.27277,SouthSidewalk,-3.413329,-7.296051,49.27277,9.284445
1742842062431,46.20746,2677,Eye Hit,Center,663.0762,686.7458,49.25111,SouthSidewalk,-3.921235,-7.250507,49.25111,9.501294
1742842062450,46.22417,2678,Eye Hit,Center,626.7607,679.3572,48.91272,SouthSidewalk,-6.378726,-7.706165,48.91272,11.55879
1742842062467,46.24102,2679,Eye Hit,Center,773.0361,755.6146,49.75158,SW_Tree_30,3.69055,-2.5319,49.75158,5.140375
1742842062484,46.25961,2680,Eye Hit,Center,754.944,754.6342,49.82301,SW_Tree_30,2.435092,-2.603857,49.82301,4.092803
1742842062519,46.29242,2682,Eye Hit,Center,795.6763,781.1893,49.68312,Jeep2-Detailed,5.258735,-0.7512383,49.68312,6.102907
1742842062536,46.31099,2683,Eye Hit,Center,823.1895,782.1388,49.46021,Jeep2-Detailed,7.138458,-0.6821785,49.46021,8.249526
1742842062552,46.32924,2684,Eye Hit,Center,809.377,778.9684,49.58438,Jeep2-Detailed,6.198459,-0.9037651,49.58438,7.200045
1742842062592,46.36592,2686,Eye Hit,Center,755.6261,735.4477,49.76831,Jeep2-Detailed,2.479899,-3.936555,49.76831,5.340784
1742842062608,46.38368,2687,Eye Hit,Center,741.3669,729.5734,49.77566,Jeep2-Detailed,1.487547,-4.346097,49.77566,5.272695
1742842062648,46.42159,2689,Eye Hit,Center,703.3413,718.7795,49.71914,Jeep2-Detailed,-1.158451,-5.091775,49.71914,5.995675
1742842062664,46.43972,2690,Eye Hit,Center,690.9063,720.0469,49.70092,Jeep2-Detailed,-2.022442,-5.001806,49.70092,6.195396
1742842062682,46.45658,2691,Eye Hit,Center,679.4334,717.0396,49.64377,Jeep2-Detailed,-2.816736,-5.204864,49.64377,6.798264
1742842062701,46.47375,2692,Eye Hit,Center,653.1163,710.7217,49.46355,Jeep2-Detailed,-4.627205,-5.623061,49.46355,8.375081
1742842062719,46.49326,2693,Eye Hit,Center,641.8254,705.5643,49.34822,Jeep2-Detailed,-5.39573,-5.965925,49.34822,9.258075
1742842062738,46.51148,2694,Eye Hit,Center,633.6097,701.9972,49.25478,Jeep2-Detailed,-5.951498,-6.200365,49.25478,9.897894
1742842062757,46.5294,2695,Eye Hit,Center,607.6166,695.1324,48.96201,Jeep2-Detailed,-7.696167,-6.633623,48.96201,11.72353
1742842062776,46.54902,2696,Eye Hit,Center,596.6666,691.9969,48.81408,Jeep2-Detailed,-8.420515,-6.827654,48.81408,12.5212
1742842062799,46.56778,2697,Eye Hit,Center,577.965,691.3269,48.58463,Jeep2-Detailed,-9.651773,-6.841089,48.58463,13.68519
1742842062818,46.5909,2698,Eye Hit,Center,564.4335,690.8853,48.40445,Jeep2-Detailed,-10.53208,-6.845613,48.40445,14.5478
1742842062840,46.60919,2699,Eye Hit,Center,554.9443,681.2948,48.18218,Jeep2-Detailed,-11.1232,-7.460489,48.18218,15.53461
1742842062858,46.63182,2700,Eye Hit,Center,542.0275,680.9142,47.98913,Jeep2-Detailed,-11.94562,-7.456145,47.98913,16.35345
1742842062881,46.64941,2701,Eye Hit,Center,514.7495,678.4449,47.51937,Jeep2-Detailed,-13.64168,-7.547276,47.51937,18.16377
1742842062902,46.67262,2702,Eye Hit,Center,517.8409,674.8767,47.53448,Jeep2-Detailed,-13.44049,-7.786905,47.53448,18.0963
1742842062924,46.69323,2703,Eye Hit,Center,485.7746,674.0005,46.95581,Jeep2-Detailed,-15.38283,-7.749655,46.95581,20.14438
1742842062944,46.71499,2704,Eye Hit,Center,473.1376,679.0753,46.7546,Jeep2-Detailed,-16.1433,-7.384584,46.7546,20.79112
1742842062962,46.73545,2705,Eye Hit,Center,453.9442,683.0552,46.4044,Jeep2-Detailed,-17.26811,-7.070966,46.4044,21.90563
1742842062981,46.75427,2706,Eye Hit,Center,453.391,690.2218,46.45402,Jeep2-Detailed,-17.32252,-6.612887,46.45402,21.75911
1742842063003,46.77643,2707,Eye Hit,Center,516.7682,675.8199,47.53407,Jeep2-Detailed,-13.51169,-7.72413,47.53407,18.12954
1742842063024,46.79675,2708,Eye Hit,Center,485.3466,681.2987,47.0266,Jeep2-Detailed,-15.43417,-7.281305,47.0266,19.94535
1742842063047,46.82029,2709,Eye Hit,Center,520.5576,686.41,47.70983,Jeep2-Detailed,-13.30878,-7.046018,47.70983,17.51752
1742842063072,46.8516,2710,Eye Hit,Center,540.2048,693.7342,48.09402,Jeep2-Detailed,-12.09434,-6.610074,48.09402,15.99126
1742842063105,46.88308,2711,Eye Hit,Center,515.1014,712.155,47.83595,Jeep2-Detailed,-13.70902,-5.342134,47.83595,17.09655
1742842063138,46.91684,2712,Eye Hit,Center,489.9847,731.6726,47.49466,Jeep2-Detailed,-15.27969,-4.007486,47.49466,18.39686
1742842063167,46.94614,2713,Eye Hit,Center,471.8419,734.907,47.1507,Jeep2-Detailed,-16.36551,-3.765167,47.1507,19.60371
1742842063200,46.97865,2714,Eye Hit,Center,453.4792,723.4983,46.71651,Jeep2-Detailed,-17.41464,-4.475945,46.71651,21.05114
1742842063243,47.02201,2715,Eye Hit,Center,456.9184,656.4196,46.25595,Jeep2-Detailed,-17.02045,-8.77157,46.25595,22.4872
1742842063273,47.04361,2716,Eye Hit,Center,436.181,589.3965,44.99934,Jeep2-Detailed,-17.86325,-12.75164,44.99934,26.00003
1742842063306,47.07561,2717,Eye Hit,Center,426.6541,546.1635,44.13846,Jeep2-Detailed,-18.10965,-15.17667,44.13846,28.161
1742842063338,47.10806,2718,Eye Hit,Center,424.954,518.2299,43.62598,Jeep2-Detailed,-18.00312,-16.70491,43.62598,29.37754
1742842063369,47.14096,2719,Eye Hit,Center,412.5231,504.8108,43.15321,Jeep2-Detailed,-18.55831,-17.33381,43.15321,30.4755
1742842063402,47.17374,2720,Eye Hit,Center,392.127,491.5296,42.5169,Jeep2-Detailed,-19.49755,-17.86801,42.5169,31.88263
1742842063434,47.20572,2721,Eye Hit,Center,378.644,479.9857,42.04215,Jeep2-Detailed,-20.07268,-18.34731,42.04215,32.89627
1742842063466,47.23842,2722,Eye Hit,Center,361.7166,498.3456,42.02718,RoadWest,-21.06056,-17.26155,42.02718,32.94038
1742842063498,47.27079,2723,Eye Hit,Center,368.1372,505.9041,42.2876,RoadWest,-20.8113,-16.92145,42.2876,32.38644
1742842063535,47.30208,2724,Eye Hit,Center,373.4576,501.7623,42.33178,RoadWest,-20.51804,-17.18436,42.33178,32.30251
1742842063568,47.33525,2725,Eye Hit,Center,381.8622,507.8921,42.60593,RoadWest,-20.15008,-16.93036,42.60593,31.70441
1742842063599,47.36744,2726,Eye Hit,Center,378.0589,505.6515,42.48754,RoadWest,-20.3201,-17.01647,42.48754,31.95626
1742842063634,47.40356,2727,Eye Hit,Center,338.1295,479.1711,41.2123,RoadWest,-22.01182,-18.03211,41.2123,34.62295
1742842063664,47.43129,2728,Eye Hit,Center,330.0888,393.6455,39.49088,RoadWest,-21.53652,-22.00287,39.49088,37.94149
1742842063697,47.46065,2729,Eye Hit,Center,332.1282,353.9998,38.75037,RoadWest,-21.02214,-23.73904,38.75037,39.29325
1742842063728,47.50061,2730,Eye Hit,Center,330.3391,345.8114,38.5514,RoadWest,-21.01067,-24.05866,38.5514,39.64333
1742842063759,47.52854,2731,Eye Hit,Center,325.885,345.5351,38.46312,RoadWest,-21.20217,-24.01844,38.46312,39.79251
1742842063790,47.55668,2732,Eye Hit,Center,321.729,356.0698,38.59292,RoadWest,-21.49805,-23.53084,38.59292,39.55222
1742842063820,47.58338,2733,Eye Hit,Center,316.6899,360.9105,38.5917,RoadWest,-21.76937,-23.26882,38.5917,39.54586
1742842063850,47.61268,2734,Eye Hit,Center,316.0094,364.924,38.65147,RoadWest,-21.83988,-23.08788,38.65147,39.42858
1742842063884,47.64364,2735,Eye Hit,Center,325.5065,384.9493,39.21156,RoadWest,-21.6355,-22.32418,39.21156,38.40834
1742842063913,47.67676,2736,Eye Hit,Center,338.4139,410.7474,39.94212,RoadWest,-21.31751,-21.29888,39.94212,37.03274
1742842063952,47.70567,2737,Eye Hit,Center,343.1919,384.0039,39.5093,RoadWest,-20.82248,-22.54594,39.5093,37.8396
1742842063996,47.7446,2738,Eye Hit,Center,342.9554,390.3613,39.62982,RoadWest,-20.89911,-22.26233,39.62982,37.61442
1742842064030,47.79191,2739,Eye Hit,Center,355.2657,422.1196,40.47051,RoadWest,-20.64563,-20.93692,40.47051,36.00045
1742842064072,47.82403,2740,Eye Hit,Center,368.2087,421.0656,40.69162,RoadWest,-20.02179,-21.1113,40.69162,35.56587
1742842064102,47.86582,2741,Eye Hit,Center,371.1275,419.0825,40.70301,RoadWest,-19.86123,-21.23011,40.70301,35.53629
1742842064143,47.89514,2742,Eye Hit,Center,398.4877,413.4256,41.07711,RoadWest,-18.47185,-21.75024,41.07711,34.7871
1742842064173,47.9366,2743,Eye Hit,Center,413.1935,414.4749,41.34211,RoadWest,-17.74067,-21.82988,41.34211,34.23179
1742842064214,47.96601,2744,Eye Hit,Center,438.3073,423.3824,41.94947,RoadWest,-16.5278,-21.62795,41.94947,32.9787
1742842064244,48.00716,2745,Eye Hit,Center,415.9298,362.9249,40.27489,RoadWest,-17.12857,-24.17022,40.27489,36.33625
1742842064285,48.03706,2746,Eye Hit,Center,402.366,362.9211,40.05853,RoadWest,-17.79651,-24.04059,40.05853,36.74802
1742842064328,48.07824,2747,Eye Hit,Center,396.0457,361.4004,39.92182,RoadCrosswalk,-18.08869,-24.04346,39.92182,37.00436
1742842064358,48.12209,2748,Eye Hit,Center,385.9274,352.6504,39.56843,RoadCrosswalk,-18.48854,-24.31487,39.56843,37.6671
1742842064398,48.15079,2749,Eye Hit,Center,405.527,340.7112,39.61584,SouthSidewalk,-17.42469,-25.00554,39.61584,37.57231
1742842064440,48.19177,2750,Eye Hit,Center,388.294,328.0959,39.07233,SouthSidewalk,-18.1274,-25.3519,39.07233,38.5776
1742842064469,48.23304,2751,Eye Hit,Center,377.6595,315.2636,38.62836,SouthSidewalk,-18.49599,-25.75713,38.62836,39.38265
1742842064510,48.26164,2752,Eye Hit,Center,388.6195,286.3806,38.16179,SouthSidewalk,-17.68759,-26.98767,38.16179,40.21592
1742842064539,48.30334,2753,Eye Hit,Center,429.1143,263.0088,38.18579,SouthSidewalk,-15.53592,-28.25291,38.18579,40.17654
1742842064566,48.33214,2754,Eye Hit,Center,424.3449,258.717,38.02489,SouthSidewalk,-15.72412,-28.36211,38.02489,40.45897
1742842064608,48.35995,2755,Eye Hit,Center,440.063,260.3213,38.25772,RoadCrosswalk,-14.97933,-28.44994,38.25772,40.04426
1742842064651,48.40184,2756,Eye Hit,Center,451.3305,249.1116,38.13166,RoadCrosswalk,-14.32904,-28.95404,38.13166,40.27176
1742842064692,48.44349,2757,Eye Hit,Center,437.466,192.2072,36.64634,SouthSidewalk,-14.48152,-30.7429,36.64634,42.84043
1742842064734,48.48495,2758,Eye Hit,Center,421.814,146.3019,35.43299,RoadCrosswalk,-14.77774,-32.00002,35.43299,44.84959
1742842064762,48.5278,2759,Eye Hit,Center,427.038,151.7137,35.61003,RoadCrosswalk,-14.59139,-31.89036,35.61003,44.56223
1742842064804,48.55584,2760,Eye Hit,Center,426.0529,216.0791,37.0684,RoadCrosswalk,-15.24003,-29.8593,37.0684,42.12535
1742842064844,48.59727,2761,Eye Hit,Center,449.3101,368.6874,40.88968,RoadWest,-15.48099,-24.20961,40.88968,35.0985
1742842064886,48.63743,2762,Eye Hit,Center,590.1501,490.7287,45.42429,RoadWest,-8.249785,-19.14074,45.42429,24.648
1742842064915,48.67887,2763,Eye Hit,Center,625.6391,587.9355,47.67576,NorthSidewalk,-6.2922,-13.60749,47.67576,17.45599
1742842064943,48.70796,2764,,Center,673.0242,627.176,48.60131,,-3.193267,-11.20421,48.60131,13.48022
1742842064971,48.7355,2765,,Center,668.3666,618.4597,48.44771,,-3.498784,-11.75943,48.44771,14.21083
1742842064999,48.76395,2766,,Center,681.0298,676.4929,49.265,,-2.685247,-7.959027,49.265,9.676034
1742842065026,48.79251,2767,Eye Hit,Center,684.0256,677.1451,49.28225,NorthWalkingPole,-2.47969,-7.916861,49.28225,9.555511
1742842065055,48.81852,2768,,Center,688.5496,677.6313,49.30292,,-2.16876,-7.886655,49.30292,9.419641
1742842065082,48.8467,2769,,Center,693.5256,688.9519,49.43294,,-1.830442,-7.124744,49.43294,8.464084
1742842065111,48.87469,2770,,Center,695.3259,680.5793,49.35249,,-1.70319,-7.691089,49.35249,9.068805
1742842065139,48.90246,2771,,Center,690.956,673.9271,49.26997,,-2.001481,-8.136643,49.26997,9.651784
1742842065168,48.93161,2772,,Center,687.8815,678.7819,49.31272,,-2.215275,-7.808862,49.31272,9.347208
1742842065195,48.96059,2773,,Center,688.1018,685.0963,49.37843,,-2.20301,-7.383171,49.37843,8.868712
1742842065224,48.98864,2774,,Center,677.7158,696.7352,49.45337,,-2.924737,-6.589326,49.45337,8.294105
1742842065251,49.01633,2775,,Center,670.3813,700.642,49.45694,,-3.432304,-6.319556,49.45694,8.273317
1742842065279,49.04296,2776,,Center,656.9138,705.0971,49.42327,,-4.360926,-6.007292,49.42327,8.541874
1742842065307,49.0719,2777,,Center,649.1092,710.6417,49.41894,,-4.900003,-5.623518,49.41894,8.582909
1742842065335,49.09961,2778,,Center,632.8904,717.2266,49.34663,,-6.012242,-5.160804,49.34663,9.121949
1742842065363,49.12835,2779,,Center,671.3629,715.1443,49.58058,,-3.372811,-5.329676,49.58058,7.249765
1742842065391,49.15623,2780,,Center,669.0247,712.2725,49.54908,,-3.532711,-5.525308,49.54908,7.539628
1742842065419,49.18328,2781,,Center,664.3787,712.0404,49.52492,,-3.852812,-5.538692,49.52492,7.757826
1742842065446,49.21102,2782,,Center,652.869,711.004,49.4515,,-4.643178,-5.602162,49.4515,8.370343
1742842065475,49.23907,2783,,Center,651.5901,714.8758,49.47341,,-4.733732,-5.336732,49.47341,8.204993
1742842065503,49.26703,2784,,Center,656.6473,732.2162,49.61934,,-4.396722,-4.14904,49.61934,6.946333
1742842065531,49.29514,2785,,Center,644.6855,731.9466,49.54079,,-5.218605,-4.161153,49.54079,7.673119
1742842065557,49.32412,2786,,Center,640.8726,729.8179,49.50176,,-5.478484,-4.305257,49.50176,8.012144
1742842065585,49.35037,2787,,Center,658.1687,725.123,49.58955,,-4.28856,-4.638524,49.58955,7.259852
1742842065612,49.3768,2788,,Center,640.5111,723.8977,49.46377,,-5.499288,-4.711529,49.46377,8.329046
1742842065654,49.40466,2789,,Center,642.5569,696.9496,49.27355,,-5.337151,-6.550597,49.27355,9.730599
1742842065682,49.44709,2790,,Center,643.4306,697.7171,49.28703,,-5.278381,-6.499478,49.28703,9.641329
1742842065709,49.47393,2791,,Center,644.4718,717.364,49.45089,,-5.223917,-5.162204,49.45089,8.447571
1742842065738,49.50076,2792,,Center,646.6805,717.5671,49.46801,,-5.072909,-5.149943,49.46801,8.313897
1742842065766,49.53012,2793,,Center,649.6164,714.9241,49.47199,,-4.870167,-5.33324,49.47199,8.305816
1742842065795,49.55902,2794,,Center,650.7463,710.5559,49.44618,,-4.789485,-5.632552,49.44618,8.504313
1742842065822,49.58739,2795,,Center,649.1608,709.1436,49.42424,,-4.896957,-5.727681,49.42424,8.669092
1742842065850,49.61386,2796,,Center,652.3508,713.1503,49.47532,,-4.681273,-5.456338,49.47532,8.267833
1742842065879,49.64217,2797,,Center,660.9767,719.8328,49.57449,,-4.092557,-5.003927,49.57449,7.429329
1742842065906,49.67099,2798,,Center,662.7687,730.41,49.65108,,-3.974433,-4.277125,49.65108,6.706803
1742842065935,49.69849,2799,,Center,666.3513,734.3817,49.69509,,-3.728941,-4.004857,49.69509,6.283723
1742842065962,49.72711,2800,,Center,670.7281,729.3915,49.68613,,-3.424109,-4.350923,49.68613,6.358445
1742842065989,49.75467,2801,,Center,665.9605,721.2178,49.60891,,-3.749589,-4.911304,49.60891,7.099925
1742842066018,49.78165,2802,,Center,652.8521,693.1379,49.30722,,-4.630796,-6.817942,49.30722,9.489453
1742842066046,49.81024,2803,,Center,651.1746,691.2101,49.27754,,-4.743628,-6.946706,49.27754,9.687182
1742842066073,49.83809,2804,,Center,650.9561,693.1331,49.29279,,-4.760159,-6.816275,49.29279,9.573578
1742842066102,49.86554,2805,,Center,653.6951,692.2556,49.3032,,-4.572285,-6.878228,49.3032,9.509898
1742842066129,49.89429,2806,,Center,656.0818,692.7048,49.32052,,-4.409254,-6.849659,49.32052,9.378695
1742842066158,49.92242,2807,,Center,659.2344,693.5869,49.34614,,-4.193959,-6.792332,49.34614,9.189215
1742842066184,49.9505,2808,,Center,665.4608,696.3203,49.40369,,-3.768607,-6.61138,49.40369,8.756902
1742842066213,49.97617,2809,,Center,674.8444,696.2411,49.44595,,-3.122877,-6.622513,49.44595,8.423079
1742842066241,50.00517,2810,,Center,677.8026,695.9623,49.4547,,-2.91881,-6.642971,49.4547,8.346803
1742842066269,50.03284,2811,,Center,685.8548,698.4573,49.50676,,-2.364325,-6.477203,49.50676,7.929073
1742842066297,50.06184,2812,,Center,692.47,696.2815,49.50542,,-1.906217,-6.62768,49.50542,7.930533
1742842066324,50.09,2813,,Center,703.7773,685.574,49.42537,,-1.121468,-7.357168,49.42537,8.562909
1742842066352,50.11651,2814,,Center,726.0593,685.181,49.43124,,0.4189258,-7.385209,49.43124,8.510824
1742842066379,50.14441,2815,,Center,748.5232,691.8274,49.4586,,1.973115,-6.92953,49.4586,8.288374
1742842066408,50.17348,2816,,Center,774.1375,694.6512,49.38421,,3.739379,-6.724061,49.38421,8.855323
1742842066436,50.20087,2817,,Center,725.0505,696.6612,49.53871,,0.3499352,-6.60583,49.53871,7.605917
1742842066464,50.22938,2818,,Center,771.9902,698.1412,49.42409,,3.593955,-6.488238,49.42409,8.534743
1742842066490,50.25903,2819,,Center,731.7609,701.7335,49.57522,,0.8154924,-6.258988,49.57522,7.255825
1742842066519,50.2836,2820,,Center,698.0603,701.6481,49.55671,,-1.520709,-6.262574,49.55671,7.409415
1742842066545,50.31186,2821,,Center,655.5745,692.5977,49.30139,,-4.442522,-6.854386,49.30139,9.407196
1742842066573,50.33831,2822,,Center,637.4148,694.7698,49.19632,,-5.68261,-6.690318,49.19632,10.11665
1742842066614,50.36577,2823,,Center,691.4205,702.5792,49.54508,,-1.98047,-6.196578,49.54508,7.480289
1742842066655,50.40671,2824,,Center,616.2739,696.0876,49.02435,,-7.112344,-6.576573,49.02435,11.17732
1742842066683,50.45006,2825,,Center,579.0296,705.0981,48.68468,,-9.599157,-5.91745,48.68468,13.04111
1742842066711,50.47622,2826,,Center,543.5585,703.8682,48.1756,,-11.88888,-5.938444,48.1756,15.42181
1742842066739,50.50261,2827,,Center,524.5604,699.6344,47.83717,,-13.07648,-6.180002,47.83717,16.82238
1742842066767,50.53034,2828,,Center,550.1202,705.64,48.28852,,-11.47357,-5.832696,48.28852,14.92486
1742842066795,50.5575,2829,Eye Hit,Center,526.3237,699.4743,47.86584,NW_Tree_30,-12.96627,-6.194426,47.86584,16.71043
1742842066828,50.58907,2830,Eye Hit,Center,542.3362,695.5244,48.09245,NW_Tree_30,-11.95057,-6.489439,48.09245,15.78904
1742842066855,50.61858,2831,Eye Hit,Center,559.313,694.7583,48.33961,NW_Tree_30,-10.86418,-6.574588,48.33961,14.71883
1742842066883,50.6457,2832,Eye Hit,Center,572.0518,706.0204,48.60831,NW_Tree_30,-10.05849,-5.845464,48.60831,13.45974
1742842066902,50.67367,2833,Eye Hit,Center,576.3084,709.6083,48.6925,NW_Tree_30,-9.786026,-5.611236,48.6925,13.04364
1742842066924,50.6921,2834,Eye Hit,Center,589.5711,709.0002,48.85329,NW_Tree_30,-8.912111,-5.671315,48.85329,12.20129
1742842066942,50.71435,2835,,Center,601.8649,711.4974,49.01287,,-8.098451,-5.518655,49.01287,11.30706
1742842066958,50.7326,2836,,Center,606.7713,711.861,49.0683,,-7.770884,-5.499936,49.0683,10.98019
1742842066994,50.76522,2838,Eye Hit,Center,626.2612,721.6246,49.32518,NW_Tree_30,-6.46697,-4.855152,49.32518,9.310572
1742842067010,50.78471,2839,Eye Hit,Center,631.7078,721.2983,49.36995,NW_Tree_30,-6.096743,-4.882089,49.36995,8.989966
1742842067042,50.81562,2841,Eye Hit,Center,626.0417,720.1174,49.31382,NW_Tree_30,-6.480622,-4.957988,49.31382,9.395257
1742842067073,50.84672,2843,Eye Hit,Center,524.9916,706.439,47.90561,Truck1-Detailed,-13.0663,-5.732907,47.90561,16.58614
1742842067105,50.87819,2845,Eye Hit,Center,513.8035,706.3032,47.71287,Truck1-Detailed,-13.76036,-5.718905,47.71287,17.34437
1742842067120,50.89499,2846,Eye Hit,Center,519.1853,706.4528,47.80808,Truck1-Detailed,-13.42795,-5.720314,47.80808,16.97721
1742842067151,50.92743,2848,,Center,509.507,706.2763,47.63755,,-14.02491,-5.71167,47.63755,17.63477
1742842067182,50.95781,2850,,Center,513.9777,705.2949,47.70909,,-13.74764,-5.785735,47.70909,17.36104
1742842067214,50.99004,2852,Eye Hit,Center,518.7682,704.1932,47.78381,Truck1-Detailed,-13.44901,-5.86843,47.78381,17.07082
1742842067245,51.01988,2854,Eye Hit,Center,515.5399,704.6987,47.73195,Truck1-Detailed,-13.64993,-5.82831,47.73195,17.27299
1742842067276,51.05085,2856,,Center,510.4894,719.4656,47.74298,,-13.99035,-4.84358,47.74298,17.22862
1742842067308,51.08174,2858,,Center,522.486,751.7491,48.10966,,-13.29055,-2.70845,48.10966,15.74491
1742842067323,51.09885,2859,,Center,518.3706,752.4104,48.0408,,-13.54805,-2.660137,48.0408,16.03444
1742842067354,51.12933,2861,Eye Hit,Center,533.2284,762.5303,48.32362,NW_Tree_50,-12.6236,-1.991814,48.32362,14.81343
1742842067387,51.16167,2863,,Center,567.7399,776.0441,48.87629,,-10.40872,-1.090767,48.87629,12.08604
1742842067418,51.19311,2865,Eye Hit,Center,591.7317,774.5267,49.18374,NW_Tree_30,-8.823762,-1.202017,49.18374,10.26284
1742842067450,51.22475,2867,,Center,571.8041,751.1542,48.86689,,-10.12893,-2.791744,48.86689,12.13416
1742842067483,51.25859,2869,Eye Hit,Center,556.6638,750.1702,48.64964,NW_Tree_30,-11.11412,-2.846283,48.64964,13.26933
1742842067515,51.29031,2871,,Center,543.3761,750.5447,48.44877,,-11.96865,-2.809157,48.44877,14.23831
1742842067531,51.30806,2872,,Center,536.3306,744.8317,48.31366,,-12.41137,-3.187372,48.31366,14.85441
1742842067562,51.33738,2874,,Center,528.6442,739.6179,48.16402,,-12.89072,-3.528729,48.16402,15.50874
1742842067578,51.3564,2875,,Center,496.9269,739.1326,47.5976,,-14.85064,-3.519538,47.5976,17.77826
1742842067611,51.38899,2877,,Center,520.9898,742.4293,48.04576,,-13.37345,-3.331139,48.04576,16.00569
1742842067628,51.40708,2878,,Center,589.0797,748.6199,49.07708,,-8.986666,-2.977711,49.07708,10.91847
1742842067662,51.43457,2879,,Center,526.1492,747.1501,48.15269,,-13.05573,-3.020614,48.15269,15.55156
1742842067688,51.46159,2880,Eye Hit,Center,588.8943,750.4544,49.0802,NW_Tree_10,-8.999967,-2.851965,49.0802,10.88839
1742842067723,51.48996,2881,,Center,625.864,747.0612,49.45422,,-6.511362,-3.108404,49.45422,8.300778
1742842067761,51.51661,2882,,Center,669.4612,744.6572,49.74307,,-3.516176,-3.293816,49.74307,5.53226
1742842067800,51.55344,2883,,Center,692.6819,730.1557,49.75249,,-1.900983,-4.303556,49.75249,5.401964
1742842067829,51.59404,2884,Eye Hit,Center,752.8551,713.6793,49.62504,NorthSidewalk,2.280431,-5.436136,49.62504,6.774566
1742842067856,51.62262,2885,Eye Hit,Center,772.2047,713.8541,49.54844,NorthSidewalk,3.617867,-5.41563,49.54844,7.488338
1742842067887,51.64915,2886,Eye Hit,Center,731.2678,716.863,49.69564,NorthSidewalk,0.7831994,-5.222581,49.69564,6.065854
1742842067918,51.6795,2887,Eye Hit,Center,711.66,711.8077,49.66142,NorthSidewalk,-0.5792955,-5.570123,49.66142,6.433888
1742842067948,51.70986,2888,Eye Hit,Center,731.5817,707.9755,49.62909,NorthSidewalk,0.8039386,-5.832503,49.62909,6.765527
1742842067977,51.7407,2889,Eye Hit,Center,742.7349,699.2528,49.53755,NorthSidewalk,1.575219,-6.426113,49.53755,7.607516
1742842068006,51.76865,2890,Eye Hit,Center,732.1102,698.9436,49.55251,NorthSidewalk,0.8393241,-6.449483,49.55251,7.477428
1742842068034,51.79826,2891,Eye Hit,Center,724.8221,700.7942,49.57408,NorthSidewalk,0.3343487,-6.323975,49.57408,7.279796
1742842068062,51.82687,2892,Eye Hit,Center,718.3951,707.4012,49.63073,NorthSidewalk,-0.1114071,-5.872566,49.63073,6.749361
1742842068091,51.85638,2893,Eye Hit,Center,700.9348,707.328,49.61255,NorthSidewalk,-1.322956,-5.875493,49.61255,6.921439
1742842068119,51.88455,2894,Eye Hit,Center,694.9049,710.4317,49.62467,NorthSidewalk,-1.741804,-5.661505,49.62467,6.806827
1742842068146,51.91167,2895,Eye Hit,Center,696.5183,707.6713,49.60692,NorthSidewalk,-1.629238,-5.851004,49.60692,6.980249
1742842068175,51.93837,2896,Eye Hit,Center,714.204,712.189,49.66733,NorthSidewalk,-0.4026368,-5.544295,49.66733,6.386107
1742842068203,51.96753,2897,Eye Hit,Center,716.2459,704.2345,49.60453,NorthSidewalk,-0.2604598,-6.089171,49.60453,7.0046
1742842068231,51.99554,2898,Eye Hit,Center,709.277,705.4702,49.60869,NorthSidewalk,-0.744027,-6.003939,49.60869,6.952994
1742842068259,52.02371,2899,Eye Hit,Center,710.8989,711.9551,49.66241,NorthSidewalk,-0.6321681,-5.559997,49.66241,6.428797
1742842068287,52.05107,2900,Eye Hit,Center,715.7673,716.5251,49.70002,NorthSidewalk,-0.2942328,-5.24653,49.70002,6.035431
1742842068315,52.07983,2901,Eye Hit,Center,717.5771,717.3973,49.707,NorthSidewalk,-0.168449,-5.186629,49.707,5.96003
1742842068343,52.10699,2902,Eye Hit,Center,713.3139,713.7243,49.67845,NorthSidewalk,-0.4645716,-5.438861,49.67845,6.270479
1742842068372,52.13514,2903,Eye Hit,Center,712.4365,712.8795,49.6721,NorthSidewalk,-0.5254694,-5.496855,49.6721,6.343379
1742842068399,52.16435,2904,Eye Hit,Center,711.8901,714.6903,49.68442,NorthSidewalk,-0.5635728,-5.372386,49.68442,6.205072
1742842068427,52.19209,2905,Eye Hit,Center,710.9767,713.6431,49.67622,NorthSidewalk,-0.6269408,-5.444255,49.67622,6.295351
1742842068454,52.22005,2906,Eye Hit,Center,709.9061,710.9292,49.65465,NorthSidewalk,-0.7010195,-5.630373,49.65465,6.518727
1742842068482,52.24627,2907,Eye Hit,Center,709.4597,714.644,49.68266,NorthSidewalk,-0.7324353,-5.375413,49.68266,6.231714
1742842068510,52.27378,2908,Eye Hit,Center,705.8054,731.5838,49.79092,NorthSidewalk,-0.9885212,-4.207427,49.79092,4.961002
1742842068539,52.30208,2909,,Center,694.7471,827.9777,49.88432,,-1.76193,2.510211,49.88432,3.518028
1742842068567,52.3312,2910,,Center,696.4395,830.1372,49.87989,,-1.6437,2.660647,49.87989,3.587687
1742842068594,52.35949,2911,,Center,659.1653,830.1284,49.72823,,-4.231238,2.651947,49.72823,5.73429
1742842068621,52.38651,2912,,Center,687.4438,763.1892,49.88679,,-2.271603,-2.010266,49.88679,3.479584
1742842068649,52.41349,2913,Eye Hit,Center,680.5736,735.2986,49.74778,NorthSidewalk,-2.743304,-3.945304,49.74778,5.517291
1742842068677,52.44187,2914,Eye Hit,Center,683.03,733.8306,49.74933,NorthSidewalk,-2.572464,-4.04757,49.74933,5.50634
1742842068705,52.47058,2915,Eye Hit,Center,684.2766,731.0119,49.73782,NorthSidewalk,-2.485147,-4.242722,49.73782,5.645836
1742842068732,52.49741,2916,Eye Hit,Center,687.1318,729.1888,49.73614,NorthSidewalk,-2.286447,-4.369403,49.73614,5.662543
1742842068760,52.52567,2917,Eye Hit,Center,697.6786,729.6494,49.76735,NorthSidewalk,-1.553744,-4.340084,49.76735,5.292058
1742842068788,52.55277,2918,Eye Hit,Center,707.7456,719.9053,49.72115,NorthSidewalk,-0.8522084,-5.013691,49.72115,5.840028
1742842068815,52.57993,2919,Eye Hit,Center,707.8043,719.2591,49.71709,NorthSidewalk,-0.8480563,-5.058214,49.71709,5.889825
1742842068843,52.60748,2920,Eye Hit,Center,708.9275,720.5049,49.72738,NorthSidewalk,-0.7701126,-4.972614,49.72738,5.778045
1742842068872,52.63598,2921,Eye Hit,Center,718.4216,714.1811,49.68771,NorthSidewalk,-0.1096948,-5.408127,49.68771,6.212997
1742842068899,52.66413,2922,Eye Hit,Center,718.4044,715.182,49.69479,NorthSidewalk,-0.1109036,-5.339331,49.69479,6.133795
1742842068927,52.69232,2923,Eye Hit,Center,715.1843,718.0598,49.71441,NorthSidewalk,-0.3348505,-5.141333,49.71441,5.916821
1742842068954,52.72036,2924,Eye Hit,Center,711.7177,717.9009,49.71083,NorthSidewalk,-0.5758556,-5.152014,49.71083,5.95358
1742842068982,52.74683,2925,Eye Hit,Center,706.1929,720.573,49.72325,NorthSidewalk,-0.9602299,-4.967464,49.72325,5.809946
1742842069023,52.7743,2926,Eye Hit,Center,704.9753,718.2727,49.70505,NorthSidewalk,-1.044526,-5.125564,49.70505,6.007629
1742842069064,52.81551,2927,Eye Hit,Center,709.5312,726.0342,49.7634,NorthSidewalk,-0.7286523,-4.591365,49.7634,5.336967
1742842069105,52.85736,2928,Eye Hit,Center,716.4953,718.7401,49.71925,NorthSidewalk,-0.2437171,-5.094525,49.71925,5.857053
1742842069146,52.89805,2929,Eye Hit,Center,720.3204,718.9182,49.72139,NorthSidewalk,0.02228213,-5.082358,49.72139,5.836369
1742842069188,52.93925,2930,Eye Hit,Center,722.7156,719.9592,49.72843,Car2-Detailed,0.1888787,-5.010673,49.72843,5.757826
1742842069230,52.98087,2931,Eye Hit,Center,724.1418,719.4931,49.72477,Car2-Detailed,0.2880518,-5.042721,49.72477,5.800053
1742842069258,53.02394,2932,Eye Hit,Center,723.8666,718.5725,49.71867,Car2-Detailed,0.2688811,-5.106119,49.71867,5.87176
1742842069300,53.05087,2933,Eye Hit,Center,727.6032,715.4846,49.69421,Car2-Detailed,0.5284654,-5.318233,49.69421,6.138364
1742842069341,53.09396,2934,Eye Hit,Center,726.3647,711.8717,49.6678,Car2-Detailed,0.4421453,-5.566392,49.6678,6.414537
1742842069383,53.13444,2935,Eye Hit,Center,713.1921,691.767,49.49462,Car2-Detailed,-0.4712868,-6.938753,49.49462,7.998535
1742842069425,53.17551,2936,Eye Hit,Center,710.2339,689.0114,49.46596,Car2-Detailed,-0.6756803,-7.125388,49.46596,8.233135
1742842069467,53.2176,2937,Eye Hit,Center,711.3052,687.7043,49.45414,Car2-Detailed,-0.6014176,-7.214098,49.45414,8.327868
1742842069508,53.26084,2938,Eye Hit,Center,711.6655,684.8811,49.42615,Car2-Detailed,-0.5761654,-7.405181,49.42615,8.546241
1742842069549,53.30075,2939,Eye Hit,Center,707.5775,686.0741,49.43435,Car2-Detailed,-0.8589153,-7.323925,49.43435,8.484269
1742842069577,53.34193,2940,Eye Hit,Center,705.7074,694.39,49.51225,Car2-Detailed,-0.9897766,-6.759582,49.51225,7.856029
1742842069619,53.37027,2941,Eye Hit,Center,708.5949,696.5105,49.53559,Car2-Detailed,-0.7901857,-6.615854,49.53559,7.66073
1742842069661,53.4126,2942,Eye Hit,Center,711.506,696.2316,49.53675,Car2-Detailed,-0.5885097,-6.635329,49.53675,7.658834
1742842069705,53.45515,2943,Eye Hit,Center,718.8974,692.0594,49.50208,Car2-Detailed,-0.07633907,-6.919557,49.50208,7.957887
1742842069746,53.49769,2944,Eye Hit,Center,721.3989,687.1479,49.45541,Car2-Detailed,0.09676766,-7.252769,49.45541,8.343839
1742842069787,53.53918,2945,Eye Hit,Center,720.8358,688.4443,49.46873,Car2-Detailed,0.05783038,-7.165028,49.46873,8.241669
1742842069829,53.58042,2946,Eye Hit,Center,720.444,690.246,49.48723,Car2-Detailed,0.03073202,-7.043001,49.48723,8.09997
1742842069857,53.62289,2947,Eye Hit,Center,719.7841,689.8889,49.48408,NorthSidewalk,-0.01494029,-7.067264,49.48408,8.127989
1742842069884,53.64993,2948,Eye Hit,Center,718.9211,685.8549,49.44402,NorthSidewalk,-0.07461426,-7.340516,49.44402,8.444967
1742842069926,53.6777,2949,Eye Hit,Center,724.7341,681.1047,49.39481,NorthSidewalk,0.3270616,-7.661388,49.39481,8.824544
1742842069967,53.71968,2950,Eye Hit,Center,725.4426,678.141,49.36319,NorthSidewalk,0.375771,-7.861105,49.36319,9.058528
1742842070009,53.76048,2951,Eye Hit,Center,725.1039,673.2117,49.30955,NorthSidewalk,0.3520043,-8.192524,49.30955,9.441774
1742842070051,53.80184,2952,Eye Hit,Center,725.0294,675.3145,49.33175,NorthSidewalk,0.3470223,-8.05112,49.33175,9.277605
1742842070080,53.84422,2953,Eye Hit,Center,726.9588,674.1464,49.31738,NorthSidewalk,0.4800072,-8.129347,49.31738,9.376327
1742842070121,53.87204,2954,Eye Hit,Center,733.2618,663.1544,49.18473,NorthSidewalk,0.9123158,-8.863651,49.18473,10.26855
1742842070149,53.91346,2955,Eye Hit,Center,733.2706,656.7417,49.10544,NorthSidewalk,0.9114521,-9.2898,49.10544,10.76289
1742842070191,53.9422,2956,Eye Hit,Center,739.7753,649.8819,49.00684,NorthSidewalk,1.355479,-9.741346,49.00684,11.34797
1742842070220,53.98372,2957,Eye Hit,Center,747.6548,649.4092,48.98289,NorthSidewalk,1.894646,-9.768973,48.98289,11.48352
1742842070247,54.01244,2958,Eye Hit,Center,758.9053,647.928,48.92904,NorthSidewalk,2.662489,-9.8596,48.92904,11.78984
1742842070275,54.03989,2959,Eye Hit,Center,769.8945,651.9042,48.93588,NorthSidewalk,3.415017,-9.588825,48.93588,11.75012
1742842070304,54.06918,2960,Eye Hit,Center,771.8648,650.8154,48.91209,NorthSidewalk,3.54815,-9.658649,48.91209,11.88019
1742842070344,54.09721,2961,Eye Hit,Center,797.8362,648.917,48.7341,NorthSidewalk,5.305511,-9.752904,48.7341,12.83407
1742842070385,54.13746,2962,Eye Hit,Center,655.7978,650.15,48.8352,NorthSidewalk,-4.385265,-9.688913,48.8352,12.2858
1742842070427,54.17855,2963,Eye Hit,Center,660.2466,651.1082,48.87147,NorthSidewalk,-4.084427,-9.630612,48.87147,12.08183
1742842070469,54.2211,2964,Eye Hit,Center,685.5507,658.6281,49.07527,NorthSidewalk,-2.364588,-9.154613,49.07527,10.90523
1742842070511,54.26235,2965,Eye Hit,Center,740.5941,655.4014,49.06963,NorthSidewalk,1.413413,-9.375012,49.06963,10.93562
1742842070540,54.30396,2966,Eye Hit,Center,762.0153,651.5042,48.9587,NorthSidewalk,2.87707,-9.620687,48.9587,11.5909
1742842070580,54.33304,2967,Eye Hit,Center,831.1747,653.1907,48.49847,NorthSidewalk,7.541311,-9.415852,48.49847,13.96834
1742842070622,54.37362,2968,Eye Hit,Center,801.6051,668.5762,48.93805,NorthSidewalk,5.585689,-8.448092,48.93805,11.69228
1742842070664,54.41512,2969,Eye Hit,Center,744.8323,707.6671,49.59919,NW_Tree_10,1.722678,-5.850384,49.59919,7.009946
1742842070706,54.45823,2970,Eye Hit,Center,678.2762,705.8794,49.52879,Car2-Detailed,-2.890377,-5.965923,49.52879,7.623494
1742842070748,54.49831,2971,Eye Hit,Center,626.5992,700.8094,49.15717,Car2-Detailed,-6.421707,-6.269745,49.15717,10.3468
1742842070778,54.53883,2972,Eye Hit,Center,523.8254,676.9276,47.62232,NorthSidewalk,-13.06671,-7.664689,47.62232,17.64602
1742842070809,54.56869,2973,,Center,483.6027,698.2682,47.08561,,-15.56839,-6.172884,47.08561,19.57957
1742842070838,54.59959,2974,,Center,444.7531,700.1418,46.30854,,-17.82774,-5.949658,46.30854,22.08978
1742842070866,54.62889,2975,,Center,464.4803,699.8442,46.717,,-16.69599,-6.021581,46.717,20.80273
1742842070884,54.65745,2976,,Center,422.1853,695.7961,45.78323,,-19.07065,-6.160446,45.78323,23.64074
1742842070924,54.69675,2978,Eye Hit,Center,415.269,692.2098,45.6021,SW_Tree_10,-19.43634,-6.364816,45.6021,24.15562
1742842070941,54.71485,2979,Eye Hit,Center,428.784,690.9648,45.89609,SW_Tree_10,-18.69407,-6.485768,45.89609,23.32235
1742842070975,54.74758,2981,Eye Hit,Center,442.9868,688.7305,46.18766,SW_Tree_10,-17.89532,-6.671306,46.18766,22.46487
1742842070993,54.76698,2982,Eye Hit,Center,440.3187,682.7074,46.08258,SW_Tree_10,-18.02657,-7.044343,46.08258,22.78176
1742842071024,54.79953,2984,Eye Hit,Center,462.4375,685.045,46.56508,SW_Tree_10,-16.77474,-6.965855,46.56508,21.30918
1742842071057,54.83155,2986,Eye Hit,Center,467.8239,683.812,46.66296,SW_Tree_10,-16.45846,-7.060966,46.66296,20.99672
1742842071089,54.86317,2988,Eye Hit,Center,469.408,683.7762,46.69455,SW_Tree_10,-16.36614,-7.068087,46.69455,20.89601
1742842071106,54.88034,2989,Eye Hit,Center,475.632,682.3199,46.80559,SW_Tree_10,-15.9976,-7.180234,46.80559,20.53778
1742842071138,54.91337,2991,Eye Hit,Center,473.3382,680.6813,46.74641,SW_Tree_10,-16.12735,-7.278291,46.74641,20.73179
1742842071172,54.9455,2993,Eye Hit,Center,476.1355,680.6064,46.8009,SW_Tree_10,-15.96304,-7.291676,46.8009,20.55522
1742842071188,54.96271,2994,Eye Hit,Center,476.7884,679.3142,46.802,SW_Tree_10,-15.92068,-7.376434,46.802,20.55149
1742842071204,54.97948,2995,Eye Hit,Center,479.9819,679.3939,46.86497,SW_Tree_10,-15.73277,-7.381133,46.86497,20.34548
1742842071240,55.01121,2997,Eye Hit,Center,477.2832,675.4519,46.77673,SW_Tree_10,-15.87971,-7.625144,46.77673,20.63578
1742842071258,55.03096,2998,Eye Hit,Center,472.6721,674.7128,46.67967,SW_Tree_10,-16.14782,-7.657575,46.67967,20.94954
1742842071275,55.04882,2999,,Center,472.3872,673.0439,46.65848,,-16.15908,-7.763011,46.65848,21.01772
1742842071314,55.08725,3001,,Center,453.6662,671.1003,46.26317,,-17.23354,-7.823003,46.26317,22.24921
1742842071330,55.10473,3002,,Center,440.65,674.1753,46.0188,,-17.9803,-7.583759,46.0188,22.9793
1742842071352,55.12178,3003,,Center,407.1833,673.2515,45.27414,,-19.80857,-7.519538,45.27414,25.07907
1742842071369,55.14385,3004,,Center,397.4842,681.6407,45.12141,,-20.35385,-6.964734,45.12141,25.49035
1742842071408,55.1772,3006,Eye Hit,Center,455.2333,696.4591,46.51186,Car2-Detailed,-17.22423,-6.215356,46.51186,21.48916
1742842071425,55.20109,3007,,Center,596.8355,829.9794,49.18951,,-8.473659,2.612961,49.18951,10.21893
1742842071443,55.21971,3008,,Center,567.9703,829.8487,48.82473,,-10.382,2.584661,48.82473,12.35981
1742842071463,55.23681,3009,,Center,573.7995,828.3062,48.90924,,-10.00121,2.48362,48.90924,11.89797
1742842071492,55.26414,3010,,Center,501.0669,827.1389,47.74194,,-14.61923,2.346396,47.74194,17.23038
1742842071516,55.29274,3011,Eye Hit,Center,530.5059,825.1781,48.26781,NW_Tree_10,-12.79282,2.239868,48.26781,15.05991
1742842071551,55.3212,3012,,Center,517.8437,801.5471,48.09516,,-13.59883,0.6422241,48.09516,15.80488
1742842071588,55.35297,3013,,Center,586.9593,765.5745,49.1046,,-9.137336,-1.814921,49.1046,10.74215
1742842071625,55.38213,3014,,Center,619.6755,722.1382,49.26291,,-6.912579,-4.813633,49.26291,9.703182
1742842071664,55.41706,3015,Eye Hit,Center,660.5251,664.1733,49.03172,NorthSidewalk,-4.07872,-8.766208,49.03172,11.1551
1742842071693,55.45732,3016,Eye Hit,Center,728.3049,667.4087,49.22806,NorthSidewalk,0.5718203,-8.578541,49.22806,9.906691
1742842071723,55.48603,3017,Eye Hit,Center,757.9106,674.197,49.24133,NorthSidewalk,2.610976,-8.113326,49.24133,9.819927
1742842071756,55.51559,3018,Eye Hit,Center,767.6219,685.6119,49.32304,NorthSidewalk,3.285256,-7.33932,49.32304,9.25937
1742842071789,55.54786,3019,Eye Hit,Center,767.736,708.0529,49.52571,NorthSidewalk,3.306662,-5.814994,49.52571,7.692355
1742842071819,55.58111,3020,,Center,703.0509,730.6113,49.78096,,-1.180112,-4.274294,49.78096,5.09016
1742842071847,55.61129,3021,,Center,688.4991,730.2026,49.7454,,-2.191741,-4.299682,49.7454,5.541215
1742842071876,55.63926,3022,,Center,696.92,732.9365,49.78411,,-1.607087,-4.11266,49.78411,5.068481
1742842071905,55.66877,3023,,Center,711.7399,733.2253,49.80822,,-0.575438,-4.094535,49.80822,4.745449
1742842071933,55.69871,3024,,Center,663.8181,728.5179,49.63242,,-3.90009,-4.406865,49.63242,6.761874
1742842071961,55.72678,3025,,Center,671.9916,726.7552,49.66242,,-3.33471,-4.531967,49.66242,6.463929
1742842071989,55.75531,3026,,Center,618.1639,711.9181,49.18133,,-7.005112,-5.508679,49.18133,10.27054
1742842072018,55.78168,3027,Eye Hit,Center,574.5099,694.561,48.54922,NorthSidewalk,-9.879355,-6.616496,48.54922,13.76157
1742842072045,55.81291,3028,,Center,526.0875,692.5482,47.81393,,-12.968,-6.650891,47.81393,16.95164
1742842072074,55.83778,3029,,Center,534.5467,705.9802,48.05901,,-12.46586,-5.782104,48.05901,15.95688
1742842072113,55.86684,3030,,Center,460.4683,698.5572,46.63758,,-16.92931,-6.095296,46.63758,21.09702
1742842072155,55.9059,3031,,Center,696.5182,735.6647,49.79691,,-1.635487,-3.923702,49.79691,4.879256
1742842072184,55.94773,3032,,Center,724.8477,740.4159,49.84725,,0.3379803,-3.596416,49.84725,4.144773
1742842072215,55.975,3033,,Center,728.2513,721.7515,49.73597,,0.5739884,-4.886752,49.73597,5.649861
1742842072244,56.007,3034,Eye Hit,Center,702.2407,713.5562,49.66685,NorthSidewalk,-1.233686,-5.449265,49.66685,6.418357
1742842072272,56.03446,3035,Eye Hit,Center,679.4799,708.1987,49.56269,NorthSidewalk,-2.808911,-5.809228,49.56269,7.417778
1742842072290,56.06258,3036,Eye Hit,Center,671.3854,705.0499,49.50294,NorthSidewalk,-3.365975,-6.02024,49.50294,7.932043
1742842072312,56.0805,3037,Eye Hit,Center,654.2868,702.9735,49.3937,NorthSidewalk,-4.539802,-6.150406,49.3937,8.797589
1742842072331,56.10342,3038,,Center,641.3162,718.7249,49.4262,,-5.439455,-5.065548,49.4262,8.55226
1742842072348,56.12168,3039,,Center,635.2294,716.5158,49.3639,,-5.852856,-5.211687,49.3639,9.020882
1742842072385,56.1596,3041,,Center,642.0397,718.0473,49.42729,,-5.38956,-5.112505,49.42729,8.547298
1742842072416,56.19264,3043,,Center,771.2027,721.8821,49.61686,,3.553328,-4.865991,49.61686,6.923904
1742842072452,56.22379,3045,Eye Hit,Center,825.151,723.9224,49.23146,Car3-Detailed,7.240508,-4.687698,49.23146,9.93757
1742842072469,56.24291,3046,Eye Hit,Center,837.35,723.6357,49.10373,Car3-Detailed,8.059541,-4.695232,49.10373,10.75543
1742842072484,56.25992,3047,Eye Hit,Center,835.8318,723.1487,49.11713,Car3-Detailed,7.957444,-4.729968,49.11713,10.67332
1742842072515,56.29118,3049,Eye Hit,Center,826.6177,716.0443,49.16515,Car3-Detailed,7.331612,-5.223126,49.16515,10.37562
1742842072548,56.32179,3051,Eye Hit,Center,824.464,712.1258,49.158,Car3-Detailed,7.18247,-5.491789,49.158,10.4217
1742842072579,56.35392,3053,Eye Hit,Center,815.024,710.5845,49.23425,Car3-Detailed,6.543552,-5.606444,49.23425,9.927235
1742842072611,56.38529,3055,Eye Hit,Center,811.9955,710.5447,49.2606,Car3-Detailed,6.338392,-5.612186,49.2606,9.751591
1742842072642,56.41597,3057,Eye Hit,Center,804.6475,706.8232,49.29221,Car3-Detailed,5.835867,-5.87236,49.29221,9.534299
1742842072673,56.44747,3059,Eye Hit,Center,802.7568,702.1476,49.2689,Car3-Detailed,5.702814,-6.191782,49.2689,9.695662
1742842072704,56.47794,3061,Eye Hit,Center,801.5139,701.7592,49.27536,Car3-Detailed,5.617906,-6.219357,49.27536,9.652802
1742842072720,56.49485,3062,Eye Hit,Center,801.7224,701.4247,49.27112,Car3-Detailed,5.63179,-6.241877,49.27112,9.683001
1742842072751,56.52652,3064,Eye Hit,Center,803.9539,700.7281,49.24764,Car3-Detailed,5.782815,-6.286884,49.24764,9.84007
1742842072782,56.55776,3066,Eye Hit,Center,796.1337,701.5592,49.31334,Car3-Detailed,5.251149,-6.237946,49.31334,9.388854
1742842072815,56.58932,3068,Eye Hit,Center,797.4205,700.8071,49.29801,Car3-Detailed,5.338241,-6.287866,49.29801,9.49844
1742842072847,56.62181,3070,Eye Hit,Center,778.9206,686.6117,49.28563,Car3-Detailed,4.061632,-7.264834,49.28563,9.585419
1742842072878,56.6534,3072,Eye Hit,Center,779.9568,684.3799,49.2579,Car3-Detailed,4.130732,-7.414506,49.2579,9.77648
1742842072911,56.68612,3074,Eye Hit,Center,783.5202,678.1237,49.1739,Car3-Detailed,4.368772,-7.832149,49.1739,10.33586
1742842072943,56.71769,3076,Eye Hit,Center,781.5038,670.1821,49.09943,Car3-Detailed,4.223682,-8.365664,49.09943,10.80587
1742842072975,56.74938,3078,Eye Hit,Center,781.5363,663.9023,49.02728,Car3-Detailed,4.219706,-8.783995,49.02728,11.24197
1742842073006,56.77983,3080,Eye Hit,Center,781.4453,660.239,48.98431,Car3-Detailed,4.209774,-9.027279,48.98431,11.49399
1742842073022,56.79701,3081,Eye Hit,Center,784.3777,650.2156,48.84333,Car3-Detailed,4.39798,-9.68605,48.84333,12.28676
1742842073056,56.82983,3083,Eye Hit,Center,784.6332,645.3319,48.77806,Car3-Detailed,4.409535,-10.00629,48.77806,12.63535
1742842073087,56.86141,3085,Eye Hit,Center,782.0963,635.7603,48.6611,Car3-Detailed,4.2263,-10.63374,48.6611,13.23287
1742842073103,56.87819,3086,Eye Hit,Center,779.2418,636.8347,48.69071,Car3-Detailed,4.034477,-10.56704,48.69071,13.07806
1742842073137,56.91142,3088,Eye Hit,Center,779.0241,634.1171,48.65382,Car3-Detailed,4.016608,-10.74397,48.65382,13.26537
1742842073153,56.9282,3089,Eye Hit,Center,778.1592,631.5053,48.62159,Car3-Detailed,3.955128,-10.91447,48.62159,13.42865
1742842073186,56.96105,3091,,Center,784.5493,636.8463,48.66145,,4.393287,-10.55991,48.66145,13.22666
1742842073219,56.99502,3093,Eye Hit,Center,782.9857,670.7615,49.09886,NE_Tree_30,4.325402,-8.325782,49.09886,10.81825
1742842073253,57.02753,3095,Eye Hit,Center,780.912,676.7867,49.17619,NE_Tree_30,4.18958,-7.924473,49.17619,10.33043
1742842073287,57.06019,3097,Eye Hit,Center,777.3127,675.0201,49.17632,NE_Tree_30,3.942027,-8.046004,49.17632,10.32588
1742842073304,57.07692,3098,Eye Hit,Center,775.7233,678.2147,49.21798,NE_Tree_30,3.835958,-7.832903,49.21798,10.04888
1742842073320,57.09456,3099,Eye Hit,Center,773.4581,679.0405,49.23855,NE_Tree_30,3.681558,-7.779304,49.23855,9.914647
1742842073352,57.12709,3101,Eye Hit,Center,771.0543,681.9304,49.27985,NE_Tree_30,3.518964,-7.586643,49.27985,9.631618
1742842073385,57.15908,3103,Eye Hit,Center,761.3972,681.304,49.31485,NE_Tree_30,2.855369,-7.635235,49.31485,9.386027
1742842073416,57.1925,3105,Eye Hit,Center,761.4493,677.2194,49.27102,NE_Tree_30,2.856415,-7.909936,49.27102,9.686248
1742842073447,57.22276,3107,,Center,816.8184,660.5122,48.72863,,6.598648,-8.961536,48.72863,12.86482
1742842073478,57.25365,3109,Eye Hit,Center,835.353,647.1661,48.38698,MicroBus4-Detailed,7.806751,-9.801931,48.38698,14.51904
1742842073511,57.28535,3111,Eye Hit,Center,836.0082,645.3117,48.35644,MicroBus4-Detailed,7.846134,-9.921165,48.35644,14.65865
1742842073542,57.31683,3113,Eye Hit,Center,825.6184,642.532,48.42204,MicroBus4-Detailed,7.153123,-10.12288,48.42204,14.35835
1742842073573,57.34784,3115,Eye Hit,Center,824.2081,641.1743,48.41706,MicroBus4-Detailed,7.056885,-10.21378,48.41706,14.38131
1742842073605,57.37988,3117,Eye Hit,Center,820.356,642.6576,48.47186,MicroBus4-Detailed,6.803711,-10.12478,48.47186,14.12573
1742842073638,57.4121,3119,Eye Hit,Center,818.4268,646.1547,48.53516,MicroBus4-Detailed,6.681638,-9.900604,48.53516,13.82553
1742842073654,57.42923,3120,Eye Hit,Center,817.2458,645.0714,48.53152,MicroBus4-Detailed,6.60097,-9.973396,48.53152,13.84398
1742842073685,57.4601,3122,Eye Hit,Center,813.7031,635.5896,48.43338,MicroBus4-Detailed,6.347635,-10.59555,48.43338,14.30658
1742842073719,57.49311,3124,Eye Hit,Center,802.3649,632.4999,48.47929,MicroBus4-Detailed,5.58485,-10.81509,48.47929,14.09423
1742842073736,57.50981,3125,,Center,759.3538,713.7355,49.61256,,2.730808,-5.430871,49.61256,6.985362
1742842073751,57.52741,3126,,Center,759.675,712.6532,49.60349,,2.752592,-5.504964,49.60349,7.073101
1742842073784,57.5592,3128,,Center,721.3473,821.7825,49.93991,,0.09410657,2.080276,49.93991,2.387697
1742842073818,57.59348,3130,,Center,718.6488,824.0876,49.93295,,-0.09436619,2.240974,49.93295,2.571996
1742842073851,57.6263,3132,,Center,714.4448,817.742,49.94908,,-0.3880952,1.798386,49.94908,2.109514
1742842073886,57.66191,3134,,Center,715.5764,815.101,49.95572,,-0.3090811,1.614092,49.95572,1.884295
1742842073920,57.69475,3136,,Center,717.1608,819.3282,49.94546,,-0.1983371,1.909059,49.94546,2.200782
1742842073951,57.72677,3138,,Center,717.9358,822.2635,49.93707,,-0.1441762,2.113756,49.93707,2.429466
1742842073986,57.76085,3140,,Center,718.5636,825.3572,49.92728,,-0.1003072,2.329376,49.92728,2.673714
1742842074019,57.79454,3142,,Center,718.7164,823.9227,49.93169,,-0.08964636,2.229405,49.93169,2.558491
1742842074056,57.82966,3144,,Center,719.8428,825.1542,49.9278,,-0.01098053,2.315225,49.9278,2.654981
1742842074072,57.84632,3145,,Center,721.2116,824.0055,49.93136,,0.08461367,2.235173,49.93136,2.565062
1742842074105,57.87871,3147,,Center,721.5571,822.9128,49.93451,,0.1087531,2.158994,49.93451,2.478835
1742842074139,57.91327,3149,,Center,722.0445,822.8652,49.93451,,0.1427901,2.155671,49.93451,2.477334
1742842074155,57.93001,3150,,Center,722.6193,823.3885,49.93267,,0.1829288,2.192141,49.93267,2.522433
1742842074188,57.96148,3152,,Center,723.0024,823.7999,49.93132,,0.2096758,2.220816,49.93132,2.558032
1742842074203,57.97869,3153,,Center,730.0946,821.8108,49.93284,,0.7050009,2.081959,49.93284,2.52057
1742842074236,58.01036,3155,,Center,805.7981,768.1044,49.59804,,5.951891,-1.657663,49.59804,7.100753
1742842074253,58.02854,3156,,Center,806.2883,768.9314,49.59576,,5.985626,-1.600215,49.59576,7.120893
1742842074284,58.05949,3158,,Center,808.0208,674.6705,48.96153,,6.027724,-8.034803,48.96153,11.59342
1742842074319,58.09422,3160,,Center,808.3331,622.623,48.28724,,5.965805,-11.43931,48.28724,14.95899
1742842074352,58.12756,3162,,Center,807.4548,620.8036,48.26678,,5.903978,-11.55729,48.26678,15.04975
1742842074384,58.15886,3164,,Center,806.9385,622.9172,48.30259,,5.87348,-11.42307,48.30259,14.89147
1742842074417,58.19159,3166,,Center,807.9536,622.6793,48.29107,,5.940643,-11.43641,48.29107,14.94215
1742842074433,58.20834,3167,,Center,808.752,616.9565,48.19835,,5.983059,-11.80025,48.19835,15.34954
1742842074465,58.24011,3169,,Center,809.342,616.9519,48.19361,,6.022242,-11.7994,48.19361,15.36977
1742842074484,58.257,3170,,Center,809.7171,617.6969,48.20164,,6.048531,-11.75113,48.20164,15.33311
1742842074501,58.27468,3171,,Center,809.3188,620.7644,48.25142,,6.027895,-11.55625,48.25142,15.11623
1742842074518,58.29155,3172,,Center,809.7733,621.1185,48.25289,,6.058756,-11.53271,48.25289,15.10854
1742842074535,58.30843,3173,,Center,802.9263,621.0221,48.30362,,5.602536,-11.55134,48.30362,14.88416
1742842074551,58.32621,3174,,Center,803.629,622.0122,48.31307,,5.651122,-11.4867,48.31307,14.84064
1742842074585,58.35885,3176,,Center,805.4542,625.0849,48.34486,,5.778256,-11.28649,48.34486,14.69623
1742842074603,58.37633,3177,,Center,807.4468,630.7215,48.4119,,5.921189,-10.92048,48.4119,14.39155
1742842074617,58.39322,3178,,Center,808.0372,631.895,48.4237,,5.962615,-10.84365,48.4237,14.33536
1742842074652,58.42501,3180,,Center,809.4765,633.9075,48.4403,,6.06218,-10.71103,48.4403,14.25589
1742842074669,58.4427,3181,,Center,808.8638,632.1863,48.42114,,6.018283,-10.82336,48.42114,14.34628
1742842074685,58.46002,3182,,Center,810.3495,633.3727,48.42571,,6.119482,-10.74402,48.42571,14.32331
1742842074716,58.49086,3184,Eye Hit,Center,818.6108,642.8863,48.48655,MicroBus4-Detailed,6.68742,-10.11234,48.48655,14.03837
1742842074748,58.52301,3186,,Center,821.0762,643.6489,48.4746,,6.852926,-10.05814,48.4746,14.09427
1742842074779,58.55438,3188,Eye Hit,Center,828.3537,644.6326,48.41921,MicroBus4-Detailed,7.337943,-9.980031,48.41921,14.35049
1742842074809,58.58573,3190,Eye Hit,Center,835.8215,668.0363,48.62845,MicroBus4-Detailed,7.877572,-8.431364,48.62845,13.34856
1742842074840,58.6148,3192,Eye Hit,Center,839.5314,669.5256,48.60553,MicroBus4-Detailed,8.126066,-8.326145,48.60553,13.4612
1742842074871,58.647,3194,Eye Hit,Center,843.888,671.0197,48.57428,MicroBus4-Detailed,8.41683,-8.219281,48.57428,13.61448
1742842074900,58.67606,3196,Eye Hit,Center,853.2923,680.178,48.56165,MicroBus4-Detailed,9.053394,-7.595102,48.56165,13.67693
1742842074933,58.70758,3198,Eye Hit,Center,866.3214,684.3746,48.43944,MicroBus4-Detailed,9.913338,-7.291667,48.43944,14.25461
1742842074963,58.73855,3200,Eye Hit,Center,879.312,692.9133,48.34181,MicroBus4-Detailed,10.7717,-6.699633,48.34181,14.7033
1742842074994,58.76847,3202,,Center,893.9821,705.775,48.23209,,11.73691,-5.816772,48.23209,15.19431
1742842075030,58.80502,3204,,Center,926.7323,717.3422,47.77265,,13.8134,-4.988469,47.77265,17.0888
1742842075061,58.83598,3206,,Center,936.2583,716.3788,47.59573,,14.39639,-5.034132,47.59573,17.7671
1742842075093,58.86784,3208,,Center,861.7545,720.7241,48.79095,,9.673622,-4.864013,48.79095,12.51224
1742842075127,58.90263,3210,,Center,784.9013,714.7593,49.48539,,4.492037,-5.346091,49.48539,8.031844
1742842075160,58.9363,3212,Eye Hit,Center,688.1234,683.8226,49.3642,Sedan4-Detailed,-2.200881,-7.468987,49.3642,8.963768
1742842075175,58.9545,3213,Eye Hit,Center,708.4318,687.6312,49.44292,Sedan4-Detailed,-0.7999849,-7.217515,49.44292,8.355339
1742842075195,58.97337,3214,Eye Hit,Center,666.0379,685.2748,49.28815,Sedan4-Detailed,-3.720011,-7.357368,49.28815,9.495872
1742842075223,59.00113,3215,Eye Hit,Center,714.4711,695.2626,49.51755,Sedan4-Detailed,-0.3829203,-6.699873,49.51755,7.717928
1742842075260,59.02946,3216,Eye Hit,Center,709.0909,707.5591,49.61803,Sedan4-Detailed,-0.7570809,-5.860106,49.61803,6.791134
1742842075294,59.0578,3217,Eye Hit,Center,681.5544,712.3925,49.5882,Sedan4-Detailed,-2.666479,-5.521347,49.5882,7.048736
1742842075330,59.08977,3218,Eye Hit,Center,697.4979,732.2721,49.76602,Sedan4-Detailed,-1.566275,-4.157412,49.76602,5.101348
1742842075371,59.12352,3219,Eye Hit,Center,712.7139,764.6245,49.92304,Sedan4-Detailed,-0.5087541,-1.911508,49.92304,2.269002
1742842075412,59.16369,3220,,Center,764.7422,777.6902,49.85402,,3.119824,-0.9978086,49.85402,3.759111
1742842075444,59.20525,3221,,Center,673.506,769.3246,49.83404,,-3.240679,-1.580498,49.83404,4.1382
1742842075485,59.23751,3222,,Center,705.2435,763.033,49.9119,,-1.030149,-2.022183,49.9119,2.603463
1742842075519,59.27947,3223,,Center,682.6642,776.847,49.88496,,-2.605004,-1.057261,49.88496,3.225615
1742842075560,59.31227,3224,,Center,690.9319,783.6876,49.91881,,-2.029523,-0.5803665,49.91881,2.421316
1742842075591,59.35444,3225,,Center,657.7667,783.8557,49.77413,,-4.332505,-0.5669815,49.77413,5.016923
1742842075632,59.38422,3226,,Center,642.1111,784.559,49.66843,,-5.410893,-0.5169204,49.66843,6.245384
1742842075675,59.42573,3227,,Center,694.5679,769.7272,49.9106,,-1.775369,-1.554823,49.9106,2.707037
1742842075718,59.46844,3228,,Center,769.5597,789.6213,49.85013,,3.455473,-0.1658518,49.85013,3.969804
1742842075758,59.51105,3229,,Center,823.1979,779.8733,49.45602,,7.138429,-0.8388309,49.45602,8.269044
1742842075801,59.55208,3230,,Center,881.9432,775.1483,48.7302,,11.03758,-1.148561,48.7302,12.829
1742842075829,59.59338,3231,,Center,863.0653,775.0818,48.99342,,9.803589,-1.159323,48.99342,11.39224
1742842075870,59.62048,3232,Eye Hit,Center,771.3828,775.2477,49.83387,Car3-Detailed,3.58142,-1.167648,49.83387,4.322822
1742842075904,59.66093,3233,Eye Hit,Center,617.7531,770.9055,49.45087,Car3-Detailed,-7.071913,-1.459002,49.45087,8.307659
1742842075933,59.69492,3234,,Center,541.9241,746.7769,48.4042,,-12.05594,-3.061656,48.4042,14.41169
1742842075961,59.72426,3235,,Center,512.5329,740.4692,47.88433,,-13.89491,-3.451227,47.88433,16.64632
1742842075979,59.75152,3236,Eye Hit,Center,533.4649,736.2299,48.22471,NorthSidewalk,-12.58181,-3.761696,48.22471,15.23291
1742842076002,59.76959,3237,,Center,544.7021,739.9055,48.42281,,-11.87243,-3.528212,48.42281,14.34752
1742842076020,59.79334,3238,,Center,548.5512,738.6929,48.4765,,-11.62461,-3.614345,48.4765,14.09677
1742842076037,59.81152,3239,Eye Hit,Center,563.5798,734.4855,48.67721,NorthSidewalk,-10.64955,-3.915762,48.67721,13.12131
1742842076074,59.84857,3241,Eye Hit,Center,574.1514,729.0994,48.79321,NorthSidewalk,-9.953468,-4.292664,48.79321,12.52516
1742842076109,59.88194,3243,Eye Hit,Center,569.5795,728.3672,48.72771,NorthSidewalk,-10.2517,-4.336805,48.72771,12.86775
1742842076127,59.89971,3244,Eye Hit,Center,575.7811,726.2836,48.79842,NorthSidewalk,-9.843301,-4.485307,48.79842,12.49855
1742842076143,59.91758,3245,Eye Hit,Center,517.6201,733.2477,47.94436,SportCar2-Detailed,-13.57118,-3.939811,47.94436,16.42276
1742842076177,59.9506,3247,Eye Hit,Center,512.5703,734.2316,47.86099,SportCar2-Detailed,-13.88562,-3.867094,47.86099,16.76045
1742842076197,59.96793,3248,Eye Hit,Center,516.3707,733.158,47.92289,SportCar2-Detailed,-13.64885,-3.944055,47.92289,16.51305
1742842076214,59.98925,3249,Eye Hit,Center,516.4623,732.5822,47.92182,SportCar2-Detailed,-13.64241,-3.982564,47.92182,16.5184
1742842076246,60.02088,3251,Eye Hit,Center,514.3457,732.8624,47.8861,SportCar2-Detailed,-13.774,-3.960826,47.8861,16.6623
1742842076280,60.05336,3253,Eye Hit,Center,518.5323,725.3714,47.91909,SportCar2-Detailed,-13.5029,-4.465624,47.91909,16.53064
1742842076297,60.07097,3254,Eye Hit,Center,515.2636,722.6012,47.84551,SportCar2-Detailed,-13.7009,-4.644146,47.84551,16.82327
1742842076313,60.08849,3255,Eye Hit,Center,513.6229,721.0833,47.8077,SportCar2-Detailed,-13.79978,-4.741974,47.8077,16.97314
1742842076346,60.12048,3257,Eye Hit,Center,515.3131,716.213,47.80659,SportCar2-Detailed,-13.68645,-5.067519,47.80659,16.97647
1742842076380,60.15482,3259,Eye Hit,Center,515.6915,708.0378,47.75685,SportCar2-Detailed,-13.64693,-5.608315,47.75685,17.16844
1742842076413,60.18797,3261,Eye Hit,Center,513.499,706.0223,47.70347,SportCar2-Detailed,-13.77796,-5.736522,47.70347,17.37278
1742842076447,60.21976,3263,Eye Hit,Center,508.5622,699.9088,47.56989,SportCar2-Detailed,-14.06785,-6.127214,47.56989,17.87778
1742842076463,60.23729,3264,Eye Hit,Center,503.574,700.8464,47.48719,SportCar2-Detailed,-14.3747,-6.05429,47.48719,18.18328
1742842076479,60.25452,3265,Eye Hit,Center,501.086,696.1708,47.40526,SportCar2-Detailed,-14.51486,-6.353855,47.40526,18.48161
1742842076512,60.28733,3267,,Center,495.6015,680.9011,47.17381,,-14.80586,-7.330331,47.17381,19.30116
1742842076544,60.31964,3269,,Center,489.1349,673.0817,46.98041,,-15.17009,-7.814089,46.98041,19.96214
1742842076576,60.35245,3271,,Center,567.9874,731.2565,48.72119,,-10.35882,-4.139338,48.72119,12.89618
1742842076609,60.38312,3273,,Center,692.2434,809.3121,49.92778,,-1.9383,1.208939,49.92778,2.619727
1742842076643,60.41618,3275,,Center,751.2957,835.1582,49.84066,,2.181635,3.008571,49.84066,4.264342
1742842076659,60.43382,3276,,Center,755.9587,842.8029,49.79094,,2.504188,3.537951,49.79094,4.975278
1742842076692,60.46579,3278,,Center,755.485,830.4238,49.84553,,2.473909,2.678798,49.84553,4.183948
1742842076712,60.48307,3279,,Center,748.3804,820.2439,49.89938,,1.980732,1.971208,49.89938,3.205279
1742842076728,60.50268,3280,Eye Hit,Center,746.7134,826.7239,49.8847,NorthCarSignal,1.863839,2.422749,49.8847,3.506489
1742842076761,60.53503,3282,,Center,736.262,809.6918,49.94989,,1.136112,1.236004,49.94989,1.924883
1742842076778,60.55238,3283,,Center,733.5909,807.6194,49.95625,,0.9496197,1.091353,49.95625,1.65871
1742842076811,60.58663,3285,,Center,734.2459,810.0019,49.95041,,0.9952735,1.257678,49.95041,1.839092
1742842076845,60.61965,3287,,Center,730.7071,812.3397,49.95031,,0.7480382,1.421008,49.95031,1.841325
1742842076878,60.65087,3289,,Center,726.222,812.0579,49.95321,,0.4347134,1.4014,49.95321,1.682374
1742842076895,60.66811,3290,,Center,727.478,805.3711,49.96395,,0.5225827,0.9344061,49.96395,1.227485
1742842076911,60.68625,3291,,Center,726.277,804.7022,49.96465,,0.4386577,0.887679,49.96465,1.135394
1742842076944,60.71854,3293,,Center,724.2691,806.0445,49.96424,,0.2983402,0.9814745,49.96424,1.176197
1742842076977,60.75002,3295,,Center,717.2153,807.0474,49.96252,,-0.1945991,1.051522,49.96252,1.22621
1742842076992,60.76681,3296,,Center,716.1085,804.5188,49.96684,,-0.2719627,0.8748976,49.96684,1.05053
1742842077025,60.79962,3298,,Center,711.1649,801.2708,49.96785,,-0.6174665,0.647917,49.96785,1.02641
1742842077057,60.83138,3300,,Center,707.0712,796.0505,49.96494,,-0.9035147,0.2830616,49.96494,1.085705
1742842077090,60.86481,3302,,Center,702.6176,795.8181,49.96021,,-1.214637,0.2667986,49.96021,1.425876
1742842077123,60.89654,3304,,Center,697.3309,789.675,49.94837,,-1.583686,-0.1624289,49.94837,1.825528
1742842077156,60.93415,3306,,Center,688.5161,778.3479,49.91688,,-2.198107,-0.953146,49.91688,2.747944
1742842077189,60.96267,3308,,Center,680.5127,764.2326,49.86029,,-2.753755,-1.936436,49.86029,3.862648
1742842077205,60.98014,3309,,Center,676.4903,761.5579,49.83786,,-3.032904,-2.122005,49.83786,4.247684
1742842077238,61.01271,3311,Eye Hit,Center,671.8661,759.1552,49.81037,NorthCarSignal,-3.353387,-2.288228,49.81037,4.659511
1742842077271,61.04714,3313,Eye Hit,Center,664.6401,755.7451,49.76159,NorthCarSignal,-3.853033,-2.523328,49.76159,5.288057
1742842077311,61.08052,3315,Eye Hit,Center,661.8674,739.4775,49.6758,NorthCarSignal,-4.039035,-3.649247,49.6758,6.253478
1742842077329,61.10371,3316,Eye Hit,Center,664.7933,747.9972,49.73277,NorthCarSignal,-3.840144,-3.060807,49.73277,5.639236
1742842077353,61.12209,3317,Eye Hit,Center,660.6006,746.8479,49.70212,NorthCarSignal,-4.12924,-3.138816,49.70212,5.957694
1742842077370,61.14559,3318,Eye Hit,Center,661.0568,743.421,49.69057,NorthCarSignal,-4.096572,-3.376256,49.69057,6.097926
1742842077395,61.16244,3319,Eye Hit,Center,655.4674,742.8725,49.65223,NorthCarSignal,-4.481575,-3.411743,49.65223,6.471842
1742842077423,61.18844,3320,Eye Hit,Center,651.2675,746.6797,49.64283,NorthCarSignal,-4.772341,-3.14675,49.64283,6.568741
1742842077450,61.21513,3321,Eye Hit,Center,639.1035,749.3377,49.56724,NorthCarSignal,-5.608379,-2.957683,49.56724,7.289492
1742842077478,61.24239,3322,Eye Hit,Center,636.6761,754.0125,49.56618,NorthCarSignal,-5.776543,-2.633533,49.56618,7.298826
1742842077506,61.27093,3323,Eye Hit,Center,625.1668,754.985,49.47208,NorthCarSignal,-6.561959,-2.561244,49.47208,8.103628
1742842077534,61.29899,3324,Eye Hit,Center,614.4745,753.5444,49.36237,NorthCarSignal,-7.285618,-2.655026,49.36237,8.927596
1742842077561,61.32707,3325,Eye Hit,Center,599.6796,752.8582,49.20326,NorthCarSignal,-8.280298,-2.693688,49.20326,10.03566
1742842077587,61.35407,3326,Eye Hit,Center,581.0812,752.0626,48.97718,NorthCarSignal,-9.516292,-2.735813,48.97718,11.42946
1742842077614,61.38079,3327,Eye Hit,Center,557.7568,756.6711,48.67334,NorthCarSignal,-11.04512,-2.405107,48.67334,13.07465
1742842077641,61.40637,3328,Eye Hit,Center,546.4997,757.4105,48.50653,NorthCarSignal,-11.771,-2.346697,48.50653,13.89832
1742842077669,61.43465,3329,Eye Hit,Center,515.6843,763.5423,48.00808,NorthCarSignal,-13.7192,-1.910854,48.00808,16.09429
1742842077710,61.46194,3330,,Center,591.1967,767.1819,49.14185,,-8.853018,-1.70582,49.14185,10.3962
1742842077751,61.50266,3331,,Center,784.2922,759.7283,49.70918,,4.47,-2.243734,49.70918,5.745524
1742842077793,61.54359,3332,Eye Hit,Center,822.6698,757.0485,49.3904,NorthWalkingSignal,7.092481,-2.414464,49.3904,8.625618
1742842077821,61.58678,3333,,Center,823.5894,773.044,49.42146,,7.160507,-1.310315,49.42146,8.378995
1742842077848,61.61324,3334,,Center,793.1656,771.3415,49.67467,,5.083406,-1.435312,49.67467,6.06973
1742842077877,61.64084,3335,,Center,747.7365,765.9807,49.88428,,1.935213,-1.8154,49.88428,3.044783
1742842077906,61.66911,3336,Eye Hit,Center,711.7687,757.5112,49.89367,NorthWalkingSignal,-0.5744187,-2.406779,49.89367,2.839108
1742842077934,61.69821,3337,Eye Hit,Center,682.7914,760.4428,49.8318,NorthWalkingSignal,-2.593362,-2.199468,49.8318,3.903746
1742842077962,61.72757,3338,Eye Hit,Center,659.6348,763.2346,49.73144,NorthWalkingSignal,-4.198849,-2.000847,49.73144,5.343168
1742842077990,61.75603,3339,,Center,638.1671,765.9867,49.59222,,-5.676155,-1.804355,49.59222,6.848423
1742842078018,61.78327,3340,Eye Hit,Center,609.9829,767.5515,49.33985,NorthWalkingSignal,-7.592257,-1.687185,49.33985,8.95787
1742842078046,61.81071,3341,,Center,594.1147,769.6181,49.16906,,-8.657248,-1.539225,49.16906,10.13916
1742842078075,61.83935,3342,,Center,560.7314,768.4477,48.72929,,-10.85508,-1.605227,48.72929,12.69052
1742842078102,61.86734,3343,,Center,523.9287,774.6144,48.14887,,-13.20423,-1.170818,48.14887,15.39295
1742842078129,61.89388,3344,,Center,515.1828,774.9236,47.99526,,-13.74921,-1.146326,47.99526,16.03803
1742842078158,61.9222,3345,,Center,579.4556,749.1962,48.91033,,-9.614505,-2.928164,48.91033,11.61201
1742842078186,61.95072,3346,,Center,653.722,732.7555,49.544,,-4.592758,-4.105366,49.544,7.087646
1742842078214,61.97943,3347,,Center,691.7112,723.7953,49.65853,,-1.964814,-4.737195,49.65853,5.896345
1742842078241,62.00648,3348,,Center,673.9557,721.5414,49.58108,,-3.193043,-4.886108,49.58108,6.714197
1742842078269,62.03354,3349,,Center,609.5839,728.2565,49.13407,,-7.588011,-4.380582,49.13407,10.11083
1742842078296,62.06171,3350,,Center,554.0503,730.7404,48.45219,,-11.24612,-4.151454,48.45219,13.89687
1742842078323,62.08927,3351,,Center,512.0756,731.5071,47.77439,,-13.89356,-4.042152,47.77439,16.8502
1742842078352,62.11578,3352,,Center,537.616,725.8998,48.17889,,-12.29013,-4.454228,48.17889,15.1806
1742842078379,62.14474,3353,,Center,575.7064,729.316,48.75781,,-9.840204,-4.274783,48.75781,12.40955
1742842078408,62.17182,3354,,Center,686.9388,737.0296,49.72866,,-2.299526,-3.823388,49.72866,5.126826
1742842078448,62.20055,3355,,Center,645.4457,741.7318,49.52073,,-5.163841,-3.481715,49.52073,7.168149
1742842078489,62.24136,3356,,Center,762.1147,733.1318,49.67692,,2.926183,-4.090236,49.67692,5.780792
1742842078530,62.28238,3357,,Center,744.5905,732.7897,49.73247,,1.710489,-4.118607,49.73247,5.12415
1742842078558,62.32407,3358,,Center,715.2239,725.9428,49.72424,,-0.3321679,-4.594108,49.72424,5.292391
1742842078585,62.34976,3359,,Center,683.7513,721.8987,49.6403,,-2.516748,-4.867136,49.6403,6.298837
1742842078613,62.37598,3360,,Center,692.5718,723.6084,49.68417,,-1.906025,-4.752625,49.68417,5.884298
1742842078645,62.40438,3361,Eye Hit,Center,773.1584,732.1954,49.64476,MicroBus4-Detailed,3.691119,-4.152611,49.64476,6.385616
1742842078676,62.43524,3362,Eye Hit,Center,780.3813,732.9899,49.61513,MicroBus4-Detailed,4.190149,-4.094993,49.61513,6.734671
1742842078705,62.46609,3363,Eye Hit,Center,767.5634,727.2732,49.65178,MicroBus4-Detailed,3.303093,-4.495023,49.65178,6.410042
1742842078724,62.49613,3364,Eye Hit,Center,759.0595,727.2329,49.68531,MicroBus4-Detailed,2.71436,-4.500857,49.68531,6.038646
1742842078745,62.51474,3365,Eye Hit,Center,743.231,718.5231,49.67834,MicroBus4-Detailed,1.614166,-5.105415,49.67834,6.151795
1742842078765,62.53604,3366,Eye Hit,Center,739.2457,715.0535,49.66605,MicroBus4-Detailed,1.336924,-5.345165,49.66605,6.330353
1742842078787,62.55633,3367,Eye Hit,Center,723.1512,710.5671,49.6473,MicroBus4-Detailed,0.2188179,-5.654686,49.6473,6.502674
1742842078806,62.57778,3368,Eye Hit,Center,722.4584,718.1997,49.70872,MicroBus4-Detailed,0.1709194,-5.13102,49.70872,5.896544
1742842078821,62.59707,3369,Eye Hit,Center,715.7999,717.7176,49.70436,MicroBus4-Detailed,-0.2919881,-5.164086,49.70436,5.940956
1742842078861,62.63341,3371,Eye Hit,Center,762.3749,785.5353,49.89041,MicroBus4-Detailed,2.956912,-0.4511057,49.89041,3.431024
1742842078877,62.65245,3372,,Center,756.5158,784.0308,49.9123,,2.549185,-0.5563322,49.9123,2.992448
1742842078916,62.68872,3374,,Center,834.394,783.8435,49.35648,,7.896964,-0.563068,49.35648,9.112898
1742842078932,62.70663,3375,,Center,846.3865,758.4979,49.17362,,8.692518,-2.304181,49.17362,10.36356
1742842078949,62.72442,3376,,Center,840.8318,758.4057,49.23918,,8.321561,-2.313606,49.23918,9.949179
1742842078984,62.75919,3378,,Center,832.6437,756.3909,49.32673,,7.77145,-2.456723,49.32673,9.382487
1742842079018,62.79269,3380,,Center,820.7332,729.5889,49.32438,,6.949399,-4.305625,49.32438,9.410768
1742842079051,62.82552,3382,,Center,813.6921,717.1594,49.31246,,6.462083,-5.161865,49.31246,9.520991
1742842079085,62.85909,3384,,Center,802.4194,710.3804,49.35629,,5.689637,-5.634429,49.35629,9.215203
1742842079121,62.89271,3386,,Center,792.2863,708.3627,49.4169,,4.996256,-5.780808,49.4169,8.789324
1742842079139,62.91132,3387,,Center,784.4916,704.2687,49.43067,,4.458741,-6.065466,49.43067,8.659208
1742842079154,62.92941,3388,,Center,781.3825,703.4451,49.44503,,4.245024,-6.124181,49.44503,8.570223
1742842079188,62.96147,3390,,Center,778.2779,705.0629,49.47485,,4.032751,-6.015926,49.47485,8.328267
1742842079205,62.97828,3391,,Center,767.342,702.2791,49.50513,,3.278004,-6.21236,49.50513,8.075623
1742842079221,62.99534,3392,,Center,766.0944,699.6124,49.49008,,3.190652,-6.395061,49.49008,8.217237
1742842079254,63.02891,3394,,Center,768.9283,692.0225,49.4074,,3.381155,-6.908871,49.4074,8.848908
1742842079287,63.06163,3396,,Center,764.6013,691.7354,49.4248,,3.083227,-6.931151,49.4248,8.725959
1742842079322,63.0946,3398,,Center,761.0257,690.0508,49.42155,,2.835863,-7.047143,49.42155,8.738263
1742842079338,63.11216,3399,,Center,753.5776,686.8413,49.41257,,2.320596,-7.267676,49.41257,8.777045
1742842079353,63.12897,3400,,Center,753.0181,686.8763,49.41691,,2.282132,-7.265897,49.41691,8.761186
1742842079389,63.16214,3402,,Center,753.4631,687.8375,49.42551,,2.313289,-7.200712,49.42551,8.70001
1742842079421,63.19605,3404,,Center,755.0746,686.7772,49.40776,,2.423824,-7.271395,49.40776,8.81813
1742842079455,63.22796,3406,,Center,756.1173,687.121,49.40779,,2.495879,-7.247648,49.40779,8.818821
1742842079472,63.24529,3407,,Center,758.3535,686.8234,49.3936,,2.649652,-7.266122,49.3936,8.899251
1742842079488,63.26237,3408,,Center,759.8199,687.0036,49.39146,,2.750835,-7.25336,49.39146,8.925989
1742842079522,63.29602,3410,,Center,763.2033,681.4791,49.32037,,2.980274,-7.624012,49.32037,9.423604
1742842079555,63.33028,3412,,Center,766.8662,680.9957,49.29967,,3.231594,-7.654145,49.29967,9.56606
1742842079589,63.36248,3414,,Center,763.4,682.0403,49.32327,,2.99402,-7.585749,49.32327,9.388477
1742842079605,63.37959,3415,,Center,757.8989,683.0688,49.35223,,2.61605,-7.519206,49.35223,9.163774
1742842079639,63.41298,3417,,Center,741.395,684.4487,49.41208,,1.478627,-7.432958,49.41208,8.719833
1742842079656,63.42965,3418,,Center,743.5308,684.7691,49.41168,,1.626221,-7.410755,49.41168,8.729492
1742842079672,63.44678,3419,,Center,644.4197,684.8745,49.16853,,-5.197671,-7.367038,49.16853,10.39092
1742842079709,63.4816,3421,Eye Hit,Center,620.092,684.268,48.96474,LowMale2,-6.842216,-7.378041,48.96474,11.61276
1742842079726,63.49888,3422,Eye Hit,Center,623.0388,683.0371,48.97963,LowMale2,-6.642419,-7.464607,48.97963,11.53041
1742842079742,63.51627,3423,,Center,620.8558,681.7961,48.94598,,-6.787305,-7.544441,48.94598,11.71344
1742842079775,63.5479,3425,Eye Hit,Center,633.8959,684.1745,49.08067,LowMale2,-5.910816,-7.401929,49.08067,10.92359
1742842079791,63.56559,3426,,Center,631.3328,688.5591,49.10162,,-6.089359,-7.103971,49.10162,10.78876
1742842079824,63.59876,3428,Eye Hit,Center,636.1733,690.1745,49.15487,LowMale2,-5.763176,-7.000613,49.15487,10.45195
1742842079856,63.63025,3430,Eye Hit,Center,638.5394,690.0205,49.17201,LowMale2,-5.602454,-7.013645,49.17201,10.34568
1742842079888,63.66302,3432,Eye Hit,Center,643.1395,689.1659,49.19725,LowMale2,-5.288796,-7.076049,49.19725,10.17987
1742842079919,63.69424,3434,Eye Hit,Center,644.0194,682.5416,49.13718,LowMale2,-5.221867,-7.522671,49.13718,10.55678
1742842079949,63.72545,3436,,Center,641.9141,682.7195,49.12305,,-5.365013,-7.508289,49.12305,10.63939
1742842079980,63.75521,3438,Eye Hit,Center,644.7639,686.8399,49.18348,LowMale2,-5.175572,-7.234076,49.18348,10.25118
1742842080011,63.78555,3440,,Center,643.5523,689.5853,49.20097,,-5.260788,-7.047721,49.20097,10.1346
1742842080027,63.80245,3441,Eye Hit,Center,646.3873,688.7437,49.21271,LowMale2,-5.066906,-7.107331,49.21271,10.0576
1742842080042,63.81915,3442,Eye Hit,Center,646.9201,688.47,49.21342,LowMale2,-5.030306,-7.126278,49.21342,10.05101
1742842080072,63.84763,3444,Eye Hit,Center,647.6918,686.6734,49.20105,LowMale2,-4.975939,-7.248121,49.20105,10.1313
1742842080103,63.87727,3446,Eye Hit,Center,651.9774,687.3173,49.23544,LowMale2,-4.68429,-7.208842,49.23544,9.904666
1742842080134,63.90794,3448,Eye Hit,Center,653.0447,686.8237,49.2374,LowMale2,-4.610978,-7.243122,49.2374,9.892051
1742842080148,63.92494,3449,Eye Hit,Center,654.5406,686.8236,49.24635,LowMale2,-4.50878,-7.244447,49.24635,9.830053
1742842080180,63.95547,3451,Eye Hit,Center,657.5616,685.5748,49.25177,LowMale2,-4.301171,-7.331268,49.25177,9.791633
1742842080211,63.98675,3453,Eye Hit,Center,660.3262,685.0432,49.26228,LowMale2,-4.111604,-7.36946,49.26228,9.720674
1742842080242,64.0172,3455,Eye Hit,Center,664.8815,678.465,49.21905,LowMale2,-3.794406,-7.815841,49.21905,10.01078
1742842080275,64.04772,3457,Eye Hit,Center,672.9404,675.2278,49.2225,LowMale2,-3.239846,-8.03926,49.2225,9.986783
1742842080291,64.0658,3458,Eye Hit,Center,673.2948,674.1722,49.21289,LowMale2,-3.214823,-8.110349,49.21289,10.05272
1742842080323,64.09768,3460,Eye Hit,Center,676.3732,674.3357,49.22711,LowMale2,-3.003794,-8.101438,49.22711,9.955186
1742842080353,64.12856,3462,Eye Hit,Center,678.0022,674.2025,49.23234,LowMale2,-2.891946,-8.111468,49.23234,9.921646
1742842080384,64.16103,3464,Eye Hit,Center,687.1548,685.2342,49.38073,LowMale2,-2.268519,-7.373991,49.38073,8.879869
1742842080416,64.19205,3466,Eye Hit,Center,691.9285,686.4653,49.40655,LowMale2,-1.939826,-7.292774,49.40655,8.684237
1742842080447,64.22245,3468,Eye Hit,Center,694.1021,686.6619,49.41407,LowMale2,-1.789898,-7.280295,49.41407,8.627121
1742842080478,64.25269,3470,,Center,680.8509,682.4677,49.33092,,-2.701182,-7.557433,49.33092,9.240482
1742842080509,64.28267,3472,,Center,651.6218,679.7597,49.15579,,-4.70116,-7.716785,49.15579,10.41605
1742842080539,64.31374,3474,,Center,647.7289,670.5202,49.03019,,-4.956113,-8.33068,49.03019,11.18342
1742842080570,64.34344,3476,,Center,658.6221,674.1985,49.13775,,-4.218327,-8.096159,49.13775,10.52484
1742842080600,64.37484,3478,,Center,666.3133,678.629,49.22662,,-3.696406,-7.805752,49.22662,9.951175
1742842080629,64.40382,3480,,Center,681.937,682.671,49.3359,,-2.626509,-7.544165,49.3359,9.197294
1742842080659,64.43349,3482,,Center,691.1319,685.5621,49.39433,,-1.994383,-7.353369,49.39433,8.768716
1742842080688,64.46332,3484,,Center,722.9798,693.3365,49.50781,,0.2063343,-6.831926,49.50781,7.86055
1742842080717,64.49348,3486,,Center,720.5481,705.9504,49.61944,,0.03803963,-5.971918,49.61944,6.862928
1742842080748,64.52624,3488,,Center,685.4656,722.269,49.68409,,-2.39984,-4.845697,49.68409,6.211356
1742842080778,64.55649,3490,,Center,675.5234,733.7333,49.71601,,-3.092721,-4.051631,49.71601,5.853773
1742842080806,64.58227,3491,,Center,659.8904,727.3381,49.59951,,-4.169983,-4.485788,49.59951,7.039351
1742842080834,64.61032,3492,,Center,719.504,737.1449,49.82866,,-0.03456606,-3.823042,49.82866,4.387491
1742842080857,64.63394,3493,,Center,709.0714,734.398,49.80776,,-0.761333,-4.012798,49.80776,4.687927
1742842080880,64.65889,3494,,Center,691.3639,733.7689,49.77007,,-1.993404,-4.053555,49.77007,5.186027
1742842080918,64.68523,3495,,Center,694.9202,737.4288,49.79814,,-1.746826,-3.80093,49.79814,4.801671
1742842080957,64.71124,3496,,Center,696.9011,764.1393,49.90873,,-1.612428,-1.944829,49.90873,2.897797
1742842080995,64.74908,3497,,Center,692.668,767.9944,49.90701,,-1.907855,-1.675664,49.90701,2.912621
1742842081026,64.78854,3498,Eye Hit,Center,664.7054,783.7217,49.82007,Truck1-Detailed,-3.853009,-0.5768468,49.82007,4.471462
1742842081058,64.81969,3499,,Center,633.7142,783.3851,49.60907,,-5.98706,-0.5977581,49.60907,6.915316
1742842081089,64.84992,3500,,Center,607.1755,772.8239,49.3449,,-7.786794,-1.323474,49.3449,9.093988
1742842081117,64.88085,3501,,Center,583.414,770.1835,49.06406,,-9.373084,-1.497138,49.06406,10.94915
1742842081148,64.90979,3502,,Center,600.1248,781.1166,49.28217,,-8.26289,-0.7501834,49.28217,9.556417
1742842081176,64.94077,3503,,Center,632.2323,779.7776,49.59758,,-6.08847,-0.8478731,49.59758,7.065331
1742842081205,64.96801,3504,,Center,612.5403,768.4992,49.39664,,-7.424309,-1.623653,49.39664,8.74651
1742842081232,64.99702,3505,,Center,637.5146,774.7218,49.63391,,-5.726226,-1.199471,49.63391,6.722604
1742842081261,65.0255,3506,,Center,612.8573,750.7521,49.34636,,-7.394871,-2.846885,49.34636,9.122553
1742842081288,65.05345,3507,,Center,593.4749,742.3188,49.09975,,-8.688979,-3.411808,49.09975,10.76457
1742842081316,65.08038,3508,Eye Hit,Center,610.116,736.6226,49.2561,NorthSidewalk,-7.570199,-3.815096,49.2561,9.765192
1742842081344,65.10849,3509,,Center,632.7668,745.4728,49.50999,,-6.040704,-3.221907,49.50999,7.872926
1742842081372,65.13826,3510,,Center,640.6281,746.9804,49.57947,,-5.504039,-3.121881,49.57947,7.273271
1742842081400,65.16448,3511,,Center,660.5671,748.3354,49.71799,,-4.132886,-3.03638,49.71799,5.889226
1742842081441,65.19308,3512,,Center,693.254,746.8271,49.84793,,-1.86474,-3.149476,49.84793,4.19946
1742842081482,65.23473,3513,,Center,647.9296,742.8182,49.61349,,-5.001143,-3.412851,49.61349,6.957788
1742842081510,65.27672,3514,Eye Hit,Center,585.9122,724.1423,48.91246,NorthSidewalk,-9.17322,-4.642284,48.91246,11.87031
1742842081539,65.30328,3515,Eye Hit,Center,582.46,723.7548,48.86685,NorthSidewalk,-9.400614,-4.664438,48.86685,12.12024
1742842081578,65.33196,3516,Eye Hit,Center,618.0209,726.6813,49.27824,NorthSidewalk,-7.028771,-4.502004,49.27824,9.613742
1742842081619,65.37067,3517,Eye Hit,Center,661.905,724.8563,49.59912,NorthSidewalk,-4.03019,-4.657919,49.59912,7.079005
1742842081660,65.41231,3518,,Center,701.8827,735.9554,49.81007,,-1.262187,-3.904487,49.81007,4.709481
1742842081703,65.45464,3519,,Center,682.3124,748.1636,49.81374,,-2.625794,-3.0542,49.81374,4.622664
1742842081744,65.49622,3520,Eye Hit,Center,696.1684,761.7193,49.90325,MicroBus4-Detailed,-1.663395,-2.113527,49.90325,3.085023
1742842081786,65.53617,3521,,Center,516.7982,722.4022,47.86166,,-13.6028,-4.659034,47.86166,16.72127
1742842081816,65.57666,3522,Eye Hit,Center,470.747,694.0426,46.8005,SportCar5-Detailed,-16.31563,-6.412105,46.8005,20.5348
1742842081848,65.60699,3523,Eye Hit,Center,436.6093,693.2633,46.08293,MicroBus5-Detailed,-18.2658,-6.364019,46.08293,22.76958
1742842081877,65.63861,3524,,Center,420.8183,696.756,45.76147,,-19.14908,-6.09608,45.76147,23.70854
1742842081906,65.66795,3525,Eye Hit,Center,413.1937,725.5301,45.76442,SW_Tree_10,-19.63836,-4.254672,45.76442,23.70503
1742842081933,65.69681,3526,Eye Hit,Center,424.8877,728.1712,46.04389,SW_Tree_10,-19.00519,-4.110566,46.04389,22.89465
1742842081960,65.7245,3527,Eye Hit,Center,441.763,729.2209,46.42495,SW_Tree_30,-18.06672,-4.076425,46.42495,21.74917
1742842081980,65.75153,3528,,Center,456.5219,728.4442,46.73844,,-17.2239,-4.154726,46.73844,20.76105
1742842082002,65.77096,3529,,Center,471.4811,715.365,46.97396,,-16.32787,-5.034976,46.97396,19.98862
1742842082021,65.79389,3530,,Center,472.019,715.4721,46.98584,,-16.29665,-5.029207,46.98584,19.95001
1742842082044,65.81241,3531,,Center,465.25,713.5717,46.83738,,-16.68859,-5.137812,46.83738,20.4461
1742842082063,65.83517,3532,,Center,474.4247,716.3516,47.04049,,-16.15732,-4.977191,47.04049,19.76866
1742842082079,65.8537,3533,,Center,475.493,716.0771,47.06066,,-16.09393,-4.997396,47.06066,19.70194
1742842082117,65.89122,3535,,Center,480.3461,714.7592,47.14931,,-15.80421,-5.093719,47.14931,19.40097
1742842082136,65.90794,3536,Eye Hit,Center,494.2154,711.8836,47.39689,MicroBus5-Detailed,-14.96777,-5.311096,47.39689,18.52537
1742842082155,65.92721,3537,Eye Hit,Center,497.251,711.3602,47.45134,MicroBus5-Detailed,-14.7835,-5.351934,47.45134,18.33201
1742842082173,65.94585,3538,Eye Hit,Center,501.0915,707.9855,47.49834,MicroBus5-Detailed,-14.543,-5.581432,47.49834,18.1571
1742842082190,65.96358,3539,Eye Hit,Center,501.3935,707.7243,47.50244,MicroBus5-Detailed,-14.52419,-5.599267,47.50244,18.14349
1742842082211,65.98096,3540,Eye Hit,Center,555.3245,706.7794,48.38632,SportCar5-Detailed,-11.1446,-5.767399,48.38632,14.53878
1742842082229,66.0013,3541,Eye Hit,Center,566.5856,701.2445,48.50167,SportCar5-Detailed,-10.40724,-6.156623,48.50167,13.99901
1742842082246,66.01999,3542,Eye Hit,Center,566.614,700.8291,48.49919,SportCar5-Detailed,-10.40479,-6.184485,48.49919,14.01314
1742842082285,66.05696,3544,Eye Hit,Center,572.0361,699.3356,48.55966,SportCar5-Detailed,-10.0495,-6.293635,48.55966,13.72228
1742842082302,66.07568,3545,Eye Hit,Center,571.6888,699.2416,48.55335,SportCar5-Detailed,-10.07178,-6.299199,48.55335,13.7483
1742842082322,66.09335,3546,Eye Hit,Center,570.7013,697.7997,48.52891,SportCar5-Detailed,-10.13373,-6.393901,48.52891,13.86946
1742842082340,66.11231,3547,Eye Hit,Center,571.5457,698.4775,48.54504,SportCar5-Detailed,-10.07977,-6.350005,48.54504,13.78819
1742842082357,66.13128,3548,Eye Hit,Center,570.7968,698.1057,48.53213,SportCar5-Detailed,-10.12792,-6.373551,48.53213,13.85106
1742842082396,66.16796,3550,Eye Hit,Center,575.9536,699.0213,48.60583,SportCar5-Detailed,-9.792727,-6.320986,48.60583,13.48478
1742842082413,66.18755,3551,Eye Hit,Center,574.9308,699.0142,48.59265,SportCar5-Detailed,-9.859589,-6.319753,48.59265,13.55025
1742842082451,66.22579,3553,Eye Hit,Center,575.4411,698.8453,48.59779,SportCar5-Detailed,-9.825942,-6.331903,48.59779,13.52466
1742842082470,66.24296,3554,Eye Hit,Center,573.6216,702.9814,48.60734,SportCar5-Detailed,-9.951574,-6.051955,48.60734,13.47517
1742842082489,66.26124,3555,Eye Hit,Center,571.0526,703.6312,48.57854,SportCar5-Detailed,-10.12023,-6.004214,48.57854,13.61664
1742842082507,66.28021,3556,Eye Hit,Center,495.0932,724.2939,47.48739,MicroBus5-Detailed,-14.93805,-4.496962,47.48739,18.18606
1742842082525,66.29761,3557,,Center,493.1082,730.0388,47.4808,,-15.0678,-4.114819,47.4808,18.20943
1742842082546,66.31571,3558,,Center,490.1612,730.8373,47.42875,,-15.24677,-4.057342,47.42875,18.39993
1742842082564,66.33616,3559,,Center,487.9512,731.5807,47.38972,,-15.38071,-4.004727,47.38972,18.54037
1742842082581,66.35561,3560,,Center,486.5936,731.7908,47.36437,,-15.46242,-3.988665,47.36437,18.63119
1742842082620,66.39242,3562,,Center,457.3004,729.6677,46.76113,,-17.18135,-4.076721,46.76113,20.68801
1742842082638,66.41082,3563,,Center,448.1246,707.9445,46.44112,,-17.65979,-5.459861,46.44112,21.70359
1742842082658,66.42834,3564,,Center,445.0768,707.6103,46.37388,,-17.8319,-5.473635,46.37388,21.91159
1742842082675,66.4483,3565,,Center,457.7017,707.9451,46.64268,,-17.11165,-5.483518,46.64268,21.06885
1742842082692,66.46572,3566,,Center,475.3532,743.3708,47.19395,,-16.14874,-3.209938,47.19395,19.23248
1742842082714,66.48295,3567,,Center,473.5064,742.8087,47.1545,,-16.25705,-3.244323,47.1545,19.3696
1742842082731,66.50421,3568,,Center,508.1786,743.2567,47.82208,,-14.16809,-3.260288,47.82208,16.90977
1742842082749,66.52238,3569,,Center,507.1703,743.7405,47.80576,,-14.23067,-3.226832,47.80576,16.97396
1742842082769,66.53996,3570,,Center,500.4477,739.9133,47.66563,,-14.63714,-3.472519,47.66563,17.51584
1742842082786,66.56012,3571,,Center,499.9872,740.5178,47.65953,,-14.66597,-3.431781,47.65953,17.53841
1742842082806,66.57717,3572,,Center,502.1113,738.582,47.69032,,-14.53376,-3.563124,47.69032,17.42069
1742842082824,66.59608,3573,,Center,501.0523,739.4924,47.67474,,-14.59962,-3.501255,47.67474,17.48009
1742842082843,66.61515,3574,,Center,492.1102,739.4794,47.50644,,-15.14224,-3.489758,47.50644,18.11273
1742842082860,66.63408,3575,,Center,492.8224,735.0552,47.49977,,-15.09281,-3.783194,47.49977,18.13749
1742842082879,66.65106,3576,,Center,492.2921,735.5873,47.49216,,-15.12561,-3.747245,47.49216,18.16542
1742842082899,66.66999,3577,Eye Hit,Center,491.4105,729.3105,47.44415,MicroBus5-Detailed,-15.16882,-4.159972,47.44415,18.34165
1742842082916,66.69003,3578,Eye Hit,Center,491.0233,729.5369,47.43801,MicroBus5-Detailed,-15.19255,-4.144409,47.43801,18.36427
1742842082936,66.70704,3579,Eye Hit,Center,485.9514,725.6586,47.31966,MicroBus5-Detailed,-15.49033,-4.390754,47.31966,18.79095
1742842082955,66.72695,3580,Eye Hit,Center,485.7032,725.2436,47.31263,MicroBus5-Detailed,-15.50445,-4.417566,47.31263,18.81624
1742842082978,66.74567,3581,Eye Hit,Center,491.4601,724.2351,47.41761,MicroBus5-Detailed,-15.15704,-4.494252,47.41761,18.4387
1742842082996,66.76843,3582,Eye Hit,Center,493.4417,727.3393,47.47244,MicroBus5-Detailed,-15.043,-4.293337,47.47244,18.23869
1742842083019,66.78777,3583,Eye Hit,Center,494.473,727.3351,47.49218,MicroBus5-Detailed,-14.98075,-4.295402,47.49218,18.16706
1742842083038,66.80982,3584,Eye Hit,Center,495.8692,729.6154,47.53085,MicroBus5-Detailed,-14.90013,-4.147304,47.53085,18.0249
1742842083061,66.82931,3585,Eye Hit,Center,496.668,729.1881,47.54381,MicroBus5-Detailed,-14.85107,-4.176847,47.54381,17.97748
1742842083079,66.85119,3586,Eye Hit,Center,497.0203,729.542,47.55229,MicroBus5-Detailed,-14.83029,-4.154057,47.55229,17.94594
1742842083103,66.86957,3587,Eye Hit,Center,497.8978,730.275,47.57262,MicroBus5-Detailed,-14.77824,-4.107059,47.57262,17.87032
1742842083120,66.89387,3588,Eye Hit,Center,498.0141,730.3916,47.57555,MicroBus5-Detailed,-14.77141,-4.099553,47.57555,17.85992
1742842083144,66.9111,3589,Eye Hit,Center,497.1888,721.965,47.51356,MicroBus5-Detailed,-14.80701,-4.654206,47.51356,18.09065
1742842083162,66.93487,3590,Eye Hit,Center,500.492,722.1951,47.57616,MicroBus5-Detailed,-14.60672,-4.645024,47.57616,17.85726
1742842083185,66.95356,3591,Eye Hit,Center,501.2279,721.7874,47.5875,MicroBus5-Detailed,-14.56122,-4.673269,47.5875,17.81537
1742842083206,66.97583,3592,Eye Hit,Center,502.3609,721.6035,47.60717,MicroBus5-Detailed,-14.4918,-4.687447,47.60717,17.74112
1742842083227,66.99596,3593,Eye Hit,Center,502.9081,721.8953,47.61927,MicroBus5-Detailed,-14.45903,-4.669201,47.61927,17.69671
1742842083246,67.01762,3594,Eye Hit,Center,503.5562,713.1501,47.5761,MicroBus5-Detailed,-14.4028,-5.246903,47.5761,17.85865
1742842083263,67.03602,3595,Eye Hit,Center,506.3448,715.394,47.6413,MicroBus5-Detailed,-14.23672,-5.104572,47.6413,17.61253
1742842083282,67.0543,3596,Eye Hit,Center,507.733,715.3573,47.66653,MicroBus5-Detailed,-14.15171,-5.10972,47.66653,17.51829
1742842083301,67.07324,3597,Eye Hit,Center,507.1114,715.4592,47.65586,MicroBus5-Detailed,-14.18998,-5.101783,47.65586,17.55839
1742842083318,67.09234,3598,Eye Hit,Center,507.9135,715.8309,47.67297,MicroBus5-Detailed,-14.14158,-5.078836,47.67297,17.49422
1742842083355,67.1292,3600,Eye Hit,Center,508.6053,717.911,47.69894,MicroBus5-Detailed,-14.10314,-4.942825,47.69894,17.39594
1742842083390,67.1635,3602,Eye Hit,Center,511.2033,720.0505,47.75881,MicroBus5-Detailed,-13.9473,-4.806116,47.75881,17.16531
1742842083408,67.18108,3603,Eye Hit,Center,513.0645,720.9709,47.79769,MicroBus5-Detailed,-13.83422,-4.748498,47.79769,17.01452
1742842083425,67.19931,3604,Eye Hit,Center,517.0888,721.0834,47.86902,MicroBus5-Detailed,-13.58543,-4.748053,47.86902,16.73278
1742842083459,67.23334,3606,Eye Hit,Center,518.2117,724.4059,47.90871,MicroBus5-Detailed,-13.52145,-4.529354,47.90871,16.5755
1742842083494,67.26765,3608,Eye Hit,Center,528.3585,724.2405,48.08128,MicroBus5-Detailed,-12.88779,-4.556793,48.08128,15.87061
1742842083512,67.28602,3609,Eye Hit,Center,530.7106,724.0065,48.11966,MicroBus5-Detailed,-12.73977,-4.57618,48.11966,15.71205
1742842083547,67.31865,3611,Eye Hit,Center,533.591,724.4501,48.17067,MicroBus5-Detailed,-12.55921,-4.551143,48.17067,15.49944
1742842083565,67.33702,3612,Eye Hit,Center,655.6812,728.2842,49.59095,NW_Tree_30,-4.461214,-4.419394,49.59095,7.216864
1742842083581,67.35572,3613,Eye Hit,Center,658.4817,728.8806,49.61226,NW_Tree_30,-4.268806,-4.379904,49.61226,7.027804
1742842083617,67.38803,3615,,Center,696.0273,729.2996,49.76991,,-1.668773,-4.364654,49.76991,5.363666
1742842083634,67.408,3616,,Center,698.7582,729.2446,49.77481,,-1.478815,-4.368913,49.77481,5.294242
1742842083650,67.4248,3617,,Center,701.8305,730.1799,49.7873,,-1.265244,-4.304885,49.7873,5.149743
1742842083669,67.44182,3618,,Center,702.4402,728.5471,49.77749,,-1.222547,-4.41771,49.77749,5.261236
1742842083687,67.46015,3619,,Center,707.757,730.9286,49.80162,,-0.8527924,-4.253968,49.80162,4.978939
1742842083704,67.47729,3620,Eye Hit,Center,704.7104,726.1779,49.76735,NorthSidewalk,-1.064276,-4.581724,49.76735,5.399206
1742842083721,67.4947,3621,Eye Hit,Center,707.1154,727.0901,49.77746,NorthSidewalk,-0.89705,-4.51915,49.77746,5.288131
1742842083756,67.52797,3623,Eye Hit,Center,646.4308,704.4658,49.36447,MicroBus4-Detailed,-5.07953,-6.043728,49.36447,9.086315
1742842083773,67.54656,3624,Eye Hit,Center,551.9539,614.4725,47.3032,SouthSidewalk,-11.11813,-11.74543,47.3032,18.87568
1742842083807,67.58035,3626,Eye Hit,Center,466.1531,505.3004,44.06962,SouthSidewalk,-15.64675,-17.67174,44.06962,28.17301
1742842083825,67.5971,3627,Eye Hit,Center,448.0837,404.3403,41.67993,SouthSidewalk,-15.85167,-22.59907,41.67993,33.51613
1742842083843,67.61552,3628,Eye Hit,Center,450.2378,404.2718,41.71255,SouthSidewalk,-15.73841,-22.62075,41.71255,33.4505
1742842083860,67.63398,3629,Eye Hit,Center,438.3929,378.1423,40.95202,SouthSidewalk,-16.1299,-23.70496,40.95202,34.99752
1742842083896,67.66644,3631,Eye Hit,Center,436.8764,373.8687,40.83456,SouthSidewalk,-16.17026,-23.88105,40.83456,35.23279
1742842083912,67.68687,3632,Eye Hit,Center,437.634,374.3476,40.85764,SouthSidewalk,-16.1361,-23.86718,40.85764,35.18886
1742842083945,67.71968,3634,Eye Hit,Center,433.1379,372.0558,40.738,SouthSidewalk,-16.34503,-23.92788,40.738,35.4249
1742842083979,67.75358,3636,Eye Hit,Center,427.9611,368.2036,40.57397,SouthSidewalk,-16.573,-24.05014,40.57397,35.74846
1742842084013,67.78778,3638,Eye Hit,Center,415.1085,357.6523,40.14298,SouthSidewalk,-17.11858,-24.38709,40.14298,36.58414
1742842084048,67.82199,3640,Eye Hit,Center,411.0239,354.0384,40.00042,SouthSidewalk,-17.28631,-24.50267,40.00042,36.85735
1742842084066,67.839,3641,Eye Hit,Center,405.304,344.7742,39.70747,SouthSidewalk,-17.47738,-24.83773,39.70747,37.41086
1742842084083,67.85724,3642,Eye Hit,Center,405.1592,344.4855,39.69953,SouthSidewalk,-17.48192,-24.8488,39.69953,37.427
1742842084118,67.89074,3644,Eye Hit,Center,391.2852,343.9602,39.47117,SouthSidewalk,-18.1473,-24.73486,39.47117,37.85524
1742842084136,67.90896,3645,Eye Hit,Center,387.2191,337.7821,39.27246,SouthSidewalk,-18.27929,-24.94969,39.27246,38.22242
1742842084153,67.92728,3646,Eye Hit,Center,386.2523,337.6839,39.25548,SouthSidewalk,-18.32447,-24.9443,39.25548,38.25461
1742842084192,67.96407,3648,Eye Hit,Center,386.7762,347.7112,39.47852,SouthSidewalk,-18.39966,-24.53235,39.47852,37.83894
1742842084209,67.98197,3649,Eye Hit,Center,387.7218,346.3985,39.46452,SouthSidewalk,-18.34094,-24.59611,39.46452,37.86316
1742842084229,67.99909,3650,Eye Hit,Center,384.1595,348.2137,39.44553,SouthSidewalk,-18.52865,-24.48413,39.44553,37.89753
1742842084247,68.01991,3651,Eye Hit,Center,383.6261,347.6747,39.42564,SouthSidewalk,-18.54872,-24.5015,39.42564,37.93502
1742842084263,68.03759,3652,Eye Hit,Center,380.902,355.1389,39.53918,SouthSidewalk,-18.75278,-24.15928,39.53918,37.72171
1742842084281,68.05523,3653,Eye Hit,Center,379.7561,354.6212,39.50961,SouthSidewalk,-18.80208,-24.16982,39.50961,37.77742
1742842084299,68.07223,3654,Eye Hit,Center,379.1614,362.113,39.6572,SouthSidewalk,-18.90531,-23.84456,39.6572,37.49979
1742842084316,68.09059,3655,Eye Hit,Center,377.6741,362.3745,39.63795,SouthSidewalk,-18.97859,-23.81849,39.63795,37.53613
1742842084350,68.12573,3657,Eye Hit,Center,378.2147,367.2821,39.74908,SouthSidewalk,-19.00174,-23.61242,39.74908,37.32548
1742842084386,68.16201,3659,Eye Hit,Center,378.4284,367.662,39.76004,SouthSidewalk,-18.9951,-23.59781,39.76004,37.30368
1742842084419,68.19348,3661,Eye Hit,Center,374.9927,358.5471,39.51144,SouthSidewalk,-19.06619,-23.95398,39.51144,37.77044
1742842084457,68.2294,3663,Eye Hit,Center,381.3975,360.5771,39.65966,SouthSidewalk,-18.78244,-23.93123,39.65966,37.49076
1742842084473,68.24712,3664,Eye Hit,Center,404.2441,474.4286,42.35987,SouthSidewalk,-18.70764,-18.8152,42.35987,32.06161
1742842084489,68.26412,3665,Eye Hit,Center,404.1018,474.6671,42.36143,SouthSidewalk,-18.71676,-18.80177,42.36143,32.05766
1742842084526,68.29894,3667,Eye Hit,Center,484.2858,677.2759,46.92681,SW_Tree_10,-15.47105,-7.529892,46.92681,20.13596
1742842084542,68.3163,3668,Eye Hit,Center,485.0055,677.6197,46.9432,SW_Tree_10,-15.4292,-7.509948,46.9432,20.0796
1742842084563,68.33304,3669,Eye Hit,Center,485.2733,677.0749,46.94275,SW_Tree_10,-15.41147,-7.545645,46.94275,20.07949
1742842084581,68.35471,3670,Eye Hit,Center,485.5325,677.4023,46.95015,SW_Tree_10,-15.39687,-7.525335,46.95015,20.05285
1742842084598,68.37164,3671,Eye Hit,Center,480.8701,748.847,47.32203,SW_Tree_10,-15.82742,-2.856193,47.32203,18.77106
1742842084615,68.38907,3672,Eye Hit,Center,481.0674,750.1807,47.33005,SW_Tree_10,-15.81704,-2.768383,47.33005,18.74033
1742842084634,68.40602,3673,Eye Hit,Center,481.0209,769.4113,47.38039,SW_Tree_10,-15.83695,-1.496933,47.38039,18.55902
1742842084651,68.42524,3674,Eye Hit,Center,481.9505,769.5748,47.39843,SW_Tree_10,-15.78135,-1.486662,47.39843,18.49121
1742842084684,68.45977,3676,Eye Hit,Center,584.3263,783.4958,49.09823,MicroBus5-Detailed,-9.316963,-0.5840008,49.09823,10.76538
1742842084722,68.49461,3678,,Center,593.7391,791.8656,49.21526,,-8.691238,-0.009251357,49.21526,10.01496
1742842084738,68.51234,3679,Eye Hit,Center,603.347,782.791,49.32114,MicroBus5-Detailed,-8.047147,-0.6352686,49.32114,9.294938
1742842084776,68.54886,3681,Eye Hit,Center,603.9212,791.8807,49.33047,MicroBus5-Detailed,-8.009051,-0.008233993,49.33047,9.221811
1742842084793,68.56666,3682,Eye Hit,Center,604.1024,781.7633,49.32845,MicroBus5-Detailed,-7.996218,-0.7062705,49.32845,9.242864
1742842084814,68.58382,3683,Eye Hit,Center,604.823,781.7937,49.33448,MicroBus5-Detailed,-7.947476,-0.7042591,49.33448,9.186625
1742842084832,68.60458,3684,Eye Hit,Center,610.2542,791.2681,49.39785,MicroBus5-Detailed,-7.582437,-0.05056733,49.39785,8.726836
1742842084849,68.62363,3685,Eye Hit,Center,610.6219,791.0964,49.40071,MicroBus5-Detailed,-7.557472,-0.06243652,49.40071,8.698159
1742842084885,68.65788,3687,Eye Hit,Center,613.1486,792.329,49.42563,MicroBus5-Detailed,-7.386612,0.02273938,49.42563,8.499926
1742842084902,68.6758,3688,Eye Hit,Center,612.9159,792.1975,49.4242,MicroBus5-Detailed,-7.402486,0.01365367,49.4242,8.518159
1742842084919,68.6934,3689,Eye Hit,Center,612.7595,792.5866,49.42153,MicroBus5-Detailed,-7.412895,0.04054765,49.42153,8.530508
1742842084955,68.72768,3691,Eye Hit,Center,604.8904,780.2285,49.3315,MicroBus5-Detailed,-7.942348,-0.8122119,49.3315,9.192999
1742842084972,68.74582,3692,Eye Hit,Center,502.9992,733.0373,47.67319,SW_Tree_10,-14.46933,-3.931557,47.67319,17.45918
1742842084991,68.76304,3693,Eye Hit,Center,503.33,734.2587,47.68414,SW_Tree_10,-14.45059,-3.850998,47.68414,17.41272
1742842085010,68.78223,3694,Eye Hit,Center,395.3523,673.9467,44.99888,SouthSidewalk,-20.43275,-7.430065,44.99888,25.78806
1742842085028,68.802,3695,Eye Hit,Center,326.0097,582.4509,42.39801,SouthSidewalk,-23.36382,-12.42636,42.39801,31.97049
1742842085045,68.81879,3696,Eye Hit,Center,325.6835,584.0125,42.40878,SouthSidewalk,-23.3891,-12.33689,42.40878,31.94495
1742842085066,68.83626,3697,Eye Hit,Center,311.9764,513.8232,41.12251,SouthSidewalk,-23.46809,-15.99976,41.12251,34.63276
1742842085084,68.85709,3698,Eye Hit,Center,311.9602,514.6262,41.1333,SouthSidewalk,-23.47518,-15.95776,41.1333,34.60896
1742842085101,68.87501,3699,Eye Hit,Center,320.7188,459.1461,40.42324,SouthSidewalk,-22.57475,-18.81905,40.42324,36.01934
1742842085121,68.89256,3700,Eye Hit,Center,320.7525,460.2051,40.44011,SouthSidewalk,-22.58226,-18.767,40.44011,35.98246
1742842085140,68.91187,3701,Eye Hit,Center,344.8734,412.6357,40.05416,SouthSidewalk,-21.01543,-21.25284,40.05416,36.73053
1742842085157,68.93112,3702,Eye Hit,Center,344.8912,414.6574,40.092,SouthSidewalk,-21.03429,-21.15955,40.092,36.6559
1742842085195,68.96725,3704,Eye Hit,Center,353.3497,421.4525,40.38301,SouthSidewalk,-20.70921,-20.92934,40.38301,36.09585
1742842085212,68.98553,3705,Eye Hit,Center,353.6283,422.4337,40.40593,SouthSidewalk,-20.70522,-20.88577,40.40593,36.04908
1742842085233,69.00297,3706,Eye Hit,Center,357.4112,424.5839,40.5188,SouthSidewalk,-20.54868,-20.82225,40.5188,35.82904
1742842085250,69.02428,3707,Eye Hit,Center,358.6214,425.757,40.56295,SouthSidewalk,-20.50241,-20.77838,40.56295,35.74017
1742842085269,69.04096,3708,Eye Hit,Center,358.3262,424.1136,40.52734,SouthSidewalk,-20.50114,-20.8533,40.52734,35.81285
1742842085289,69.05965,3709,Eye Hit,Center,359.5445,426.0434,40.58494,SouthSidewalk,-20.46112,-20.77339,40.58494,35.69516
1742842085306,69.08007,3710,Eye Hit,Center,351.6046,418.5131,40.29242,SouthSidewalk,-20.7611,-21.04804,40.29242,36.26905
1742842085325,69.09698,3711,Eye Hit,Center,352.5222,420.8539,40.35334,SouthSidewalk,-20.7407,-20.94775,40.35334,36.14853
1742842085344,69.11581,3712,Eye Hit,Center,352.1945,421.1616,40.35342,SouthSidewalk,-20.75924,-20.93042,40.35342,36.14916
1742842085362,69.13497,3713,Eye Hit,Center,354.4766,422.5107,40.42398,SouthSidewalk,-20.66651,-20.89074,40.42398,36.01493
1742842085379,69.15301,3714,Eye Hit,Center,353.8163,423.5726,40.4306,SouthSidewalk,-20.70723,-20.83411,40.4306,35.99977
1742842085399,69.16989,3715,Eye Hit,Center,352.8094,423.7459,40.41538,SouthSidewalk,-20.75636,-20.81647,40.41538,36.03058
1742842085418,69.19138,3716,Eye Hit,Center,353.0479,424.4921,40.43301,SouthSidewalk,-20.75192,-20.78336,40.43301,35.99405
1742842085435,69.21054,3717,Eye Hit,Center,355.0732,421.6039,40.41792,SouthSidewalk,-20.62968,-20.93887,40.41792,36.02679
1742842085473,69.24634,3719,Eye Hit,Center,358.4313,415.8711,40.37001,SouthSidewalk,-20.41562,-21.23775,40.37001,36.11926
1742842085490,69.26385,3720,Eye Hit,Center,358.5548,416.6079,40.38557,SouthSidewalk,-20.41652,-21.20431,40.38557,36.08701
1742842085511,69.28065,3721,Eye Hit,Center,361.3099,411.3991,40.33588,SouthSidewalk,-20.23596,-21.47209,40.33588,36.18482
1742842085529,69.3023,3722,Eye Hit,Center,363.8214,404.3497,40.24477,SouthSidewalk,-20.04888,-21.82039,40.24477,36.3645
1742842085547,69.32003,3723,Eye Hit,Center,363.016,404.7074,40.23628,SouthSidewalk,-20.08998,-21.79565,40.23628,36.37916
1742842085568,69.33825,3724,Eye Hit,Center,360.7743,403.3966,40.17015,SouthSidewalk,-20.18291,-21.83348,40.17015,36.50796
1742842085584,69.35918,3725,Eye Hit,Center,360.7719,404.4182,40.18938,SouthSidewalk,-20.1927,-21.7865,40.18938,36.46921
1742842085623,69.39443,3727,Eye Hit,Center,348.6717,400.8629,39.89757,SouthSidewalk,-20.72132,-21.82671,39.89757,37.02855
1742842085640,69.41405,3728,Eye Hit,Center,345.192,386.0388,39.54554,SouthSidewalk,-20.73096,-22.45407,39.54554,37.69678
1742842085659,69.43114,3729,Eye Hit,Center,344.8954,386.5315,39.54924,SouthSidewalk,-20.7493,-22.42891,39.54924,37.68873
1742842085678,69.44985,3730,Eye Hit,Center,344.7888,385.4337,39.52672,SouthSidewalk,-20.74338,-22.47683,39.52672,37.7328
1742842085696,69.46851,3731,Eye Hit,Center,345.8249,385.408,39.54642,SouthSidewalk,-20.69641,-22.48945,39.54642,37.69852
1742842085713,69.48744,3732,Eye Hit,Center,345.4194,385.2726,39.53594,SouthSidewalk,-20.71334,-22.49098,39.53594,37.71729
1742842085734,69.50416,3733,Eye Hit,Center,346.2174,381.601,39.47869,SouthSidewalk,-20.63929,-22.66115,39.47869,37.82589
1742842085752,69.52498,3734,Eye Hit,Center,345.693,380.9702,39.45643,SouthSidewalk,-20.65659,-22.68318,39.45643,37.86684
1742842085771,69.54401,3735,Eye Hit,Center,347.6184,381.4185,39.50101,SouthSidewalk,-20.57355,-22.68405,39.50101,37.78551
1742842085790,69.56116,3736,Eye Hit,Center,346.0818,380.4382,39.45336,SouthSidewalk,-20.63353,-22.71078,39.45336,37.87342
1742842085807,69.58071,3737,Eye Hit,Center,345.1827,380.5481,39.44034,SouthSidewalk,-20.67632,-22.69722,39.44034,37.89958
1742842085825,69.5977,3738,Eye Hit,Center,352.4064,380.5956,39.57153,SouthSidewalk,-20.34528,-22.77008,39.57153,37.65555
1742842085845,69.61547,3739,Eye Hit,Center,350.1128,379.0214,39.49887,SouthSidewalk,-20.43463,-22.81524,39.49887,37.79104
1742842085862,69.63622,3740,Eye Hit,Center,348.3522,366.5601,39.21898,SouthSidewalk,-20.38641,-23.33713,39.21898,38.31282
1742842085880,69.65395,3741,Eye Hit,Center,347.6409,365.8545,39.19223,SouthSidewalk,-20.4115,-23.35989,39.19223,38.36209
1742842085901,69.67099,3742,Eye Hit,Center,343.6751,364.5294,39.09641,SouthSidewalk,-20.57845,-23.37524,39.09641,38.53958
1742842085918,69.6917,3743,Eye Hit,Center,342.0692,362.8118,39.03373,SouthSidewalk,-20.63314,-23.43154,39.03373,38.65463
1742842085956,69.72776,3745,Eye Hit,Center,340.6584,364.0723,39.03436,SouthSidewalk,-20.71049,-23.36309,39.03436,38.65411
1742842085974,69.7466,3746,Eye Hit,Center,348.7487,368.1103,39.2579,SouthSidewalk,-20.38487,-23.27517,39.2579,38.24231
1742842085992,69.76502,3747,Eye Hit,Center,347.6314,366.6556,39.20905,SouthSidewalk,-20.42078,-23.32598,39.20905,38.33268
1742842086011,69.78201,3748,Eye Hit,Center,410.6237,484.5705,42.67108,SouthSidewalk,-18.46433,-18.34814,42.67108,31.38429
1742842086029,69.80235,3749,Eye Hit,Center,497.7616,649.8243,46.8924,SW_Tree_10,-14.57587,-9.324828,46.8924,20.2542
1742842086046,69.82121,3750,Eye Hit,Center,496.8685,649.4453,46.87202,SW_Tree_10,-14.62809,-9.345618,46.87202,20.32163
1742842086081,69.85376,3752,,Center,549.5507,793.5895,48.61971,,-11.59099,0.1080871,48.61971,13.40962
1742842086099,69.87151,3753,,Center,567.0789,794.604,48.87663,,-10.45397,0.1780162,48.87663,12.07452
1742842086115,69.89043,3754,,Center,565.7833,794.1121,48.85862,,-10.53866,0.144336,48.85862,12.17317
1742842086151,69.92347,3756,Eye Hit,Center,565.3607,763.241,48.81549,Jeep4-Detailed,-10.55821,-1.963557,48.81549,12.40725
1742842086168,69.94218,3757,Eye Hit,Center,566.5366,756.7167,48.81305,Jeep4-Detailed,-10.4774,-2.408897,48.81305,12.42072
1742842086203,69.97509,3759,Eye Hit,Center,568.8418,756.4458,48.84418,Jeep4-Detailed,-10.3266,-2.428939,48.84418,12.25369
1742842086221,69.99359,3760,Eye Hit,Center,567.0647,756.0363,48.81834,Jeep4-Detailed,-10.44248,-2.455612,48.81834,12.39317
1742842086238,70.01123,3761,Eye Hit,Center,566.8634,756.1202,48.81579,Jeep4-Detailed,-10.45568,-2.44976,48.81579,12.40669
1742842086255,70.02937,3762,Eye Hit,Center,566.4929,755.8842,48.80985,Jeep4-Detailed,-10.4797,-2.465569,48.80985,12.43839
1742842086290,70.06252,3764,Eye Hit,Center,566.7985,755.8435,48.81391,Jeep4-Detailed,-10.4597,-2.468555,48.81391,12.41637
1742842086307,70.08055,3765,Eye Hit,Center,567.4913,747.9779,48.79468,Jeep4-Detailed,-10.40831,-3.00439,48.79468,12.51758
1742842086324,70.09727,3766,Eye Hit,Center,566.2351,748.2003,48.77808,Jeep4-Detailed,-10.49047,-2.988192,48.77808,12.60511
1742842086341,70.11458,3767,Eye Hit,Center,566.5178,748.1705,48.78167,Jeep4-Detailed,-10.47195,-2.990448,48.78167,12.585
1742842086359,70.13148,3768,Eye Hit,Center,562.8658,748.5455,48.73148,Jeep4-Detailed,-10.71009,-2.961814,48.73148,12.84534
1742842086377,70.15003,3769,Eye Hit,Center,561.6755,748.4593,48.71392,Jeep4-Detailed,-10.78734,-2.966616,48.71392,12.93447
1742842086393,70.16774,3770,Eye Hit,Center,558.4931,746.3415,48.65928,Jeep4-Detailed,-10.99182,-3.107421,48.65928,13.21082
1742842086429,70.20045,3772,Eye Hit,Center,556.1849,744.7083,48.61834,Jeep4-Detailed,-11.13953,-3.215867,48.61834,13.41327
1742842086446,70.22036,3773,Eye Hit,Center,554.6439,745.4577,48.59847,Jeep4-Detailed,-11.23972,-3.163613,48.59847,13.51005
1742842086479,70.25427,3775,Eye Hit,Center,557.1034,747.6937,48.64365,Jeep4-Detailed,-11.08284,-3.014422,48.64365,13.28504
1742842086496,70.271,3776,Eye Hit,Center,558.3687,744.7239,48.65,Jeep4-Detailed,-10.99819,-3.216901,48.65,13.25383
1742842086514,70.28767,3777,Eye Hit,Center,555.1725,745.5936,48.60611,Jeep4-Detailed,-11.20556,-3.154871,48.60611,13.4687
1742842086531,70.30447,3778,Eye Hit,Center,555.645,751.1436,48.63494,Jeep4-Detailed,-11.18006,-2.779208,48.63494,13.32621
1742842086549,70.32233,3779,Eye Hit,Center,554.0488,751.4412,48.61198,Jeep4-Detailed,-11.28331,-2.757663,48.61198,13.43835
1742842086564,70.33974,3780,Eye Hit,Center,556.0281,748.2709,48.62952,Jeep4-Detailed,-11.15276,-2.974294,48.62952,13.35247
1742842086601,70.37402,3782,Eye Hit,Center,549.4122,753.8836,48.55037,Jeep4-Detailed,-11.58387,-2.588315,48.55037,13.73809
1742842086618,70.39209,3783,Eye Hit,Center,547.8101,753.5544,48.52427,Jeep4-Detailed,-11.68637,-2.609268,48.52427,13.86169
1742842086652,70.42612,3785,Eye Hit,Center,544.5198,747.2245,48.4495,Jeep4-Detailed,-11.89133,-3.034192,48.4495,14.21412
1742842086671,70.44345,3786,Eye Hit,Center,545.6423,750.3384,48.47953,Jeep4-Detailed,-11.82259,-2.824929,48.47953,14.07575
1742842086687,70.46175,3787,Eye Hit,Center,544.3018,749.8418,48.45637,Jeep4-Detailed,-11.90779,-2.857234,48.45637,14.18271
1742842086723,70.4953,3789,Eye Hit,Center,544.2022,747.638,48.44601,Jeep4-Detailed,-11.91199,-3.005952,48.44601,14.22965
1742842086740,70.51408,3790,Eye Hit,Center,546.8989,746.8752,48.48531,Jeep4-Detailed,-11.73878,-3.060121,48.48531,14.04709
1742842086757,70.53083,3791,Eye Hit,Center,545.5322,746.1356,48.46074,Jeep4-Detailed,-11.82546,-3.108696,48.46074,14.16086
1742842086775,70.54811,3792,Eye Hit,Center,548.7224,746.4558,48.51168,Jeep4-Detailed,-11.62144,-3.090241,48.51168,13.92209
1742842086793,70.56525,3793,Eye Hit,Center,546.4456,744.6943,48.46838,Jeep4-Detailed,-11.76541,-3.206898,48.46838,14.12247
1742842086809,70.58431,3794,Eye Hit,Center,551.6691,743.7234,48.54443,Jeep4-Detailed,-11.42921,-3.277851,48.54443,13.76248
1742842086849,70.61836,3796,Eye Hit,Center,551.728,738.7094,48.52195,Jeep4-Detailed,-11.41992,-3.616609,48.52195,13.86767
1742842086865,70.64001,3797,Eye Hit,Center,552.7256,739.9105,48.54305,Jeep4-Detailed,-11.35715,-3.536633,48.54305,13.76855
1742842086883,70.65672,3798,Eye Hit,Center,551.9537,739.7108,48.52996,Jeep4-Detailed,-11.40649,-3.549234,48.52996,13.82874
1742842086904,70.67404,3799,Eye Hit,Center,549.677,742.7862,48.50937,Jeep4-Detailed,-11.55612,-3.339068,48.50937,13.92669
1742842086921,70.69514,3800,Eye Hit,Center,548.8932,742.9598,48.49747,Jeep4-Detailed,-11.60645,-3.326475,48.49747,13.97993
1742842086938,70.71203,3801,Eye Hit,Center,510.0439,744.2907,47.856,Sedan2-Detailed,-14.05328,-3.193393,47.856,16.75934
1742842086959,70.72948,3802,Eye Hit,Center,508.67,745.1067,47.83318,Sedan2-Detailed,-14.1385,-3.13728,47.83318,16.84468
1742842086977,70.74952,3803,Eye Hit,Center,484.9135,741.5927,47.37182,Sedan2-Detailed,-15.57617,-3.339844,47.37182,18.58677
1742842086994,70.76768,3804,Eye Hit,Center,485.4496,733.9072,47.34842,Sedan2-Detailed,-15.53298,-3.847163,47.34842,18.67367
1742842087032,70.80515,3806,Eye Hit,Center,484.2771,740.7371,47.35608,Sedan2-Detailed,-15.61315,-3.395406,47.35608,18.64455
1742842087048,70.82404,3807,Eye Hit,Center,484.2711,740.6902,47.35512,Sedan2-Detailed,-15.61323,-3.398445,47.35512,18.64569
1742842087085,70.85691,3809,Eye Hit,Center,485.2977,734.673,47.34781,Sedan2-Detailed,-15.54283,-3.796403,47.34781,18.67114
1742842087101,70.87562,3810,Eye Hit,Center,485.9045,734.0903,47.35783,Sedan2-Detailed,-15.50593,-3.835802,47.35783,18.63873
1742842087119,70.89236,3811,Eye Hit,Center,485.9403,734.0875,47.35793,Sedan2-Detailed,-15.50359,-3.835991,47.35793,18.6363
1742842087136,70.91103,3812,Eye Hit,Center,488.6082,731.1942,47.39618,Sedan2-Detailed,-15.33925,-4.03089,47.39618,18.50164
1742842087154,70.92785,3813,Eye Hit,Center,488.4012,730.7926,47.389,Sedan2-Detailed,-15.35065,-4.056901,47.389,18.52343
1742842087172,70.94482,3814,Eye Hit,Center,485.3332,730.3508,47.32825,Sedan2-Detailed,-15.53406,-4.080943,47.32825,18.74501
1742842087190,70.96268,3815,Eye Hit,Center,485.2022,730.0089,47.32344,Sedan2-Detailed,-15.54115,-4.103159,47.32344,18.76036
1742842087209,70.98026,3816,Eye Hit,Center,488.9991,729.8342,47.39651,Sedan2-Detailed,-15.31345,-4.121078,47.39651,18.49959
1742842087227,71.00027,3817,Eye Hit,Center,489.0379,729.8937,47.39848,Sedan2-Detailed,-15.31151,-4.117305,47.39848,18.49579
1742842087245,71.01725,3818,Eye Hit,Center,489.0029,730.0793,47.39828,Sedan2-Detailed,-15.31377,-4.104983,47.39828,18.49475
1742842087265,71.03568,3819,Eye Hit,Center,490.8191,730.1832,47.43404,Sedan2-Detailed,-15.20483,-4.101186,47.43404,18.3663
1742842087283,71.05673,3820,Eye Hit,Center,490.9217,729.8975,47.4341,Sedan2-Detailed,-15.19804,-4.120146,47.4341,18.36452
1742842087300,71.07361,3821,Eye Hit,Center,493.8902,722.6783,47.45175,Sedan2-Detailed,-15.00667,-4.600811,47.45175,18.30321
1742842087317,71.0915,3822,Eye Hit,Center,493.6703,722.9915,47.44903,Sedan2-Detailed,-15.02041,-4.57976,47.44903,18.31177
1742842087353,71.12765,3824,Eye Hit,Center,533.7468,721.5919,48.14716,Sedan2-Detailed,-12.54259,-4.741394,48.14716,15.56237
1742842087392,71.16139,3826,Eye Hit,Center,534.3017,720.9556,48.15252,Sedan2-Detailed,-12.50662,-4.784776,48.15252,15.54063
1742842087409,71.18246,3827,Eye Hit,Center,533.6473,720.6017,48.14048,Sedan2-Detailed,-12.54755,-4.807412,48.14048,15.5955
1742842087431,71.19957,3828,Eye Hit,Center,533.4166,717.8845,48.11995,Sedan2-Detailed,-12.55773,-4.988235,48.11995,15.68485
1742842087450,71.22306,3829,Eye Hit,Center,533.4488,717.7729,48.11961,Sedan2-Detailed,-12.55547,-4.995714,48.11961,15.68569
1742842087474,71.24129,3830,Eye Hit,Center,537.0615,717.1198,48.1741,Sedan2-Detailed,-12.32627,-5.045373,48.1741,15.45474
1742842087491,71.26479,3831,Eye Hit,Center,536.55,716.7538,48.16348,Sedan2-Detailed,-12.35801,-5.068919,48.16348,15.5003
1742842087510,71.28165,3832,Eye Hit,Center,536.2873,715.0929,48.14874,Sedan2-Detailed,-12.37192,-5.179218,48.14874,15.56565
1742842087529,71.30023,3833,Eye Hit,Center,536.2831,715.0482,48.14856,Sedan2-Detailed,-12.37215,-5.182209,48.14856,15.56721
1742842087547,71.31992,3834,Eye Hit,Center,536.0857,713.9388,48.13778,Sedan2-Detailed,-12.38268,-5.255744,48.13778,15.61279
1742842087565,71.33739,3835,Eye Hit,Center,538.7843,713.8673,48.18063,Sedan2-Detailed,-12.21184,-5.265239,48.18063,15.43029
1742842087585,71.35601,3836,Eye Hit,Center,538.5656,712.7679,48.16946,Sedan2-Detailed,-12.22375,-5.338091,48.16946,15.4778
1742842087603,71.37488,3837,Eye Hit,Center,541.9268,705.6608,48.17106,Sedan2-Detailed,-11.99769,-5.817106,48.17106,15.47185
1742842087619,71.39387,3838,Eye Hit,Center,541.7644,705.2344,48.16525,Sedan2-Detailed,-12.00718,-5.845133,48.16525,15.4966
1742842087637,71.41062,3839,Eye Hit,Center,544.493,709.3306,48.23807,Sedan2-Detailed,-11.84124,-5.577602,48.23807,15.18133
1742842087654,71.42731,3840,Eye Hit,Center,544.4464,708.6664,48.23236,Sedan2-Detailed,-11.84298,-5.62175,48.23236,15.20565
1742842087672,71.44566,3841,Eye Hit,Center,546.5408,706.7879,48.25079,Sedan2-Detailed,-11.70617,-5.750672,48.25079,15.12584
1742842087688,71.46295,3842,Eye Hit,Center,546.42,706.8071,48.24912,Sedan2-Detailed,-11.71391,-5.749176,48.24912,15.1333
1742842087725,71.49582,3844,Eye Hit,Center,547.0594,707.3659,48.26304,Sedan2-Detailed,-11.67413,-5.713115,48.26304,15.07206
1742842087742,71.51529,3845,Eye Hit,Center,547.858,708.3569,48.2825,Sedan2-Detailed,-11.62491,-5.648498,48.2825,14.98593
1742842087758,71.53271,3846,Eye Hit,Center,557.6265,705.2487,48.40362,Sedan2-Detailed,-10.99274,-5.87309,48.40362,14.43925
1742842087791,71.56528,3848,Eye Hit,Center,557.756,704.8589,48.40244,Sedan2-Detailed,-10.98371,-5.899337,48.40244,14.44451
1742842087824,71.59888,3850,Eye Hit,Center,562.3892,704.0338,48.462,Sedan2-Detailed,-10.68317,-5.962523,48.462,14.16853
1742842087857,71.63223,3852,Eye Hit,Center,566.1897,711.288,48.56969,Sedan2-Detailed,-10.44873,-5.482974,48.56969,13.65538
1742842087889,71.66295,3854,Eye Hit,Center,564.759,711.3651,48.55051,Sedan2-Detailed,-10.54176,-5.475573,48.55051,13.74862
1742842087921,71.69568,3856,Eye Hit,Center,569.8716,711.5603,48.62206,Sedan2-Detailed,-10.20961,-5.470371,48.62206,13.39932
1742842087954,71.72864,3858,Eye Hit,Center,570.5862,708.5695,48.60959,Sedan2-Detailed,-10.15841,-5.672304,48.60959,13.46059
1742842087986,71.76097,3860,Eye Hit,Center,571.4082,706.275,48.60315,Sedan2-Detailed,-10.10118,-5.827531,48.60315,13.49225
1742842088019,71.79455,3862,Eye Hit,Center,572.2927,709.3177,48.63793,Sedan2-Detailed,-10.04824,-5.624717,48.63793,13.31994
1742842088051,71.82757,3864,Eye Hit,Center,575.0793,709.311,48.67457,Sedan2-Detailed,-9.866098,-5.629411,48.67457,13.13598
1742842088084,71.85944,3866,Eye Hit,Center,577.1188,708.8662,48.69765,Sedan2-Detailed,-9.731865,-5.662372,48.69765,13.01851
1742842088116,71.89253,3868,Eye Hit,Center,575.8435,701.3249,48.62189,Sedan2-Detailed,-9.803452,-6.166417,48.62189,13.39797
1742842088151,71.9249,3870,Eye Hit,Center,581.0056,701.3587,48.68793,Sedan2-Detailed,-9.465237,-6.172491,48.68793,13.06648
1742842088170,71.94157,3871,Eye Hit,Center,582.5183,705.572,48.74057,Sedan2-Detailed,-9.372349,-5.891933,48.74057,12.79654
1742842088187,71.9621,3872,Eye Hit,Center,581.0786,705.6876,48.72334,Sedan2-Detailed,-9.467145,-5.881974,48.72334,12.88488
1742842088220,71.99486,3874,Eye Hit,Center,584.6031,706.3019,48.77171,Sedan2-Detailed,-9.236121,-5.845912,48.77171,12.6324
1742842088257,72.03028,3876,Eye Hit,Center,583.4663,703.4385,48.73475,Sedan2-Detailed,-9.306609,-6.036659,48.73475,12.82317
1742842088273,72.0479,3877,Eye Hit,Center,589.7556,700.4272,48.78633,Sedan2-Detailed,-8.887304,-6.248526,48.78633,12.55418
1742842088309,72.0807,3879,Eye Hit,Center,585.7055,700.1901,48.73546,Sedan2-Detailed,-9.154112,-6.25817,48.73546,12.81837
1742842088327,72.10019,3880,Eye Hit,Center,592.1985,695.0535,48.76858,Sedan2-Detailed,-8.717442,-6.612794,48.76858,12.64556
1742842088344,72.11777,3881,Eye Hit,Center,588.222,695.0786,48.72169,Sedan2-Detailed,-8.980038,-6.604727,48.72169,12.88724
1742842088361,72.13475,3882,Eye Hit,Center,589.7426,694.8185,48.73761,Sedan2-Detailed,-8.879315,-6.624616,48.73761,12.80597
1742842088379,72.15229,3883,Eye Hit,Center,581.0045,695.5241,48.63702,Sedan2-Detailed,-9.455416,-6.562944,48.63702,13.31401
1742842088396,72.16983,3884,Eye Hit,Center,580.7935,703.5776,48.70182,Sedan2-Detailed,-9.482384,-6.023105,48.70182,12.9887
1742842088413,72.18832,3885,Eye Hit,Center,573.8344,704.2177,48.61699,Sedan2-Detailed,-9.939077,-5.969086,48.61699,13.41289
1742842088449,72.2208,3887,Eye Hit,Center,559.4904,708.7476,48.45404,Sedan2-Detailed,-10.87787,-5.642086,48.45404,14.19252
1742842088466,72.23957,3888,Eye Hit,Center,557.7871,708.3517,48.42707,Sedan2-Detailed,-10.98719,-5.665762,48.42707,14.32009
1742842088483,72.25766,3889,Eye Hit,Center,550.8219,708.4563,48.32518,Sedan2-Detailed,-11.43485,-5.646771,48.32518,14.78341
1742842088518,72.29008,3891,Eye Hit,Center,540.2867,705.5233,48.14111,Sedan2-Detailed,-12.10067,-5.822748,48.14111,15.58617
1742842088537,72.31006,3892,Eye Hit,Center,547.2433,699.6657,48.20278,Sedan2-Detailed,-11.64716,-6.225124,48.20278,15.32166
1742842088553,72.32819,3893,Eye Hit,Center,542.8191,698.9115,48.12842,Sedan2-Detailed,-11.927,-6.266292,48.12842,15.63891
1742842088589,72.36064,3895,Eye Hit,Center,534.3067,693.201,47.94643,Sedan2-Detailed,-12.45275,-6.625546,47.94643,16.39365
1742842088607,72.38013,3896,Eye Hit,Center,538.7404,694.3639,48.02744,Sedan2-Detailed,-12.17596,-6.558624,48.02744,16.06434
1742842088624,72.39867,3897,Eye Hit,Center,534.0684,691.5839,47.92913,Sedan2-Detailed,-12.46424,-6.731559,47.92913,16.46547
1742842088646,72.41537,3898,Eye Hit,Center,514.9287,718.0155,47.80626,Sedan2-Detailed,-13.71205,-4.946961,47.80626,16.95758
1742842088663,72.43831,3899,,Center,523.1687,763.9309,48.15289,,-13.25652,-1.890442,48.15289,15.54049
1742842088687,72.45686,3900,,Center,513.5747,743.5739,47.91684,,-13.83452,-3.245492,47.91684,16.51812
1742842088714,72.48055,3901,,Center,529.8672,752.3409,48.23262,,-12.82658,-2.67545,48.23262,15.19793
1742842088743,72.51176,3902,,Center,579.8892,826.6529,48.9925,,-9.600946,2.374552,48.9925,11.41304
1742842088769,72.53583,3903,,Center,587.743,849.3279,48.99622,,-9.063464,3.928629,48.99622,11.39878
1742842088794,72.56246,3904,,Center,585.9056,836.4134,49.03483,,-9.196619,3.046009,49.03483,11.17613
1742842088819,72.5877,3905,Eye Hit,Center,599.4608,847.0905,49.14655,NorthCarSignal,-8.285796,3.786891,49.14655,10.50156
1742842088846,72.6121,3906,Eye Hit,Center,607.9782,856.2264,49.1884,NorthCarSignal,-7.706872,4.418644,49.1884,10.23756
1742842088886,72.63941,3907,Eye Hit,Center,609.4133,843.0605,49.27499,NorthCarSignal,-7.621531,3.519041,49.27499,9.668349
1742842088925,72.67799,3908,Eye Hit,Center,597.2195,843.5206,49.14054,NorthCarSignal,-8.438829,3.541067,49.14054,10.5496
1742842088954,72.71897,3909,Eye Hit,Center,598.6239,838.3691,49.17985,NorthCarSignal,-8.348977,3.189542,49.17985,10.3
1742842088981,72.74756,3910,Eye Hit,Center,594.5498,844.8658,49.10295,NorthCarSignal,-8.615724,3.630738,49.10295,10.78042
1742842089011,72.77335,3911,Eye Hit,Center,595.8811,841.8931,49.13223,NorthCarSignal,-8.529376,3.428627,49.13223,10.59758
1742842089040,72.80293,3912,Eye Hit,Center,593.7388,837.1708,49.12783,NorthCarSignal,-8.675819,3.103829,49.12783,10.62284
1742842089081,72.83324,3913,Eye Hit,Center,597.17,840.1725,49.15509,NorthCarSignal,-8.444734,3.311922,49.15509,10.45561
1742842089111,72.87429,3914,Eye Hit,Center,595.6454,832.068,49.16961,NorthCarSignal,-8.552077,2.755542,49.16961,10.35571
1742842089152,72.90288,3915,Eye Hit,Center,595.6725,838.1711,49.14482,NorthCarSignal,-8.545902,3.173661,49.14482,10.50867
1742842089181,72.9458,3916,Eye Hit,Center,593.2039,845.8857,49.07987,NorthCarSignal,-8.704065,3.699047,49.07987,10.90694
1742842089223,72.97394,3917,,Center,618.803,858.0636,49.28265,,-6.975491,4.553748,49.28265,9.59409
1742842089264,73.01608,3918,,Center,692.9689,866.5473,49.67416,,-1.878052,5.179352,49.67416,6.328743
1742842089306,73.05793,3919,,Center,740.9525,867.0751,49.68106,,1.455925,5.216744,49.68106,6.221669
1742842089347,73.09881,3920,,Center,740.06,856.0256,49.75375,,1.39595,4.455455,49.75375,5.361072
1742842089389,73.14025,3921,Eye Hit,Center,804.9678,789.1363,49.61943,Sedan2-Detailed,5.896832,-0.1987439,49.61943,6.781135
1742842089430,73.18165,3922,Eye Hit,Center,759.2501,788.7194,49.89183,Sedan2-Detailed,2.738945,-0.2289259,49.89183,3.153122
1742842089473,73.22394,3923,Eye Hit,Center,709.3427,780.2405,49.95462,Sedan2-Detailed,-0.7446216,-0.8216333,49.95462,1.271648
1742842089514,73.26559,3924,Eye Hit,Center,653.7558,769.9277,49.73193,Sedan2-Detailed,-4.607827,-1.535311,49.73193,5.577875
1742842089556,73.30669,3925,Eye Hit,Center,617.0406,725.1199,49.25235,Sedan2-Detailed,-7.092607,-4.607198,49.25235,9.743805
1742842089585,73.34936,3926,Eye Hit,Center,568.4258,696.2416,48.47566,Sedan2-Detailed,-10.2769,-6.492526,48.47566,14.07745
1742842089626,73.37731,3927,Eye Hit,Center,485.8455,676.0699,46.94439,NorthSidewalk,-15.37444,-7.611897,46.94439,20.07458
1742842089655,73.41959,3928,Eye Hit,Center,453.7837,658.7616,46.14312,NorthSidewalk,-17.18124,-8.599026,46.14312,22.60576
1742842089683,73.44969,3929,Eye Hit,Center,445.7888,657.7365,45.968,NorthSidewalk,-17.63006,-8.632298,45.968,23.1242
1742842089711,73.47521,3930,Eye Hit,Center,440.877,675.1504,46.03156,NorthSidewalk,-17.97067,-7.523084,46.03156,22.93942
1742842089738,73.50309,3931,Eye Hit,Center,454.1775,677.0048,46.32764,NorthSidewalk,-17.22443,-7.451313,46.32764,22.0526
1742842089780,73.53111,3932,Eye Hit,Center,365.3466,663.3979,44.21102,NorthSidewalk,-21.93045,-7.952278,44.21102,27.81816
1742842089821,73.57243,3933,Eye Hit,Center,431.405,695.1871,45.99082,NorthSidewalk,-18.56406,-6.227552,45.99082,23.06207
1742842089850,73.62428,3934,Eye Hit,Center,463.7121,699.4255,46.70794,NorthSidewalk,-16.74294,-6.047768,46.70794,20.86327
1742842089877,73.64338,3935,Eye Hit,Center,482.464,716.8152,47.20091,NorthSidewalk,-15.68168,-4.963563,47.20091,19.21232
1742842089916,73.66914,3936,Eye Hit,Center,550.3279,731.0791,48.46529,NorthSidewalk,-11.50149,-4.12962,48.46529,14.15199
1742842089958,73.7087,3937,Eye Hit,Center,609.1666,747.6898,49.29729,NorthSidewalk,-7.641991,-3.055198,49.29729,9.477991
1742842090000,73.75265,3938,Eye Hit,Center,595.9955,745.258,49.14267,NorthSidewalk,-8.523328,-3.212764,49.14267,10.50075
1742842090029,73.79433,3939,Eye Hit,Center,545.8234,721.5803,48.34141,NorthSidewalk,-11.77665,-4.761308,48.34141,14.72286
1742842090071,73.82072,3940,Eye Hit,Center,543.5486,720.9363,48.30276,NorthSidewalk,-11.92093,-4.801013,48.30276,14.89891
1742842090104,73.86134,3941,Eye Hit,Center,670.5305,757.659,49.80268,Sedan2-Detailed,-3.445901,-2.392097,49.80268,4.814586
1742842090134,73.89487,3942,,Center,768.6202,800.2299,49.85894,,3.390568,0.5739226,49.85894,3.945509
1742842090161,73.9256,3943,Eye Hit,Center,845.6216,806.018,49.21465,NE_Tree_50,8.647124,0.9649239,49.21465,10.02586
1742842090180,73.95256,3944,,Center,884.8313,806.4362,48.69257,,11.22575,0.9831725,48.69257,13.03034
1742842090203,73.97071,3945,Eye Hit,Center,866.6895,781.4114,48.95613,Jeep4-Detailed,10.04429,-0.7250373,48.95613,11.62378
1742842090221,73.99425,3946,Eye Hit,Center,859.498,780.0297,49.04957,Jeep4-Detailed,9.570088,-0.8212076,49.04957,11.07988
1742842090244,74.01196,3947,Eye Hit,Center,841.9092,754.8159,49.20655,Sedan2-Detailed,8.390199,-2.559135,49.20655,10.10766
1742842090263,74.03513,3948,Eye Hit,Center,825.1046,748.1453,49.3606,Sedan2-Detailed,7.256301,-3.027675,49.3606,9.050586
1742842090281,74.05361,3949,Eye Hit,Center,820.6891,747.6366,49.40177,Sedan2-Detailed,6.957254,-3.065353,49.40177,8.748799
1742842090300,74.07101,3950,Eye Hit,Center,807.2663,736.0181,49.46646,Sedan2-Detailed,6.037683,-3.873212,49.46646,8.251049
1742842090317,74.09184,3951,Eye Hit,Center,803.9111,735.71,49.49238,Sedan2-Detailed,5.808588,-3.89657,49.49238,8.044032
1742842090351,74.1263,3953,Eye Hit,Center,792.5889,736.9846,49.58362,Sedan2-Detailed,5.034094,-3.815357,49.58362,7.25996
1742842090387,74.16203,3955,Eye Hit,Center,780.2465,737.9349,49.6677,Sedan2-Detailed,4.185227,-3.755816,49.6677,6.459499
1742842090421,74.19477,3957,Eye Hit,Center,776.3576,741.6953,49.70864,Sedan2-Detailed,3.918298,-3.497464,49.70864,6.031435
1742842090439,74.21169,3958,Eye Hit,Center,775.3344,744.0501,49.72553,Sedan2-Detailed,3.848468,-3.334876,49.72553,5.847206
1742842090456,74.22999,3959,Eye Hit,Center,777.505,746.5118,49.72557,Sedan2-Detailed,3.999433,-3.163673,49.72557,5.855347
1742842090473,74.24755,3960,Eye Hit,Center,776.7315,746.8749,49.73125,Sedan2-Detailed,3.946087,-3.138777,49.73125,5.789398
1742842090509,74.28049,3962,Eye Hit,Center,788.3738,753.7845,49.69046,Sedan2-Detailed,4.751988,-2.655986,49.69046,6.252161
1742842090526,74.29922,3963,Eye Hit,Center,798.2479,758.0904,49.63709,Sedan2-Detailed,5.432401,-2.354192,49.63709,6.801984
1742842090543,74.31728,3964,Eye Hit,Center,807.013,760.506,49.57499,Sedan2-Detailed,6.033367,-2.183753,49.57499,7.374722
1742842090559,74.33434,3965,Eye Hit,Center,815.763,764.9361,49.51065,Sedan2-Detailed,6.631463,-1.874139,49.51065,7.923897
1742842090595,74.37061,3967,Eye Hit,Center,857.1592,780.2883,49.08854,Sedan2-Detailed,9.417113,-0.8041018,49.08854,10.89822
1742842090629,74.40276,3969,,Center,839.4258,818.1853,49.273,,8.23038,1.804592,49.273,9.703952
1742842090648,74.42086,3970,,Center,899.6229,833.3956,48.40855,,12.16177,2.802782,48.40855,14.457
1742842090665,74.43985,3971,,Center,724.7205,860.2845,49.75097,,0.3284762,4.751562,49.75097,5.468556
1742842090683,74.45683,3972,,Center,760.7823,869.3683,49.60881,,2.829719,5.368275,49.60881,6.974092
1742842090699,74.47652,3973,,Center,716.2026,859.8477,49.75008,,-0.2642371,4.721086,49.75008,5.429319
1742842090717,74.49382,3974,,Center,791.1458,874.647,49.40061,,4.915806,5.710474,49.40061,8.672286
1742842090738,74.51308,3975,Eye Hit,Center,688.7713,822.5972,49.86897,NorthSidewalk,-2.178196,2.134152,49.86897,3.499223
1742842090760,74.54166,3976,Eye Hit,Center,768.4625,836.5616,49.7459,NorthSidewalk,3.37191,3.100494,49.7459,5.26105
1742842090797,74.5694,3977,Eye Hit,Center,746.73,837.928,49.80211,NorthSidewalk,1.861913,3.199173,49.80211,4.250726
1742842090833,74.59602,3978,Eye Hit,Center,768.118,849.551,49.65296,NorthSidewalk,3.341684,3.996789,49.65296,5.989721
1742842090869,74.62671,3979,Eye Hit,Center,777.847,847.5576,49.59732,NorthSidewalk,4.012838,3.854025,49.59732,6.400675
1742842090909,74.66096,3980,Eye Hit,Center,797.746,852.8055,49.4259,NorthSidewalk,5.374588,4.203492,49.4259,7.859926
1742842090940,74.70123,3981,,Center,676.6441,864.4521,49.56184,,-3.005444,5.022399,49.56184,6.735078
1742842090967,74.73299,3982,,Center,744.8758,871.6321,49.55232,,1.724066,5.519056,49.55232,6.655522
1742842091000,74.75991,3983,,Center,727.2368,861.8499,49.65012,,0.5025516,4.850643,49.65012,5.609548
1742842091033,74.79374,3984,,Center,706.9014,854.2249,49.69633,,-0.9104611,4.325152,49.69633,5.082494
1742842091060,74.82677,3985,,Center,694.1153,845.2921,49.72693,,-1.800311,3.706531,49.72693,4.736938
1742842091089,74.85472,3986,Eye Hit,Center,753.5577,845.4191,49.70927,NorthSidewalk,2.333146,3.714043,49.70927,5.042438
1742842091116,74.88132,3987,Eye Hit,Center,811.4584,845.4005,49.36863,NorthSidewalk,6.315204,3.687308,49.36863,8.425831
1742842091143,74.90835,3988,,Center,868.6455,855.834,48.68149,,10.12112,4.346391,48.68149,12.74932
1742842091171,74.93683,3989,,Center,846.0713,849.7965,49.00746,,8.641543,3.961656,49.00746,10.97779
1742842091200,74.96388,3990,,Center,896.1324,854.0566,48.28706,,11.8955,4.191132,48.28706,14.63822
1742842091227,74.99155,3991,,Center,760.5067,832.577,49.76863,,2.81965,2.824549,49.76863,4.584839
1742842091256,75.01873,3992,,Center,602.5964,813.866,49.2759,,-8.091499,1.507015,49.2759,9.482677
1742842091289,75.04788,3993,,Center,498.5262,769.785,47.72485,,-14.78359,-1.482875,47.72485,17.29249
1742842091317,75.0796,3994,,Center,453.9922,767.5402,46.83603,,-17.42558,-1.602306,46.83603,20.48693
1742842091345,75.10755,3995,Eye Hit,Center,476.7178,755.623,47.28172,Car5-Detailed,-16.08854,-2.405654,47.28172,18.98591
1742842091364,75.1357,3996,Eye Hit,Center,492.8977,756.8331,47.60089,Car5-Detailed,-15.11992,-2.341324,47.60089,17.81871
1742842091385,75.15549,3997,Eye Hit,Center,504.8184,757.5234,47.83239,Car5-Detailed,-14.39594,-2.306535,47.83239,16.95148
1742842091405,75.17629,3998,,Center,511.495,756.1145,47.94618,,-13.98245,-2.4065,47.94618,16.48432
1742842091421,75.19497,3999,,Center,512.9606,754.7183,47.97009,,-13.89109,-2.501375,47.97009,16.39575
1742842091459,75.23227,4001,,Center,518.973,757.7422,48.08377,,-13.51966,-2.303938,48.08377,15.91933
1742842091475,75.24943,4002,,Center,519.8899,756.621,48.09111,,-13.46005,-2.379706,48.09111,15.86658
1742842091511,75.28168,4004,,Center,537.0138,749.0388,48.34739,,-12.37383,-2.905108,48.34739,14.72947
1742842091528,75.30112,4005,,Center,529.6515,751.8787,48.23389,,-12.84147,-2.706698,48.23389,15.22075
1742842091544,75.31801,4006,,Center,527.2386,752.0817,48.19437,,-12.99359,-2.690798,48.19437,15.39373
1742842091577,75.35042,4008,Eye Hit,Center,476.0012,732.1748,47.16531,Car5-Detailed,-16.0962,-3.946568,47.16531,19.36047
1742842091592,75.36725,4009,Eye Hit,Center,471.5939,731.7219,47.07481,Car5-Detailed,-16.3555,-3.968816,47.07481,19.67294
1742842091624,75.39954,4011,Eye Hit,Center,460.698,720.5717,46.78691,Car5-Detailed,-16.96849,-4.674204,46.78691,20.61552
1742842091656,75.43159,4013,Eye Hit,Center,453.3839,721.2804,46.63761,Car5-Detailed,-17.39144,-4.613058,46.63761,21.09667
1742842091688,75.4631,4015,Eye Hit,Center,452.9307,720.3856,46.61975,Car5-Detailed,-17.41433,-4.669638,46.61975,21.14328
1742842091723,75.49628,4017,Eye Hit,Center,444.8451,715.5673,46.41611,Car5-Detailed,-17.86319,-4.962044,46.41611,21.7728
1742842091739,75.51363,4018,Eye Hit,Center,446.8564,717.0161,46.46661,Car5-Detailed,-17.7519,-4.873284,46.46661,21.61197
1742842091771,75.54601,4020,Eye Hit,Center,447.1266,719.7075,46.4857,Car5-Detailed,-17.74163,-4.700298,46.4857,21.54533
1742842091806,75.5806,4022,Eye Hit,Center,444.1563,724.9182,46.44542,Car5-Detailed,-17.91921,-4.35773,46.44542,21.65589
1742842091839,75.613,4024,Eye Hit,Center,441.2687,726.2538,46.38726,Car5-Detailed,-18.08412,-4.265622,46.38726,21.82855
1742842091856,75.63014,4025,Eye Hit,Center,441.6438,728.9245,46.4063,Car5-Detailed,-18.0672,-4.094027,46.4063,21.76171
1742842091873,75.64714,4026,Eye Hit,Center,444.3695,735.7696,46.49552,Car5-Detailed,-17.92467,-3.656751,46.49552,21.47738
1742842091890,75.66384,4027,Eye Hit,Center,444.2795,740.8245,46.51231,Car5-Detailed,-17.937,-3.329221,46.51231,21.41642
1742842091906,75.68065,4028,Eye Hit,Center,436.6672,735.1264,46.32485,Car5-Detailed,-18.35793,-3.684999,46.32485,22.00816
1742842091923,75.69765,4029,Eye Hit,Center,429.2514,728.507,46.12671,Car5-Detailed,-18.75784,-4.096293,46.12671,22.59916
1742842091957,75.72999,4031,Eye Hit,Center,411.9233,714.8873,45.66199,Car5-Detailed,-19.67554,-4.924856,45.66199,23.95024
1742842091973,75.74777,4032,Eye Hit,Center,405.1284,703.97,45.44238,Car5-Detailed,-20.01278,-5.59506,45.44238,24.57398
1742842092007,75.78122,4034,Eye Hit,Center,404.5314,708.1349,45.45706,Car5-Detailed,-20.0572,-5.332066,45.45706,24.53952
1742842092026,75.7989,4035,Eye Hit,Center,396.0637,714.8325,45.29614,Car5-Detailed,-20.52266,-4.888869,45.29614,24.97401
1742842092043,75.81892,4036,Eye Hit,Center,389.5011,722.1584,45.18401,Car5-Detailed,-20.8866,-4.413794,45.18401,25.2891
1742842092077,75.84946,4038,Eye Hit,Center,383.1654,727.0552,45.05819,Car5-Detailed,-21.22772,-4.0929,45.05819,25.63146
1742842092095,75.86777,4039,Eye Hit,Center,383.4977,727.3674,45.06596,Car5-Detailed,-21.21043,-4.073928,45.06596,25.60635
1742842092112,75.8858,4040,Eye Hit,Center,388.4368,723.735,45.1697,Car5-Detailed,-20.94722,-4.31279,45.1697,25.33626
1742842092128,75.90315,4041,Eye Hit,Center,384.2191,718.1114,45.04266,Car5-Detailed,-21.15402,-4.654945,45.04266,25.68198
1742842092144,75.91986,4042,Eye Hit,Center,385.5076,713.1586,45.04609,Car5-Detailed,-21.07445,-4.967344,45.04609,25.67183
1742842092179,75.95335,4044,Eye Hit,Center,386.2094,701.9497,44.99653,Car5-Detailed,-21.00709,-5.66731,44.99653,25.80616
1742842092212,75.98553,4046,Eye Hit,Center,380.6084,697.6667,44.83775,Car5-Detailed,-21.28423,-5.915914,44.83775,26.22899
1742842092229,76.00236,4047,Eye Hit,Center,380.0196,697.2932,44.82237,Car5-Detailed,-21.31384,-5.937296,44.82237,26.272
1742842092244,76.01987,4048,Eye Hit,Center,380.5359,694.3488,44.81549,Car5-Detailed,-21.2782,-6.120948,44.81549,26.29167
1742842092279,76.05369,4050,Eye Hit,Center,388.8945,698.1116,45.04103,Car5-Detailed,-20.85872,-5.914708,45.04103,25.70445
1742842092313,76.08733,4052,Eye Hit,Center,389.2621,691.4051,45.00521,Car5-Detailed,-20.81899,-6.33216,45.00521,25.80443
1742842092346,76.11906,4054,Eye Hit,Center,384.1481,682.8367,44.82389,Car5-Detailed,-21.05573,-6.843829,44.82389,26.28633
1742842092363,76.13643,4055,Eye Hit,Center,380.3727,685.2662,44.7532,Car5-Detailed,-21.25884,-6.680963,44.7532,26.47006
1742842092379,76.15387,4056,Eye Hit,Center,383.1492,693.4512,44.88037,Car5-Detailed,-21.14496,-6.186156,44.88037,26.14593
1742842092396,76.17065,4057,Eye Hit,Center,395.3652,703.1365,45.2319,Car5-Detailed,-20.53775,-5.621875,45.2319,25.20911
1742842092412,76.18739,4058,Eye Hit,Center,395.9523,705.6677,45.26326,Car5-Detailed,-20.51482,-5.465526,45.26326,25.12858
1742842092446,76.22126,4060,Eye Hit,Center,391.502,693.3922,45.0771,Car5-Detailed,-20.71103,-6.21699,45.0771,25.62757
1742842092479,76.25478,4062,Eye Hit,Center,417.8553,677.3221,45.5506,Car5-Detailed,-19.24961,-7.30612,45.5506,24.32361
1742842092513,76.28472,4064,Eye Hit,Center,418.0366,675.1797,45.53074,RoadWest,-19.22967,-7.439367,45.53074,24.36336
1742842092530,76.30369,4065,Eye Hit,Center,418.0941,670.0132,45.48438,RoadWest,-19.20644,-7.760471,45.48438,24.48601
1742842092546,76.32086,4066,Eye Hit,Center,419.2143,666.8254,45.47795,RoadWest,-19.13247,-7.962144,45.47795,24.4975
1742842092579,76.35516,4068,Eye Hit,Center,425.3114,681.3911,45.73658,NorthSidewalk,-18.85124,-7.075654,45.73658,23.76135
1742842092613,76.38757,4070,,Center,419.695,690.3728,45.68014,,-19.18682,-6.493073,45.68014,23.91369
1742842092646,76.42164,4072,Eye Hit,Center,410.2632,694.7702,45.49937,RoadWest,-19.71111,-6.187535,45.49937,24.42093
1742842092680,76.45362,4074,Eye Hit,Center,404.4319,693.6697,45.35391,RoadWest,-20.018,-6.237565,45.35391,24.8113
1742842092697,76.47117,4075,Eye Hit,Center,409.5742,691.3625,45.45503,RoadWest,-19.73571,-6.398155,45.45503,24.53326
1742842092713,76.48934,4076,Eye Hit,Center,403.0849,697.0746,45.34404,RoadWest,-20.09907,-6.020266,45.34404,24.83065
1742842092746,76.52169,4078,Eye Hit,Center,447.6628,697.0131,46.32157,RoadWest,-17.64425,-6.154034,46.32157,21.96972
1742842092780,76.55546,4080,Eye Hit,Center,587.415,674.822,48.43901,NorthSidewalk,-8.982613,-7.938789,48.43901,13.90061
1742842092813,76.58764,4082,Eye Hit,Center,715.4747,666.3969,49.11854,NorthSidewalk,-0.3108918,-8.628965,49.11854,9.970169
1742842092847,76.6212,4084,Eye Hit,Center,801.3531,631.796,48.33615,NorthSidewalk,5.499952,-10.83075,48.33615,14.10668
1742842092864,76.63881,4085,Eye Hit,Center,806.4158,620.8783,48.15996,NorthSidewalk,5.820927,-11.52668,48.15996,15.00959
1742842092882,76.65657,4086,Eye Hit,Center,800.4318,622.2985,48.20718,NorthSidewalk,5.423164,-11.44222,48.20718,14.71716
1742842092897,76.67328,4087,Eye Hit,Center,784.0302,624.7949,48.37607,NorthSidewalk,4.332398,-11.31339,48.37607,14.05912
1742842092918,76.69031,4088,Eye Hit,Center,771.1376,614.7667,48.25332,NorthSidewalk,3.45128,-11.96149,48.25332,14.46692
1742842092936,76.71106,4089,Eye Hit,Center,769.3803,620.4119,48.37385,NorthSidewalk,3.341005,-11.60942,48.37385,14.02191
1742842092960,76.7307,4090,Eye Hit,Center,749.9728,629.2517,48.54376,NorthSidewalk,2.035041,-11.05001,48.54376,13.03209
1742842092988,76.75323,4091,Eye Hit,Center,739.5964,642.91,48.77358,NorthSidewalk,1.336819,-10.17059,48.77358,11.87735
1742842093016,76.78185,4092,Eye Hit,Center,715.7611,639.8677,48.76286,NorthSidewalk,-0.2891032,-10.37585,48.76286,12.01688
1742842093054,76.80924,4093,Eye Hit,Center,700.6404,626.7843,48.55678,NorthSidewalk,-1.3148,-11.22055,48.55678,13.09753
1742842093092,76.84683,4094,Eye Hit,Center,689.6826,601.1458,48.12685,NorthSidewalk,-2.04076,-12.84701,48.12685,15.12494
1742842093132,76.88682,4095,Eye Hit,Center,665.989,599.7679,48.01917,NorthSidewalk,-3.627518,-12.91081,48.01917,15.60393
1742842093160,76.92681,4096,Eye Hit,Center,657.851,591.8452,47.85393,NorthSidewalk,-4.159724,-13.39666,47.85393,16.33765
1742842093188,76.95338,4097,Eye Hit,Center,645.0554,584.3185,47.65818,NorthSidewalk,-4.995633,-13.84357,47.65818,17.16126
1742842093215,76.98028,4098,Eye Hit,Center,640.2081,579.0585,47.54127,NorthSidewalk,-5.305695,-14.15937,47.54127,17.64359
1742842093245,77.0087,4099,Eye Hit,Center,630.5274,595.9138,47.77355,NorthSidewalk,-5.978477,-13.1023,47.77355,16.77596
1742842093273,77.03893,4100,Eye Hit,Center,619.0499,619.0158,48.05522,NorthSidewalk,-6.78516,-11.62679,48.05522,15.64928
1742842093301,77.06576,4101,Eye Hit,Center,611.8602,610.8463,47.84386,NorthSidewalk,-7.236433,-12.12234,47.84386,16.44049
1742842093343,77.09494,4102,Eye Hit,Center,600.9063,582.6497,47.2618,NorthSidewalk,-7.872486,-13.83875,47.2618,18.61733
1742842093372,77.13705,4103,Eye Hit,Center,602.6561,584.822,47.34051,NorthSidewalk,-7.769735,-13.71796,47.34051,18.41897
1742842093398,77.16463,4104,Eye Hit,Center,598.6586,574.7759,47.10355,NorthSidewalk,-7.994207,-14.31115,47.10355,19.18848
1742842093426,77.19215,4105,Eye Hit,Center,687.9304,609.7484,48.24548,NorthSidewalk,-2.164026,-12.29818,48.24548,14.51113
1742842093454,77.21861,4106,Eye Hit,Center,741.8582,613.5555,48.31492,NorthSidewalk,1.477098,-12.05861,48.31492,14.11437
1742842093482,77.24737,4107,Eye Hit,Center,731.1872,625.8809,48.52549,NorthSidewalk,0.759282,-11.27463,48.52549,13.10888
1742842093511,77.27561,4108,Eye Hit,Center,722.9237,640.3553,48.74754,NorthSidewalk,0.1993443,-10.33934,48.74754,11.97711
1742842093540,77.30251,4109,Eye Hit,Center,705.2595,653.2237,48.87484,NorthSidewalk,-1.00765,-9.486667,48.87484,11.04487
1742842093568,77.33208,4110,Eye Hit,Center,678.6205,653.3663,48.82023,NorthSidewalk,-2.825519,-9.466328,48.82023,11.43961
1742842093595,77.36062,4111,Eye Hit,Center,673.3939,636.2149,48.57673,NorthSidewalk,-3.16653,-10.58442,48.57673,12.81298
1742842093624,77.38796,4112,Eye Hit,Center,645.4207,625.8301,48.28648,NorthSidewalk,-5.036822,-11.22253,48.28648,14.29213
1742842093651,77.41595,4113,Eye Hit,Center,613.0094,614.4906,47.8681,NorthSidewalk,-7.163162,-11.88449,47.8681,16.16614
1742842093680,77.44373,4114,Eye Hit,Center,608.1061,611.7317,47.78147,NorthSidewalk,-7.477886,-12.04736,47.78147,16.52862
1742842093708,77.47165,4115,Eye Hit,Center,700.6931,618.5927,48.40432,NorthSidewalk,-1.307101,-11.7399,48.40432,13.71422
1742842093738,77.50085,4116,Eye Hit,Center,663.4239,599.2717,47.92699,NorthSidewalk,-3.792505,-12.91928,47.92699,15.69199
1742842093765,77.53004,4117,Eye Hit,Center,654.8604,598.1348,47.86335,NorthSidewalk,-4.360747,-12.97824,47.86335,15.96313
1742842093793,77.55818,4118,Eye Hit,Center,597.9647,562.3697,46.79758,NorthSidewalk,-7.987699,-15.03023,46.79758,19.98699
1742842093821,77.58801,4119,Eye Hit,Center,561.2397,573.0197,46.58609,NorthSidewalk,-10.34454,-14.26836,46.58609,20.72185
1742842093848,77.61374,4120,Eye Hit,Center,557.8835,592.7768,46.88974,NorthSidewalk,-10.63207,-13.06564,46.88974,19.76061
1742842093877,77.64029,4121,Eye Hit,Center,563.3262,613.3115,47.29298,NorthSidewalk,-10.36349,-11.81969,47.29298,18.38621
1742842093906,77.66928,4122,Eye Hit,Center,679.3939,616.0195,48.32152,NorthSidewalk,-2.744381,-11.89373,48.32152,14.17661
1742842093934,77.69765,4123,Eye Hit,Center,625.8712,608.5181,47.85544,NorthSidewalk,-6.30038,-12.2811,47.85544,16.08912
1742842093962,77.72656,4124,Eye Hit,Center,713.3884,602.5674,48.15211,NorthSidewalk,-0.4452803,-12.75801,48.15211,14.84832
1742842093990,77.75404,4125,Eye Hit,Center,712.6458,610.4778,48.29272,NorthSidewalk,-0.4967402,-12.26096,48.29272,14.25694
1742842094018,77.78127,4126,Eye Hit,Center,681.025,616.4703,48.33231,NorthSidewalk,-2.634732,-11.86591,48.33231,14.11634
1742842094045,77.80978,4127,Eye Hit,Center,594.0781,605.7953,47.55338,NorthSidewalk,-8.375204,-12.38468,47.55338,17.45308
1742842094074,77.83707,4128,Eye Hit,Center,542.4851,603.9377,46.88327,NorthSidewalk,-11.64034,-12.33197,46.88327,19.88545
1742842094102,77.86625,4129,Eye Hit,Center,471.0965,592.7887,45.50401,NorthSidewalk,-15.8414,-12.67875,45.50401,24.03227
1742842094129,77.89464,4130,Eye Hit,Center,473.5068,605.491,45.73758,NorthSidewalk,-15.76852,-11.93125,45.73758,23.38029
1742842094156,77.92085,4131,Eye Hit,Center,533.6967,702.3018,47.8717,NorthSidewalk,-12.47419,-6.005862,47.8717,16.1301
1742842094185,77.94788,4132,Eye Hit,Center,610.8998,749.4331,49.19254,NorthSidewalk,-7.506504,-2.928764,49.19254,9.302314
1742842094213,77.97755,4133,,Center,622.8519,769.7991,49.38628,,-6.710476,-1.533523,49.38628,7.93479
1742842094240,78.00525,4134,,Center,620.084,768.7146,49.37252,,-6.89975,-1.607985,49.37252,8.165848
1742842094267,78.03188,4135,,Center,539.5889,755.1509,48.27718,,-12.18198,-2.488181,48.27718,14.44232
1742842094296,78.05904,4136,Eye Hit,Center,471.7754,693.9291,46.71559,NorthSidewalk,-16.21883,-6.407889,46.71559,20.47047
1742842094324,78.0883,4137,Eye Hit,Center,489.0068,687.1299,47.01251,NorthSidewalk,-15.18887,-6.895697,47.01251,19.53562
1742842094352,78.11543,4138,Eye Hit,Center,535.6752,717.3066,48.07978,NorthSidewalk,-12.39536,-5.022937,48.07978,15.54502
1742842094380,78.14375,4139,Eye Hit,Center,698.183,759.0149,49.86483,NorthSidewalk,-1.521606,-2.300515,49.86483,3.166072
1742842094399,78.17027,4140,,Center,853.9677,780.8825,49.11365,,9.2027,-0.7636993,49.11365,10.64841
1742842094421,78.18999,4141,,Center,842.7185,780.53,49.24726,,8.452886,-0.7900535,49.24726,9.781085
1742842094439,78.21159,4142,,Center,901.3611,786.0089,48.45008,,12.28999,-0.4059868,48.45008,14.24105
1742842094463,78.22943,4143,,Center,896.9167,781.4904,48.51997,,12.00611,-0.7132118,48.51997,13.92203
1742842094480,78.2539,4144,Eye Hit,Center,866.312,732.6915,48.81028,RoadEast,9.988586,-4.048935,48.81028,12.45193
1742842094518,78.28954,4146,Eye Hit,Center,847.554,723.5531,48.99186,RoadEast,8.740393,-4.690192,48.99186,11.44586
1742842094537,78.30884,4147,Eye Hit,Center,851.2166,729.7198,48.9864,RoadEast,8.990361,-4.267157,48.9864,11.48341
1742842094552,78.32765,4148,Eye Hit,Center,852.8019,727.6015,48.95572,RoadEast,9.093279,-4.409527,48.95572,11.66385
1742842094587,78.361,4150,Eye Hit,Center,854.4541,724.6899,48.91895,RoadEast,9.199498,-4.605432,48.91895,11.87652
1742842094605,78.3781,4151,Eye Hit,Center,852.8771,723.3899,48.9288,RoadEast,9.093426,-4.695323,48.9288,11.81383
1742842094621,78.39636,4152,Eye Hit,Center,859.264,723.7119,48.85238,RoadEast,9.515627,-4.665988,48.85238,12.2401
1742842094658,78.42877,4154,Eye Hit,Center,879.4169,728.5919,48.61081,RoadEast,10.83877,-4.311123,48.61081,13.49361
1742842094674,78.4491,4155,Eye Hit,Center,893.4279,723.1136,48.37094,RoadEast,11.7332,-4.660483,48.37094,14.62796
1742842094708,78.48116,4157,Eye Hit,Center,912.3308,736.8945,48.14312,RoadEast,12.95078,-3.710585,48.14312,15.63318
1742842094725,78.49802,4158,Eye Hit,Center,930.2805,740.5713,47.85017,RoadEast,14.07328,-3.441931,47.85017,16.84526
1742842094741,78.51543,4159,Eye Hit,Center,928.9797,749.1229,47.90596,NorthSidewalk,14.00253,-2.872946,47.90596,16.6141
1742842094757,78.53298,4160,Eye Hit,Center,955.1465,751.9348,47.42632,NorthSidewalk,15.59807,-2.657661,47.42632,18.45026
1742842094790,78.56475,4162,,Center,642.9312,832.1537,49.5883,,-5.345282,2.784952,49.5883,6.930106
1742842094824,78.59759,4164,,Center,707.5046,828.4108,49.86852,,-0.8715447,2.539629,49.86852,3.081912
1742842094841,78.61503,4165,,Center,599.2651,787.0917,49.23048,,-8.313424,-0.3379724,49.23048,9.592738
1742842094873,78.64716,4167,Eye Hit,Center,502.6602,687.8757,47.29919,NorthSidewalk,-14.37825,-6.888406,47.29919,18.62743
1742842094905,78.68069,4169,Eye Hit,Center,482.3449,671.8516,46.77222,NorthSidewalk,-15.54705,-7.859934,46.77222,20.42852
1742842094922,78.69851,4170,Eye Hit,Center,510.5617,676.1085,47.31841,NorthSidewalk,-13.86115,-7.669985,47.31841,18.51002
1742842094955,78.73345,4172,Eye Hit,Center,513.8203,655.5368,47.14648,NorthSidewalk,-13.5959,-8.998657,47.14648,19.07633
1742842094980,78.76064,4173,Eye Hit,Center,500.7097,669.2,47.06342,NorthSidewalk,-14.43497,-8.083413,47.06342,19.36807
1742842095018,78.78619,4174,Eye Hit,Center,525.8388,712.5546,47.85619,NorthSidewalk,-12.99611,-5.317647,47.85619,16.35272
1742842095053,78.81256,4175,,Center,580.9742,735.8384,48.8013,,-9.48942,-3.833396,48.8013,11.84425
1742842095090,78.84464,4176,,Center,598.0883,740.2924,49.01907,,-8.358402,-3.54513,49.01907,10.49321
1742842095120,78.8824,4177,Eye Hit,Center,586.3312,717.9507,48.75961,NorthSidewalk,-9.115976,-5.050033,48.75961,12.06423
1742842095148,78.91188,4178,Eye Hit,Center,570.622,680.9922,48.25932,NorthSidewalk,-10.08279,-7.492861,48.25932,14.5905
1742842095179,78.94017,4179,Eye Hit,Center,602.9594,668.1641,48.51431,NorthSidewalk,-7.941805,-8.4029,48.51431,13.4048
1742842095211,78.97149,4180,Eye Hit,Center,605.7745,715.0386,48.97531,NorthSidewalk,-7.824441,-5.271852,48.97531,10.90405
1742842095241,79.00474,4181,Eye Hit,Center,637.5056,727.5989,49.35537,NorthSidewalk,-5.694709,-4.445707,49.35537,8.327703
1742842095269,79.03288,4182,Eye Hit,Center,665.98,730.0336,49.52815,NorthSidewalk,-3.742138,-4.292608,49.52815,6.559062
1742842095297,79.06108,4183,,Center,673.919,749.5313,49.66919,,-3.201267,-2.950317,49.66919,5.009068
1742842095326,79.09037,4184,,Center,710.806,761.7957,49.81739,,-0.6406147,-2.104565,49.81739,2.528555
1742842095354,79.11784,4185,Eye Hit,Center,734.8897,752.4059,49.7841,NorthSidewalk,1.036789,-2.756983,49.7841,3.385991
1742842095382,79.14605,4186,Eye Hit,Center,767.7299,754.1129,49.69712,NorthSidewalk,3.317683,-2.633514,49.69712,4.871701
1742842095411,79.1744,4187,Eye Hit,Center,768.2873,760.4492,49.7216,NorthSidewalk,3.35808,-2.194158,49.7216,4.612441
1742842095440,79.20326,4188,,Center,658.9599,777.9956,49.69873,,-4.243002,-0.9734699,49.69873,5.005898
1742842095466,79.23196,4189,,Center,694.2971,770.0084,49.80751,,-1.790564,-1.532018,49.80751,2.708844
1742842095494,79.25875,4190,,Center,689.7099,756.4608,49.76396,,-2.10828,-2.473633,49.76396,3.73675
1742842095521,79.28486,4191,,Center,707.759,747.9894,49.77335,,-0.8521739,-3.06385,49.77335,3.655806
1742842095549,79.3136,4192,,Center,749.8394,750.3541,49.75238,,2.076427,-2.898002,49.75238,4.098637
1742842095578,79.34133,4193,,Center,774.3344,756.7115,49.68404,,3.775765,-2.452241,49.68404,5.177822
1742842095606,79.37314,4194,,Center,816.1206,761.9971,49.40815,,6.642444,-2.073363,49.40815,8.016651
1742842095632,79.40095,4195,,Center,864.7543,758.0118,48.82907,,9.886052,-2.321237,48.82907,11.74823
1742842095659,79.42532,4196,Eye Hit,Center,916.8918,731.8595,47.93517,NorthSidewalk,13.20064,-4.032129,47.93517,16.06351
1742842095686,79.45147,4197,Eye Hit,Center,918.378,725.8176,47.88577,NorthSidewalk,13.28657,-4.432633,47.88577,16.30406
1742842095714,79.47829,4198,,Center,828.5901,763.9151,49.29807,,7.487432,-1.936491,49.29807,8.915814
1742842095743,79.5062,4199,,Center,735.579,771.8166,49.88076,,1.086887,-1.408122,49.88076,2.042389
1742842095772,79.53519,4200,,Center,678.2089,746.8124,49.74034,,-2.907404,-3.143699,49.74034,4.920358
1742842095799,79.56408,4201,,Center,732.4363,747.3188,49.80539,,0.8663217,-3.112535,49.80539,3.711513
1742842095827,79.59226,4202,Eye Hit,Center,674.3777,746.8995,49.72291,NorthSidewalk,-3.17283,-3.136541,49.72291,5.127208
1742842095854,79.61891,4203,Eye Hit,Center,618.6882,738.6342,49.30638,NorthSidewalk,-6.986766,-3.680263,49.30638,9.099066
1742842095881,79.64479,4204,Eye Hit,Center,609.7933,742.332,49.24318,NorthWalkingPole,-7.590443,-3.420864,49.24318,9.596406
1742842095911,79.67223,4205,Eye Hit,Center,619.0483,717.6418,49.19681,LowFemale2,-6.946462,-5.116568,49.19681,9.946589
1742842095939,79.70261,4206,Eye Hit,Center,664.2755,711.4413,49.48832,NorthSidewalk,-3.857108,-5.57607,49.48832,7.801171
1742842095958,79.72993,4207,Eye Hit,Center,691.2446,705.6996,49.54769,NorthSidewalk,-1.992762,-5.980661,49.54769,7.250766
1742842095981,79.74866,4208,Eye Hit,Center,753.3519,700.1421,49.49019,LowFemale2,2.308622,-6.358412,49.49019,7.783212
1742842095998,79.77205,4209,,Center,709.5419,723.3848,49.72591,,-0.7273601,-4.772167,49.72591,5.544785
1742842096017,79.78955,4210,,Center,728.9612,714.2578,49.66069,,0.6224286,-5.399858,49.66069,6.246451
1742842096037,79.80724,4211,Eye Hit,Center,640.8054,730.0197,49.47827,NW_Tree_10,-5.480533,-4.289246,49.47827,8.006508
1742842096053,79.8273,4212,Eye Hit,Center,656.8989,721.3362,49.53065,NW_Tree_10,-4.371433,-4.895355,49.53065,7.548031
1742842096086,79.86126,4214,,Center,602.8751,736.9335,49.17076,,-8.055062,-3.787107,49.17076,10.26058
1742842096123,79.89634,4216,Eye Hit,Center,594.3924,752.9849,49.14709,SW_Tree_30,-8.63429,-2.681904,49.14709,10.42373
1742842096139,79.9139,4217,Eye Hit,Center,603.5967,736.5529,49.17996,SW_Tree_30,-8.006938,-3.813991,49.17996,10.22258
1742842096172,79.94583,4219,Eye Hit,Center,620.7805,739.8341,49.37037,SW_Tree_30,-6.851352,-3.602185,49.37037,8.910657
1742842096190,79.9631,4220,Eye Hit,Center,649.4052,740.8417,49.60318,SW_Tree_30,-4.897733,-3.549268,49.60318,6.952289
1742842096206,79.98086,4221,Eye Hit,Center,674.2351,728.98,49.67823,SW_Tree_30,-3.179884,-4.378824,49.67823,6.216909
1742842096239,80.01272,4223,Eye Hit,Center,705.9337,737.3271,49.81825,SW_Tree_30,-0.9801227,-3.809551,49.81825,4.514664
1742842096256,80.02964,4224,Eye Hit,Center,724.8979,739.3784,49.83643,SW_Tree_30,0.3414069,-3.667954,49.83643,4.227534
1742842096289,80.06348,4226,,Center,744.0823,745.6328,49.84217,,1.678833,-3.232368,49.84217,4.179592
1742842096307,80.08022,4227,,Center,734.176,777.9731,49.95899,,0.9905624,-0.980141,49.95899,1.597652
1742842096323,80.0976,4228,,Center,751.9349,782.6661,49.92444,,2.229929,-0.6517646,49.92444,2.664327
1742842096357,80.13161,4230,,Center,755.5259,819.4467,49.88388,,2.478663,1.914979,49.88388,3.592922
1742842096392,80.16529,4232,,Center,785.2211,833.8811,49.69453,,4.53325,2.910982,49.69453,6.187322
1742842096408,80.18246,4233,,Center,859.3838,891.9866,48.60562,,9.475708,6.797369,48.60562,13.49156
1742842096444,80.21755,4235,,Center,910.9857,914.1456,47.65107,,12.72877,8.140733,47.65107,17.59298
1742842096460,80.23497,4236,,Center,929.9044,920.4662,47.26832,,13.87729,8.493208,47.26832,18.99375
1742842096496,80.26735,4238,,Center,958.0623,932.8624,46.62681,,15.52527,9.186364,46.62681,21.151
1742842096514,80.28757,4239,,Center,985.4018,944.0662,45.96757,,17.06351,9.77681,45.96757,23.16231
1742842096530,80.30451,4240,,Center,890.9339,934.4206,47.74038,,11.41371,9.509805,47.74038,17.28557
1742842096566,80.33577,4242,,Center,824.728,932.4582,48.56763,,7.114146,9.541287,48.56763,13.76909
1742842096581,80.35703,4243,,Center,851.7249,943.1392,48.15078,,8.871233,10.17873,48.15078,15.66412
1742842096615,80.38977,4245,Eye Hit,Center,770.6569,810.1533,49.86841,Jeep3-Detailed,3.533273,1.266176,49.86841,4.304205
1742842096651,80.42583,4247,Eye Hit,Center,752.4965,809.0667,49.94627,Jeep3-Detailed,2.270141,1.192245,49.94627,2.938915
1742842096685,80.46013,4249,Eye Hit,Center,749.538,778.3912,49.95759,Jeep3-Detailed,2.063934,-0.9509019,49.95759,2.604365
1742842096721,80.49563,4251,Eye Hit,Center,782.6915,769.7538,49.79511,Jeep3-Detailed,4.366247,-1.549371,49.79511,5.315555
1742842096754,80.52874,4253,Eye Hit,Center,811.7144,769.5783,49.57775,Jeep3-Detailed,6.359708,-1.554778,49.57775,7.522666
1742842096789,80.56207,4255,Eye Hit,Center,870.0197,790.4463,48.9439,Jeep3-Detailed,10.26975,-0.1063614,48.9439,11.8509
1742842096805,80.57912,4256,,Center,875.9308,792.6345,48.8565,,10.65533,0.04336151,48.8565,12.30334
1742842096838,80.61141,4258,,Center,895.244,798.6433,48.5631,,11.90317,0.4512374,48.5631,13.7816
1742842096855,80.62841,4259,,Center,922.1507,808.329,48.10778,,13.60202,1.098719,48.10778,15.8366
1742842096872,80.64526,4260,,Center,927.2746,838.7125,47.93167,,13.89574,3.131618,47.93167,16.55081
1742842096887,80.66282,4261,,Center,952.7088,849.2228,47.41435,,15.43247,3.794823,47.41435,18.52996
1742842096921,80.6946,4263,,Center,932.2607,880.1691,47.60463,,14.13291,5.870549,47.60463,17.82128
1742842096955,80.72757,4265,Eye Hit,Center,760.4937,872.5419,49.60241,Jeep3-Detailed,2.809334,5.587752,49.60241,7.186327
1742842096972,80.74519,4266,Eye Hit,Center,704.4045,830.5739,49.90527,Jeep3-Detailed,-1.088577,2.69248,49.90527,3.330549
1742842096988,80.76237,4267,Eye Hit,Center,729.5573,836.1619,49.89164,Jeep3-Detailed,0.6669256,3.081689,49.89164,3.616117
1742842097020,80.79553,4269,Eye Hit,Center,722.6386,808.0327,49.97528,Jeep3-Detailed,0.1844348,1.120661,49.97528,1.30176
1742842097053,80.82768,4271,Eye Hit,Center,821.6668,703.1282,49.12133,Jeep3-Detailed,6.984931,-6.105863,49.12133,10.69537
1742842097086,80.86262,4273,Eye Hit,Center,868.3898,673.4965,48.31533,Jeep3-Detailed,10.02771,-8.00809,48.31533,14.8748
1742842097123,80.89492,4275,Eye Hit,Center,878.3037,685.2886,48.29742,Jeep3-Detailed,10.6937,-7.208548,48.29742,14.9504
1742842097139,80.91454,4276,Eye Hit,Center,700.7574,715.5238,49.67884,Jeep3-Detailed,-1.337051,-5.313866,49.67884,6.294198
1742842097178,80.94757,4278,Eye Hit,Center,667.0574,781.1642,49.83495,Jeep3-Detailed,-3.690222,-0.7552812,49.83495,4.322414
1742842097196,80.96903,4279,Eye Hit,Center,621.5452,776.7409,49.49832,Jeep3-Detailed,-6.816164,-1.05641,49.49832,7.933058
1742842097219,80.98715,4280,Eye Hit,Center,657.34,780.517,49.77847,Jeep3-Detailed,-4.362592,-0.7994826,49.77847,5.091583
1742842097238,81.01007,4281,Eye Hit,Center,533.1397,782.207,48.34564,SE_Tree_30,-12.63535,-0.6621965,48.34564,14.66613
1742842097255,81.02976,4282,Eye Hit,Center,552.0549,783.3506,48.64507,SE_Tree_30,-11.42665,-0.5884904,48.64507,13.23594
1742842097292,81.0657,4284,,Center,486.1415,752.9628,47.43435,,-15.51526,-2.589906,47.43435,18.34628
1742842097311,81.08347,4285,,Center,500.1826,753.8112,47.70463,,-14.66681,-2.548056,47.70463,17.33082
1742842097331,81.10154,4286,,Center,481.4237,745.3135,47.31432,,-15.78821,-3.089563,47.31432,18.77891
1742842097349,81.12231,4287,,Center,492.6947,744.4454,47.52879,,-15.11051,-3.161275,47.52879,17.99413
1742842097366,81.13939,4288,,Center,521.1705,742.0415,48.03962,,-13.3596,-3.35677,48.03962,15.99969
1742842097386,81.1575,4289,,Center,541.6159,741.439,48.3731,,-12.06905,-3.420836,48.3731,14.53813
1742842097405,81.17811,4290,,Center,537.594,735.9722,48.28521,,-12.31874,-3.783819,48.28521,14.94328
1742842097421,81.19557,4291,,Center,543.6017,735.6869,48.37796,,-11.93589,-3.810396,48.37796,14.51994
1742842097460,81.23289,4293,,Center,576.9252,733.0207,48.84315,,-9.774168,-4.029178,48.84315,12.21322
1742842097477,81.25058,4294,,Center,579.2667,734.3218,48.87925,,-9.621309,-3.943204,48.87925,12.00943
1742842097498,81.26788,4295,,Center,592.5156,724.9637,48.99044,,-8.735368,-4.593401,48.99044,11.39015
1742842097516,81.29012,4296,,Center,593.3853,725.6907,49.00388,,-8.678156,-4.544834,49.00388,11.30481
1742842097532,81.30705,4297,,Center,593.7369,725.4745,49.00815,,-8.654815,-4.560047,49.00815,11.28858
1742842097549,81.32395,4298,,Center,594.8123,724.9604,49.01592,,-8.582456,-4.596017,49.01592,11.23396
1742842097585,81.35928,4300,,Center,600.6942,721.6117,49.05942,,-8.186472,-4.829873,49.05942,10.96496
1742842097623,81.39389,4302,,Center,595.6229,722.7635,49.00824,,-8.52555,-4.745883,49.00824,11.26028
1742842097640,81.41352,4303,,Center,599.1733,720.9797,49.03813,,-8.287239,-4.871129,49.03813,11.09091
1742842097658,81.43085,4304,,Center,597.6793,719.5893,49.01041,,-8.384961,-4.963685,49.01041,11.24463
1742842097674,81.44888,4305,,Center,599.3207,719.9011,49.03239,,-8.276158,-4.944524,49.03239,11.12357
1742842097711,81.48292,4307,Eye Hit,Center,596.8444,707.074,48.90954,Car4-Detailed,-8.424819,-5.809614,48.90954,11.81795
1742842097726,81.50134,4308,,Center,597.0753,707.6597,48.91834,,-8.410538,-5.770583,48.91834,11.77786
1742842097762,81.53417,4310,,Center,588.7703,707.3664,48.81727,,-8.960215,-5.778689,48.81727,12.32032
1742842097779,81.55321,4311,,Center,584.9522,707.0005,48.76595,,-9.211219,-5.797571,48.76595,12.58141
1742842097796,81.57007,4312,,Center,583.8765,702.433,48.71882,,-9.275615,-6.103202,48.71882,12.8389
1742842097813,81.58694,4313,,Center,580.0143,699.6006,48.64464,,-9.52427,-6.286618,48.64464,13.20278
1742842097833,81.60407,4314,,Center,578.4702,697.6681,48.60912,,-9.622291,-6.413414,48.60912,13.38152
1742842097849,81.62424,4315,,Center,573.4772,694.254,48.51288,,-9.942033,-6.632369,48.51288,13.83935
1742842097883,81.65685,4317,,Center,590.0764,707.5646,48.82927,,-8.873218,-5.766572,48.82927,12.22818
1742842097918,81.69303,4319,,Center,728.712,827.6169,49.89353,,0.6079591,2.485499,49.89353,2.935783
1742842097937,81.71029,4320,,Center,784.3226,880.7366,49.38666,,4.443097,6.129502,49.38666,8.715034
1742842097952,81.72748,4321,,Center,779.4508,877.8167,49.43633,,4.11071,5.933774,49.43633,8.307493
1742842097989,81.76227,4323,,Center,774.1978,883.5541,49.41438,,3.745827,6.32767,49.41438,8.463968
1742842098005,81.77924,4324,,Center,768.6791,883.5004,49.44536,,3.366514,6.327929,49.44536,8.248264
1742842098021,81.79622,4325,,Center,763.4899,880.6526,49.4894,,3.010325,6.136443,49.4894,7.863471
1742842098058,81.83163,4327,,Center,744.2269,867.4065,49.66029,,1.682752,5.237581,49.66029,6.321364
1742842098074,81.84852,4328,,Center,739.4713,865.1089,49.68375,,1.353076,5.080397,49.68375,6.040528
1742842098091,81.8652,4329,,Center,743.0635,849.2891,49.77965,,1.605793,3.988752,49.77965,4.936775
1742842098109,81.88203,4330,,Center,737.708,846.8942,49.80025,,1.233428,3.823589,49.80025,4.612271
1742842098125,81.89967,4331,,Center,727.2324,841.8563,49.8326,,0.5040935,3.474935,49.8326,4.030509
1742842098158,81.93204,4333,,Center,715.6667,819.6793,49.91904,,-0.3025529,1.932564,49.91904,2.243935
1742842098175,81.94946,4334,,Center,716.1951,821.7935,49.91732,,-0.2656467,2.080106,49.91732,2.405582
1742842098194,81.96655,4335,,Center,705.8299,827.3996,49.89181,,-0.9888142,2.470247,49.89181,3.052745
1742842098210,81.98511,4336,,Center,700.4619,826.3175,49.88386,,-1.363184,2.394356,49.88386,3.161369
1742842098245,82.01799,4338,,Center,686.4636,817.4903,49.87505,,-2.339442,1.778161,49.87505,3.371852
1742842098264,82.03599,4339,,Center,671.497,815.8638,49.82076,,-3.379807,1.662883,49.82076,4.323637
1742842098281,82.05562,4340,,Center,665.6968,810.1036,49.80073,,-3.78246,1.260992,49.80073,4.577485
1742842098314,82.08838,4342,,Center,652.0253,798.3616,49.73574,,-4.728558,0.4425352,49.73574,5.454598
1742842098351,82.12503,4344,,Center,639.3029,783.2377,49.64298,,-5.603102,-0.6084031,49.64298,6.477112
1742842098383,82.15796,4346,,Center,629.363,781.7443,49.56193,,-6.282997,-0.710929,49.56193,7.270465
1742842098420,82.1941,4348,,Center,618.838,785.451,49.46813,,-6.999318,-0.4531209,49.46813,8.07003
1742842098437,82.21125,4349,,Center,613.0333,792.397,49.41669,,-7.393244,0.02744024,49.41669,8.509001
1742842098473,82.24364,4351,,Center,593.981,783.2637,49.20356,,-8.672521,-0.6012278,49.20356,10.01966
1742842098489,82.26386,4352,,Center,587.9792,783.7544,49.12953,,-9.071894,-0.5666034,49.12953,10.48192
1742842098523,82.29639,4354,,Center,578.7886,789.4053,49.01692,,-9.68119,-0.1778896,49.01692,11.17436
1742842098542,82.31335,4355,,Center,559.4497,793.7601,48.75122,,-10.94736,0.1200124,48.75122,12.65688
1742842098559,82.33308,4356,,Center,560.1523,797.2216,48.76324,,-10.90214,0.3561336,48.76324,12.60905
1742842098592,82.36698,4358,,Center,552.3901,800.0743,48.6475,,-11.40442,0.5493845,48.6475,13.20835
1742842098629,82.40285,4360,,Center,529.4382,805.5317,48.27436,,-12.86664,0.9136516,48.27436,14.9601
1742842098645,82.42083,4361,,Center,526.4496,809.2681,48.21659,,-13.0528,1.164538,48.21659,15.20496
1742842098677,82.45185,4363,,Center,436.3537,742.6425,46.35162,,-18.38887,-3.199859,46.35162,21.93401
1742842098712,82.4861,4365,Eye Hit,Center,374.5049,651.2976,44.30083,SE_Tree_30,-21.40753,-8.71819,44.30083,27.55406
1742842098744,82.51795,4367,Eye Hit,Center,338.8197,568.947,42.51339,Car4-Detailed,-22.6657,-13.26315,42.51339,31.70418
1742842098777,82.55131,4369,Eye Hit,Center,338.136,565.798,42.4564,Car4-Detailed,-22.67591,-13.43237,42.4564,31.83086
1742842098809,82.583,4371,Eye Hit,Center,341.7158,564.9736,42.52683,Car4-Detailed,-22.5006,-13.50368,42.52683,31.67717
1742842098843,82.61544,4373,Eye Hit,Center,349.862,584.918,42.97998,Car4-Detailed,-22.25065,-12.44863,42.97998,30.67696
1742842098858,82.6338,4374,Eye Hit,Center,351.8846,589.0834,43.07875,Car4-Detailed,-22.17992,-12.22626,43.07875,30.45174
1742842098893,82.66751,4376,Eye Hit,Center,355.9808,588.66,43.17221,Car4-Detailed,-21.9807,-12.27835,43.17221,30.25026
1742842098927,82.701,4378,Eye Hit,Center,353.6522,591.972,43.16259,Car4-Detailed,-22.11638,-12.07567,43.16259,30.27639
1742842098960,82.73392,4380,Eye Hit,Center,356.7808,605.8553,43.40652,Car4-Detailed,-22.05143,-11.30104,43.40652,29.71987
1742842098978,82.75136,4381,Eye Hit,Center,358.6668,607.868,43.47423,Car4-Detailed,-21.97115,-11.19629,43.47423,29.56276
1742842098993,82.76823,4382,Eye Hit,Center,376.1963,614.3129,43.95621,Car4-Detailed,-21.13702,-10.92418,43.95621,28.42628
1742842099026,82.79989,4384,Eye Hit,Center,386.1086,620.6073,44.25694,Car4-Detailed,-20.66805,-10.6093,44.25694,27.69653
1742842099061,82.83549,4386,Eye Hit,Center,394.2967,627.3186,44.5207,Car4-Detailed,-20.28136,-10.25462,44.5207,27.04289
1742842099094,82.86743,4388,Eye Hit,Center,421.3839,632.428,45.17737,Car4-Detailed,-18.86892,-10.08302,45.17737,25.34016
1742842099113,82.88461,4389,Eye Hit,Center,424.0477,635.1729,45.2682,Car4-Detailed,-18.7382,-9.929497,45.2682,25.10136
1742842099130,82.90395,4390,Eye Hit,Center,431.2919,630.9705,45.37462,Car4-Detailed,-18.3225,-10.21954,45.37462,24.81437
1742842099147,82.92159,4391,Eye Hit,Center,432.6374,631.2487,45.40789,Car4-Detailed,-18.25049,-10.20936,45.40789,24.72781
1742842099163,82.9387,4392,Eye Hit,Center,457.8104,617.716,45.75235,Car4-Detailed,-16.77806,-11.1528,45.75235,23.7659
1742842099199,82.9733,4394,Eye Hit,Center,465.1205,610.838,45.80678,Car4-Detailed,-16.32967,-11.60673,45.80678,23.62293
1742842099216,82.99051,4395,Eye Hit,Center,463.9073,607.99,45.74722,Car4-Detailed,-16.38607,-11.77386,45.74722,23.80048
1742842099247,83.02163,4397,Eye Hit,Center,481.6842,601.676,45.99133,Car4-Detailed,-15.32998,-12.24285,45.99133,23.10189
1742842099280,83.05392,4399,Eye Hit,Center,481.2988,592.9045,45.86002,Car4-Detailed,-15.31094,-12.77052,45.86002,23.49703
1742842099298,83.07117,4400,Eye Hit,Center,631.6172,675.5191,48.98225,Car4-Detailed,-6.055074,-7.980063,48.98225,11.55805
1742842099313,83.08855,4401,Eye Hit,Center,622.2372,664.7881,48.78562,Car4-Detailed,-6.670809,-8.680256,48.78562,12.6476
1742842099346,83.12048,4403,,Center,763.6876,765.6757,49.86193,,3.046777,-1.835857,49.86193,4.080535
1742842099379,83.15371,4405,,Center,841.3572,799.2406,49.27676,,8.364127,0.4990328,49.27676,9.650256
1742842099411,83.18571,4407,,Center,864.2318,811.9663,48.97759,,9.880325,1.367756,48.97759,11.51117
1742842099448,83.21971,4409,,Center,857.8235,814.2767,49.05597,,9.456447,1.528461,49.05597,11.04912
1742842099464,83.23866,4410,,Center,841.083,775.5519,49.26945,,8.343988,-1.133461,49.26945,9.698683
1742842099497,83.27229,4412,,Center,822.2136,760.9223,49.43554,,7.067421,-2.148825,49.43554,8.498516
1742842099517,83.28922,4413,,Center,805.893,749.5827,49.54232,,5.951782,-2.939222,49.54232,7.631366
1742842099535,83.30797,4414,,Center,798.0363,744.8715,49.58323,,5.411834,-3.268368,49.58323,7.266389
1742842099551,83.32623,4415,,Center,790.4187,740.0193,49.61474,,4.886652,-3.607164,49.61474,6.979378
1742842099586,83.35926,4417,,Center,765.4125,720.2844,49.63705,,3.152785,-4.978887,49.63705,6.770772
1742842099605,83.37672,4418,,Center,756.0414,715.7573,49.64104,,2.502394,-5.293611,49.64104,6.727066
1742842099620,83.3954,4419,,Center,747.4489,711.2867,49.634,,1.905537,-5.603217,49.634,6.79985
1742842099656,83.42817,4421,,Center,740.0748,712.9528,49.66235,,1.394417,-5.490685,49.66235,6.507587
1742842099672,83.44672,4422,Eye Hit,Center,767.5499,722.3093,49.63785,SouthWalkingPole,3.301231,-4.838386,49.63785,6.729835
1742842099706,83.47929,4424,Eye Hit,Center,766.1366,728.0383,49.67992,SouthWalkingPole,3.20582,-4.444406,49.67992,6.294602
1742842099740,83.51261,4426,Eye Hit,Center,737.7896,710.1392,49.6413,SouthWalkingPole,1.235158,-5.683711,49.6413,6.682752
1742842099756,83.53085,4427,Eye Hit,Center,728.1534,708.3074,49.63853,SouthWalkingPole,0.5660706,-5.810575,49.63853,6.707855
1742842099789,83.56281,4429,,Center,712.4838,692.3582,49.49932,,-0.5203674,-6.898483,49.49932,7.956185
1742842099806,83.57959,4430,,Center,707.57,690.9705,49.48124,,-0.8602499,-6.992002,49.48124,8.102853
1742842099840,83.6129,4432,,Center,673.1967,686.6693,49.3424,,-3.230053,-7.269224,49.3424,9.157939
1742842099857,83.63031,4433,,Center,663.9629,686.1497,49.29205,,-3.863362,-7.29763,49.29205,9.509608
1742842099873,83.64726,4434,Eye Hit,Center,672.2272,689.1584,49.36137,SouthWalkingSignal,-3.298232,-7.100173,49.36137,9.012187
1742842099906,83.68048,4436,Eye Hit,Center,658.8673,698.0494,49.37343,SouthWalkingSignal,-4.221626,-6.487925,49.37343,8.909973
1742842099939,83.71346,4438,Eye Hit,Center,658.8456,709.1824,49.46513,SouthWalkingSignal,-4.230968,-5.729739,49.46513,8.193787
1742842099972,83.74474,4440,Eye Hit,Center,640.4938,708.6883,49.33888,SouthWalkingSignal,-5.486599,-5.749209,49.33888,9.150146
1742842099987,83.76201,4441,Eye Hit,Center,630.7562,709.8701,49.26963,SouthWalkingSignal,-6.14993,-5.659699,49.26963,9.627718
1742842100017,83.79279,4443,Eye Hit,Center,597.2975,714.8064,48.9753,SouthWalkingSignal,-8.405111,-5.287754,48.9753,11.46173
1742842100048,83.8239,4445,Eye Hit,Center,575.4144,717.2106,48.72462,SouthWalkingSignal,-9.853405,-5.096847,48.72462,12.82642
1742842100079,83.85441,4447,Eye Hit,Center,541.2916,719.1822,48.24543,SouthWalkingSignal,-12.05907,-4.913676,48.24543,15.10456
1742842100109,83.88447,4449,Eye Hit,Center,510.4803,725.4345,47.76513,SouthWalkingSignal,-13.99744,-4.447059,47.76513,17.09169
1742842100139,83.91317,4451,,Center,496.2715,729.4733,47.52617,,-14.87192,-4.156341,47.52617,17.99957
1742842100169,83.94476,4453,,Center,588.0343,759.4781,49.08994,,-9.0608,-2.232962,49.08994,10.76339
1742842100200,83.97487,4455,,Center,557.5566,861.9597,48.50562,,-11.02065,4.746278,48.50562,13.89477
1742842100230,84.00513,4457,,Center,634.3188,861.9681,49.37941,,-5.917584,4.832353,49.37941,8.795043
1742842100260,84.03545,4459,,Center,721.6271,774.6349,49.95232,,0.1136791,-1.213238,49.95232,1.397318
1742842100292,84.06824,4461,,Center,806.5771,740.8917,49.48254,,5.991944,-3.537173,49.48254,8.0043
1742842100327,84.10163,4463,,Center,811.9685,744.7997,49.45719,,6.361823,-3.265031,49.45719,8.227075
1742842100358,84.13307,4465,,Center,837.7439,778.9471,49.30322,,8.119452,-0.9001118,49.30322,9.40801
1742842100380,84.14981,4466,,Center,778.5153,790.9498,49.80758,,4.076411,-0.07315863,49.80758,4.679605
1742842100396,84.17093,4467,,Center,817.6393,793.3182,49.51892,,6.762521,0.09129921,49.51892,7.777156
1742842100430,84.20385,4469,,Center,828.634,797.4307,49.41385,,7.508054,0.3753321,49.41385,8.650198
1742842100449,84.2221,4470,,Center,775.0894,807.7063,49.8238,,3.838997,1.094519,49.8238,4.580822
1742842100467,84.24071,4471,,Center,818.8763,800.8928,49.51115,,6.84712,0.6158231,49.51115,7.905122
1742842100485,84.2585,4472,,Center,794.4535,801.1036,49.71428,,5.177011,0.6330026,49.71428,5.989001
1742842100506,84.27543,4473,Eye Hit,Center,814.585,788.2034,49.55762,MicroBus2-Detailed,6.5561,-0.2631566,49.55762,7.542048
1742842100523,84.29688,4474,Eye Hit,Center,794.0259,787.3977,49.72503,MicroBus2-Detailed,5.148391,-0.3200827,49.72503,5.922516
1742842100540,84.31373,4475,Eye Hit,Center,835.0627,777.2989,49.34798,MicroBus2-Detailed,7.941758,-1.014688,49.34798,9.215481
1742842100560,84.33082,4476,Eye Hit,Center,797.2873,775.1332,49.69429,MicroBus2-Detailed,5.371893,-1.172338,49.69429,6.313699
1742842100579,84.35119,4477,Eye Hit,Center,809.1342,766.6144,49.58313,SW_Tree_30,6.181464,-1.760496,49.58313,7.385835
1742842100596,84.36995,4478,Eye Hit,Center,790.2861,765.3304,49.72224,SW_Tree_30,4.888018,-1.854729,49.72224,6.002373
1742842100618,84.38905,4479,Eye Hit,Center,762.2521,760.468,49.86635,SW_Tree_30,2.946919,-2.199235,49.86635,4.217283
1742842100634,84.40863,4480,Eye Hit,Center,739.1,749.2498,49.89254,MicroBus2-Detailed,1.332851,-2.983228,49.89254,3.746902
1742842100651,84.42599,4481,Eye Hit,Center,731.6519,747.4122,49.89895,SW_Tree_30,0.81321,-3.111865,49.89895,3.688014
1742842100690,84.46432,4483,Eye Hit,Center,711.5138,742.4799,49.88255,SW_Tree_30,-0.592073,-3.454958,49.88255,4.019708
1742842100708,84.48189,4484,Eye Hit,Center,701.4711,731.3408,49.80616,MicroBus2-Detailed,-1.290758,-4.225641,49.80616,5.069525
1742842100727,84.49926,4485,,Center,695.0999,728.6397,49.78206,,-1.73375,-4.411667,49.78206,5.439164
1742842100745,84.51875,4486,,Center,694.1196,731.1863,49.79058,,-1.802314,-4.235082,49.79058,5.28142
1742842100764,84.53682,4487,Eye Hit,Center,686.6833,735.46,49.78905,MicroBus2-Detailed,-2.320113,-3.937335,49.78905,5.244412
1742842100784,84.55511,4488,Eye Hit,Center,685.0008,734.8729,49.78532,MicroBus2-Detailed,-2.437096,-3.977922,49.78532,5.353244
1742842100804,84.5746,4489,Eye Hit,Center,672.0461,737.6454,49.74424,MicroBus2-Detailed,-3.336412,-3.781744,49.74424,5.788923
1742842100820,84.59481,4490,Eye Hit,Center,673.5268,738.9279,49.76005,MicroBus2-Detailed,-3.234419,-3.693686,49.76005,5.63496
1742842100858,84.6302,4492,Eye Hit,Center,677.0157,744.2318,49.80151,MicroBus2-Detailed,-2.994094,-3.327316,49.80151,5.135913
1742842100875,84.64841,4493,Eye Hit,Center,676.5748,744.5945,49.79758,MicroBus2-Detailed,-3.024564,-3.301795,49.79758,5.138088
1742842100913,84.68597,4495,Eye Hit,Center,683.5817,747.211,49.83713,MicroBus2-Detailed,-2.538547,-3.122031,49.83713,4.616049
1742842100930,84.70362,4496,Eye Hit,Center,676.6162,745.0356,49.79696,MicroBus2-Detailed,-3.021645,-3.271031,49.79696,5.110098
1742842100952,84.72123,4497,Eye Hit,Center,688.6036,744.9459,49.84459,MicroBus2-Detailed,-2.188826,-3.28041,49.84459,4.523723
1742842100969,84.74277,4498,Eye Hit,Center,688.2672,744.5768,49.83871,MicroBus2-Detailed,-2.212016,-3.305756,49.83871,4.563041
1742842100986,84.75964,4499,Eye Hit,Center,694.0274,740.5015,49.83772,MicroBus2-Detailed,-1.810449,-3.589759,49.83772,4.612101
1742842101008,84.77654,4500,Eye Hit,Center,694.101,731.6893,49.78935,MicroBus2-Detailed,-1.803566,-4.19995,49.78935,5.245234
1742842101024,84.79868,4501,Eye Hit,Center,696.6729,722.8185,49.74241,MicroBus2-Detailed,-1.622933,-4.813156,49.74241,5.830489
1742842101064,84.83266,4503,Eye Hit,Center,692.9529,702.7105,49.58251,MicroBus2-Detailed,-1.875697,-6.192155,49.58251,7.43453
1742842101081,84.85639,4504,Eye Hit,Center,684.2789,707.1506,49.59018,MicroBus2-Detailed,-2.477616,-5.885148,49.59018,7.337246
1742842101118,84.88847,4506,,Center,797.9554,795.231,49.70641,,5.419652,0.2246291,49.70641,6.227874
1742842101136,84.90867,4507,Eye Hit,Center,849.8315,882.9832,48.81194,NorthCarSignal,8.863778,6.211555,48.81194,12.50249
1742842101152,84.92719,4508,Eye Hit,Center,851.257,880.796,48.81491,NorthCarSignal,8.961649,6.062601,48.81491,12.49746
1742842101188,84.96034,4510,Eye Hit,Center,858.0482,881.5668,48.72511,NorthCarSignal,9.407981,6.103972,48.72511,12.96157
1742842101207,84.97826,4511,Eye Hit,Center,859.7579,884.463,48.67613,NorthCarSignal,9.51492,6.295016,48.67613,13.191
1742842101222,84.99719,4512,Eye Hit,Center,862.0559,882.1253,48.66788,NorthCarSignal,9.669735,6.134823,48.66788,13.24092
1742842101259,85.02959,4514,Eye Hit,Center,864.3777,876.4162,48.68275,NorthCarSignal,9.830783,5.747961,48.68275,13.16588
1742842101274,85.0494,4515,Eye Hit,Center,862.6938,891.5021,48.57642,NorthCarSignal,9.694902,6.760373,48.57642,13.67502
1742842101311,85.08195,4517,Eye Hit,Center,870.5478,889.5111,48.4894,NorthCarSignal,10.2102,6.613232,48.4894,14.08348
1742842101327,85.10258,4518,Eye Hit,Center,871.5684,893.5772,48.43837,NorthCarSignal,10.2686,6.881747,48.43837,14.31616
1742842101363,85.13532,4520,Eye Hit,Center,881.1873,895.9918,48.28193,NorthCarSignal,10.885,7.022582,48.28193,15.01844
1742842101383,85.15407,4521,Eye Hit,Center,883.4212,896.4432,48.24786,NorthCarSignal,11.02807,7.048081,48.24786,15.17707
1742842101401,85.17382,4522,Eye Hit,Center,889.5237,900.2562,48.12149,NorthCarSignal,11.40991,7.286263,48.12149,15.7128
1742842101419,85.19248,4523,Eye Hit,Center,889.5958,900.3948,48.11996,NorthCarSignal,11.41441,7.295354,48.11996,15.72285
1742842101439,85.21002,4524,Eye Hit,Center,893.4913,898.0238,48.08291,NorthCarSignal,11.66759,7.130289,48.08291,15.87472
1742842101457,85.22939,4525,Eye Hit,Center,894.1646,898.1305,48.07238,NorthCarSignal,11.71031,7.1359,48.07238,15.92144
1742842101474,85.24718,4526,Eye Hit,Center,893.4225,898.6879,48.07684,NorthCarSignal,11.66149,7.174045,48.07684,15.89609
1742842101494,85.26475,4527,Eye Hit,Center,894.9968,899.0793,48.05095,NorthCarSignal,11.76102,7.196483,48.05095,16.01068
1742842101512,85.2848,4528,Eye Hit,Center,894.944,897.1735,48.06807,NorthCarSignal,11.76166,7.070922,48.06807,15.93412
1742842101530,85.3032,4529,Eye Hit,Center,895.8535,895.4624,48.06838,NorthCarSignal,11.82288,6.955924,48.06838,15.92722
1742842101550,85.32187,4530,Eye Hit,Center,896.7869,896.2311,48.04836,NorthCarSignal,11.88069,7.004687,48.04836,16.01569
1742842101568,85.34026,4531,Eye Hit,Center,898.2976,890.6388,48.07306,NorthCarSignal,11.98837,6.632272,48.07306,15.90737
1742842101585,85.35906,4532,Eye Hit,Center,899.9418,892.0773,48.03557,NorthCarSignal,12.08949,6.723745,48.03557,16.06552
1742842101622,85.39617,4534,,Center,904.0803,762.6179,48.37019,,12.45369,-1.987803,48.37019,14.61312
1742842101660,85.4306,4536,Eye Hit,Center,913.4164,658.5587,47.48685,SW_Tree_50,12.84634,-8.862914,47.48685,18.19364
1742842101678,85.4509,4537,Eye Hit,Center,913.4149,621.6042,47.02192,Car4-Detailed,12.72047,-11.20656,47.02192,19.82572
1742842101696,85.46835,4538,Eye Hit,Center,914.6101,621.1064,46.99536,Car4-Detailed,12.79185,-11.23295,46.99536,19.91266
1742842101716,85.4873,4539,,Center,926.9848,624.6799,46.84294,,13.56112,-10.96239,46.84294,20.41837
1742842101733,85.50651,4540,,Center,935.0712,631.3441,46.79295,,14.07588,-10.51453,46.79295,20.57977
1742842101751,85.5246,4541,,Center,945.3676,634.4083,46.65067,,14.70491,-10.28263,46.65067,21.03843
1742842101768,85.54177,4542,,Center,959.4305,635.7072,46.40848,,15.54138,-10.14493,46.40848,21.79725
1742842101785,85.55927,4543,,Center,984.8843,645.0821,46.02137,,17.05017,-9.456865,46.02137,22.9602
1742842101804,85.57601,4544,,Center,993.8612,656.4318,45.95874,,17.604,-8.714427,45.95874,23.14196
1742842101820,85.59526,4545,,Center,1017.139,664.4777,45.53937,,18.92603,-8.12243,45.53937,24.33504
1742842101853,85.62721,4547,,Center,1062.675,677.6873,44.61073,,21.38133,-7.13258,44.61073,26.80525
1742842101886,85.66125,4549,Eye Hit,Center,1135.776,698.1762,42.93165,SouthSidewalk,24.96605,-5.633828,42.93165,30.8014
1742842101919,85.69356,4551,Eye Hit,Center,1064.562,722.2217,44.84975,SouthSidewalk,21.61426,-4.377171,44.84975,26.18376
1742842101953,85.72744,4553,Eye Hit,Center,1067.111,746.4911,44.88523,SouthSidewalk,21.79138,-2.857016,44.88523,26.08848
1742842101985,85.76054,4555,,Center,938.3776,854.3553,47.63023,,14.54802,4.154023,47.63023,17.62214
1742842102017,85.79242,4557,,Center,830.7257,842.5897,49.26492,,7.629554,3.485885,49.26492,9.662898
1742842102049,85.8239,4559,,Center,791.4399,810.3824,49.71054,,4.967091,1.278094,49.71054,5.890657
1742842102081,85.85547,4561,,Center,753.4456,801.6669,49.91483,,2.334974,0.6748804,49.91483,2.78769
1742842102113,85.88768,4563,Eye Hit,Center,705.4007,762.8316,49.92305,SouthSidewalk,-1.019402,-2.036696,49.92305,2.612095
1742842102144,85.91885,4565,Eye Hit,Center,625.2628,753.9126,49.47451,MicroBus2-Detailed,-6.555635,-2.635577,49.47451,8.127603
1742842102162,85.93656,4566,Eye Hit,Center,592.6384,774.8031,49.18966,MicroBus2-Detailed,-8.762442,-1.183142,49.18966,10.19022
1742842102178,85.9538,4567,Eye Hit,Center,628.3868,781.2699,49.56742,MicroBus2-Detailed,-6.35137,-0.743899,49.56742,7.351245
1742842102210,85.98487,4569,Eye Hit,Center,584.9238,784.4471,49.10962,MicroBus2-Detailed,-9.278082,-0.5187927,49.10962,10.71491
1742842102246,86.01718,4571,Eye Hit,Center,573.9794,800.9514,48.96951,MicroBus2-Detailed,-10.00122,0.6131019,48.96951,11.56405
1742842102261,86.0368,4572,Eye Hit,Center,539.671,809.9065,48.45345,MicroBus2-Detailed,-12.2209,1.213525,48.45345,14.22266
1742842102296,86.06837,4574,Eye Hit,Center,515.1989,806.183,48.04523,MicroBus2-Detailed,-13.76244,0.9530858,48.04523,16.02054
1742842102311,86.0881,4575,Eye Hit,Center,537.5557,809.8488,48.42084,MicroBus2-Detailed,-12.35593,1.208801,48.42084,14.38065
1742842102347,86.12165,4577,Eye Hit,Center,533.1879,809.0986,48.35139,MicroBus2-Detailed,-12.63359,1.156333,48.35139,14.70183
1742842102385,86.15624,4579,Eye Hit,Center,524.1052,809.2081,48.19881,MicroBus2-Detailed,-13.20602,1.160067,48.19881,15.3787
1742842102404,86.17648,4580,,Center,468.0862,800.1116,47.14408,,-16.61086,0.5348653,47.14408,19.41882
1742842102426,86.19515,4581,Eye Hit,Center,509.9802,801.7778,47.95799,MicroBus2-Detailed,-14.08751,0.655864,47.95799,16.38676
1742842102445,86.21691,4582,Eye Hit,Center,456.4225,792.5853,46.90185,SE_Tree_30,-17.29065,0.03839988,46.90185,20.23676
1742842102469,86.23509,4583,,Center,428.5995,776.3848,46.28035,,-18.86253,-1.01078,46.28035,22.20312
1742842102486,86.25974,4584,,Center,448.8939,775.5366,46.72903,,-17.71899,-1.076017,46.72903,20.801
1742842102504,86.27686,4585,,Center,413.7771,765.437,45.92281,,-19.66885,-1.706154,45.92281,23.26339
1742842102524,86.29543,4586,,Center,453.4917,765.2604,46.80999,,-17.44867,-1.75068,46.80999,20.53729
1742842102541,86.31576,4587,,Center,424.7127,761.0853,46.16412,,-19.06612,-1.996098,46.16412,22.55139
1742842102580,86.34895,4589,Eye Hit,Center,470.8528,752.4974,47.13832,SportCar3-Detailed,-16.42642,-2.604431,47.13832,19.43416
1742842102597,86.37159,4590,Eye Hit,Center,484.2445,757.9117,47.42295,SportCar3-Detailed,-15.63735,-2.261034,47.42295,18.42661
1742842102635,86.40604,4592,Eye Hit,Center,525.0095,762.22,48.18572,SportCar3-Detailed,-13.14149,-2.007042,48.18572,15.42355
1742842102652,86.42702,4593,Eye Hit,Center,534.6927,765.4621,48.35634,SportCar3-Detailed,-12.53311,-1.79487,48.35634,14.67221
1742842102690,86.4623,4595,Eye Hit,Center,573.0305,771.5248,48.94392,SportCar3-Detailed,-10.06095,-1.401653,48.94392,11.72503
1742842102709,86.48158,4596,Eye Hit,Center,580.4706,779.1563,49.05333,SportCar3-Detailed,-9.57298,-0.881192,49.05333,11.08829
1742842102726,86.5,4597,Eye Hit,Center,588.1375,780.866,49.15225,SportCar3-Detailed,-9.065204,-0.7654321,49.15225,10.48607
1742842102746,86.51691,4598,Eye Hit,Center,609.7069,778.926,49.39466,SportCar3-Detailed,-7.619758,-0.9032358,49.39466,8.829907
1742842102764,86.53699,4599,Eye Hit,Center,592.1215,775.4483,49.19264,SportCar3-Detailed,-8.798538,-1.13882,49.19264,10.22345
1742842102782,86.55546,4600,Eye Hit,Center,598.0708,776.2913,49.26374,SportCar3-Detailed,-8.401328,-1.082382,49.26374,9.756469
1742842102798,86.57262,4601,Eye Hit,Center,597.8544,781.8914,49.26708,SportCar3-Detailed,-8.416811,-0.6965633,49.26708,9.727366
1742842102817,86.58949,4602,Eye Hit,Center,608.3223,783.2206,49.38436,SportCar3-Detailed,-7.713804,-0.606414,49.38436,8.90479
1742842102833,86.60773,4603,,Center,592.853,779.8439,49.20701,,-8.750762,-0.8366347,49.20701,10.12885
1742842102850,86.62484,4604,,Center,595.3109,779.8289,49.2362,,-8.586691,-0.8381583,49.2362,9.938856
1742842102886,86.65859,4606,,Center,604.1998,776.9893,49.33257,,-7.990168,-1.035733,49.33257,9.275677
1742842102904,86.67698,4607,,Center,612.1084,787.7913,49.42502,,-7.458431,-0.2909417,49.42502,8.587851
1742842102920,86.69548,4608,,Center,613.7132,787.0144,49.44114,,-7.349887,-0.3447624,49.44114,8.464803
1742842102955,86.7274,4610,,Center,617.2334,785.3267,49.47376,,-7.111148,-0.4617701,49.47376,8.196423
1742842102972,86.74536,4611,Eye Hit,Center,627.4797,784.3501,49.5672,SportCar3-Detailed,-6.414229,-0.5303521,49.5672,7.398258
1742842102989,86.76257,4612,Eye Hit,Center,629.0136,783.9725,49.58026,SportCar3-Detailed,-6.309547,-0.5566775,49.58026,7.280308
1742842103021,86.79635,4614,Eye Hit,Center,631.1387,785.0516,49.59884,SportCar3-Detailed,-6.164491,-0.4820265,49.59884,7.106194
1742842103056,86.82964,4616,Eye Hit,Center,639.1822,784.2714,49.66246,SportCar3-Detailed,-5.613686,-0.5368342,49.66246,6.478323
1742842103087,86.86217,4618,Eye Hit,Center,644.948,785.5201,49.70581,SportCar3-Detailed,-5.217738,-0.4504933,49.70581,6.014673
1742842103120,86.89502,4620,Eye Hit,Center,646.5272,784.8837,49.71652,SportCar3-Detailed,-5.10905,-0.4948432,49.71652,5.894583
1742842103152,86.92745,4622,Eye Hit,Center,649.7128,783.0078,49.73632,SportCar3-Detailed,-4.88948,-0.6255364,49.73632,5.66005
1742842103185,86.9594,4624,Eye Hit,Center,653.1985,782.5708,49.7587,SportCar3-Detailed,-4.649093,-0.6562309,49.7587,5.390452
1742842103217,86.9928,4626,Eye Hit,Center,653.1224,784.6716,49.76019,SportCar3-Detailed,-4.654531,-0.5100428,49.76019,5.375673
1742842103250,87.02518,4628,Eye Hit,Center,652.0323,785.2178,49.75331,SportCar3-Detailed,-4.729742,-0.4719612,49.75331,5.457256
1742842103283,87.05748,4630,Eye Hit,Center,649.468,784.538,49.73583,SportCar3-Detailed,-4.90646,-0.5190833,49.73583,5.665277
1742842103314,87.09035,4632,Eye Hit,Center,646.2896,782.3574,49.71218,SportCar3-Detailed,-5.125126,-0.6704534,49.71218,5.935972
1742842103348,87.12333,4634,Eye Hit,Center,649.1727,786.9853,49.73532,SportCar3-Detailed,-4.926952,-0.3488366,49.73532,5.67157
1742842103379,87.15366,4636,Eye Hit,Center,644.1359,782.3317,49.69662,SportCar3-Detailed,-5.27322,-0.6720285,49.69662,6.105508
1742842103410,87.18452,4638,Eye Hit,Center,645.5999,780.9398,49.70608,SportCar3-Detailed,-5.172445,-0.7689271,49.70608,6.005638
1742842103444,87.21605,4640,Eye Hit,Center,636.9034,780.1422,49.63942,SportCar3-Detailed,-5.769299,-0.8232728,49.63942,6.696004
1742842103458,87.23408,4641,Eye Hit,Center,639.4498,778.7927,49.65798,SportCar3-Detailed,-5.594592,-0.9173068,49.65798,6.513099
1742842103490,87.26385,4643,Eye Hit,Center,636.2676,776.7551,49.62965,SportCar3-Detailed,-5.812297,-1.058226,49.62965,6.788448
1742842103522,87.29572,4645,Eye Hit,Center,634.8918,777.436,49.61967,SportCar3-Detailed,-5.906609,-1.010761,49.61967,6.886153
1742842103554,87.32751,4647,Eye Hit,Center,628.2668,774.9592,49.55997,SportCar3-Detailed,-6.358733,-1.181227,49.55997,7.435032
1742842103570,87.34465,4648,Eye Hit,Center,625.2721,769.7504,49.52399,SportCar3-Detailed,-6.561549,-1.54117,49.52399,7.750233
1742842103603,87.37533,4650,Eye Hit,Center,623.4556,767.4019,49.50231,SportCar3-Detailed,-6.684445,-1.703098,49.50231,7.932909
1742842103617,87.39323,4651,Eye Hit,Center,622.2352,766.7564,49.48932,SportCar3-Detailed,-6.767165,-1.747333,49.48932,8.038417
1742842103649,87.424,4653,Eye Hit,Center,623.022,754.3417,49.45963,SportCar3-Detailed,-6.708681,-2.605103,49.45963,8.278869
1742842103682,87.45609,4655,Eye Hit,Center,622.0886,753.9388,49.4493,SportCar3-Detailed,-6.771831,-2.632422,49.4493,8.358535
1742842103713,87.48808,4657,Eye Hit,Center,619.8015,754.3788,49.42947,SportCar3-Detailed,-6.927237,-2.60095,49.42947,8.513777
1742842103744,87.5189,4659,Eye Hit,Center,620.3699,753.0612,49.43002,SportCar3-Detailed,-6.888019,-2.692068,49.43002,8.509093
1742842103777,87.55001,4661,Eye Hit,Center,619.1017,754.9219,49.42437,SportCar3-Detailed,-6.974899,-2.563137,49.42437,8.550354
1742842103792,87.5677,4662,Eye Hit,Center,620.9335,756.16,49.44632,SportCar3-Detailed,-6.851312,-2.47865,49.44632,8.382205
1742842103824,87.59916,4664,Eye Hit,Center,621.1201,756.8804,49.45049,SportCar3-Detailed,-6.838981,-2.429035,49.45049,8.349319
1742842103856,87.62963,4666,Eye Hit,Center,620.6464,757.3086,49.44682,SportCar3-Detailed,-6.871234,-2.399236,49.44682,8.373228
1742842103888,87.66192,4668,Eye Hit,Center,621.8139,756.7145,49.45554,SportCar3-Detailed,-6.79169,-2.440757,49.45554,8.302434
1742842103921,87.69495,4670,Eye Hit,Center,623.021,754.3091,49.45852,SportCar3-Detailed,-6.708598,-2.607298,49.45852,8.27984
1742842103952,87.72697,4672,Eye Hit,Center,623.3411,753.5878,49.45903,SportCar3-Detailed,-6.686521,-2.65722,49.45903,8.277137
1742842103985,87.75835,4674,Eye Hit,Center,630.5385,754.7112,49.52639,SportCar3-Detailed,-6.197061,-2.583022,49.52639,7.720014
1742842104002,87.77544,4675,Eye Hit,Center,631.9713,754.2168,49.53719,SportCar3-Detailed,-6.099138,-2.61784,49.53719,7.631289
1742842104018,87.79295,4676,Eye Hit,Center,631.7062,754.4912,49.53572,SportCar3-Detailed,-6.117327,-2.59875,49.53572,7.642032
1742842104050,87.82456,4678,Eye Hit,Center,632.9576,760.5328,49.56628,SportCar3-Detailed,-6.034344,-2.181511,49.56628,7.376185
1742842104083,87.85665,4680,Eye Hit,Center,635.6353,754.0467,49.56661,SportCar3-Detailed,-5.848747,-2.631186,49.56661,7.37246
1742842104115,87.89002,4682,Eye Hit,Center,635.7472,756.5409,49.57643,SportCar3-Detailed,-5.842148,-2.45876,49.57643,7.285858
1742842104146,87.9211,4684,Eye Hit,Center,636.3795,751.6874,49.56421,SportCar3-Detailed,-5.796871,-2.794617,49.56421,7.397833
1742842104178,87.95296,4686,Eye Hit,Center,640.3251,755.7318,49.60989,SportCar3-Detailed,-5.528442,-2.516559,49.60989,6.980558
1742842104211,87.98486,4688,Eye Hit,Center,643.0326,756.2844,49.63187,SportCar3-Detailed,-5.342942,-2.479313,49.63187,6.768049
1742842104244,88.01772,4690,Eye Hit,Center,643.3097,756.0911,49.6334,SportCar3-Detailed,-5.323871,-2.492806,49.6334,6.754647
1742842104279,88.04882,4692,Eye Hit,Center,646.7811,751.9276,49.64291,SportCar3-Detailed,-5.083854,-2.782375,49.64291,6.658733
1742842104295,88.07005,4693,Eye Hit,Center,647.3011,743.5657,49.6114,SportCar3-Detailed,-5.044547,-3.360837,49.6114,6.965931
1742842104328,88.10114,4695,Eye Hit,Center,642.1119,743.2906,49.57278,SportCar3-Detailed,-5.400419,-3.377296,49.57278,7.321693
1742842104362,88.1343,4697,Eye Hit,Center,641.7859,744.3303,49.57479,SportCar3-Detailed,-5.423241,-3.30534,49.57479,7.300519
1742842104379,88.15323,4698,Eye Hit,Center,641.0825,744.0447,49.56783,SportCar3-Detailed,-5.471244,-3.32468,49.56783,7.359567
1742842104412,88.18539,4700,Eye Hit,Center,640.3046,744.9336,49.56592,SportCar3-Detailed,-5.524961,-3.262924,49.56592,7.376185
1742842104429,88.20247,4701,Eye Hit,Center,641.7578,745.5326,49.57995,SportCar3-Detailed,-5.425752,-3.222312,49.57995,7.253526
1742842104446,88.21983,4702,Eye Hit,Center,639.1335,745.8843,49.56089,SportCar3-Detailed,-5.605581,-3.196695,49.56089,7.418387
1742842104461,88.23654,4703,Eye Hit,Center,644.9515,743.4111,49.59337,SportCar3-Detailed,-5.205693,-3.37034,49.59337,7.127666
1742842104493,88.26732,4705,Eye Hit,Center,649.0835,738.9003,49.60024,SportCar3-Detailed,-4.91976,-3.683736,49.60024,7.063609
1742842104526,88.30177,4707,Eye Hit,Center,648.4543,737.9598,49.59119,SportCar3-Detailed,-4.962506,-3.748301,49.59119,7.147923
1742842104559,88.33324,4709,Eye Hit,Center,649.8636,727.9788,49.54424,SportCar3-Detailed,-4.86015,-4.436389,49.54424,7.565741
1742842104576,88.34998,4710,Eye Hit,Center,647.9821,727.8987,49.53061,SportCar3-Detailed,-4.989153,-4.440722,49.53061,7.679996
1742842104607,88.38184,4712,Eye Hit,Center,645.5129,727.3586,49.5102,SportCar3-Detailed,-5.15809,-4.476293,49.5102,7.85398
1742842104641,88.41432,4714,Eye Hit,Center,647.7369,722.1971,49.49232,SportCar3-Detailed,-5.002274,-4.831971,49.49232,7.999099
1742842104657,88.43143,4715,Eye Hit,Center,646.4606,721.7999,49.48039,SportCar3-Detailed,-5.089396,-4.858292,49.48039,8.093059
1742842104674,88.44827,4716,Eye Hit,Center,650.192,721.0449,49.50114,SportCar3-Detailed,-4.833183,-4.912604,49.50114,7.92578
1742842104706,88.48058,4718,Eye Hit,Center,651.3063,720.1155,49.50204,SportCar3-Detailed,-4.756124,-4.977042,49.50204,7.917231
1742842104741,88.51509,4720,Eye Hit,Center,643.0233,716.2283,49.41702,SportCar3-Detailed,-5.320454,-5.237168,49.41702,8.590915
1742842104757,88.5332,4721,Eye Hit,Center,640.6335,716.0347,49.39739,SportCar3-Detailed,-5.483454,-5.24846,49.39739,8.735767
1742842104793,88.56508,4723,Eye Hit,Center,637.2929,714.3304,49.35862,RoadEast,-5.709771,-5.362003,49.35862,9.017157
1742842104810,88.58334,4724,Eye Hit,Center,644.2587,715.3207,49.41837,RoadEast,-5.235209,-5.300045,49.41837,8.572629
1742842104827,88.60104,4725,Eye Hit,Center,663.04,728.0881,49.62273,SportCar3-Detailed,-3.953336,-4.435836,49.62273,6.828087
1742842104862,88.63425,4727,Eye Hit,Center,658.153,735.8406,49.63847,SouthSidewalk,-4.293879,-3.899007,49.63847,6.664504
1742842104879,88.65368,4728,Eye Hit,Center,653.9363,735.6423,49.61068,SouthSidewalk,-4.584068,-3.910585,49.61068,6.924953
1742842104913,88.6875,4730,Eye Hit,Center,640.9735,736.2045,49.52419,SouthSidewalk,-5.473978,-3.864819,49.52419,7.705585
1742842104949,88.72302,4732,Eye Hit,Center,626.0596,736.411,49.4017,SouthSidewalk,-6.490936,-3.840993,49.4017,8.680414
1742842104980,88.75583,4734,Eye Hit,Center,606.9891,729.8746,49.18081,SouthSidewalk,-7.773721,-4.273444,49.18081,10.22468
1742842105012,88.78789,4736,Eye Hit,Center,598.3116,727.4379,49.07264,SouthSidewalk,-8.352214,-4.431285,49.07264,10.90566
1742842105046,88.82106,4738,Eye Hit,Center,592.7885,733.4182,49.04238,HighFemale2,-8.72591,-4.018344,49.04238,11.08308
1742842105077,88.85225,4740,,Center,582.0659,732.248,48.90576,,-9.435057,-4.087196,48.90576,11.87335
1742842105109,88.8829,4742,,Center,552.5232,732.6982,48.50092,,-11.36102,-4.022822,48.50092,13.95502
1742842105124,88.89979,4743,,Center,531.2264,735.3643,48.18079,,-12.7212,-3.816604,48.18079,15.41126
1742842105155,88.93033,4745,,Center,463.363,732.785,46.89577,,-16.83317,-3.883994,46.89577,20.22277
1742842105187,88.96184,4747,,Center,423.8818,742.7691,46.08133,,-19.08548,-3.173039,46.08133,22.77531
1742842105217,88.99266,4749,,Center,369.0063,748.5155,44.79878,,-21.99269,-2.724666,44.79878,26.32044
1742842105248,89.02283,4751,,Center,351.6904,770.7345,44.41717,,-22.8811,-1.321112,44.41717,27.29368
1742842105277,89.05342,4753,,Center,473.803,799.5255,47.252,,-16.27106,0.4973593,47.252,19.00921
1742842105308,89.08213,4755,,Center,592.5137,803.7492,49.19115,,-8.771292,0.808368,49.19115,10.15214
1742842105339,89.11311,4757,,Center,614.7924,807.4371,49.42805,,-7.273331,1.067211,49.42805,8.459326
1742842105369,89.1433,4759,,Center,671.2836,806.0363,49.84615,,-3.396406,0.9785822,49.84615,4.056034
1742842105399,89.17365,4761,,Center,734.6466,793.9617,49.96023,,1.023466,0.1370741,49.96023,1.18399
1742842105429,89.20436,4763,Eye Hit,Center,787.0739,776.1175,49.74065,SouthSidewalk,4.666359,-1.104953,49.74065,5.506767
1742842105458,89.23415,4765,Eye Hit,Center,817.3093,769.3347,49.49175,SouthSidewalk,6.735971,-1.568943,49.49175,7.955321
1742842105488,89.26359,4767,Eye Hit,Center,755.3378,768.5038,49.88267,SouthSidewalk,2.465488,-1.639309,49.88267,3.396786
1742842105518,89.29399,4769,Eye Hit,Center,767.1848,764.2416,49.82448,SouthSidewalk,3.288198,-1.934417,49.82448,4.378509
1742842105547,89.32407,4771,Eye Hit,Center,798.4158,761.4091,49.62935,SouthSidewalk,5.443208,-2.123456,49.62935,6.714372
1742842105577,89.35377,4773,Eye Hit,Center,827.894,764.376,49.37778,SouthSidewalk,7.451465,-1.907792,49.37778,8.854102
1742842105607,89.38335,4775,Eye Hit,Center,856.4525,772.3248,49.07026,SouthSidewalk,9.365108,-1.35036,49.07026,10.91409
1742842105644,89.41598,4777,Eye Hit,Center,849.1477,775.0368,49.16419,SouthSidewalk,8.880727,-1.166458,49.16419,10.32523
1742842105658,89.43478,4778,Eye Hit,Center,827.4387,779.6225,49.41344,SouthSidewalk,7.425384,-0.8554429,49.41344,8.601607
1742842105690,89.4656,4780,Eye Hit,Center,776.6594,782.9013,49.81413,SouthSidewalk,3.94764,-0.6339351,49.81413,4.588939
1742842105729,89.50436,4782,Eye Hit,Center,842.6169,794.9229,49.25767,SW_Tree_10,8.44767,0.2013766,49.25767,9.734236
1742842105769,89.53571,4784,Eye Hit,Center,829.9944,787.6832,49.39611,SouthSidewalk,7.599342,-0.2982402,49.39611,8.752706
1742842105784,89.56005,4785,Eye Hit,Center,805.5379,783.4304,49.62062,SouthSidewalk,5.936545,-0.5947489,49.62062,6.856208
1742842105823,89.5928,4787,Eye Hit,Center,735.6348,758.4346,49.91366,SouthSidewalk,1.091505,-2.343281,49.91366,2.964647
1742842105840,89.61378,4788,Eye Hit,Center,713.4564,753.3348,49.90693,SouthSidewalk,-0.4567598,-2.698946,49.90693,3.139433
1742842105857,89.63117,4789,Eye Hit,Center,689.2995,748.3584,49.84375,SouthSidewalk,-2.140274,-3.042454,49.84375,4.268107
1742842105879,89.64795,4790,Eye Hit,Center,640.4169,736.6876,49.53113,SouthSidewalk,-5.513306,-3.831895,49.53113,7.719657
1742842105896,89.66924,4791,Eye Hit,Center,612.8379,739.7843,49.30425,SouthSidewalk,-7.389898,-3.600796,49.30425,9.465852
1742842105913,89.68849,4792,Eye Hit,Center,592.7077,736.3176,49.06782,SouthSidewalk,-8.735985,-3.821442,49.06782,10.99709
1742842105930,89.70586,4793,Eye Hit,Center,632.9927,745.4509,49.51503,Sedan5-Detailed,-6.025677,-3.223746,49.51503,7.858052
1742842105966,89.73903,4795,Eye Hit,Center,716.6225,759.1182,49.92959,Sedan5-Detailed,-0.2358681,-2.296286,49.92959,2.647006
1742842105982,89.75739,4796,Eye Hit,Center,706.3184,757.9341,49.91743,Sedan5-Detailed,-0.9552158,-2.378401,49.91743,2.939315
1742842106001,89.78068,4797,,Center,787.6343,766.23,49.72804,,4.704146,-1.792374,49.72804,5.780419
1742842106036,89.80983,4799,Eye Hit,Center,805.475,757.2444,49.57103,SportCar3-Detailed,5.92625,-2.409714,49.57103,7.353727
1742842106054,89.82796,4800,Eye Hit,Center,802.4367,757.0175,49.59455,SportCar3-Detailed,5.718306,-2.426595,49.59455,7.139327
1742842106074,89.84552,4801,Eye Hit,Center,785.2267,753.2311,49.70306,SportCar3-Detailed,4.534416,-2.695131,49.70306,6.058028
1742842106092,89.8653,4802,Eye Hit,Center,784.2307,753.3456,49.70978,SportCar3-Detailed,4.465781,-2.687533,49.70978,5.985629
1742842106116,89.88268,4803,Eye Hit,Center,773.684,746.9575,49.74368,SportCar3-Detailed,3.735044,-3.133814,49.74368,5.597902
1742842106133,89.90722,4804,Eye Hit,Center,754.5038,746.3185,49.82293,SportCar3-Detailed,2.404411,-3.183338,49.82293,4.577913
1742842106157,89.92492,4805,Eye Hit,Center,751.6687,745.4236,49.82849,SportCar3-Detailed,2.207094,-3.246062,49.82849,4.504282
1742842106175,89.94858,4806,Eye Hit,Center,749.2982,741.9099,49.81872,SportCar3-Detailed,2.041487,-3.490256,49.81872,4.640174
1742842106194,89.96626,4807,Eye Hit,Center,749.4024,741.4043,49.81584,SportCar3-Detailed,2.04863,-3.525284,49.81584,4.679102
1742842106214,89.98486,4808,Eye Hit,Center,740.5436,743.1999,49.84523,SportCar3-Detailed,1.432229,-3.40218,49.84523,4.235356
1742842106231,90.00452,4809,Eye Hit,Center,740.0011,743.17,49.84615,SportCar3-Detailed,1.394437,-3.40433,49.84615,4.221043
1742842106248,90.02288,4810,Eye Hit,Center,740.4777,742.4338,49.84183,SportCar3-Detailed,1.427542,-3.455356,49.84183,4.289665
1742842106287,90.06181,4812,Eye Hit,Center,743.3417,735.8966,49.80221,SportCar3-Detailed,1.625898,-3.907965,49.80221,4.857889
1742842106321,90.09558,4814,Eye Hit,Center,750.7841,725.5801,49.72215,SportCar3-Detailed,2.140866,-4.619141,49.72215,5.846234
1742842106339,90.11317,4815,,Center,754.4417,715.9373,49.64534,,2.391531,-5.281571,49.64534,6.66106
1742842106356,90.12985,4816,,Center,758.6222,708.5575,49.57489,,2.678005,-5.785781,49.57489,7.328229
1742842106375,90.14707,4817,,Center,766.4572,706.0306,49.52312,,3.217913,-5.95477,49.52312,7.782707
1742842106391,90.16559,4818,,Center,771.7048,700.7026,49.45425,,3.576407,-6.315026,49.45425,8.348591
1742842106426,90.19986,4820,,Center,788.0147,751.5417,49.68122,,4.726157,-2.811338,49.68122,6.316214
1742842106444,90.21719,4821,Eye Hit,Center,787.25,907.0663,49.13649,NorthCarSignal,4.621778,7.907973,49.13649,10.55931
1742842106464,90.2346,4822,Eye Hit,Center,789.5112,911.6165,49.0729,NorthCarSignal,4.771005,8.210047,49.0729,10.95145
1742842106482,90.25598,4823,Eye Hit,Center,795.29,909.5989,49.05685,NorthCarSignal,5.165946,8.068924,49.05685,11.05093
1742842106499,90.27279,4824,,Center,795.7141,876.5663,49.36579,,5.22776,5.838972,49.36579,9.020969
1742842106520,90.29015,4825,,Center,807.7505,871.9003,49.31026,,6.05201,5.510596,49.31026,9.424521
1742842106539,90.31066,4826,,Center,816.87,869.0433,49.25214,,6.673093,5.307286,49.25214,9.821429
1742842106555,90.32957,4827,,Center,822.8593,866.748,49.21296,,7.080045,5.145081,49.21296,10.08409
1742842106593,90.36628,4829,,Center,848.5354,873.9578,48.8866,,8.788717,5.603938,48.8866,12.03608
1742842106610,90.38361,4830,,Center,856.1613,875.4396,48.78419,,9.290641,5.693301,48.78419,12.59078
1742842106626,90.4007,4831,,Center,874.0541,882.8936,48.49163,,10.44847,6.164717,48.49163,14.04585
1742842106661,90.43626,4833,,Center,899.6793,894.6435,48.01658,,12.06708,6.893435,48.01658,16.14182
1742842106695,90.46807,4835,,Center,905.6053,904.4418,47.83282,,12.41736,7.522577,47.83282,16.88414
1742842106714,90.48559,4836,,Center,931.9822,917.5845,47.26254,,14.01294,8.301678,47.26254,19.01478
1742842106731,90.5052,4837,,Center,919.8754,919.3856,47.44982,,13.26499,8.454108,47.44982,18.34073
1742842106748,90.52206,4838,,Center,939.7783,929.6432,46.99497,,14.44605,9.047299,46.99497,19.93595
1742842106783,90.55489,4840,Eye Hit,Center,853.7696,886.7626,48.72284,SW_Tree_10,9.115972,6.457769,48.72284,12.91401
1742842106800,90.57446,4841,Eye Hit,Center,744.68,882.3766,49.55865,SW_Tree_10,1.710715,6.26453,49.55865,7.465189
1742842106818,90.59138,4842,Eye Hit,Center,773.9211,896.5646,49.31996,SW_Tree_10,3.719582,7.213069,49.31996,9.344348
1742842106833,90.60812,4843,,Center,692.1627,890.9676,49.47072,,-1.926141,6.84785,49.47072,8.182686
1742842106867,90.63972,4845,,Center,715.577,896.8387,49.44698,,-0.305892,7.250602,49.44698,8.349367
1742842106884,90.65846,4846,,Center,758.2491,907.1027,49.27242,,2.635953,7.932361,49.27242,9.628331
1742842106915,90.68999,4848,,Center,754.5036,878.2865,49.55593,,2.391514,5.980693,49.55593,7.405627
1742842106947,90.72152,4850,,Center,735.9541,861.4852,49.72304,,1.109541,4.832402,49.72304,5.694435
1742842106979,90.7534,4852,,Center,746.2784,860.6219,49.70304,,1.826813,4.770442,49.70304,5.86802
1742842107011,90.78513,4854,,Center,634.2726,840.3908,49.49231,,-5.934313,3.34976,49.49231,7.839596
1742842107043,90.81728,4856,Eye Hit,Center,630.5468,846.6929,49.43206,Sedan5-Detailed,-6.184681,3.781396,49.43206,8.342803
1742842107076,90.84857,4858,Eye Hit,Center,682.5955,854.6982,49.70211,Sedan5-Detailed,-2.600229,4.358558,49.70211,5.830455
1742842107092,90.86694,4859,Eye Hit,Center,621.8501,831.9948,49.42373,Sedan5-Detailed,-6.784818,2.764725,49.42373,8.432028
1742842107124,90.89964,4861,Eye Hit,Center,602.8177,828.253,49.2469,Sedan5-Detailed,-8.071493,2.497098,49.2469,9.735044
1742842107160,90.93136,4863,Eye Hit,Center,734.7058,838.4558,49.84952,Sedan5-Detailed,1.025327,3.239023,49.84952,3.898928
1742842107177,90.95071,4864,Eye Hit,Center,641.9981,827.435,49.61471,Sedan5-Detailed,-5.412882,2.458984,49.61471,6.833112
1742842107209,90.98311,4866,,Center,580.7663,815.5265,49.02785,,-9.547729,1.613292,49.02785,11.17223
1742842107243,91.01534,4868,,Center,554.8131,820.9916,48.66177,,-11.24285,1.973204,48.66177,13.20131
1742842107260,91.03403,4869,,Center,477.3604,770.8997,47.31728,,-16.05811,-1.396437,47.31728,18.81149
1742842107276,91.05109,4870,,Center,493.011,775.507,47.63422,,-15.12296,-1.098833,47.63422,17.6572
1742842107310,91.08292,4872,,Center,447.0074,730.8851,46.55747,,-17.77678,-3.979693,46.55747,21.36919
1742842107327,91.10075,4873,,Center,427.8408,719.2061,46.078,,-18.82895,-4.69139,46.078,22.83717
1742842107344,91.11759,4874,,Center,440.4895,718.0245,46.35312,,-18.12133,-4.796009,46.35312,22.01846
1742842107360,91.13425,4875,,Center,451.1797,723.4094,46.61274,,-17.52587,-4.471795,46.61274,21.20799
1742842107396,91.16818,4877,,Center,494.0635,722.0893,47.47199,,-15.00157,-4.641881,47.47199,18.30378
1742842107413,91.18761,4878,,Center,504.1866,724.1199,47.67503,,-14.39071,-4.526334,47.67503,17.55887
1742842107447,91.22199,4880,,Center,526.0997,739.7732,48.14237,,-13.05626,-3.516688,48.14237,15.68826
1742842107483,91.25761,4882,,Center,549.5644,745.455,48.54782,,-11.57292,-3.160498,48.54782,13.88038
1742842107516,91.29084,4884,,Center,564.5461,748.637,48.77941,,-10.60599,-2.958478,48.77941,12.72008
1742842107553,91.3283,4886,,Center,588.8023,741.0649,49.06667,,-9.003798,-3.495561,49.06667,11.13602
1742842107587,91.36111,4888,Eye Hit,Center,591.8566,735.8315,49.07598,RoadEast,-8.795855,-3.855449,49.07598,11.07233
1742842107623,91.39801,4890,Eye Hit,Center,600.2229,735.6406,49.17274,RoadEast,-8.237798,-3.876178,49.17274,10.48935
1742842107657,91.42987,4892,,Center,597.9783,752.8723,49.22266,,-8.400693,-2.693782,49.22266,10.16105
1742842107675,91.4473,4893,,Center,591.7526,757.2023,49.164,,-8.818781,-2.392827,49.164,10.52888
1742842107692,91.46615,4894,,Center,584.0458,758.1277,49.0757,,-9.331944,-2.325006,49.0757,11.08756
1742842107726,91.50043,4896,,Center,579.5876,754.503,48.99816,,-9.622726,-2.569739,48.99816,11.49007
1742842107762,91.5349,4898,Eye Hit,Center,558.6324,746.0084,48.67922,RoadEast,-10.98684,-3.131374,48.67922,13.20756
1742842107778,91.553,4899,Eye Hit,Center,540.5098,741.4986,48.3867,RoadEast,-12.14729,-3.417766,48.3867,14.61681
1742842107811,91.58595,4901,Eye Hit,Center,496.7124,730.2448,47.56999,RoadEast,-14.8563,-4.108842,47.56999,17.9538
1742842107845,91.61983,4903,Eye Hit,Center,411.9362,727.1871,45.769,RoadEast,-19.72082,-4.149024,45.769,23.76438
1742842107878,91.65256,4905,Eye Hit,Center,376.1957,741.0373,44.97561,Sedan5-Detailed,-21.62725,-3.205844,44.97561,25.92532
1742842107912,91.6856,4907,Eye Hit,Center,344.5096,754.774,44.22711,Sedan5-Detailed,-23.22738,-2.302757,44.22711,27.82325
1742842107928,91.70323,4908,,Center,500.4095,830.3859,47.72892,,-14.65913,2.562514,47.72892,17.31698
1742842107961,91.73528,4910,,Center,564.5583,831.0318,48.77835,,-10.60492,2.662922,48.77835,12.63456
1742842107977,91.75218,4911,,Center,523.1543,829.9295,48.13454,,-13.25243,2.553565,48.13454,15.66272
1742842108012,91.78535,4913,,Center,543.4293,824.6534,48.47968,,-11.97268,2.214118,48.47968,14.09825
1742842108044,91.81946,4915,Eye Hit,Center,651.6937,757.9864,49.6939,SouthSidewalk,-4.747628,-2.364115,49.6939,6.091943
1742842108076,91.85079,4917,Eye Hit,Center,690.3198,729.0107,49.73837,SouthSidewalk,-2.064766,-4.38199,49.73837,5.562571
1742842108109,91.88257,4919,Eye Hit,Center,731.7778,723.0569,49.73284,SouthSidewalk,0.8192554,-4.795644,49.73284,5.587143
1742842108139,91.91335,4921,Eye Hit,Center,776.2825,727.5096,49.61597,SouthSidewalk,3.905776,-4.475376,49.61597,6.826996
1742842108169,91.94296,4923,Eye Hit,Center,823.0482,736.0948,49.312,SouthSidewalk,7.107323,-3.85583,49.312,9.312133
1742842108198,91.97279,4925,Eye Hit,Center,850.028,732.8472,49.00304,SouthSidewalk,8.911952,-4.054255,49.00304,11.29892
1742842108228,92.00339,4927,Eye Hit,Center,867.9326,737.2696,48.79865,SouthSidewalk,10.09682,-3.735507,48.79865,12.44099
1742842108258,92.03215,4929,Eye Hit,Center,828.6235,728.7724,49.21851,SouthSidewalk,7.477647,-4.352594,49.21851,9.970247
1742842108287,92.0621,4931,Eye Hit,Center,765.7969,720.7725,49.62363,SouthSidewalk,3.178609,-4.943666,49.62363,6.754589
1742842108317,92.09306,4933,Eye Hit,Center,657.0278,713.9777,49.48746,SouthSidewalk,-4.358701,-5.400408,49.48746,7.982885
1742842108347,92.12215,4935,Eye Hit,Center,592.843,709.1815,48.88525,SouthSidewalk,-8.694225,-5.662627,48.88525,11.98295
1742842108376,92.15009,4937,Eye Hit,Center,523.2864,692.5976,47.75917,SouthSidewalk,-13.14027,-6.639977,47.75917,17.13286
1742842108405,92.1803,4939,Eye Hit,Center,535.7213,693.7493,47.97176,SouthSidewalk,-12.36442,-6.592257,47.97176,16.2825
1742842108434,92.20957,4941,Eye Hit,Center,676.4007,724.5719,49.65982,SouthSidewalk,-3.02829,-4.683374,49.65982,6.407901
1742842108464,92.23964,4943,Eye Hit,Center,801.5029,730.2939,49.46765,SouthSidewalk,5.63907,-4.269355,49.46765,8.137066
1742842108494,92.27011,4945,Eye Hit,Center,894.7018,728.213,48.36213,SouthSidewalk,11.81723,-4.314697,48.36213,14.58103
1742842108525,92.29918,4947,,Center,903.8514,730.0579,48.2278,,12.40159,-4.178267,48.2278,15.18155
1742842108555,92.33023,4949,,Center,874.881,728.0978,48.6509,,10.53906,-4.348301,48.6509,13.1887
1742842108585,92.36095,4951,Eye Hit,Center,909.8928,717.2252,48.05202,RoadWest,12.76242,-5.025506,48.05202,15.93114
1742842108615,92.39234,4953,Eye Hit,Center,891.5388,703.6422,48.24614,RoadWest,11.57545,-5.962388,48.24614,15.10331
1742842108646,92.42182,4955,Eye Hit,Center,848.7322,706.0727,48.84207,RoadWest,8.794157,-5.870003,48.84207,12.21484
1742842108680,92.45508,4957,Eye Hit,Center,829.2875,710.5356,49.08937,RoadWest,7.503616,-5.593304,49.08937,10.79394
1742842108710,92.48548,4959,Eye Hit,Center,812.7039,713.2087,49.2655,RoadWest,6.387838,-5.429178,49.2655,9.657322
1742842108742,92.51697,4961,Eye Hit,Center,802.5014,711.1161,49.334,RoadWest,5.69273,-5.581119,49.334,9.179458
1742842108771,92.54677,4963,Eye Hit,Center,812.4642,710.1971,49.2459,RoadWest,6.368785,-5.634453,49.2459,9.796832
1742842108805,92.57935,4965,,Center,822.3298,731.4376,49.29717,,7.055646,-4.175781,49.29717,9.442566
1742842108836,92.61008,4967,,Center,845.013,732.0605,49.0608,,8.578328,-4.113019,49.0608,10.97404
1742842108866,92.64097,4969,,Center,857.1115,733.582,48.92339,,9.382172,-3.997389,48.92339,11.77487
1742842108903,92.68349,4971,,Center,875.064,738.6765,48.70887,,10.56409,-3.632782,48.70887,12.91726
1742842108934,92.70825,4973,,Center,894.8064,747.4833,48.45502,,11.84702,-3.016995,48.45502,14.16013
1742842108949,92.72532,4974,,Center,910.783,750.5891,48.20732,,12.86369,-2.79216,48.20732,15.27258
1742842108980,92.75553,4976,,Center,950.5037,761.049,47.52211,,15.32098,-2.057232,47.52211,18.0192
1742842109014,92.78856,4978,,Center,1015.336,783.9175,46.18512,,19.07794,-0.5221101,46.18512,22.45188
1742842109043,92.8183,4980,,Center,1059.297,796.8132,45.14676,,21.42494,0.3039307,45.14676,25.38947
1742842109074,92.84872,4982,,Center,989.1837,815.5978,46.7376,,17.59657,1.542589,46.7376,20.70364
1742842109105,92.87864,4984,,Center,790.846,850.4933,49.53598,,4.908504,4.052656,49.53598,7.322336
1742842109135,92.91063,4986,,Center,750.8731,851.6024,49.71795,,2.146875,4.144673,49.71795,5.363374
1742842109165,92.93951,4988,Eye Hit,Center,738.0189,809.7551,49.88986,SouthSidewalk,1.257346,1.238939,49.88986,2.026516
1742842109194,92.96992,4990,Eye Hit,Center,707.9569,805.7865,49.89974,SouthSidewalk,-0.840521,0.9621987,49.89974,1.466604
1742842109224,92.9996,4992,Eye Hit,Center,607.766,805.2823,49.29728,SouthSidewalk,-7.738563,0.915819,49.29728,8.982598
1742842109255,93.02893,4994,Eye Hit,Center,680.8734,816.1968,49.78117,SouthSidewalk,-2.72427,1.684747,49.78117,3.681584
1742842109284,93.05984,4996,Eye Hit,Center,605.2902,816.5851,49.22093,SouthSidewalk,-7.89702,1.692521,49.22093,9.318273
1742842109313,93.08948,4998,Eye Hit,Center,570.3408,803.4745,48.81425,SouthSidewalk,-10.21793,0.7834164,48.81425,11.85631
1742842109343,93.11974,5000,Eye Hit,Center,557.1454,792.5798,48.63435,SouthSidewalk,-11.07787,0.03943941,48.63435,12.83191
1742842109373,93.14793,5002,Eye Hit,Center,564.5787,781.6679,48.74021,SouthWalkingPole,-10.59524,-0.7043489,48.74021,12.29052
1742842109402,93.17747,5004,Eye Hit,Center,565.2988,779.4296,48.73707,SouthSidewalk,-10.54547,-0.856882,48.73707,12.24817
1742842109431,93.20646,5006,Eye Hit,Center,617.3387,776.1724,49.35909,SouthSidewalk,-7.087398,-1.092683,49.35909,8.266384
1742842109461,93.23613,5008,Eye Hit,Center,654.7917,790.7738,49.67607,SouthSidewalk,-4.530677,-0.08519635,49.67607,5.212107
1742842109491,93.26615,5010,Eye Hit,Center,670.1053,832.8606,49.68935,SouthSidewalk,-3.467614,2.839754,49.68935,5.154193
1742842109520,93.29682,5012,Eye Hit,Center,714.0229,850.2303,49.69825,SouthSidewalk,-0.415476,4.047647,49.69825,4.680484
1742842109550,93.32788,5014,Eye Hit,Center,772.5089,844.3598,49.60909,SouthSidewalk,3.643402,3.633056,49.60909,5.921258
1742842109582,93.35738,5016,Eye Hit,Center,829.1409,801.4356,49.30095,SouthSidewalk,7.525855,0.6506366,49.30095,8.711157
1742842109614,93.38992,5018,Eye Hit,Center,815.2819,791.2217,49.45271,SouthSidewalk,6.590427,-0.05383317,49.45271,7.591195
1742842109644,93.42109,5020,,Center,706.05,831.1664,49.82195,,-0.9720943,2.729276,49.82195,3.328079
1742842109682,93.45811,5022,Eye Hit,Center,626.5657,832.715,49.41708,SE_Tree_10,-6.457978,2.814131,49.41708,8.112927
1742842109715,93.49009,5024,,Center,533.6422,814.5141,48.2995,,-12.58934,1.520933,48.2995,14.7108
1742842109752,93.52682,5026,Eye Hit,Center,476.4321,782.6486,47.27854,SE_Tree_30,-16.10634,-0.6183773,47.27854,18.82527
1742842109784,93.55981,5028,Eye Hit,Center,428.7397,743.9645,46.18437,Sedan5-Detailed,-18.81435,-3.102917,46.18437,22.43465
1742842109822,93.5955,5030,,Center,423.8924,736.4055,46.05319,,-19.07314,-3.581001,46.05319,22.85011
1742842109839,93.6125,5031,,Center,384.8175,731.0033,45.12323,,-21.15409,-3.849635,45.12323,25.47812
1742842109871,93.64492,5033,,Center,412.1081,726.5641,45.74972,,-19.70151,-4.18714,45.74972,23.76173
1742842109905,93.67853,5035,,Center,421.9792,717.733,45.93469,,-19.14698,-4.771444,45.93469,23.24731
1742842109922,93.69575,5036,,Center,426.8277,716.6636,46.03992,,-18.87863,-4.851236,46.03992,22.9464
1742842109953,93.72845,5038,,Center,472.6849,728.9009,47.085,,-16.28719,-4.155457,47.085,19.64612
1742842109986,93.76068,5040,,Center,495.2601,726.0867,47.51627,,-14.93604,-4.380548,47.51627,18.13753
1742842110019,93.79379,5042,,Center,506.7262,732.0113,47.76348,,-14.24775,-4.007545,47.76348,17.21682
1742842110051,93.82629,5044,,Center,507.8413,739.3302,47.82187,,-14.19058,-3.522907,47.82187,17.00079
1742842110083,93.85857,5046,,Center,513.8122,734.8162,47.91192,,-13.81718,-3.832033,47.91192,16.66099
1742842110116,93.89145,5048,,Center,516.9803,723.9308,47.90889,,-13.60402,-4.561206,47.90889,16.67251
1742842110149,93.92358,5050,,Center,516.3193,700.4385,47.73444,,-13.59862,-6.113047,47.73444,17.34577
1742842110181,93.95647,5052,,Center,516.6688,691.6774,47.66584,,-13.55577,-6.688346,47.66584,17.59507
1742842110214,93.98788,5054,,Center,510.3267,700.9781,47.62428,,-13.9664,-6.062995,47.62428,17.72927
1742842110231,94.00554,5055,,Center,508.9073,704.1725,47.61711,,-14.05883,-5.849334,47.61711,17.73337
1742842110262,94.03635,5057,,Center,498.2096,701.6492,47.39983,,-14.7039,-5.989933,47.39983,18.5189
1742842110295,94.06877,5059,,Center,483.181,705.3049,47.13839,,-15.61364,-5.715871,47.13839,19.42915
1742842110310,94.08608,5060,,Center,474.0393,707.6917,46.97494,,-16.16013,-5.539229,46.97494,19.98452
1742842110342,94.11617,5062,,Center,461.0198,713.7482,46.74749,,-16.93315,-5.11641,46.74749,20.72664
1742842110373,94.14774,5064,,Center,439.3824,713.5248,46.28492,,-18.16633,-5.080248,46.28492,22.17325
1742842110406,94.18049,5066,,Center,420.1574,712.3734,45.8475,,-19.22746,-5.106069,45.8475,23.45673
1742842110438,94.21249,5068,,Center,461.139,717.3597,46.75889,,-16.92948,-4.881468,46.75889,20.64689
1742842110471,94.24466,5070,,Center,589.1811,734.4121,48.98044,,-8.962025,-3.945181,48.98044,11.30528
1742842110504,94.27789,5072,,Center,580.1865,733.6428,48.85588,,-9.553858,-3.987715,48.85588,11.96413
1742842110521,94.29483,5073,,Center,564.9147,732.5958,48.63937,,-10.55046,-4.04127,48.63937,13.07679
1742842110552,94.32691,5075,,Center,532.489,734.7114,48.15685,,-12.62984,-3.858681,48.15685,15.33531
1742842110588,94.3623,5077,,Center,491.0382,740.3027,47.43549,,-15.19075,-3.429924,47.43549,18.1751
1742842110619,94.39458,5079,,Center,474.4371,744.0757,47.12077,,-16.18408,-3.158503,47.12077,19.28695
1742842110651,94.42712,5081,,Center,505.2563,735.4452,47.66701,,-14.31697,-3.770514,47.66701,17.25456
1742842110684,94.4591,5083,,Center,631.67,726.3203,49.29929,,-6.090626,-4.528816,49.29929,8.752234
1742842110716,94.49106,5085,Eye Hit,Center,745.735,710.0217,49.51257,SouthWalkingPole,1.782181,-5.677109,49.51257,6.852775
1742842110747,94.52141,5087,Eye Hit,Center,755.75,693.3337,49.34309,SouthSidewalk,2.467264,-6.809391,49.34309,8.350237
1742842110777,94.55125,5089,Eye Hit,Center,750.421,713.0428,49.53329,SouthSidewalk,2.107581,-5.470185,49.53329,6.749419
1742842110807,94.58183,5091,Eye Hit,Center,681.7194,718.1829,49.55545,SouthSidewalk,-2.653278,-5.11636,49.55545,6.63383
1742842110836,94.61115,5093,Eye Hit,Center,599.3278,691.4362,48.72362,SouthSidewalk,-8.223557,-6.85321,48.72362,12.39131
1742842110865,94.64035,5095,Eye Hit,Center,545.1721,678.1019,47.8983,SouthSidewalk,-11.71234,-7.630436,47.8983,16.26937
1742842110894,94.67033,5097,Eye Hit,Center,577.8542,693.8936,48.50474,SouthSidewalk,-9.643424,-6.655709,48.50474,13.58072
1742842110923,94.69875,5099,Eye Hit,Center,537.6743,694.2372,47.90947,SouthSidewalk,-12.21749,-6.551004,47.90947,16.13825
1742842110950,94.72778,5101,Eye Hit,Center,629.6967,727.2842,49.28339,HighMale2,-6.22468,-4.460915,49.28339,8.83251
1742842110979,94.75549,5103,,Center,670.8365,731.7741,49.58714,,-3.409769,-4.177006,49.58714,6.205894
1742842111007,94.78294,5105,,Center,698.7428,729.9077,49.67523,,-1.476927,-4.314103,49.67523,5.244711
1742842111036,94.8114,5107,,Center,681.7466,725.85,49.60588,,-2.654094,-4.589612,49.60588,6.100465
1742842111064,94.84006,5109,,Center,666.6106,741.6832,49.6316,,-3.706177,-3.492882,49.6316,5.85866
1742842111093,94.86835,5111,,Center,666.3858,738.0983,49.6158,,-3.720597,-3.740547,49.6158,6.069698
1742842111121,94.89691,5113,,Center,671.581,732.3815,49.5799,,-3.357643,-4.134278,49.5799,6.131334
1742842111149,94.92589,5115,,Center,662.8835,725.7017,49.49993,,-3.954386,-4.590075,49.49993,6.978029
1742842111178,94.95361,5117,,Center,663.7644,721.1537,49.47953,,-3.891793,-4.902932,49.47953,7.210337
1742842111206,94.98126,5119,,Center,661.0833,715.8265,49.43266,,-4.073475,-5.266608,49.43266,7.671047
1742842111235,95.01029,5121,,Center,668.2559,705.1204,49.39347,,-3.574728,-6.002059,49.39347,8.050228
1742842111263,95.03902,5123,,Center,671.9684,716.1583,49.50393,,-3.325675,-5.251223,49.50393,7.156645
1742842111292,95.06773,5125,Eye Hit,Center,638.9937,742.4938,49.46667,HighMale2,-5.604595,-3.425196,49.46667,7.563717
1742842111323,95.09712,5127,Eye Hit,Center,663.4545,737.876,49.57522,HighMale2,-3.920806,-3.752904,49.57522,6.247769
1742842111335,95.11391,5128,Eye Hit,Center,654.8354,749.1426,49.59866,HighMale2,-4.520587,-2.973096,49.59866,6.225701
1742842111363,95.13873,5130,Eye Hit,Center,653.7781,743.8209,49.57431,HighMale2,-4.591678,-3.340626,49.57431,6.53426
1742842111392,95.16812,5132,Eye Hit,Center,663.6492,741.7111,49.62762,HighMale2,-3.911442,-3.490666,49.62762,6.0302
1742842111421,95.19792,5134,Eye Hit,Center,683.6574,732.681,49.62435,HighMale2,-2.522457,-4.117195,49.62435,5.557425
1742842111449,95.22606,5136,Eye Hit,Center,683.6797,737.2018,49.65409,HighMale2,-2.522422,-3.805698,49.65409,5.253633
1742842111479,95.25462,5138,Eye Hit,Center,682.6674,736.4125,49.65176,HighMale2,-2.5926,-3.860334,49.65176,5.350424
1742842111506,95.2821,5140,Eye Hit,Center,693.1536,733.6912,49.6748,HighMale2,-1.86524,-4.051192,49.6748,5.130455
1742842111534,95.31052,5142,Eye Hit,Center,693.8749,721.9625,49.61117,HighMale2,-1.812802,-4.859851,49.61117,5.968674
1742842111562,95.33912,5144,Eye Hit,Center,699.3451,725.2938,49.65107,HighMale2,-1.434381,-4.632418,49.65107,5.578368
1742842111590,95.36598,5146,Eye Hit,Center,701.0724,732.925,49.70629,HighMale2,-1.31589,-4.107033,49.70629,4.958751
1742842111618,95.3948,5148,Eye Hit,Center,707.5793,736.7194,49.70715,HighMale2,-0.8635329,-3.8433,49.70715,4.530991
1742842111646,95.4221,5150,Eye Hit,Center,709.027,737.2653,49.71651,HighMale2,-0.763027,-3.806064,49.71651,4.464492
1742842111673,95.44966,5152,Eye Hit,Center,700.0513,734.7224,49.69417,HighMale2,-1.386544,-3.981099,49.69417,4.848887
1742842111702,95.47743,5154,Eye Hit,Center,701.1152,732.1418,49.68596,HighMale2,-1.312379,-4.159781,49.68596,5.017119
1742842111730,95.50537,5156,Eye Hit,Center,692.6647,732.1146,49.67188,HighMale2,-1.899099,-4.160488,49.67188,5.260528
1742842111758,95.53475,5158,Eye Hit,Center,682.3049,739.3762,49.68506,HighMale2,-2.619533,-3.656964,49.68506,5.173317
1742842111786,95.56179,5160,Eye Hit,Center,676.9995,736.8916,49.61967,HighMale2,-2.984284,-3.824588,49.61967,5.583845
1742842111814,95.59062,5162,Eye Hit,Center,672.0717,735.2247,49.59382,HighMale2,-3.324546,-3.938222,49.59382,5.932933
1742842111842,95.61779,5164,Eye Hit,Center,662.152,732.8084,49.53645,HighMale2,-4.007988,-4.101075,49.53645,6.603192
1742842111871,95.64556,5166,Eye Hit,Center,660.0752,744.5197,49.59003,HighMale2,-4.156367,-3.29322,49.59003,6.103678
1742842111898,95.67407,5168,Eye Hit,Center,649.7457,737.0305,49.49471,HighMale2,-4.863449,-3.805339,49.49471,7.111851
1742842111925,95.70116,5170,Eye Hit,Center,647.5311,732.0519,49.45872,HighMale2,-5.01311,-4.146974,49.45872,7.493943
1742842111953,95.72894,5172,Eye Hit,Center,638.5996,734.3634,49.37531,HighMale2,-5.621462,-3.980347,49.37531,7.941615
1742842111979,95.75658,5174,Eye Hit,Center,605.73,733.8333,49.07891,HighMale2,-7.844044,-3.992841,49.07891,10.16734
1742842112007,95.78284,5176,Eye Hit,Center,583.988,735.5378,48.84348,HighMale2,-9.291735,-3.857246,48.84348,11.63874
1742842112034,95.81116,5178,,Center,586.1801,759.9349,48.97476,,-9.166548,-2.196434,48.97476,10.89434
1742842112061,95.83778,5180,,Center,565.8221,765.7296,48.72906,,-10.50807,-1.790472,48.72906,12.33914
1742842112089,95.86517,5182,,Center,519.1271,776.4877,47.9842,,-13.48132,-1.041089,47.9842,15.73731
1742842112116,95.8934,5184,,Center,506.4356,750.2844,47.7007,,-14.24841,-2.783146,47.7007,16.9276
1742842112144,95.92041,5186,,Center,510.5197,750.8574,47.78249,,-13.9999,-2.749624,47.78249,16.62507
1742842112174,95.94829,5188,,Center,532.3567,773.1578,48.22319,,-12.65616,-1.270868,48.22319,14.77633
1742842112200,95.97566,5190,,Center,542.3015,798.5114,48.40463,,-12.0305,0.4408354,48.40463,13.9665
1742842112228,96.00412,5192,,Center,556.0754,797.6333,48.62164,,-11.14774,0.3830934,48.62164,12.92067
1742842112255,96.03102,5194,,Center,523.0803,798.4354,48.06434,,-13.23808,0.4326269,48.06434,15.40667
1742842112283,96.05939,5196,,Center,707.1276,789.9003,49.85355,,-0.8975685,-0.1464062,49.85355,1.045114
1742842112311,96.0871,5198,,Center,734.5269,753.6614,49.78571,,1.011559,-2.66965,49.78571,3.281933
1742842112340,96.11492,5200,,Center,701.8021,722.3474,49.62012,,-1.262965,-4.834013,49.62012,5.749787
1742842112366,96.14254,5202,,Center,687.4868,694.9029,49.37179,,-2.24518,-6.704988,49.37179,8.15035
1742842112395,96.16981,5204,,Center,687.0969,677.5607,49.20297,,-2.264334,-7.875523,49.20297,9.455629
1742842112422,96.19837,5206,,Center,688.3376,676.8942,49.20479,,-2.179036,-7.92168,49.20479,9.479443
1742842112450,96.22661,5208,,Center,697.1771,673.9363,49.16433,,-1.5694,-8.11857,49.16433,9.547135
1742842112478,96.25377,5210,,Center,700.7622,676.4838,49.20569,,-1.323986,-7.950071,49.20569,9.302082
1742842112507,96.28159,5212,,Center,710.7982,670.6319,49.15889,,-0.6326839,-8.344868,49.15889,9.661434
1742842112534,96.30874,5214,,Center,723.6982,667.1876,49.12882,,0.2541195,-8.576437,49.12882,9.906631
1742842112562,96.33682,5216,,Center,735.2798,656.0782,48.99003,,1.046976,-9.313433,48.99003,10.83018
1742842112589,96.36478,5218,,Center,741.5125,639.4433,48.76473,,1.46727,-10.40519,48.76473,12.16051
1742842112617,96.39362,5220,,Center,766.4435,644.9547,48.73118,,3.165518,-10.02238,48.73118,12.17118
1742842112645,96.42082,5222,Eye Hit,Center,733.5539,622.5358,48.50478,SouthSidewalk,0.9195189,-11.49676,48.50478,13.3754
1742842112673,96.44832,5224,Eye Hit,Center,663.3592,633.7501,48.53877,SouthSidewalk,-3.845306,-10.74348,48.53877,13.22935
1742842112701,96.47626,5226,,Center,599.6773,657.0544,48.34683,,-8.136328,-9.125144,48.34683,14.19117
1742842112729,96.50371,5228,Eye Hit,Center,588.9515,657.0651,48.23438,SouthSidewalk,-8.841007,-9.103194,48.23438,14.73974
1742842112756,96.53229,5230,Eye Hit,Center,577.1501,584.6193,47.05164,SouthSidewalk,-9.400861,-13.64759,47.05164,19.40276
1742842112784,96.56105,5232,Eye Hit,Center,599.8177,595.5791,47.45201,SouthSidewalk,-7.976422,-13.03633,47.45201,17.85229
1742842112814,96.58887,5234,Eye Hit,Center,608.4284,529.9641,46.32063,SouthSidewalk,-7.228382,-16.9765,46.32063,21.71933
1742842112840,96.61603,5236,Eye Hit,Center,621.4842,407.4359,43.60008,SouthSidewalk,-6.007671,-23.45141,43.60008,29.04098
1742842112868,96.64366,5238,Eye Hit,Center,676.1883,377.9117,43.09795,SouthSidewalk,-2.640948,-24.96103,43.09795,30.21662
1742842112895,96.67105,5240,Eye Hit,Center,698.0197,356.5274,42.58402,SouthSidewalk,-1.309161,-25.93704,42.58402,31.37712
1742842112923,96.69901,5242,Eye Hit,Center,713.8569,312.2171,41.42118,SouthSidewalk,-0.3558969,-27.79586,41.42118,33.86593
1742842112952,96.72775,5244,Eye Hit,Center,713.1321,309.8203,41.33038,SouthSidewalk,-0.3970152,-27.87348,41.33038,33.99867
1742842112979,96.75568,5246,Eye Hit,Center,711.6921,295.7594,40.95753,SouthSidewalk,-0.4759265,-28.42752,40.95753,34.76723
1742842113008,96.7828,5248,Eye Hit,Center,707.5731,282.8705,40.61515,SouthSidewalk,-0.7059316,-28.92206,40.61515,35.46274
1742842113035,96.81055,5250,Eye Hit,Center,724.3278,287.323,40.74426,SouthSidewalk,0.2466327,-28.76027,40.74426,35.21822
1742842113063,96.83797,5252,Eye Hit,Center,727.3849,294.231,40.93782,SouthSidewalk,0.4228444,-28.50135,40.93782,34.84901
1742842113090,96.86597,5254,Eye Hit,Center,721.8806,292.4425,40.89985,SouthSidewalk,0.107582,-28.57723,40.89985,34.94267
1742842113119,96.895,5256,Eye Hit,Center,717.4955,299.7053,41.07535,SouthSidewalk,-0.1438847,-28.2826,41.07535,34.54986
1742842113154,96.93008,5258,Eye Hit,Center,713.1306,299.8729,41.08701,SouthSidewalk,-0.3947613,-28.281,41.08701,34.543
1742842113182,96.95784,5260,Eye Hit,Center,698.1108,295.2744,40.95854,SouthSidewalk,-1.253972,-28.45601,40.95854,34.81575
1742842113210,96.98557,5262,Eye Hit,Center,691.3362,293.1214,40.89707,SouthSidewalk,-1.639604,-28.53646,40.89707,34.95022
1742842113239,97.01376,5264,Eye Hit,Center,692.744,299.7026,41.07954,SouthSidewalk,-1.56603,-28.28564,41.07954,34.59063
1742842113267,97.04225,5266,Eye Hit,Center,648.4331,325.5028,41.64785,SouthSidewalk,-4.168865,-27.17406,41.64785,33.42902
1742842113294,97.07079,5268,Eye Hit,Center,635.2291,340.8246,41.9948,SouthSidewalk,-4.97915,-26.50048,41.9948,32.70388
1742842113322,97.09832,5270,Eye Hit,Center,633.9836,343.2694,42.02927,SouthSidewalk,-5.056455,-26.37852,42.02927,32.58059
1742842113350,97.12614,5272,Eye Hit,Center,619.0748,327.5707,41.54008,SouthSidewalk,-5.863808,-26.9836,41.54008,33.6136
1742842113378,97.1543,5274,Eye Hit,Center,619.2529,303.9601,40.92257,SouthSidewalk,-5.766447,-27.93387,40.92257,34.87633
1742842113406,97.18106,5276,Eye Hit,Center,619.1951,294.4419,40.673,SouthSidewalk,-5.734568,-28.30499,40.673,35.37684
1742842113434,97.20911,5278,Eye Hit,Center,630.6805,301.7706,40.92589,SouthSidewalk,-5.112784,-28.06147,40.92589,34.8747
1742842113462,97.23683,5280,Eye Hit,Center,637.6336,347.7832,42.17299,SouthSidewalk,-4.858445,-26.20247,42.17299,32.28877
1742842113490,97.26601,5282,Eye Hit,Center,638.6631,350.456,42.22041,SouthSidewalk,-4.803114,-26.0741,42.22041,32.12724
1742842113517,97.29311,5284,Eye Hit,Center,673.9097,557.4468,47.28041,SouthSidewalk,-3.047919,-15.51085,47.28041,18.48656
1742842113545,97.32112,5286,Eye Hit,Center,676.8933,623.6364,48.44782,SouthSidewalk,-2.921003,-11.40868,48.44782,13.66245
1742842113574,97.34816,5288,Eye Hit,Center,676.7935,689.8197,49.27586,SouthSidewalk,-2.977803,-7.042295,49.27586,8.820068
1742842113601,97.37707,5290,,Center,667.1361,713.4405,49.44151,,-3.655643,-5.432546,49.44151,7.544312
1742842113629,97.4043,5292,,Center,668.2698,732.5414,49.5806,,-3.587313,-4.123249,49.5806,6.290396
1742842113657,97.43269,5294,,Center,664.0682,741.8248,49.61736,,-3.881553,-3.482052,49.61736,5.999466
1742842113685,97.46204,5296,,Center,666.7402,741.381,49.59672,,-3.694585,-3.511396,49.59672,5.867686
1742842113713,97.48882,5298,,Center,661.3741,727.6741,49.50082,,-4.058962,-4.453602,49.50082,6.940485
1742842113741,97.51687,5300,,Center,659.5167,719.8758,49.44617,,-4.182931,-4.988003,49.44617,7.500094
1742842113769,97.54384,5302,,Center,656.2694,718.6339,49.42417,,-4.40555,-5.071632,49.42417,7.740427
1742842113797,97.57157,5304,,Center,653.9584,722.4382,49.44136,,-4.566894,-4.810324,49.44136,7.641056
1742842113825,97.60052,5306,,Center,654.9506,727.5091,49.48671,,-4.502404,-4.463752,49.48671,7.300787
1742842113853,97.62846,5308,,Center,656.3141,734.6328,49.50468,,-4.409633,-3.972122,49.50468,6.83624
1742842113880,97.65674,5310,,Center,667.2229,721.9209,49.49526,,-3.65361,-4.851376,49.49526,6.995492
1742842113908,97.68282,5312,,Center,668.0284,721.0006,49.49925,,-3.598136,-4.915482,49.49925,7.015904
1742842113937,97.71162,5314,,Center,667.7367,723.6105,49.52034,,-3.619873,-4.736814,49.52034,6.864643
1742842113964,97.7392,5316,,Center,665.2178,718.8122,49.48024,,-3.791266,-5.065046,49.48024,7.286612
1742842113992,97.76708,5318,,Center,670.0345,710.618,49.44889,,-3.455731,-5.628568,49.44889,7.607826
1742842114020,97.79646,5320,,Center,670.4781,709.6424,49.40942,,-3.422315,-5.691494,49.40942,7.655297
1742842114048,97.8235,5322,Eye Hit,Center,663.9562,667.7861,48.97685,SouthSidewalk,-3.839119,-8.508914,48.97685,10.79104
1742842114076,97.85072,5324,Eye Hit,Center,654.6758,660.7928,48.84826,SouthSidewalk,-4.463097,-8.96437,48.84826,11.58519
1742842114105,97.87887,5326,Eye Hit,Center,652.9097,655.0213,48.77278,SouthSidewalk,-4.576675,-9.344228,48.77278,12.04254
1742842114132,97.90705,5328,Eye Hit,Center,657.8405,650.65,48.75365,SouthSidewalk,-4.238649,-9.638642,48.75365,12.18714
1742842114160,97.93559,5330,Eye Hit,Center,656.4684,655.9672,48.82048,SouthSidewalk,-4.338153,-9.288775,48.82048,11.85932
1742842114187,97.96274,5332,Eye Hit,Center,655.6566,655.4869,48.77742,SouthSidewalk,-4.389709,-9.313354,48.77742,11.91914
1742842114216,97.99185,5334,Eye Hit,Center,651.9092,658.0187,48.79638,SouthSidewalk,-4.647175,-9.144181,48.79638,11.87108
1742842114244,98.01869,5336,Eye Hit,Center,652.9025,663.3236,48.87624,SouthSidewalk,-4.586873,-8.796491,48.87624,11.47363
1742842114272,98.04733,5338,Eye Hit,Center,650.1726,655.9684,48.77847,SouthSidewalk,-4.763946,-9.280704,48.77847,12.07169
1742842114299,98.07436,5340,Eye Hit,Center,645.2689,648.3777,48.6582,SouthSidewalk,-5.085927,-9.774416,48.6582,12.75919
1742842114327,98.1017,5342,Eye Hit,Center,640.7238,635.6517,48.46321,SouthSidewalk,-5.373631,-10.59786,48.46321,13.77621
1742842114355,98.12998,5344,Eye Hit,Center,634.0335,640.6801,48.45544,SouthSidewalk,-5.826189,-10.25537,48.45544,13.68061
1742842114383,98.15864,5346,Eye Hit,Center,632.0718,661.6376,48.7123,SouthSidewalk,-5.990731,-8.88186,48.7123,12.40367
1742842114411,98.18684,5348,Eye Hit,Center,630.5532,664.0787,48.73383,SouthSidewalk,-6.096887,-8.719398,48.73383,12.31555
1742842114439,98.21339,5350,Eye Hit,Center,630.3478,655.5767,48.63482,SouthSidewalk,-6.098475,-9.280016,48.63482,12.86155
1742842114466,98.242,5352,Eye Hit,Center,619.1618,652.9705,48.5111,SouthSidewalk,-6.841937,-9.433243,48.5111,13.50755
1742842114495,98.2695,5354,Eye Hit,Center,619.9648,646.7194,48.44281,SouthSidewalk,-6.777901,-9.843506,48.44281,13.8587
1742842114523,98.29902,5356,Eye Hit,Center,619.1668,644.1207,48.37107,SouthSidewalk,-6.82185,-10.00474,48.37107,14.05457
1742842114551,98.32652,5358,Eye Hit,Center,613.6394,647.1479,48.3642,SouthSidewalk,-7.194784,-9.798547,48.3642,14.109
1742842114579,98.35422,5360,Eye Hit,Center,612.4088,642.8012,48.30079,SouthSidewalk,-7.268483,-10.07935,48.30079,14.42804
1742842114607,98.38135,5362,Eye Hit,Center,613.8687,647.0443,48.37519,SouthSidewalk,-7.180902,-9.807784,48.37519,14.10509
1742842114634,98.40961,5364,Eye Hit,Center,620.7009,645.6857,48.42644,SouthSidewalk,-6.725749,-9.910194,48.42644,13.8918
1742842114662,98.43619,5366,Eye Hit,Center,630.9606,644.5401,48.505,SouthSidewalk,-6.040623,-10.00399,48.505,13.54607
1742842114689,98.46432,5368,Eye Hit,Center,650.0773,649.015,48.67129,SouthSidewalk,-4.75997,-9.733659,48.67129,12.55052
1742842114717,98.49424,5370,Eye Hit,Center,667.152,643.508,48.70221,SouthSidewalk,-3.599899,-10.11497,48.70221,12.43211
1742842114746,98.52083,5372,Eye Hit,Center,697.9647,627.1729,48.5841,SouthSidewalk,-1.497357,-11.20045,48.5841,13.09352
1742842114773,98.54768,5374,Eye Hit,Center,708.1661,625.0668,48.57727,SouthSidewalk,-0.8040335,-11.34198,48.57727,13.17401
1742842114801,98.57704,5376,Eye Hit,Center,723.9635,612.2067,48.3902,SouthSidewalk,0.2682551,-12.16869,48.3902,14.11878
1742842114829,98.60421,5378,Eye Hit,Center,728.233,604.5463,48.27025,SouthSidewalk,0.5558386,-12.65571,48.27025,14.70494
1742842114857,98.63214,5380,Eye Hit,Center,765.3357,604.0088,48.1485,SouthSidewalk,3.053063,-12.65998,48.1485,15.1349
1742842114885,98.66088,5382,Eye Hit,Center,733.9457,614.5123,48.40781,SouthSidewalk,0.9442091,-12.01701,48.40781,13.98285
1742842114912,98.68831,5384,,Center,652.2994,667.3057,48.93969,,-4.634115,-8.535336,48.93969,11.22465
1742842114940,98.71725,5386,,Center,594.9135,699.2546,48.76074,,-8.530873,-6.32522,48.76074,12.28702
1742842114967,98.74261,5388,,Center,557.8615,716.3666,48.42022,,-10.98059,-5.122165,48.42022,14.04901
1742842114994,98.77178,5390,,Center,537.4562,714.3251,48.10409,,-12.2818,-5.226076,48.10409,15.50776
1742842115021,98.79662,5392,,Center,583.4978,717.3377,48.75979,,-9.309244,-5.091856,48.75979,12.27694
1742842115049,98.82471,5394,,Center,566.9951,748.4989,48.71867,,-10.4259,-2.964207,48.71867,12.54307
1742842115077,98.85372,5396,,Center,537.3626,747.2213,48.277,,-12.33227,-3.023602,48.277,14.73585
1742842115105,98.88067,5398,,Center,523.9261,764.8067,48.11649,,-13.19552,-1.830073,48.11649,15.4756
1742842115132,98.90898,5400,,Center,512.5567,761.8931,47.91616,,-13.90254,-2.01772,47.91616,16.34023
1742842115161,98.93645,5402,,Center,565.8657,768.5988,48.79137,,-10.51853,-1.59696,48.79137,12.30094
1742842115189,98.9642,5404,,Center,608.7063,766.3627,49.29771,,-7.673795,-1.767717,49.29771,9.075713
1742842115216,98.99302,5406,,Center,655.2688,752.9253,49.64996,,-4.495162,-2.713485,49.64996,6.036795
1742842115244,99.02057,5408,,Center,683.3137,750.9608,49.78371,,-2.554487,-2.857585,49.78371,4.402598
1742842115272,99.04713,5410,,Center,677.4376,756.3154,49.78672,,-2.963822,-2.484889,49.78672,4.442105
1742842115299,99.07561,5412,,Center,673.2914,766.444,49.80595,,-3.253803,-1.780275,49.80595,4.25892
1742842115327,99.10259,5414,,Center,587.0236,766.9641,49.0826,,-9.128826,-1.718713,49.0826,10.71686
1742842115355,99.13098,5416,,Center,632.2881,766.0833,49.54187,,-6.077765,-1.795827,49.54187,7.289842
1742842115383,99.16,5418,,Center,592.4154,765.736,49.14728,,-8.770224,-1.805397,49.14728,10.32543
1742842115410,99.18713,5420,Eye Hit,Center,583.423,766.6794,49.04717,SouthSidewalk,-9.369241,-1.737007,49.04717,10.99446
1742842115439,99.21477,5422,,Center,633.1421,777.4127,49.59266,,-6.024759,-1.011825,49.59266,7.022695
1742842115467,99.24291,5424,,Center,680.6238,777.1191,49.88445,,-2.747337,-1.038265,49.88445,3.369413
1742842115496,99.27133,5426,,Center,712.0566,780.3746,49.96464,,-0.555115,-0.812429,49.96464,1.128306
1742842115531,99.30253,5428,,Center,787.3618,784.8002,49.74929,,4.687201,-0.5009834,49.74929,5.412799
1742842115547,99.32228,5429,Eye Hit,Center,814.8788,781.6591,49.53616,RoadEast,6.573617,-0.7164629,49.53616,7.603414
1742842115575,99.35,5431,,Center,869.7626,790.2448,48.91587,,10.24627,-0.1200851,48.91587,11.83132
1742842115604,99.37836,5433,,Center,867.3994,788.3708,48.95035,,10.09171,-0.2484744,48.95035,11.65244
1742842115632,99.40746,5435,,Center,785.5907,789.2172,49.77485,,4.566307,-0.1937334,49.77485,5.24628
1742842115662,99.43851,5437,,Center,688.3455,786.5492,49.93758,,-2.210933,-0.3807149,49.93758,2.572377
1742842115699,99.47474,5439,,Center,664.6075,785.7951,49.84024,,-3.861394,-0.4325396,49.84024,4.457774
1742842115714,99.49409,5440,,Center,695.1067,788.6684,49.96233,,-1.739555,-0.2328154,49.96233,2.011978
1742842115752,99.53316,5442,Eye Hit,Center,663.0248,790.1948,49.83925,SportCar4-Detailed,-3.971645,-0.1258368,49.83925,4.558489
1742842115783,99.56264,5443,Eye Hit,Center,676.3177,777.2742,49.8961,SportCar4-Detailed,-3.048493,-1.027682,49.8961,3.689076
1742842115815,99.59269,5444,Eye Hit,Center,713.6567,784.775,49.99727,SportCar4-Detailed,-0.4435837,-0.5052368,49.99727,0.770502
1742842115842,99.62246,5445,Eye Hit,Center,762.4178,801.8748,49.90942,SportCar4-Detailed,2.961034,0.6893266,49.90942,3.485825
1742842115874,99.65547,5446,Eye Hit,Center,828.6489,815.1226,49.41714,SportCar4-Detailed,7.509587,1.598185,49.41714,8.831242
1742842115907,99.6845,5447,Eye Hit,Center,819.4188,810.0762,49.52187,SportCar4-Detailed,6.886181,1.252035,49.52187,8.044496
1742842115937,99.71682,5448,Eye Hit,Center,788.2921,789.7245,49.78641,SportCar4-Detailed,4.75548,-0.158454,49.78641,5.459159
1742842115972,99.74541,5449,Eye Hit,Center,702.5722,762.9022,49.95842,SportCar4-Detailed,-1.217766,-2.033208,49.95842,2.716061
1742842116002,99.77953,5450,,Center,618.8367,753.2242,49.44777,,-6.996529,-2.681765,49.44777,8.61655
1742842116031,99.81017,5451,,Center,589.5422,747.245,49.10417,,-8.959866,-3.073781,49.10417,10.91854
1742842116063,99.8401,5452,,Center,619.9756,741.3074,49.40554,,-6.911855,-3.502946,49.40554,8.913744
1742842116094,99.86982,5453,,Center,639.6625,739.7535,49.56303,,-5.569154,-3.621832,49.56303,7.634246
1742842116124,99.90006,5454,,Center,663.3897,733.1839,49.68001,,-3.933597,-4.086869,49.68001,6.513731
1742842116155,99.93219,5455,,Center,688.2821,727.7022,49.75052,,-2.207065,-4.47411,49.75052,5.726321
1742842116189,99.96104,5456,,Center,719.1969,732.0111,49.8229,,-0.05596559,-4.180351,49.8229,4.796527
1742842116220,99.99028,5457,,Center,742.89,738.9264,49.83199,,1.595391,-3.699131,49.83199,4.621859
1742842116249,100.0183,5458,,Center,760.5372,742.0172,49.78984,,2.822973,-3.48076,49.78984,5.143385
1742842116279,100.0575,5459,,Center,787.1172,739.8256,49.6389,,4.659817,-3.622365,49.6389,6.780758
1742842116308,100.085,5460,,Center,808.4034,727.6638,49.41149,,6.109557,-4.446273,49.41149,8.694523
1742842116338,100.1128,5461,,Center,825.8995,719.4835,49.19869,,7.28719,-4.990029,49.19869,10.17711
1742842116367,100.1407,5462,,Center,812.2463,714.3865,49.28458,,6.358765,-5.350095,49.28458,9.570847
1742842116395,100.1682,5463,,Center,691.9683,724.6396,49.7104,,-1.948987,-4.683438,49.7104,5.826688
1742842116423,100.1971,5464,,Center,590.1804,723.752,48.94068,,-8.886343,-4.671676,48.94068,11.5926
1742842116453,100.2251,5465,,Center,573.4843,726.0317,48.74142,,-9.988383,-4.497244,48.74142,12.66617
1742842116481,100.2517,5466,,Center,576.5179,730.6433,48.80732,,-9.794803,-4.188511,48.80732,12.31238
1742842116510,100.2796,5467,,Center,583.4277,733.6174,48.9117,,-9.343043,-3.994012,48.9117,11.73574
1742842116540,100.3085,5468,,Center,587.8596,714.358,48.84604,,-9.027714,-5.304437,48.84604,12.09895
1742842116569,100.3362,5469,,Center,598.0084,715.6827,48.9689,,-8.355321,-5.227047,48.9689,11.37948
1742842116597,100.3649,5470,,Center,618.7687,720.4888,49.21988,,-6.968967,-4.922977,49.21988,9.834654
1742842116626,100.393,5471,,Center,621.865,719.7065,49.24542,,-6.759314,-4.979412,49.24542,9.674835
1742842116655,100.4226,5472,,Center,621.6205,715.438,49.21526,,-6.772007,-5.270186,49.21526,9.89054
1742842116687,100.4509,5473,,Center,641.6163,713.9188,49.37402,,-5.412991,-5.392097,49.37402,8.796451
1742842116729,100.4809,5474,,Center,665.5305,706.6611,49.47006,,-3.768848,-5.904765,49.47006,8.059611
1742842116772,100.5222,5475,,Center,682.4563,707.4257,49.55238,,-2.602044,-5.861595,49.55238,7.37435
1742842116804,100.5655,5476,,Center,703.9674,701.9751,49.56493,,-1.111452,-6.24094,49.56493,7.288308
1742842116845,100.5969,5477,,Center,728.1511,696.4141,49.52747,,0.5646436,-6.621443,49.52747,7.642159
1742842116879,100.6378,5478,,Center,734.5624,697.4044,49.53457,,1.008913,-6.553785,49.53457,7.624626
1742842116921,100.6723,5479,,Center,755.9412,704.9863,49.55037,,2.490881,-6.030416,49.55037,7.501297
1742842116952,100.7151,5480,,Center,631.4696,707.9944,49.26549,,-6.100257,-5.788475,49.26549,9.686857
1742842116994,100.7454,5481,Eye Hit,Center,539.6342,715.1717,48.20074,NW_Tree_10,-12.15964,-5.1795,48.20074,15.33382
1742842117024,100.7879,5482,,Center,532.8688,709.6492,48.05559,,-12.57775,-5.535092,48.05559,15.95822
1742842117064,100.8161,5483,,Center,556.3086,708.3698,48.4096,,-11.08333,-5.662491,48.4096,14.41842
1742842117094,100.8591,5484,,Center,603.9456,707.0557,49.00343,,-7.95428,-5.822018,49.00343,11.37359
1742842117136,100.8877,5485,,Center,648.8069,697.8666,49.31863,,-4.91091,-6.493336,49.31863,9.373581
1742842117178,100.9293,5486,,Center,690.8992,702.0271,49.55514,,-2.017004,-6.236105,49.55514,7.534239
1742842117220,100.9712,5487,,Center,686.192,712.7021,49.62706,,-2.346663,-5.504188,49.62706,6.875007
1742842117250,101.0111,5488,,Center,648.0206,721.6218,49.49879,,-4.983283,-4.87243,49.49879,8.014643
1742842117281,101.0408,5489,Eye Hit,Center,541.5015,717.909,48.25691,Jeep5-Detailed,-12.04778,-5.000782,48.25691,15.12623
1742842117311,101.0713,5490,Eye Hit,Center,470.9909,711.359,46.94405,NW_Tree_50,-16.34966,-5.294798,46.94405,20.10706
1742842117339,101.1017,5491,,Center,451.9893,699.0102,46.46767,,-17.41871,-6.043648,46.46767,21.64212
1742842117356,101.1289,5492,,Center,454.9863,697.2701,46.51868,,-17.24283,-6.163499,46.51868,21.48625
1742842117379,101.1463,5493,,Center,473.1718,694.0384,46.86468,,-16.17906,-6.421173,46.86468,20.37626
1742842117397,101.1698,5494,,Center,471.6858,698.7379,46.87,,-16.27831,-6.113825,46.87,20.35464
1742842117413,101.1881,5495,,Center,474.8536,697.5657,46.92535,,-16.08962,-6.197983,46.92535,20.17522
1742842117445,101.2216,5497,,Center,484.008,701.9855,47.13736,,-15.55878,-5.934592,47.13736,19.45675
1742842117478,101.2527,5499,,Center,491.9056,695.3405,47.23769,,-15.0701,-6.386252,47.23769,19.11072
1742842117509,101.2847,5501,,Center,503.0229,694.0684,47.43197,,-14.39454,-6.496909,47.43197,18.41555
1742842117539,101.3149,5503,,Center,513.7855,696.6494,47.6437,,-13.74161,-6.35392,47.6437,17.62841
1742842117571,101.3449,5505,,Center,513.3367,692.7164,47.60301,,-13.75976,-6.610357,47.60301,17.77992
1742842117586,101.3622,5506,,Center,515.5048,692.1439,47.63688,,-13.62509,-6.653203,47.63688,17.65616
1742842117615,101.3907,5508,,Center,516.4065,689.5676,47.63079,,-13.56328,-6.823982,47.63079,17.68064
1742842117646,101.4218,5510,,Center,517.4523,685.9865,47.61644,,-13.48954,-7.060426,47.61644,17.73189
1742842117676,101.4517,5512,,Center,518.1869,691.4388,47.67593,,-13.45741,-6.705678,47.67593,17.50371
1742842117707,101.4813,5514,Eye Hit,Center,556.9507,692.6247,48.29632,Jeep5-Detailed,-11.01402,-6.712826,48.29632,14.95297
1742842117737,101.5117,5516,Eye Hit,Center,553.9208,693.1144,48.25595,Jeep5-Detailed,-11.20931,-6.674165,48.25595,15.12805
1742842117767,101.5421,5518,Eye Hit,Center,551.4073,692.7003,48.21468,Jeep5-Detailed,-11.36923,-6.696379,48.21468,15.30517
1742842117797,101.5728,5520,Eye Hit,Center,548.0922,698.6323,48.21523,Jeep5-Detailed,-11.59292,-6.296418,48.21523,15.3025
1742842117828,101.6041,5522,Eye Hit,Center,541.9014,698.2151,48.11629,Jeep5-Detailed,-11.98576,-6.311579,48.11629,15.72332
1742842117858,101.6337,5524,Eye Hit,Center,540.4957,694.069,48.0594,Jeep5-Detailed,-12.06608,-6.582815,48.0594,15.96049
1742842117888,101.6636,5526,Eye Hit,Center,534.428,688.0261,47.91215,Jeep5-Detailed,-12.43573,-6.967593,47.91215,16.56859
1742842117920,101.6946,5528,Eye Hit,Center,527.1747,674.8784,47.67088,Jeep5-Detailed,-12.85672,-7.809136,47.67088,17.51308
1742842117950,101.7249,5530,,Center,518.3398,668.3909,47.45951,,-13.38617,-8.205151,47.45951,18.30547
1742842117980,101.7559,5532,,Center,572.3707,828.8807,48.89163,,-10.09531,2.522006,48.89163,12.01495
1742842118010,101.7859,5534,,Center,611.6854,862.5404,49.18858,,-7.45185,4.853053,49.18858,10.24782
1742842118041,101.8152,5536,Eye Hit,Center,725.7118,868.6733,49.69839,NorthCarSignal,0.3970327,5.329659,49.69839,6.137853
1742842118055,101.8319,5537,Eye Hit,Center,720.1929,866.8199,49.71392,NorthCarSignal,0.01341024,5.20245,49.71392,5.974123
1742842118085,101.8622,5539,Eye Hit,Center,722.3082,868.2704,49.70233,NorthCarSignal,0.1604617,5.30207,49.70233,6.091846
1742842118115,101.8918,5541,Eye Hit,Center,716.9006,834.2626,49.89629,NorthCarSignal,-0.2163033,2.949426,49.89629,3.391941
1742842118147,101.9215,5543,Eye Hit,Center,707.7054,817.1768,49.94522,NorthCarSignal,-0.8588579,1.758766,49.94522,2.244197
1742842118177,101.9524,5545,,Center,693.4447,801.6745,49.9445,,-1.855033,0.6758159,49.9445,2.263735
1742842118208,101.9821,5547,,Center,693.8464,791.5627,49.94987,,-1.827172,-0.03055281,49.94987,2.095271
1742842118238,102.0126,5549,,Center,693.9197,794.0458,49.94952,,-1.822038,0.1429217,49.94952,2.095551
1742842118270,102.0441,5551,,Center,690.9681,782.6751,49.93749,,-2.027755,-0.6513019,49.93749,2.442082
1742842118286,102.0613,5552,,Center,690.4172,781.3603,49.93473,,-2.066119,-0.7430977,49.93473,2.517773
1742842118315,102.0918,5554,,Center,691.5463,783.9054,49.94011,,-1.987472,-0.5654033,49.94011,2.369347
1742842118346,102.1214,5556,,Center,692.9689,787.6239,49.94619,,-1.888337,-0.3057034,49.94619,2.193299
1742842118376,102.1514,5558,,Center,688.5814,786.8092,49.93323,,-2.194265,-0.3625223,49.93323,2.550292
1742842118407,102.1815,5560,,Center,688.4328,783.6934,49.93056,,-2.204527,-0.5800976,49.93056,2.614042
1742842118439,102.214,5562,,Center,687.5946,782.2554,49.92694,,-2.262898,-0.6804768,49.92694,2.709711
1742842118470,102.2457,5564,,Center,686.6769,780.4715,49.92228,,-2.326767,-0.8049698,49.92228,2.823414
1742842118502,102.2762,5566,,Center,686.8033,783.2203,49.92529,,-2.318082,-0.613076,49.92529,2.749653
1742842118516,102.2941,5567,,Center,685.6989,782.6262,49.92125,,-2.395003,-0.6545049,49.92125,2.847232
1742842118550,102.3278,5569,Eye Hit,Center,679.6277,786.9687,49.90237,NorthCarSignal,-2.817849,-0.3511682,49.90237,3.256843
1742842118583,102.3593,5571,Eye Hit,Center,670.9535,788.8478,49.86545,NorthCarSignal,-3.420744,-0.2198527,49.86545,3.932384
1742842118621,102.3963,5573,Eye Hit,Center,667.1326,788.3862,49.84634,NorthCarSignal,-3.685818,-0.2519463,49.84634,4.238776
1742842118663,102.4364,5575,Eye Hit,Center,665.7109,791.7683,49.83913,NorthCarSignal,-3.784392,-0.01615077,49.83913,4.342305
1742842118687,102.4549,5576,Eye Hit,Center,661.7958,789.9832,49.81767,NorthCarSignal,-4.055561,-0.1405248,49.81767,4.656819
1742842118705,102.4793,5577,Eye Hit,Center,657.7877,793.0535,49.79419,NorthCarSignal,-4.33279,0.07337567,49.79419,4.973742
1742842118722,102.497,5578,Eye Hit,Center,655.5369,793.2729,49.7804,NorthCarSignal,-4.488302,0.08862595,49.7804,5.153014
1742842118743,102.5148,5579,Eye Hit,Center,654.1746,794.2683,49.77132,NorthCarSignal,-4.582318,0.1579031,49.77132,5.263321
1742842118762,102.535,5580,Eye Hit,Center,640.4507,798.4544,49.67329,NorthCarSignal,-5.52678,0.4484275,49.67329,6.369475
1742842118784,102.557,5581,Eye Hit,Center,630.6042,797.3118,49.59406,NorthCarSignal,-6.20097,0.3684557,49.59406,7.139382
1742842118813,102.5779,5582,Eye Hit,Center,615.7034,797.4521,49.45648,NorthCarSignal,-7.214497,0.3771384,49.45648,8.310684
1742842118841,102.6062,5583,Eye Hit,Center,602.4399,791.4025,49.31873,NorthCarSignal,-8.109325,-0.04121227,49.31873,9.33753
1742842118869,102.6341,5584,Eye Hit,Center,573.5046,788.2261,48.96275,NorthCarSignal,-10.03235,-0.258446,48.96275,11.58323
1742842118896,102.6621,5585,,Center,609.4179,785.0225,49.38998,,-7.639003,-0.4820023,49.38998,8.809282
1742842118922,102.6893,5586,,Center,701.3549,801.1212,49.95664,,-1.302778,0.6373221,49.95664,1.662952
1742842118949,102.7149,5587,,Center,786.427,799.4271,49.75909,,4.623067,0.5169013,49.75909,5.34093
1742842118976,102.7415,5588,,Center,820.3569,788.1136,49.48921,,6.94657,-0.2690116,49.48921,7.996031
1742842119004,102.7687,5589,Eye Hit,Center,851.2323,774.1827,49.13852,NorthWalkingSignal,9.01936,-1.224554,49.13852,10.49419
1742842119044,102.797,5590,Eye Hit,Center,795.6307,782.03,49.68861,NorthWalkingSignal,5.256148,-0.6928876,49.68861,6.09027
1742842119085,102.8368,5591,Eye Hit,Center,788.1209,782.4752,49.74215,NorthWalkingSignal,4.739339,-0.6626632,49.74215,5.495224
1742842119114,102.8797,5592,Eye Hit,Center,741.8527,772.3885,49.93055,NorthWalkingSignal,1.526108,-1.369591,49.93055,2.351769
1742842119142,102.9068,5593,Eye Hit,Center,702.0432,752.8253,49.88306,NorthWalkingSignal,-1.252836,-2.7332,49.88306,3.449293
1742842119170,102.9346,5594,Eye Hit,Center,672.5821,753.7078,49.79161,NorthWalkingSignal,-3.302261,-2.666732,49.79161,4.872506
1742842119197,102.9622,5595,Eye Hit,Center,647.1115,747.0524,49.61857,NorthWalkingSignal,-5.058434,-3.119344,49.61857,6.829897
1742842119224,102.99,5596,Eye Hit,Center,636.9722,745.1616,49.53524,NorthWalkingSignal,-5.752419,-3.245107,49.53524,7.594581
1742842119253,103.0169,5597,,Center,624.1944,753.3201,49.46098,,-6.627755,-2.675842,49.46098,8.222801
1742842119282,103.0459,5598,,Center,614.0847,760.2471,49.38916,,-7.316497,-2.193455,49.38916,8.791357
1742842119310,103.0737,5599,,Center,600.2477,768.9632,49.26657,,-8.251808,-1.587405,49.26657,9.679446
1742842119339,103.1029,5600,,Center,570.0296,774.7976,48.90138,,-10.25745,-1.176583,48.90138,11.92197
1742842119366,103.1311,5601,,Center,535.3544,785.106,48.3898,,-12.497,-0.4665927,48.3898,14.4903
1742842119394,103.1595,5602,,Center,504.84,790.677,47.8607,,-14.40302,-0.08856423,47.8607,16.74874
1742842119422,103.1872,5603,,Center,506.3496,791.4544,47.88921,,-14.31048,-0.03654272,47.88921,16.63749
1742842119451,103.2152,5604,,Center,538.3195,785.6061,48.44028,,-12.30914,-0.4331994,48.44028,14.2661
1742842119480,103.2437,5605,,Center,656.9257,774.0515,49.77143,,-4.390816,-1.249455,49.77143,5.240562
1742842119507,103.273,5606,,Center,725.9692,762.0283,49.93469,,0.4168982,-2.093276,49.93469,2.447606
1742842119535,103.2993,5607,,Center,684.4156,763.6962,49.87951,,-2.482533,-1.974602,49.87951,3.638788
1742842119561,103.3275,5608,,Center,754.9321,733.2912,49.75313,,2.430852,-4.085417,49.75313,5.458046
1742842119588,103.3539,5609,,Center,786.9031,691.3348,49.28083,,4.611443,-6.938576,49.28083,9.595484
1742842119616,103.3807,5610,,Center,785.7103,678.5229,49.16133,,4.51825,-7.8027,49.16133,10.39285
1742842119645,103.4092,5611,,Center,763.2186,686.2127,49.3567,,2.98353,-7.302854,49.3567,9.08093
1742842119673,103.4369,5612,,Center,706.0015,703.7848,49.59901,,-0.9711057,-6.119689,49.59901,7.12092
1742842119701,103.4655,5613,,Center,663.5333,712.1345,49.52441,,-3.91133,-5.532117,49.52441,7.789967
1742842119729,103.4948,5614,,Center,624.7644,702.5823,49.17258,,-6.549907,-6.149778,49.17258,10.35448
1742842119770,103.5223,5615,,Center,581.7809,708.2353,48.75796,,-9.425981,-5.712411,48.75796,12.73773
1742842119811,103.5638,5616,,Center,588.3503,709.1765,48.84731,,-8.994428,-5.658575,48.84731,12.27302
1742842119852,103.6039,5617,,Center,810.6989,709.7895,49.27428,,6.250795,-5.66579,49.27428,9.715635
1742842119881,103.6437,5618,,Center,830.0078,720.27,49.17002,,7.565486,-4.933034,49.17002,10.40823
1742842119912,103.6718,5619,,Center,793.5896,723.5555,49.50634,,5.095539,-4.739278,49.50634,8.001332
1742842119941,103.7029,5620,,Center,778.0822,722.2247,49.59517,,4.028984,-4.840097,49.59517,7.236628
1742842119969,103.7322,5621,,Center,748.0004,706.2968,49.6007,,1.942522,-5.945628,49.6007,7.187336
1742842119987,103.76,5622,,Center,735.5089,706.13,49.62713,,1.076499,-5.960372,49.62713,6.958324
1742842120011,103.7777,5623,,Center,737.1331,705.192,49.61675,,1.188987,-6.02422,49.61675,7.054883
1742842120029,103.8016,5624,,Center,753.9434,709.4846,49.60822,,2.355172,-5.725341,49.60822,7.113423
1742842120045,103.8193,5625,,Center,743.7772,709.4627,49.63786,,1.650774,-5.730286,49.63786,6.850513
1742842120083,103.8566,5627,,Center,873.1705,709.1149,48.57579,,10.40657,-5.631306,48.57579,13.68998
1742842120099,103.8745,5628,,Center,894.7096,712.7177,48.28548,,11.79902,-5.354337,48.28548,15.02106
1742842120132,103.9065,5630,,Center,888.5175,710.8287,48.36472,,11.39952,-5.490909,48.36472,14.66096
1742842120150,103.9234,5631,,Center,875.9386,710.5946,48.54752,,10.58848,-5.527555,48.54752,13.8223
1742842120166,103.9405,5632,,Center,858.3572,713.6111,48.80017,,9.443564,-5.350432,48.80017,12.5394
1742842120197,103.9721,5634,,Center,840.392,714.6453,49.01912,,8.254223,-5.303528,49.01912,11.31822
1742842120229,104.0044,5636,,Center,836.6038,715.2161,49.06345,,8.001727,-5.269156,49.06345,11.04933
1742842120261,104.035,5638,,Center,824.9714,708.507,49.13288,,7.213665,-5.737662,49.13288,10.6251
1742842120292,104.0671,5640,,Center,829.4125,705.5853,49.06435,,7.508373,-5.930161,49.06435,11.03448
1742842120323,104.0983,5642,,Center,832.7311,706.0635,49.03563,,7.731579,-5.893896,49.03563,11.21416
1742842120353,104.1286,5644,,Center,824.551,703.4321,49.09511,,7.179257,-6.081735,49.09511,10.84909
1742842120385,104.16,5646,,Center,817.7236,701.2988,49.14025,,6.716601,-6.233948,49.14025,10.56332
1742842120416,104.1925,5648,,Center,821.6691,695.1285,49.04939,,6.974861,-6.64573,49.04939,11.11227
1742842120448,104.2237,5650,,Center,820.6322,701.1616,49.11011,,6.912271,-6.239547,49.11011,10.73654
1742842120480,104.2559,5652,,Center,825.3105,695.1331,49.01185,,7.219142,-6.640323,49.01185,11.31701
1742842120513,104.2883,5654,,Center,831.1299,692.0793,48.92479,,7.604536,-6.837501,48.92479,11.8062
1742842120545,104.3201,5656,,Center,837.0381,689.3979,48.83728,,7.994508,-7.00843,48.83728,12.28134
1742842120576,104.3512,5658,,Center,841.6354,688.9856,48.78216,,8.299155,-7.028652,48.78216,12.56808
1742842120609,104.3828,5660,,Center,858.0373,695.7107,48.64786,,9.392324,-6.551709,48.64786,13.24622
1742842120640,104.4142,5662,,Center,864.2199,701.9143,48.6197,,9.807323,-6.126057,48.6197,13.37831
1742842120671,104.446,5664,,Center,870.8964,705.1893,48.55574,,10.24784,-5.895584,48.55574,13.6845
1742842120702,104.4767,5666,,Center,874.3541,708.7266,48.5342,,10.47801,-5.652842,48.5342,13.78269
1742842120717,104.4934,5667,,Center,878.5302,710.8156,48.48917,,10.75152,-5.505925,48.48917,13.98846
1742842120749,104.5235,5669,,Center,896.5283,718.1218,48.26901,,11.91779,-4.987666,48.26901,14.9842
1742842120779,104.5558,5671,,Center,892.2937,724.0463,48.36995,,11.65623,-4.597287,48.36995,14.52304
1742842120811,104.5847,5673,,Center,901.5894,727.5272,48.24433,,12.25321,-4.350465,48.24433,15.08369
1742842120827,104.6018,5674,,Center,912.8181,742.4816,48.13736,,12.98204,-3.333968,48.13736,15.55927
1742842120857,104.6323,5676,,Center,920.6982,745.8316,48.01096,,13.47711,-3.100258,48.01096,16.06854
1742842120889,104.6634,5678,,Center,933.2937,794.3977,47.87428,,14.28214,0.160552,47.87428,16.6122
1742842120905,104.6803,5679,Eye Hit,Center,838.2422,834.7571,49.20433,NE_Tree_30,8.137454,2.942552,49.20433,9.974113
1742842120936,104.7115,5681,Eye Hit,Center,849.9042,837.5792,49.0581,NE_Tree_30,8.913466,3.127449,49.0581,10.89898
1742842120966,104.7422,5683,,Center,831.2615,792.0169,49.3637,,7.681842,0.001166834,49.3637,8.845267
1742842120998,104.7728,5685,,Center,813.624,778.6097,49.52103,,6.4847,-0.9274569,49.52103,7.53541
1742842121015,104.79,5686,,Center,823.4199,780.2239,49.42658,,7.14953,-0.814097,49.42658,8.28316
1742842121046,104.8205,5688,,Center,728.8448,749.3314,49.85309,,0.6167247,-2.975181,49.85309,3.487678
1742842121077,104.8521,5690,Eye Hit,Center,671.0521,733.3187,49.66263,NE_Tree_10,-3.39998,-4.076074,49.66263,6.100626
1742842121111,104.8846,5692,Eye Hit,Center,669.257,735.7609,49.66235,NorthSidewalk,-3.524651,-3.906414,49.66235,6.047664
1742842121127,104.9047,5693,Eye Hit,Center,674.9654,735.2999,49.68003,NorthSidewalk,-3.129255,-3.939839,49.68003,5.782928
1742842121161,104.9383,5695,Eye Hit,Center,677.4885,731.4875,49.66916,NorthSidewalk,-2.953288,-4.203828,49.66916,5.905347
1742842121182,104.9632,5696,Eye Hit,Center,675.3183,731.9094,49.66303,NorthSidewalk,-3.103672,-4.174,49.66303,5.979075
1742842121222,104.9901,5697,Eye Hit,Center,717.8149,744.1586,49.81701,NorthSidewalk,-0.152253,-3.333452,49.81701,3.832161
1742842121258,105.0162,5698,Eye Hit,Center,740.0963,758.6766,49.84916,NorthSidewalk,1.401158,-2.323381,49.84916,3.115396
1742842121292,105.0507,5699,Eye Hit,Center,772.7057,778.2144,49.77299,NorthSidewalk,3.66914,-0.9596922,49.77299,4.357389
1742842121318,105.0849,5700,Eye Hit,Center,700.1324,771.0403,49.87737,LowFemale2,-1.385997,-1.462183,49.87737,2.313169
1742842121346,105.1114,5701,,Center,659.1176,777.452,49.72978,,-4.234683,-1.011887,49.72978,5.003589
1742842121376,105.1389,5702,,Center,609.8669,778.7809,49.3328,,-7.599179,-0.9121174,49.3328,8.818821
1742842121407,105.1687,5703,,Center,572.2202,781.6948,48.88833,,-10.10493,-0.7046494,48.88833,11.70585
1742842121434,105.1999,5704,,Center,646.7565,792.387,49.65251,,-5.086551,0.02687617,49.65251,5.849217
1742842121463,105.2279,5705,Eye Hit,Center,644.85,790.6357,49.64178,NorthSidewalk,-5.217822,-0.09472801,49.64178,6.001263
1742842121492,105.2574,5706,Eye Hit,Center,626.2114,789.8087,49.49428,NorthSidewalk,-6.492588,-0.1516942,49.49428,7.475302
1742842121521,105.2846,5707,,Center,620.1461,825.1663,49.39047,,-6.897965,2.291149,49.39047,8.371798
1742842121549,105.3131,5708,,Center,615.8279,828.9745,49.34018,,-7.188943,2.55162,49.34018,8.788765
1742842121578,105.341,5709,,Center,600.1671,832.6484,49.16624,,-8.240545,2.795263,49.16624,10.0366
1742842121606,105.3703,5710,,Center,573.4906,823.9684,48.87197,,-10.01471,2.185213,48.87197,11.84545
1742842121635,105.3988,5711,,Center,646.723,834.0645,49.57871,,-5.081309,2.916919,49.57871,6.739736
1742842121662,105.4278,5712,,Center,624.1802,817.4027,49.45588,,-6.628057,1.757156,49.45588,7.893692
1742842121691,105.456,5713,,Center,597.9199,811.7877,49.20474,,-8.40165,1.361806,49.20474,9.813758
1742842121719,105.4842,5714,,Center,577.5275,807.9366,48.96723,,-9.757743,1.091474,48.96723,11.33824
1742842121760,105.5109,5715,,Center,575.1112,796.4267,48.94772,,-9.919281,0.3030567,48.94772,11.46109
1742842121801,105.5542,5716,,Center,554.9847,785.0083,48.66511,,-11.23194,-0.4758986,48.66511,13.00759
1742842121842,105.5953,5717,,Center,511.807,749.7679,47.88335,,-13.94323,-2.828397,47.88335,16.54787
1742842121884,105.6348,5718,,Center,428.2609,707.9357,45.99266,,-18.76705,-5.407703,45.99266,23.00834
1742842121913,105.6754,5719,,Center,409.7763,707.9692,45.57677,,-19.77568,-5.356673,45.57677,24.20555
1742842121944,105.7039,5720,,Center,424.7002,716.9021,45.96948,,-18.98653,-4.828477,45.96948,23.08232
1742842121974,105.7343,5721,,Center,463.3481,720.9456,46.82531,,-16.80885,-4.653551,46.82531,20.42896
1742842122003,105.7636,5722,,Center,488.4239,721.938,47.32606,,-15.32876,-4.637626,47.32606,18.6956
1742842122020,105.7933,5723,,Center,491.8176,726.211,47.41756,,-15.13332,-4.363204,47.41756,18.37392
1742842122042,105.8109,5724,,Center,521.7073,718.2664,47.91003,,-13.28759,-4.940886,47.91003,16.48336
1742842122060,105.833,5725,,Center,525.9432,725.3384,48.02781,,-13.03571,-4.477975,48.02781,16.01282
1742842122077,105.8505,5726,,Center,532.2126,726.1877,48.13405,,-12.64247,-4.430703,48.13405,15.55263
1742842122094,105.8674,5727,,Center,512.8665,718.5435,47.7634,,-13.83753,-4.907252,47.7634,17.08681
1742842122113,105.8844,5728,,Center,523.4947,722.235,47.96568,,-13.18311,-4.680381,47.96568,16.25944
1742842122128,105.9037,5729,Eye Hit,Center,500.4631,713.8141,47.50994,MicroBus1-Detailed,-14.58831,-5.195484,47.50994,18.05338
1742842122160,105.9344,5731,Eye Hit,Center,487.6695,714.2697,47.27442,MicroBus1-Detailed,-15.36191,-5.139601,47.27442,18.91436
1742842122192,105.9668,5733,Eye Hit,Center,495.3358,720.3655,47.45788,MicroBus1-Detailed,-14.91266,-4.754923,47.45788,18.2534
1742842122225,106,5735,Eye Hit,Center,497.7544,712.3387,47.45152,MicroBus1-Detailed,-14.75014,-5.287015,47.45152,18.27383
1742842122257,106.0333,5737,Eye Hit,Center,492.7747,705.0291,47.30894,MicroBus1-Detailed,-15.03533,-5.754797,47.30894,18.79321
1742842122289,106.0641,5739,Eye Hit,Center,487.8087,703.5859,47.20138,MicroBus1-Detailed,-15.32899,-5.836996,47.20138,19.16257
1742842122322,106.0962,5741,Eye Hit,Center,479.8722,700.3611,47.02429,MicroBus1-Detailed,-15.79347,-6.027194,47.02429,19.77268
1742842122353,106.1275,5743,Eye Hit,Center,478.9286,705.1634,47.04207,MicroBus1-Detailed,-15.86153,-5.7135,47.04207,19.71694
1742842122385,106.1599,5745,Eye Hit,Center,485.7164,708.0853,47.1953,MicroBus1-Detailed,-15.46513,-5.539231,47.1953,19.19141
1742842122416,106.1924,5747,Eye Hit,Center,480.9723,709.5227,47.11443,MicroBus1-Detailed,-15.75125,-5.435022,47.11443,19.47673
1742842122448,106.2228,5749,Eye Hit,Center,478.9249,706.5073,47.0537,MicroBus1-Detailed,-15.86569,-5.626466,47.0537,19.68504
1742842122479,106.2544,5751,Eye Hit,Center,481.9914,706.3339,47.11377,MicroBus1-Detailed,-15.68388,-5.645075,47.11377,19.4838
1742842122509,106.2846,5753,Eye Hit,Center,484.0136,701.3942,47.11926,MicroBus1-Detailed,-15.55243,-5.971277,47.11926,19.47142
1742842122540,106.3145,5755,Eye Hit,Center,478.8445,697.9899,46.99541,MicroBus1-Detailed,-15.85132,-6.179351,46.99541,19.90118
1742842122571,106.3456,5757,Eye Hit,Center,480.093,695.2047,47.00052,MicroBus1-Detailed,-15.77098,-6.363116,47.00052,19.8917
1742842122601,106.3767,5759,Eye Hit,Center,476.9767,696.7784,46.95577,MicroBus1-Detailed,-15.96062,-6.253705,46.95577,20.05553
1742842122631,106.4065,5761,Eye Hit,Center,476.0787,702.6204,46.98467,MicroBus1-Detailed,-16.02946,-5.873641,46.98467,19.96843
1742842122663,106.4374,5763,Eye Hit,Center,477.4498,691.9314,46.93132,MicroBus1-Detailed,-15.92125,-6.568612,46.93132,20.15232
1742842122693,106.4678,5765,Eye Hit,Center,480.1703,692.6635,46.99139,MicroBus1-Detailed,-15.76283,-6.5289,46.99139,19.95475
1742842122725,106.5005,5767,Eye Hit,Center,482.243,687.5264,46.99117,MicroBus1-Detailed,-15.62652,-6.866504,46.99117,19.96254
1742842122756,106.5308,5769,Eye Hit,Center,480.2363,694.437,47.01296,MicroBus1-Detailed,-15.76572,-6.415278,47.01296,19.90272
1742842122787,106.5619,5771,Eye Hit,Center,474.8682,695.8746,46.91844,MicroBus1-Detailed,-16.0863,-6.308045,46.91844,20.21751
1742842122818,106.5935,5773,Eye Hit,Center,468.9473,701.3432,46.84083,MicroBus1-Detailed,-16.44759,-5.939336,46.84083,20.47213
1742842122848,106.6242,5775,Eye Hit,Center,463.7483,702.8708,46.74493,MicroBus1-Detailed,-16.75383,-5.827303,46.74493,20.7803
1742842122881,106.6549,5777,Eye Hit,Center,450.5183,696.8145,46.4248,MicroBus1-Detailed,-17.49815,-6.180645,46.4248,21.78834
1742842122910,106.6852,5779,Eye Hit,Center,430.5812,705.6251,46.05334,MicroBus1-Detailed,-18.64235,-5.563673,46.05334,22.90124
1742842122941,106.7152,5781,Eye Hit,Center,413.1009,710.7971,45.69002,MicroBus1-Detailed,-19.61236,-5.189263,45.69002,23.94215
1742842122972,106.7462,5783,Eye Hit,Center,383.9445,723.3539,45.07204,MicroBus1-Detailed,-21.18513,-4.32749,45.07204,25.62864
1742842123003,106.7777,5785,Eye Hit,Center,340.6151,725.8281,44.0117,MicroBus1-Detailed,-23.35399,-4.073375,44.0117,28.30878
1742842123034,106.8098,5787,,Center,299.1855,731.4531,42.96578,,-25.28869,-3.638542,42.96578,30.73735
1742842123050,106.8288,5788,,Center,265.6748,733.3018,42.09039,,-26.74624,-3.455575,42.09039,32.64888
1742842123089,106.8701,5790,,Center,284.0732,780.7031,42.66711,,-26.01475,-0.6741631,42.66711,31.37981
1742842123129,106.8979,5791,,Center,419.9424,891.9556,45.67844,,-19.17029,6.386038,45.67844,23.86234
1742842123163,106.9263,5792,Eye Hit,Center,484.244,866.3939,47.18996,NW_Tree_10,-15.56056,4.910207,47.18996,19.07389
1742842123197,106.9566,5793,Eye Hit,Center,570.98,840.0248,48.76102,NW_Tree_10,-10.1632,3.2753,48.76102,12.35194
1742842123237,106.9906,5794,Eye Hit,Center,633.1595,749.588,49.45776,NorthSidewalk,-6.007168,-2.933836,49.45776,7.698144
1742842123264,107.0297,5795,Eye Hit,Center,633.3807,766.9194,49.52312,NorthSidewalk,-5.999786,-1.737239,49.52312,7.188619
1742842123293,107.0577,5796,Eye Hit,Center,553.4953,774.99,48.61657,NorthSidewalk,-11.32202,-1.156649,48.61657,13.17546
1742842123324,107.0856,5797,,Center,554.3619,777.4684,48.64066,,-11.26867,-0.9886117,48.64066,13.09209
1742842123354,107.1171,5798,,Center,559.1333,778.4397,48.72221,,-10.96241,-0.9240804,48.72221,12.7238
1742842123383,107.1467,5799,,Center,586.4199,795.7058,49.10826,,-9.175064,0.2545385,49.10826,10.58673
1742842123413,107.1757,5800,,Center,609.6472,785.6432,49.38141,,-7.621837,-0.4390531,49.38141,8.788474
1742842123441,107.2048,5801,Eye Hit,Center,580.8878,772.9067,49.04232,LowMale2,-9.542212,-1.309682,49.04232,11.11121
1742842123471,107.2326,5802,,Center,451.1051,754.7357,46.73475,,-17.57662,-2.435821,46.73475,20.79113
1742842123504,107.262,5803,,Center,475.2242,749.8365,47.2265,,-16.1684,-2.785067,47.2265,19.15726
1742842123533,107.2947,5804,Eye Hit,Center,379.0666,747.0562,45.06257,MicroBus1-Detailed,-21.48812,-2.832686,45.06257,25.68645
1742842123560,107.3239,5805,Eye Hit,Center,349.5259,739.7718,44.30888,MicroBus1-Detailed,-22.95945,-3.236749,44.30888,27.62269
1742842123579,107.3509,5806,,Center,320.174,709.4913,43.42732,,-24.28549,-5.011594,43.42732,29.72657
1742842123602,107.369,5807,Eye Hit,Center,374.3,707.6237,44.77225,MicroBus1-Detailed,-21.64817,-5.283751,44.77225,26.46005
1742842123619,107.3926,5808,Eye Hit,Center,376.0855,705.7228,44.8083,MicroBus1-Detailed,-21.5537,-5.407139,44.8083,26.378
1742842123636,107.4094,5809,Eye Hit,Center,361.2495,698.75,44.40004,MicroBus1-Detailed,-22.27864,-5.790888,44.40004,27.40422
1742842123652,107.4265,5810,Eye Hit,Center,365.4099,695.3626,44.48355,MicroBus1-Detailed,-22.0617,-6.012534,44.48355,27.20499
1742842123687,107.4621,5812,Eye Hit,Center,395.3961,684.9963,45.12994,MicroBus1-Detailed,-20.4895,-6.754242,45.12994,25.5498
1742842123718,107.4941,5814,Eye Hit,Center,403.4142,688.3478,45.34086,MicroBus1-Detailed,-20.07678,-6.573267,45.34086,24.98201
1742842123750,107.5277,5816,Eye Hit,Center,415.4993,683.4788,45.57703,MicroBus1-Detailed,-19.41097,-6.917888,45.57703,24.32928
1742842123781,107.5566,5818,Eye Hit,Center,430.692,687.903,45.94847,MicroBus1-Detailed,-18.59278,-6.689938,45.94847,23.26969
1742842123813,107.5873,5820,Eye Hit,Center,450.9973,692.4648,46.4233,MicroBus1-Detailed,-17.46649,-6.462875,46.4233,21.85937
1742842123844,107.6198,5822,Eye Hit,Center,457.8932,693.8241,46.57468,MicroBus1-Detailed,-17.07423,-6.395401,46.57468,21.37894
1742842123875,107.6498,5824,Eye Hit,Center,474.8644,700.1609,46.96429,MicroBus1-Detailed,-16.10227,-6.032651,46.96429,20.1094
1742842123906,107.6801,5826,Eye Hit,Center,484.4393,709.7599,47.2177,MicroBus1-Detailed,-15.55681,-5.43127,47.2177,19.23756
1742842123938,107.7129,5828,Eye Hit,Center,493.2125,735.9008,47.53681,MicroBus1-Detailed,-15.07864,-3.72992,47.53681,18.0953
1742842123969,107.7435,5830,Eye Hit,Center,508.6601,731.266,47.79813,MicroBus1-Detailed,-14.1288,-4.060278,47.79813,17.09563
1742842124000,107.7743,5832,Eye Hit,Center,528.9642,725.8995,48.11867,MicroBus1-Detailed,-12.85705,-4.448684,48.11867,15.78758
1742842124031,107.8059,5834,Eye Hit,Center,536.6825,723.0989,48.22575,MicroBus1-Detailed,-12.36505,-4.647488,48.22575,15.31826
1742842124047,107.8227,5835,Eye Hit,Center,539.8743,719.3885,48.25932,MicroBus1-Detailed,-12.15821,-4.901166,48.25932,15.19685
1742842124079,107.853,5837,Eye Hit,Center,536.7372,727.9016,48.25721,MicroBus1-Detailed,-12.36942,-4.326356,48.25721,15.19226
1742842124110,107.8845,5839,Eye Hit,Center,535.2277,737.4182,48.27943,MicroBus1-Detailed,-12.47705,-3.685723,48.27943,15.08148
1742842124142,107.9156,5841,Eye Hit,Center,541.585,742.4077,48.40267,MicroBus1-Detailed,-12.07851,-3.357348,48.40267,14.52069
1742842124159,107.9324,5842,Eye Hit,Center,543.1936,743.0764,48.4353,MicroBus1-Detailed,-11.97768,-3.314312,48.4353,14.39078
1742842124190,107.9654,5844,Eye Hit,Center,541.2938,744.7885,48.41058,MicroBus1-Detailed,-12.10021,-3.196694,48.41058,14.49502
1742842124221,107.9956,5846,Eye Hit,Center,538.7718,744.8949,48.36874,MicroBus1-Detailed,-12.26037,-3.186733,48.36874,14.67611
1742842124253,108.028,5848,Eye Hit,Center,538.0797,746.5158,48.36255,MicroBus1-Detailed,-12.30561,-3.076683,48.36255,14.69637
1742842124284,108.0594,5850,Eye Hit,Center,533.1909,742.0148,48.26342,MicroBus1-Detailed,-12.6104,-3.374215,48.26342,15.13491
1742842124315,108.0902,5852,Eye Hit,Center,521.9951,736.3825,48.04578,MicroBus1-Detailed,-13.30589,-3.737486,48.04578,16.04841
1742842124347,108.1224,5854,Eye Hit,Center,516.2653,732.4448,47.92421,MicroBus1-Detailed,-13.65629,-3.99197,47.92421,16.53517
1742842124378,108.1536,5856,Eye Hit,Center,508.4421,735.1459,47.79565,MicroBus1-Detailed,-14.14264,-3.800697,47.79565,17.0349
1742842124411,108.1855,5858,Eye Hit,Center,506.0511,720.2093,47.66861,MicroBus1-Detailed,-14.26446,-4.786451,47.66861,17.51774
1742842124442,108.2175,5860,Eye Hit,Center,503.6332,724.3557,47.64832,MicroBus1-Detailed,-14.41953,-4.50808,47.64832,17.59219
1742842124473,108.2474,5862,Eye Hit,Center,496.6949,739.7916,47.59637,MicroBus1-Detailed,-14.8657,-3.475575,47.59637,17.78369
1742842124506,108.2821,5864,Eye Hit,Center,499.3537,746.5403,47.67506,MicroBus1-Detailed,-14.71298,-3.031313,47.67506,17.48921
1742842124537,108.3121,5866,Eye Hit,Center,444.6622,746.0286,46.56208,MicroBus1-Detailed,-17.93127,-2.993869,46.56208,21.32745
1742842124569,108.3434,5868,Eye Hit,Center,444.9771,755.7792,46.60484,MicroBus1-Detailed,-17.92721,-2.361036,46.60484,21.20556
1742842124584,108.3601,5869,Eye Hit,Center,443.0922,754.9493,46.56231,MicroBus1-Detailed,-18.03361,-2.412928,46.56231,21.34317
1742842124618,108.3922,5871,Eye Hit,Center,434.587,743.1095,46.3379,MicroBus1-Detailed,-18.49792,-3.168647,46.3379,22.04847
1742842124651,108.4253,5873,Eye Hit,Center,421.6497,724.9682,45.96758,MicroBus1-Detailed,-19.18187,-4.309683,45.96758,23.1561
1742842124683,108.4582,5875,Eye Hit,Center,422.1223,728.9006,45.99774,MicroBus1-Detailed,-19.16405,-4.05952,45.99774,23.06796
1742842124718,108.4925,5877,Eye Hit,Center,426.5911,738.3759,46.14164,MicroBus1-Detailed,-18.93561,-3.460715,46.14164,22.64481
1742842124749,108.5254,5879,Eye Hit,Center,432.2701,738.2558,46.26796,MicroBus1-Detailed,-18.61994,-3.477961,46.26796,22.26406
1742842124781,108.5558,5881,Eye Hit,Center,442.7543,738.1252,46.49877,MicroBus1-Detailed,-18.03098,-3.503806,46.49877,21.55533
1742842124813,108.5872,5883,Eye Hit,Center,452.6035,738.4433,46.71389,MicroBus1-Detailed,-17.47087,-3.499234,46.71389,20.87812
1742842124844,108.6196,5885,Eye Hit,Center,443.0085,729.2452,46.46443,MicroBus1-Detailed,-18.00114,-4.078315,46.46443,21.66476
1742842124875,108.6498,5887,Eye Hit,Center,438.4575,726.2114,46.34975,MicroBus1-Detailed,-18.25174,-4.26492,46.34975,22.01795
1742842124905,108.6805,5889,Eye Hit,Center,432.3568,729.9946,46.23354,MicroBus1-Detailed,-18.60048,-4.009585,46.23354,22.36995
1742842124937,108.7117,5891,Eye Hit,Center,441.6925,733.4243,46.45524,MicroBus1-Detailed,-18.08308,-3.805965,46.45524,21.692
1742842124968,108.7427,5893,Eye Hit,Center,435.4787,729.9843,46.30365,MicroBus1-Detailed,-18.4265,-4.016332,46.30365,22.1607
1742842124999,108.7745,5895,Eye Hit,Center,441.2025,732.9153,46.44229,MicroBus1-Detailed,-18.10987,-3.83797,46.44229,21.73243
1742842125017,108.794,5896,Eye Hit,Center,440.7498,733.236,46.43554,MicroBus1-Detailed,-18.13664,-3.816581,46.43554,21.75847
1742842125046,108.8219,5898,Eye Hit,Center,447.776,736.0295,46.59996,MicroBus1-Detailed,-17.74291,-3.648024,46.59996,21.24179
1742842125081,108.8546,5900,Eye Hit,Center,456.2157,735.0101,46.77597,MicroBus1-Detailed,-17.25777,-3.728498,46.77597,20.6794
1742842125111,108.8859,5902,Eye Hit,Center,474.7334,738.6801,47.173,MicroBus1-Detailed,-16.18247,-3.517998,47.173,19.34402
1742842125143,108.9171,5904,Eye Hit,Center,482.2346,736.9258,47.31295,MicroBus1-Detailed,-15.73409,-3.644529,47.31295,18.84778
1742842125158,108.9338,5905,Eye Hit,Center,481.437,736.784,47.29391,MicroBus1-Detailed,-15.78052,-3.65244,47.29391,18.90581
1742842125191,108.9656,5907,Eye Hit,Center,483.1619,733.2533,47.31108,MicroBus1-Detailed,-15.67211,-3.8874,47.31108,18.84452
1742842125223,108.9978,5909,Eye Hit,Center,478.976,731.6852,47.22241,MicroBus1-Detailed,-15.9192,-3.983685,47.22241,19.16266
1742842125256,109.0296,5911,Eye Hit,Center,477.995,727.8555,47.18207,MicroBus1-Detailed,-15.97034,-4.233009,47.18207,19.2988
1742842125273,109.0463,5912,Eye Hit,Center,482.2355,734.747,47.29921,MicroBus1-Detailed,-15.72946,-3.787606,47.29921,18.88366
1742842125289,109.0635,5913,Eye Hit,Center,478.082,733.2206,47.21019,MicroBus1-Detailed,-15.97412,-3.88127,47.21019,19.19842
1742842125322,109.0963,5915,Eye Hit,Center,476.2249,732.8781,47.17001,MicroBus1-Detailed,-16.08304,-3.900563,47.17001,19.33307
1742842125356,109.1294,5917,Eye Hit,Center,468.5321,730.328,47.00064,MicroBus1-Detailed,-16.53101,-4.054196,47.00064,19.90743
1742842125375,109.1471,5918,Eye Hit,Center,470.934,730.6964,47.04998,MicroBus1-Detailed,-16.3903,-4.034209,47.04998,19.73577
1742842125391,109.1658,5919,Eye Hit,Center,467.0279,728.7376,46.96047,MicroBus1-Detailed,-16.61567,-4.155191,46.96047,20.03785
1742842125427,109.1983,5921,Eye Hit,Center,465.1965,726.569,46.91047,MicroBus1-Detailed,-16.71814,-4.293056,46.91047,20.20092
1742842125444,109.2176,5922,Eye Hit,Center,469.8028,727.2023,47.00731,MicroBus1-Detailed,-16.4498,-4.260279,47.00731,19.87426
1742842125459,109.2345,5923,Eye Hit,Center,466.319,725.2322,46.92556,MicroBus1-Detailed,-16.64985,-4.382173,46.92556,20.14796
1742842125492,109.2664,5925,Eye Hit,Center,466.601,719.0515,46.89549,MicroBus1-Detailed,-16.62068,-4.784762,46.89549,20.24466
1742842125527,109.3031,5927,Eye Hit,Center,464.8721,706.5747,46.77906,MicroBus1-Detailed,-16.69254,-5.589215,46.77906,20.62181
1742842125559,109.3345,5929,Eye Hit,Center,457.8658,702.9671,46.60796,MicroBus1-Detailed,-17.08821,-5.803947,46.60796,21.1668
1742842125594,109.3687,5931,Eye Hit,Center,447.6667,701.9672,46.38489,MicroBus1-Detailed,-17.66811,-5.841039,46.38489,21.85957
1742842125610,109.3864,5932,Eye Hit,Center,452.1291,703.6924,46.49186,MicroBus1-Detailed,-17.41869,-5.742326,46.49186,21.52898
1742842125650,109.4219,5934,Eye Hit,Center,449.675,698.7921,46.40374,MicroBus1-Detailed,-17.54495,-6.049489,46.40374,21.79833
1742842125669,109.4429,5935,Eye Hit,Center,446.5498,702.2872,46.36288,MicroBus1-Detailed,-17.73215,-5.817521,46.36288,21.92586
1742842125692,109.4622,5936,Eye Hit,Center,439.2229,701.8736,46.20014,MicroBus1-Detailed,-18.14337,-5.823823,46.20014,22.4136
1742842125720,109.4867,5937,Eye Hit,Center,439.6526,705.8447,46.23588,MicroBus1-Detailed,-18.12961,-5.571524,46.23588,22.30392
1742842125748,109.5139,5938,Eye Hit,Center,445.2186,703.9923,46.34298,MicroBus1-Detailed,-17.81083,-5.704499,46.34298,21.97691
1742842125776,109.542,5939,Eye Hit,Center,448.1545,701.2264,46.38616,MicroBus1-Detailed,-17.63695,-5.889265,46.38616,21.84373
1742842125804,109.5696,5940,Eye Hit,Center,443.2098,700.0081,46.26864,MicroBus1-Detailed,-17.91226,-5.953183,46.26864,22.19335
1742842125829,109.5975,5941,Eye Hit,Center,448.7482,701.9025,46.40036,MicroBus1-Detailed,-17.60382,-5.847187,46.40036,21.79007
1742842125856,109.6237,5942,Eye Hit,Center,450.0815,698.6307,46.40609,MicroBus1-Detailed,-17.51945,-6.06027,46.40609,21.77541
1742842125883,109.6489,5943,Eye Hit,Center,448.0738,694.4775,46.3335,MicroBus1-Detailed,-17.62216,-6.31994,46.3335,22.0013
1742842125922,109.6769,5944,Eye Hit,Center,439.8333,695.5939,46.16526,MicroBus1-Detailed,-18.09025,-6.224906,46.16526,22.50956
1742842125962,109.7152,5945,Eye Hit,Center,426.7281,693.8201,45.86563,MicroBus1-Detailed,-18.81355,-6.298291,45.86563,23.39157
1742842126003,109.7567,5946,Eye Hit,Center,476.0394,697.7923,46.93107,MicroBus1-Detailed,-16.01375,-6.183862,46.93107,20.09129
1742842126045,109.7967,5947,Eye Hit,Center,460.5183,696.5664,46.60963,MicroBus1-Detailed,-16.91591,-6.221426,46.60963,21.14124
1742842126074,109.8398,5948,Eye Hit,Center,453.7014,690.6656,46.42666,MicroBus1-Detailed,-17.29216,-6.580174,46.42666,21.72813
1742842126115,109.8663,5949,Eye Hit,Center,363.3916,683.4434,44.31636,MicroBus1-Detailed,-22.10388,-6.728729,44.31636,27.53632
1742842126158,109.9082,5950,Eye Hit,Center,307.9507,683.7531,42.93749,MicroBus1-Detailed,-24.74564,-6.500772,42.93749,30.78957
1742842126198,109.9519,5951,Eye Hit,Center,299.9677,683.5668,42.73256,MicroBus1-Detailed,-25.10467,-6.480882,42.73256,31.24701
1742842126240,109.9914,5952,,Center,380.647,692.1306,44.79702,,-21.26247,-6.257406,44.79702,26.32471
1742842126283,110.0332,5953,,Center,430.5101,725.4579,46.15328,,-18.6874,-4.295483,46.15328,22.56081
1742842126311,110.0764,5954,,Center,638.9097,712.0556,49.35226,,-5.597429,-5.518333,49.35226,9.049392
1742842126352,110.1043,5955,Eye Hit,Center,674.7155,707.423,49.52975,NorthSidewalk,-3.137101,-5.859107,49.52975,7.642519
1742842126395,110.1455,5956,Eye Hit,Center,676.4153,706.7756,49.53204,NorthSidewalk,-3.01949,-5.904228,49.53204,7.625604
1742842126438,110.1884,5957,,Center,699.5642,725.7361,49.74064,,-1.421724,-4.610005,49.74064,5.539729
1742842126478,110.2319,5958,,Center,700.2478,731.378,49.77788,,-1.375198,-4.220652,49.77788,5.095968
1742842126517,110.2716,5959,,Center,816.0028,745.524,49.43006,,6.637248,-3.213165,49.43006,8.484941
1742842126559,110.3116,5960,,Center,844.1331,753.6927,49.17369,,8.537554,-2.634676,49.17369,10.29828
1742842126599,110.353,5961,,Center,796.3121,748.4113,49.60681,,5.294774,-3.024323,49.60681,7.007623
1742842126642,110.3937,5962,Eye Hit,Center,765.6295,753.7222,49.8093,MicroBus1-Detailed,3.178842,-2.666676,49.8093,4.761891
1742842126684,110.4358,5963,Eye Hit,Center,725.6429,762.2755,49.9381,MicroBus1-Detailed,0.3941337,-2.076152,49.9381,2.423174
1742842126726,110.4773,5964,Eye Hit,Center,701.7028,731.9014,49.79022,MicroBus1-Detailed,-1.27421,-4.185246,49.79022,5.021491
1742842126756,110.5186,5965,Eye Hit,Center,683.501,724.7084,49.69749,MicroBus1-Detailed,-2.537048,-4.677441,49.69749,6.111477
1742842126787,110.5472,5966,Eye Hit,Center,685.8495,729.6085,49.73525,MicroBus1-Detailed,-2.375607,-4.340128,49.73525,5.681203
1742842126818,110.5782,5967,Eye Hit,Center,764.8859,726.925,49.67746,MicroBus1-Detailed,3.118764,-4.521542,49.67746,6.309567
1742842126847,110.6092,5968,Eye Hit,Center,902.4869,721.9384,48.21135,MicroBus1-Detailed,12.30535,-4.72435,48.21135,15.29111
1742842126874,110.6378,5969,Eye Hit,Center,903.9789,718.8758,48.16744,MicroBus1-Detailed,12.39465,-4.926377,48.16744,15.47766
1742842126903,110.6655,5970,Eye Hit,Center,889.5989,718.6833,48.38874,MicroBus1-Detailed,11.47837,-4.96204,48.38874,14.48981
1742842126931,110.6941,5971,Eye Hit,Center,904.025,718.0224,48.15894,MicroBus1-Detailed,12.39558,-4.982992,48.15894,15.50442
1742842126959,110.7229,5972,Eye Hit,Center,950.2884,714.1442,47.3173,NorthSidewalk,15.2407,-5.152566,47.3173,18.7783
1742842126978,110.7505,5973,,Center,1015.31,713.1051,45.95582,,18.98154,-5.071103,45.95582,23.14791
1742842127000,110.7689,5974,Eye Hit,Center,1025.607,703.4409,45.66243,RoadEast,19.518,-5.655942,45.66243,23.99031
1742842127020,110.7925,5975,Eye Hit,Center,1022.551,704.9272,45.7408,RoadEast,19.35599,-5.570564,45.7408,23.76595
1742842127042,110.8113,5976,Eye Hit,Center,1009.315,706.0907,46.04447,RoadEast,18.63208,-5.532617,46.04447,22.88544
1742842127062,110.8333,5977,Eye Hit,Center,1009.471,706.1841,46.04079,RoadEast,18.64064,-5.526161,46.04079,22.8938
1742842127084,110.8544,5978,Eye Hit,Center,1020.747,706.9413,45.79356,RoadEast,19.26277,-5.447989,45.79356,23.61223
1742842127104,110.8756,5979,Eye Hit,Center,1012.609,709.9293,45.99558,RoadEast,18.82421,-5.279794,45.99558,23.02814
1742842127127,110.8956,5980,Eye Hit,Center,1017.877,709.3025,45.87157,RoadEast,19.11144,-5.305778,45.87157,23.38303
1742842127144,110.9176,5981,Eye Hit,Center,1021.739,707.8646,45.77594,RoadEast,19.31887,-5.386774,45.77594,23.65968
1742842127168,110.9354,5982,Eye Hit,Center,1033.11,711.602,45.53827,RoadEast,19.94281,-5.120762,45.53827,24.32971
1742842127187,110.9605,5983,Eye Hit,Center,1042.923,713.3096,45.31816,RoadEast,20.46841,-4.987777,45.31816,24.93262
1742842127210,110.9788,5984,Eye Hit,Center,1061.299,715.9763,44.895,RoadEast,21.43117,-4.773752,44.895,26.06147
1742842127227,111.0008,5985,Eye Hit,Center,1078.397,716.5556,44.47918,RoadEast,22.29636,-4.693498,44.47918,27.12435
1742842127251,111.0188,5986,,Center,1108.741,721.2781,43.74078,,23.78263,-4.326668,43.74078,28.92687
1742842127271,111.0427,5987,,Center,1118.99,727.7386,43.50791,,24.27969,-3.910492,43.50791,29.47704
1742842127293,111.0636,5988,,Center,1182.038,738.0662,41.89085,,27.07133,-3.160042,41.89085,33.04895
1742842127312,111.0903,5989,Eye Hit,Center,1080.03,809.6979,44.6205,MicroBus1-Detailed,22.46912,1.104506,44.6205,26.75581
1742842127362,111.1336,5991,Eye Hit,Center,1056.159,851.2125,45.07965,MicroBus1-Detailed,21.19524,3.733422,45.07965,25.52033
1742842127399,111.1675,5992,Eye Hit,Center,1057.867,856.7446,45.00159,Sedan3-Detailed,21.26603,4.075158,45.00159,25.69501
1742842127432,111.1967,5993,,Center,1011.353,843.1586,46.12629,,18.79667,3.300507,46.12629,22.47677
1742842127468,111.2264,5994,,Center,1034.902,809.9151,45.65762,,20.10951,1.144051,45.65762,23.80486
1742842127508,111.2619,5995,Eye Hit,Center,1016.454,756.0265,46.03315,NorthSidewalk,19.08714,-2.31615,46.03315,22.66935
1742842127548,111.3015,5996,Eye Hit,Center,1088.066,758.1434,44.3114,NorthSidewalk,22.81151,-2.098322,44.3114,27.33777
1742842127581,111.3409,5997,,Center,916.3329,800.582,48.12089,,13.21416,0.5776057,48.12089,15.3691
1742842127623,111.3742,5998,,Center,949.7731,783.753,47.51444,,15.26995,-0.5480677,47.51444,17.82685
1742842127658,111.418,5999,,Center,870.4107,778.4885,48.84588,,10.2759,-0.9230879,48.84588,11.92676
1742842127699,111.4497,6000,,Center,803.1821,773.1138,49.58198,,5.768551,-1.309732,49.58198,6.803513
1742842127731,111.4912,6001,Eye Hit,Center,711.5769,762.9095,49.90208,NW_Tree_30,-0.5878987,-2.030408,49.90208,2.425596
1742842127766,111.5222,6002,Eye Hit,Center,617.3143,765.2082,49.41706,NW_Tree_50,-7.09741,-1.851789,49.41706,8.442804
1742842127795,111.5567,6003,,Center,562.5414,752.7473,48.72737,,-10.7313,-2.675195,48.72737,12.78784
1742842127813,111.5849,6004,Eye Hit,Center,522.2548,746.8804,48.07613,SW_Tree_30,-13.29684,-3.033946,48.07613,15.83795
1742842127829,111.603,6005,,Center,541.3059,727.26,48.29707,,-12.07102,-4.37327,48.29707,14.88665
1742842127849,111.6199,6006,,Center,555.7962,737.3614,48.56917,,-11.15467,-3.711703,48.56917,13.60654
1742842127865,111.6398,6007,,Center,575.1599,732.1435,48.8136,,-9.888776,-4.086629,48.8136,12.36368
1742842127897,111.6735,6009,,Center,596.7473,738.5826,49.10902,,-8.465851,-3.669079,49.10902,10.64085
1742842127928,111.7049,6011,,Center,616.0724,734.9709,49.2985,,-7.166013,-3.932269,49.2985,9.41436
1742842127958,111.7334,6013,,Center,631.7431,739.7302,49.46055,,-6.10549,-3.61595,49.46055,8.164309
1742842127989,111.7656,6015,,Center,654.2273,737.6295,49.61069,,-4.563876,-3.772692,49.61069,6.806424
1742842128019,111.7947,6017,,Center,663.8129,735.9715,49.65674,,-3.902362,-3.89135,49.65674,6.33283
1742842128049,111.8241,6019,,Center,659.6675,750.1168,49.69955,,-4.193889,-2.911421,49.69955,5.865147
1742842128079,111.8552,6021,,Center,665.8928,748.5995,49.72597,,-3.763147,-3.018498,49.72597,5.54125
1742842128108,111.8835,6023,,Center,664.5495,748.1168,49.71629,,-3.855822,-3.051475,49.71629,5.648509
1742842128138,111.9126,6025,,Center,660.5909,754.7788,49.72059,,-4.131449,-2.588449,49.72059,5.600247
1742842128166,111.9411,6027,,Center,655.8492,759.4052,49.70818,,-4.460082,-2.266152,49.70818,5.747093
1742842128196,111.9709,6029,,Center,644.2148,762.3943,49.64017,,-5.261756,-2.055519,49.64017,6.492261
1742842128225,112.0003,6031,,Center,625.0743,761.3035,49.48216,,-6.5697,-2.124466,49.48216,7.943666
1742842128254,112.0305,6033,,Center,566.9201,759.5441,48.79578,,-10.44752,-2.215075,48.79578,12.34546
1742842128284,112.061,6035,,Center,525.1154,747.5324,48.1068,,-13.11284,-2.99201,48.1068,15.62012
1742842128313,112.0902,6037,Eye Hit,Center,576.9295,730.3228,48.79441,NorthSidewalk,-9.764118,-4.209279,48.79441,12.29315
1742842128342,112.1194,6039,Eye Hit,Center,611.6855,728.9354,49.18032,NorthSidewalk,-7.450594,-4.338001,49.18032,9.943089
1742842128377,112.1539,6041,Eye Hit,Center,600.3724,726.6608,49.0302,NorthSidewalk,-8.203669,-4.480745,49.0302,10.79386
1742842128394,112.1709,6042,Eye Hit,Center,696.8036,745.8097,49.78411,NorthSidewalk,-1.615194,-3.216286,49.78411,4.134933
1742842128420,112.1982,6043,Eye Hit,Center,584.9531,737.6344,48.89342,NorthSidewalk,-9.235232,-3.717814,48.89342,11.509
1742842128460,112.227,6044,Eye Hit,Center,557.6807,745.9432,48.5494,NorthSidewalk,-11.02216,-3.127453,48.5494,13.27839
1742842128493,112.2562,6045,Eye Hit,Center,503.4497,742.9172,47.62825,Sedan3-Detailed,-14.42568,-3.269694,47.62825,17.25289
1742842128528,112.2883,6046,Eye Hit,Center,462.4308,726.4969,46.73689,Sedan3-Detailed,-16.83708,-4.281883,46.73689,20.39109
1742842128568,112.3221,6047,Eye Hit,Center,435.0527,721.8669,46.11794,Sedan3-Detailed,-18.38008,-4.523828,46.11794,22.31517
1742842128609,112.3615,6048,Eye Hit,Center,436.1045,721.0207,46.12901,Sedan3-Detailed,-18.31663,-4.579508,46.12901,22.25911
1742842128641,112.4024,6049,Eye Hit,Center,648.0844,754.5928,49.56409,Sedan3-Detailed,-4.985436,-2.593199,49.56409,6.468539
1742842128683,112.4349,6050,Eye Hit,Center,544.6614,747.4034,48.32532,Sedan3-Detailed,-11.85128,-3.014322,48.32532,14.20047
1742842128716,112.4764,6051,,Center,718.9128,750.7933,49.81125,,-0.07574547,-2.870838,49.81125,3.299721
1742842128758,112.5087,6052,,Center,753.6446,758.1106,49.78508,,2.342758,-2.359804,49.78508,3.82121
1742842128787,112.5551,6053,,Center,807.0037,767.4566,49.51405,,6.025308,-1.699713,49.51405,7.206146
1742842128829,112.5792,6054,,Center,837.1694,768.438,49.22719,,8.067369,-1.622295,49.22719,9.489909
1742842128859,112.6204,6055,,Center,839.0209,769.4871,49.21428,,8.192703,-1.549654,49.21428,9.615827
1742842128892,112.6501,6056,,Center,789.5253,767.5328,49.65386,,4.828465,-1.699224,49.65386,5.885764
1742842128921,112.6824,6057,,Center,781.7459,762.1071,49.69527,,4.291767,-2.077763,49.69527,5.480727
1742842128940,112.7122,6058,,Center,767.3711,743.7121,49.7126,,3.293765,-3.357514,49.7126,5.40472
1742842128962,112.73,6059,,Center,749.8182,736.2776,49.72934,,2.073991,-3.875749,49.72934,5.051444
1742842128980,112.7527,6060,,Center,736.4309,724.477,49.70021,,1.142175,-4.693783,49.70021,5.551568
1742842128997,112.7706,6061,,Center,754.324,727.8455,49.69054,,2.385525,-4.458755,49.69054,5.810755
1742842129018,112.788,6062,,Center,745.8226,725.7669,49.69234,,1.794743,-4.603386,49.69234,5.678201
1742842129034,112.8089,6063,,Center,907.9962,737.2403,48.19004,,12.67125,-3.690891,48.19004,15.31609
1742842129051,112.8258,6064,,Center,904.55,736.7686,48.24188,,12.45234,-3.726688,48.24188,15.07939
1742842129084,112.8583,6066,,Center,914.5345,735.4911,48.07483,,13.08059,-3.799685,48.07483,15.81928
1742842129118,112.8937,6068,,Center,894.3883,720.1461,48.31451,,11.78441,-4.855575,48.31451,14.77816
1742842129150,112.9257,6070,,Center,890.0128,719.2485,48.37769,,11.50376,-4.922663,48.37769,14.5016
1742842129184,112.9573,6072,,Center,873.5104,718.4561,48.61076,,10.43718,-5.000252,48.61076,13.39154
1742842129201,112.9749,6073,,Center,865.8705,718.3256,48.71584,,9.939178,-5.019951,48.71584,12.87489
1742842129218,112.9921,6074,,Center,862.2402,716.8845,48.75243,,9.6991,-5.12199,48.75243,12.67946
1742842129248,113.0241,6076,Eye Hit,Center,850.3352,718.514,48.91312,NE_Tree_50,8.916614,-5.027394,48.91312,11.81995
1742842129280,113.0547,6078,,Center,841.8156,714.2198,48.98373,,8.345797,-5.328856,48.98373,11.42824
1742842129311,113.0868,6080,,Center,845.3589,717.105,48.96675,,8.585575,-5.129408,48.96675,11.54352
1742842129343,113.1176,6082,,Center,853.3981,717.413,48.87768,,9.119541,-5.099017,48.87768,12.06614
1742842129376,113.1493,6084,Eye Hit,Center,859.1111,716.7867,48.80623,Sedan1-Detailed,9.496202,-5.134319,48.80623,12.47229
1742842129391,113.166,6085,Eye Hit,Center,860.8931,715.2333,48.77406,Sedan1-Detailed,9.61151,-5.236907,48.77406,12.64845
1742842129423,113.1986,6087,Eye Hit,Center,863.0342,717.049,48.76387,Sedan1-Detailed,9.755531,-5.111971,48.76387,12.72721
1742842129455,113.2294,6089,Eye Hit,Center,861.5195,714.9374,48.77086,Sedan1-Detailed,9.653603,-5.256748,48.77086,12.70119
1742842129487,113.2624,6091,,Center,862.8832,707.5227,48.69909,,9.732287,-5.75405,48.69909,13.07032
1742842129521,113.2949,6093,,Center,871.6202,703.9291,48.55703,,10.29727,-5.981326,48.55703,13.77959
1742842129552,113.3266,6095,,Center,871.7533,709.086,48.5937,,10.31409,-5.635349,48.5937,13.59681
1742842129583,113.3587,6097,,Center,869.9417,712.2358,48.6387,,10.20041,-5.426291,48.6387,13.3627
1742842129617,113.3912,6099,Eye Hit,Center,869.5317,742.4587,48.81818,NE_Tree_50,10.21004,-3.382688,48.81818,12.42512
1742842129633,113.4082,6100,Eye Hit,Center,863.649,796.1407,49.00478,NE_Tree_30,9.845866,0.2838086,49.00478,11.36502
1742842129665,113.4393,6102,,Center,883.5507,803.4547,48.72131,,11.14511,0.7805801,48.72131,12.91535
1742842129697,113.4723,6104,,Center,888.1915,729.0317,48.48011,,11.40461,-4.269712,48.48011,14.10034
1742842129730,113.5042,6106,,Center,892.1466,717.5507,48.3504,,11.64156,-5.034697,48.3504,14.69903
1742842129746,113.5213,6107,,Center,890.8245,719.042,48.38072,,11.5594,-4.936943,48.38072,14.56374
1742842129777,113.5518,6109,,Center,887.9209,716.9994,48.40979,,11.36975,-5.078212,48.40979,14.42526
1742842129808,113.583,6111,,Center,888.5088,716.6556,48.39789,,11.40675,-5.100239,48.39789,14.47617
1742842129841,113.6152,6113,,Center,892.6578,717.2798,48.33866,,11.6733,-5.051795,48.33866,14.74228
1742842129874,113.6471,6115,,Center,896.3308,720.5882,48.30256,,11.91273,-4.824507,48.30256,14.9003
1742842129888,113.6644,6116,,Center,899.5312,720.6813,48.25274,,12.11643,-4.813251,48.25274,15.11978
1742842129921,113.6969,6118,,Center,903.6696,715.8225,48.15363,,12.37027,-5.130606,48.15363,15.54183
1742842129953,113.7279,6120,,Center,918.3068,716.5175,47.91374,,13.28956,-5.058469,47.91374,16.52971
1742842129985,113.7596,6122,,Center,927.1291,715.7646,47.75386,,13.83447,-5.091881,47.75386,17.15561
1742842130017,113.7927,6124,,Center,937.6398,718.1653,47.5776,,14.48284,-4.913332,47.5776,17.81973
1742842130050,113.8259,6126,,Center,982.2097,725.4684,46.74032,,17.14168,-4.349434,46.74032,20.72486
1742842130083,113.8576,6128,,Center,1008.097,731.5494,46.20824,,18.61963,-3.906908,46.20824,22.37821
1742842130115,113.8898,6130,,Center,1067.908,737.07,44.82774,,21.81344,-3.444047,44.82774,26.22641
1742842130149,113.9255,6132,Eye Hit,Center,1173.765,758.8498,42.16016,NorthSidewalk,26.75754,-1.954797,42.16016,32.47086
1742842130163,113.9427,6133,,Center,1177.77,781.7144,42.08089,,26.94295,-0.6053778,42.08089,32.6366
1742842130188,113.9656,6134,,Center,1311.698,791.0284,38.49699,,31.85956,-0.05231576,38.49699,39.61071
1742842130215,113.9895,6135,Eye Hit,Center,1200.57,789.1266,41.45025,LowFemale2,27.861,-0.1665871,41.45025,33.90771
1742842130240,114.0166,6136,,Center,957.5073,874.6027,47.07307,,15.63732,5.438506,47.07307,19.37728
1742842130276,114.0437,6137,,Center,1161.979,908.6761,42.02383,,25.97827,6.857886,42.02383,32.59308
1742842130313,114.0702,6138,,Center,916.3914,841.02,47.96803,,13.17611,3.288805,47.96803,15.80751
1742842130352,114.1055,6139,Eye Hit,Center,930.6293,781.7932,47.80571,NorthSidewalk,14.08353,-0.6824672,47.80571,16.43316
1742842130384,114.1441,6140,Eye Hit,Center,892.6411,775.0024,48.44152,NorthSidewalk,11.69701,-1.151647,48.44152,13.63836
1742842130411,114.1768,6141,,Center,854.6439,794.9008,48.99435,,9.226682,0.1987861,48.99435,10.66753
1742842130442,114.2037,6142,,Center,785.895,796.1711,49.65698,,4.576632,0.2896973,49.65698,5.27626
1742842130473,114.2353,6143,,Center,732.6355,797.1194,49.87325,,0.8813984,0.3571078,49.87325,1.092353
1742842130501,114.266,6144,,Center,812.5725,800.9379,49.44468,,6.401983,0.6181175,49.44468,7.411401
1742842130529,114.293,6145,,Center,714.0693,838.2841,49.77584,,-0.4128949,3.222279,49.77584,3.734076
1742842130557,114.3205,6146,,Center,630.2119,835.36,49.42312,,-6.206714,2.997314,49.42312,7.939241
1742842130589,114.3481,6147,Eye Hit,Center,534.1766,804.0601,48.30907,NW_Tree_50,-12.55573,0.8148798,48.30907,14.59841
1742842130619,114.3804,6148,,Center,457.6646,758.3117,46.83371,,-17.18416,-2.206737,46.83371,20.30103
1742842130647,114.4102,6149,Eye Hit,Center,392.8741,759.7186,45.38143,SW_Tree_50,-20.76376,-2.049006,45.38143,24.69114
1742842130675,114.4379,6150,,Center,414.3528,751.6538,45.8665,,-19.6078,-2.58828,45.8665,23.32599
1742842130694,114.4653,6151,,Center,414.626,754.7067,45.87704,,-19.59478,-2.39298,45.87704,23.28165
1742842130717,114.4841,6152,,Center,425.6418,745.483,46.10073,,-18.98003,-2.999389,46.10073,22.6272
1742842130734,114.5071,6153,,Center,429.9867,735.7607,46.16612,,-18.7264,-3.631418,46.16612,22.44979
1742842130752,114.5245,6154,,Center,421.1777,742.8534,45.99275,,-19.22274,-3.161519,45.99275,22.95589
1742842130772,114.5424,6155,,Center,397.8234,739.5098,45.44096,,-20.47644,-3.336095,45.44096,24.53943
1742842130789,114.5632,6156,,Center,360.528,727.6355,44.48372,,-22.36552,-4.004611,44.48372,27.05685
1742842130823,114.5966,6158,,Center,253.716,714.3682,41.67596,,-27.17998,-4.525202,41.67596,33.47072
1742842130841,114.6142,6159,,Center,139.3527,717.6238,38.66287,,-31.39925,-4.021991,38.66287,39.30941
1742842130861,114.6356,6160,Eye Hit,Center,82.32558,724.58,37.20459,Sedan3-Detailed,-33.18245,-3.50831,37.20459,41.88773
1742842130876,114.6548,6161,Eye Hit,Center,-57.40674,728.9124,33.77192,Sedan3-Detailed,-36.72121,-2.979976,33.77192,47.48943
1742842130897,114.6766,6162,Eye Hit,Center,-174.2162,753.5024,31.19098,Sedan3-Detailed,-39.01077,-1.679484,31.19098,51.38186
1742842130926,114.7039,6163,Eye Hit,Center,-742.791,714.5797,21.92405,Sedan3-Detailed,-44.85553,-2.374042,21.92405,63.98359
1742842130960,114.7316,6164,,Center,-620.1393,828.2484,23.50072,,-44.0498,1.191468,23.50072,61.92863
1742842130997,114.7594,6165,,Center,-525.5281,853.7531,24.81909,,-43.23668,2.143668,24.81909,60.1733
1742842131035,114.7897,6166,,Center,-256.8541,826.7184,29.43428,,-40.21574,1.429308,29.43428,53.81648
1742842131061,114.8276,6167,,Center,67.70509,829.2405,36.79718,,-33.57155,1.916649,36.79718,42.42188
1742842131091,114.8534,6168,,Center,294.2493,826.866,42.79947,,-25.48629,2.087152,42.79947,30.85726
1742842131123,114.8825,6169,,Center,445.607,840.623,46.4734,,-17.83571,3.160523,46.4734,21.29393
1742842131155,114.9134,6170,,Center,610.6002,854.743,49.14912,,-7.520473,4.31314,49.14912,10.00363
1742842131188,114.9467,6171,,Center,755.0101,846.5042,49.73325,,2.435302,3.791314,49.73325,5.17714
1742842131219,114.9777,6172,,Center,894.5138,777.1179,48.53058,,11.84563,-1.010163,48.53058,13.76477
1742842131246,115.0092,6173,Eye Hit,Center,991.7141,755.9206,46.67521,MicroBus1-Detailed,17.73828,-2.355367,46.67521,20.97543
1742842131264,115.037,6174,,Center,1027.321,729.8158,45.78402,,19.67973,-3.982052,45.78402,23.67984
1742842131288,115.0554,6175,,Center,1027.42,732.1553,45.79504,,19.69081,-3.833163,45.79504,23.65574
1742842131305,115.078,6176,Eye Hit,Center,986.2418,722.4954,46.65075,RoadEast,17.37192,-4.53508,46.65075,21.04984
1742842131322,115.0957,6177,Eye Hit,Center,987.4697,724.1016,46.63393,RoadEast,17.44574,-4.428679,46.63393,21.10487
1742842131357,115.1293,6179,Eye Hit,Center,960.3703,729.5494,47.21297,RoadEast,15.87285,-4.123929,47.21297,19.1551
1742842131374,115.1469,6180,Eye Hit,Center,956.8057,739.1013,47.32621,Sedan1-Detailed,15.67498,-3.501542,47.32621,18.7459
1742842131390,115.1644,6181,Eye Hit,Center,962.4134,740.1854,47.21811,Sedan1-Detailed,16.00951,-3.421947,47.21811,19.1221
1742842131422,115.1973,6183,Eye Hit,Center,960.6492,739.6403,47.24706,Sedan1-Detailed,15.90274,-3.46007,47.24706,19.00689
1742842131457,115.2304,6185,Eye Hit,Center,961.675,755.9192,47.282,Sedan1-Detailed,15.98234,-2.386081,47.282,18.86878
1742842131472,115.2472,6186,Eye Hit,Center,966.5277,758.0449,47.19245,Sedan1-Detailed,16.27238,-2.241248,47.19245,19.19118
1742842131488,115.264,6187,Eye Hit,Center,980.8619,760.9218,46.90249,Sedan1-Detailed,17.11273,-2.038752,46.90249,20.17524
1742842131521,115.2956,6189,Eye Hit,Center,999.9193,758.0251,46.48956,Sedan1-Detailed,18.20125,-2.209159,46.48956,21.52358
1742842131539,115.3127,6190,Eye Hit,Center,1022.968,744.7878,45.93444,Sedan1-Detailed,19.46472,-3.033233,45.93444,23.21276
1742842131570,115.345,6192,Eye Hit,Center,1058.413,748.1562,45.11291,Sedan1-Detailed,21.35309,-2.766445,45.11291,25.51428
1742842131603,115.3769,6194,Eye Hit,Center,1076.727,762.0551,44.70082,Sedan1-Detailed,22.30306,-1.872195,44.70082,26.59692
1742842131618,115.395,6195,Eye Hit,Center,1085.519,755.9301,44.46745,Sedan1-Detailed,22.73344,-2.243364,44.46745,27.19052
1742842131652,115.4279,6197,Eye Hit,Center,1083.479,750.9087,44.50525,Sedan1-Detailed,22.62577,-2.557845,44.50525,27.09531
1742842131684,115.4605,6199,Eye Hit,Center,969.791,746.1956,47.08201,NorthSidewalk,16.4492,-3.016301,47.08201,19.55497
1742842131716,115.4914,6201,Eye Hit,Center,966.9152,728.027,47.0582,NorthSidewalk,16.2516,-4.21061,47.0582,19.63406
1742842131750,115.5254,6203,Eye Hit,Center,1002.542,729.9318,46.31856,NorthSidewalk,18.30421,-4.021026,46.31856,22.02846
1742842131782,115.5611,6205,Eye Hit,Center,1029.915,732.748,45.71631,NorthSidewalk,19.81649,-3.788672,45.71631,23.81272
1742842131817,115.594,6207,Eye Hit,Center,1049.427,718.9469,45.18634,NorthSidewalk,20.81993,-4.616989,45.18634,25.26499
1742842131835,115.6145,6208,Eye Hit,Center,1066.33,716.525,44.76945,NorthSidewalk,21.68626,-4.726043,44.76945,26.37074
1742842131859,115.6381,6209,Eye Hit,Center,1081.193,699.6308,44.30183,NorthSidewalk,22.38071,-5.7235,44.30183,27.53956
1742842131899,115.6656,6210,Eye Hit,Center,1077.974,747.8229,44.59526,NorthSidewalk,22.32817,-2.755492,44.59526,26.77016
1742842131921,115.693,6211,Eye Hit,Center,971.7179,739.1915,46.95965,NorthSidewalk,16.533,-3.468498,46.95965,19.78531
1742842131958,115.7195,6212,Eye Hit,Center,810.8199,664.0809,48.67111,NorthSidewalk,6.182511,-8.708024,48.67111,12.37589
1742842131986,115.7505,6213,Eye Hit,Center,680.9449,650.3532,48.78316,NorthSidewalk,-2.664776,-9.664726,48.78316,11.61311
1742842132011,115.7783,6214,Eye Hit,Center,670.7179,648.1425,48.71232,NorthSidewalk,-3.357692,-9.801311,48.71232,12.00719
1742842132040,115.8057,6215,Eye Hit,Center,685.4862,659.3082,48.87006,NorthSidewalk,-2.359113,-9.069843,48.87006,10.85562
1742842132069,115.8329,6216,Eye Hit,Center,685.1565,653.3758,48.79657,NorthSidewalk,-2.378068,-9.461094,48.79657,11.3055
1742842132097,115.8614,6217,Eye Hit,Center,696.0894,644.2063,48.71465,NorthSidewalk,-1.629156,-10.06997,48.71465,11.8269
1742842132125,115.8902,6218,Eye Hit,Center,699.2371,643.3254,48.71537,NorthSidewalk,-1.414706,-10.13015,48.71537,11.85779
1742842132155,115.9174,6219,Eye Hit,Center,727.4891,632.7726,48.59299,NorthSidewalk,0.5089961,-10.82192,48.59299,12.56862
1742842132184,115.947,6220,Eye Hit,Center,760.1295,617.1097,48.29449,NorthSidewalk,2.710658,-11.81344,48.29449,14.08852
1742842132214,115.9763,6221,Eye Hit,Center,801.965,606.1553,47.90405,NorthSidewalk,5.491789,-12.45189,47.90405,15.85944
1742842132243,116.0061,6222,Eye Hit,Center,840.1625,580.4402,47.15465,NorthSidewalk,7.925126,-13.9531,47.15465,18.7934
1742842132273,116.0358,6223,Eye Hit,Center,885.4644,589.4049,46.73754,NorthSidewalk,10.81641,-13.24365,46.73754,20.09554
1742842132300,116.0649,6224,Eye Hit,Center,916.9684,613.5763,46.66523,NorthSidewalk,12.85591,-11.64552,46.66523,20.39095
1742842132329,116.0927,6225,Eye Hit,Center,964.3638,565.8782,45.14653,NorthSidewalk,15.43029,-14.27841,45.14653,24.96959
1742842132358,116.121,6226,Eye Hit,Center,933.405,606.9996,46.32972,NorthSidewalk,13.82857,-11.98796,46.32972,21.55523
1742842132386,116.1498,6227,Eye Hit,Center,898.4912,660.94,47.60212,NorthSidewalk,11.88382,-8.725882,47.60212,17.20883
1742842132414,116.1786,6228,Eye Hit,Center,768.6732,682.9702,49.14458,NorthSidewalk,3.345635,-7.494344,49.14458,9.480998
1742842132443,116.2065,6229,Eye Hit,Center,670.036,666.3313,48.95998,NorthSidewalk,-3.421457,-8.605603,48.95998,10.71098
1742842132472,116.235,6230,Eye Hit,Center,660.4816,652.5118,48.75557,NorthSidewalk,-4.058712,-9.51206,48.75557,11.97579
1742842132499,116.2634,6231,Eye Hit,Center,680.3727,658.4868,48.8824,NorthSidewalk,-2.709317,-9.128293,48.8824,11.02271
1742842132527,116.2944,6232,Eye Hit,Center,703.4924,682.0674,49.21864,NorthSidewalk,-1.13639,-7.567789,49.21864,8.837713
1742842132556,116.3198,6233,Eye Hit,Center,731.5145,679.9823,49.21319,NorthSidewalk,0.7925755,-7.710475,49.21319,8.950585
1742842132581,116.3473,6234,Eye Hit,Center,752.0921,678.2946,49.16222,NorthSidewalk,2.206696,-7.818535,49.16222,9.383243
1742842132611,116.374,6235,Eye Hit,Center,765.9755,676.7821,49.1028,NorthSidewalk,3.15752,-7.912961,49.1028,9.843227
1742842132640,116.4034,6236,Eye Hit,Center,778.116,660.9135,48.87117,NorthSidewalk,3.97248,-8.96032,48.87117,11.34057
1742842132666,116.4316,6237,Eye Hit,Center,789.5649,643.9298,48.55165,NorthSidewalk,4.72397,-10.05506,48.55165,12.8884
1742842132695,116.4594,6238,Eye Hit,Center,774.9175,644.4287,48.64959,NorthSidewalk,3.736824,-10.04139,48.64959,12.42008
1742842132722,116.4873,6239,Eye Hit,Center,750.2716,626.1749,48.49233,NorthSidewalk,2.053155,-11.24699,48.49233,13.26614
1742842132751,116.5138,6240,Eye Hit,Center,661.2921,612.9959,48.17845,NorthSidewalk,-3.956054,-12.06226,48.17845,14.76124
1742842132779,116.5423,6241,Eye Hit,Center,662.6699,603.2747,48.04144,NorthSidewalk,-3.852224,-12.68116,48.04144,15.42276
1742842132807,116.5707,6242,Eye Hit,Center,681.9,630.5484,48.56097,NorthSidewalk,-2.587766,-10.96586,48.56097,13.06255
1742842132835,116.5988,6243,Eye Hit,Center,689.7749,646.584,48.77542,NorthSidewalk,-2.061967,-9.920332,48.77542,11.73544
1742842132862,116.6273,6244,Eye Hit,Center,698.0272,641.4915,48.73956,NorthSidewalk,-1.497889,-10.26019,48.73956,12.01016
1742842132890,116.6545,6245,Eye Hit,Center,702.8568,634.7534,48.66436,NorthSidewalk,-1.166851,-10.70299,48.66436,12.47506
1742842132919,116.6815,6246,Eye Hit,Center,716.8358,627.9799,48.58689,NorthSidewalk,-0.2150278,-11.14626,48.58689,12.9229
1742842132946,116.7109,6247,Eye Hit,Center,726.9454,626.3255,48.56765,NorthSidewalk,0.4717947,-11.25423,48.56765,13.05754
1742842132974,116.7373,6248,Eye Hit,Center,735.0878,618.7222,48.44902,NorthSidewalk,1.022409,-11.74196,48.44902,13.67297
1742842133002,116.7666,6249,Eye Hit,Center,746.2227,614.3574,48.32751,NorthSidewalk,1.772496,-12.00755,48.32751,14.09848
1742842133030,116.794,6250,Eye Hit,Center,762.1721,620.6225,48.38085,NorthSidewalk,2.853724,-11.59685,48.38085,13.86627
1742842133057,116.8215,6251,Eye Hit,Center,774.7189,618.8401,48.30491,NorthSidewalk,3.69693,-11.69908,48.30491,14.25157
1742842133085,116.8499,6252,Eye Hit,Center,781.9424,625.0875,48.36839,NorthSidewalk,4.190467,-11.2918,48.36839,13.98294
1742842133113,116.8767,6253,Eye Hit,Center,793.912,628.9227,48.35914,NorthSidewalk,4.999267,-11.03024,48.35914,14.05908
1742842133142,116.906,6254,Eye Hit,Center,814.0576,626.7728,48.18588,NorthSidewalk,6.339088,-11.13562,48.18588,14.89138
1742842133170,116.9345,6255,Eye Hit,Center,839.6544,625.1625,47.89183,NorthSidewalk,8.014992,-11.17553,47.89183,16.02188
1742842133197,116.9622,6256,Eye Hit,Center,874.0267,620.8139,47.43716,NorthSidewalk,10.21945,-11.35795,47.43716,17.85293
1742842133223,116.9895,6257,Eye Hit,Center,879.8619,616.6672,47.30954,NorthSidewalk,10.57807,-11.60179,47.30954,18.35902
1742842133252,117.0153,6258,Eye Hit,Center,875.6251,620.2659,47.42897,NorthSidewalk,10.32372,-11.39234,47.42897,17.96016
1742842133280,117.0439,6259,Eye Hit,Center,772.3041,639.1114,48.64305,NorthSidewalk,3.558521,-10.40181,48.64305,12.73529
1742842133307,117.0714,6260,Eye Hit,Center,691.3616,654.9232,48.95284,NorthSidewalk,-1.960831,-9.385442,48.95284,11.08189
1742842133336,117.0995,6261,Eye Hit,Center,711.1822,659.7796,49.02409,NorthSidewalk,-0.6046213,-9.066107,49.02409,10.50019
1742842133363,117.129,6262,Eye Hit,Center,649.4398,664.7601,48.87082,NorthSidewalk,-4.823053,-8.697329,48.87082,11.50251
1742842133391,117.155,6263,Eye Hit,Center,611.0897,688.9289,48.82089,NorthSidewalk,-7.436822,-7.038103,48.82089,11.84495
1742842133418,117.1834,6264,Eye Hit,Center,614.1613,692.5167,48.89333,NorthSidewalk,-7.237805,-6.803189,48.89333,11.48398
1742842133446,117.2098,6265,,Center,645.4478,701.9946,49.24566,,-5.13501,-6.199396,49.24566,9.283683
1742842133474,117.2386,6266,Eye Hit,Center,675.8926,699.1099,49.39668,NorthSidewalk,-3.047348,-6.417707,49.39668,8.184437
1742842133502,117.2664,6267,Eye Hit,Center,716.1266,701.6785,49.49097,NorthSidewalk,-0.2681219,-6.252158,49.49097,7.206527
1742842133530,117.2945,6268,,Center,745.7975,712.2264,49.55174,,1.787922,-5.528804,49.55174,6.688267
1742842133557,117.3227,6269,Eye Hit,Center,779.1088,707.2063,49.38417,NorthSidewalk,4.082753,-5.856853,49.38417,8.226216
1742842133583,117.349,6270,Eye Hit,Center,820.5238,704.1404,49.05616,NorthSidewalk,6.897239,-6.028311,49.05616,10.57715
1742842133612,117.3771,6271,Eye Hit,Center,860.8016,703.1251,48.61167,NorthSidewalk,9.573283,-6.042721,48.61167,13.10961
1742842133640,117.4043,6272,,Center,860.5352,728.8655,48.80006,,9.592204,-4.309236,48.80006,12.16045
1742842133667,117.433,6273,,Center,914.7868,727.3702,47.96912,,13.06876,-4.336182,47.96912,16.0159
1742842133695,117.4602,6274,,Center,849.8643,741.3224,48.99073,,8.898498,-3.472507,48.99073,11.03292
1742842133721,117.4858,6275,,Center,733.3597,729.3723,49.72435,,0.929136,-4.355603,49.72435,5.118067
1742842133752,117.5116,6276,,Center,686.1765,742.1719,49.75731,,-2.3539,-3.467723,49.75731,4.814749
1742842133780,117.5434,6277,,Center,664.0536,726.9389,49.58685,,-3.880178,-4.512329,49.58685,6.843696
1742842133799,117.5704,6278,,Center,628.6083,746.7532,49.45443,,-6.321572,-3.129727,49.45443,8.11762
1742842133822,117.5911,6279,,Center,679.7025,751.4836,49.78926,,-2.80625,-2.821498,49.78926,4.569647
1742842133839,117.6126,6280,,Center,657.8304,754.3995,49.70222,,-4.321822,-2.613861,49.70222,5.802587
1742842133857,117.6303,6281,,Center,680.821,756.0544,49.81826,,-2.729951,-2.504653,49.81826,4.253122
1742842133876,117.6473,6282,,Center,733.7551,765.4177,49.9161,,0.9603257,-1.855863,49.9161,2.397187
1742842133893,117.6672,6283,,Center,739.9829,771.8126,49.92739,,1.395439,-1.409715,49.92739,2.275119
1742842133925,117.7003,6285,,Center,778.2482,775.9538,49.79395,,4.056693,-1.117535,49.79395,4.830307
1742842133957,117.7312,6287,,Center,817.5795,780.7259,49.51142,,6.75736,-0.7807279,49.51142,7.822828
1742842133989,117.7634,6289,,Center,890.038,802.188,48.61793,,11.5626,0.6927848,48.61793,13.40102
1742842134019,117.7953,6291,Eye Hit,Center,880.7576,793.9439,48.77052,NorthWalkingPole,10.96584,0.1325992,48.77052,12.67286
1742842134053,117.828,6293,Eye Hit,Center,779.1464,783.4537,49.82587,Car1-Detailed,4.12189,-0.5955903,49.82587,4.777949
1742842134067,117.8454,6294,Eye Hit,Center,669.0471,741.1553,49.75196,SouthSidewalk,-3.545617,-3.538092,49.75196,5.749071
1742842134100,117.8759,6296,Eye Hit,Center,679.852,737.9321,49.78937,Sedan1-Detailed,-2.795847,-3.765207,49.78937,5.380919
1742842134134,117.9088,6298,Eye Hit,Center,708.0452,757.9361,49.94631,Sedan1-Detailed,-0.8351356,-2.379638,49.94631,2.89056
1742842134155,117.9278,6299,Eye Hit,Center,754.986,766.634,49.92783,Sedan1-Detailed,2.443152,-1.771366,49.92783,3.458872
1742842134172,117.9467,6300,Eye Hit,Center,779.5987,778.7985,49.83208,Sedan1-Detailed,4.153924,-0.9201214,49.83208,4.880018
1742842134198,117.9645,6301,Eye Hit,Center,825.5224,791.2675,49.48647,Sedan1-Detailed,7.303718,-0.05069726,49.48647,8.395899
1742842134225,117.9898,6302,Eye Hit,Center,876.8279,797.2775,48.85863,Sedan1-Detailed,10.7171,0.3606499,48.85863,12.37865
1742842134254,118.017,6303,Eye Hit,Center,916.1393,803.0641,48.2337,Sedan1-Detailed,13.23208,0.7464113,48.2337,15.36392
1742842134272,118.0453,6304,Eye Hit,Center,881.3593,794.605,48.78824,Sedan1-Detailed,11.01088,0.1777587,48.78824,12.71946
1742842134294,118.0631,6305,Eye Hit,Center,930.1578,799.8895,47.99289,Sedan1-Detailed,14.10702,0.5295892,47.99289,16.39108
1742842134313,118.0848,6306,Eye Hit,Center,806.3928,772.7026,49.63734,Sedan1-Detailed,5.997896,-1.33974,49.63734,7.057997
1742842134337,118.1041,6307,Eye Hit,Center,706.5258,758.2829,49.94518,Sedan1-Detailed,-0.9412578,-2.355356,49.94518,2.907172
1742842134355,118.1288,6308,Eye Hit,Center,725.2206,762.8838,49.97006,Sedan1-Detailed,0.3648718,-2.034968,49.97006,2.369182
1742842134372,118.1455,6309,Eye Hit,Center,688.6414,737.1458,49.80949,Sedan1-Detailed,-2.184648,-3.82151,49.80949,5.050358
1742842134393,118.1638,6310,Eye Hit,Center,725.5287,746.8028,49.90738,Sedan1-Detailed,0.3859229,-3.154925,49.90738,3.644058
1742842134409,118.1836,6311,Eye Hit,Center,698.5153,744.7879,49.86879,SouthSidewalk,-1.498547,-3.293027,49.86879,4.149495
1742842134427,118.2005,6312,,Center,720.0773,769.6369,49.97034,,0.005398963,-1.562992,49.97034,1.791549
1742842134448,118.2179,6313,,Center,757.145,781.5377,49.92487,,2.593765,-0.7305599,49.92487,3.089462
1742842134464,118.2393,6314,,Center,782.1849,789.6212,49.8048,,4.331803,-0.1657076,49.8048,4.974411
1742842134499,118.2728,6316,,Center,773.6936,815.412,49.82109,,3.741526,1.631413,49.82109,4.683663
1742842134518,118.2904,6317,,Center,809.9823,820.4229,49.55944,,6.237298,1.970187,49.55944,7.518673
1742842134535,118.3088,6318,,Center,732.1497,824.8941,49.91979,,0.8483018,2.296699,49.91979,2.807841
1742842134551,118.3262,6319,,Center,750.3755,826.1616,49.87716,,2.119033,2.38316,49.87716,3.658322
1742842134583,118.3584,6321,,Center,641.7492,823.6536,49.62126,,-5.430872,2.196869,49.62126,6.733273
1742842134618,118.392,6323,Eye Hit,Center,640.9909,744.3589,49.54578,SouthSidewalk,-5.475157,-3.301427,49.54578,7.352927
1742842134649,118.4241,6325,Eye Hit,Center,602.1229,726.7081,49.08622,SouthSidewalk,-8.092856,-4.482617,49.08622,10.67346
1742842134681,118.4558,6327,Eye Hit,Center,572.697,723.9279,48.70727,SouthSidewalk,-10.03502,-4.637413,48.70727,12.78739
1742842134712,118.4868,6329,Eye Hit,Center,567.8986,724.8007,48.6384,SouthSidewalk,-10.34726,-4.57148,48.6384,13.09286
1742842134743,118.5173,6331,Eye Hit,Center,587.1025,730.7305,48.92169,SouthSidewalk,-9.093505,-4.19236,48.92169,11.56764
1742842134773,118.5479,6333,Eye Hit,Center,602.362,733.9772,49.1152,SouthSidewalk,-8.08121,-3.985912,49.1152,10.39595
1742842134803,118.5784,6335,Eye Hit,Center,627.0599,735.9119,49.36966,SouthSidewalk,-6.417654,-3.872963,49.36966,8.633197
1742842134833,118.6075,6337,Eye Hit,Center,646.2061,741.2785,49.54923,SouthSidewalk,-5.114111,-3.515132,49.54923,7.138695
1742842134863,118.6386,6339,Eye Hit,Center,673.6307,749.969,49.74869,SouthSidewalk,-3.226454,-2.924587,49.74869,5.002532
1742842134893,118.6676,6341,Eye Hit,Center,700.8848,752.3779,49.83023,SouthSidewalk,-1.332245,-2.761486,49.83023,3.520921
1742842134921,118.6979,6343,Eye Hit,Center,743.4973,754.3708,49.82597,SouthSidewalk,1.637524,-2.622369,49.82597,3.550603
1742842134950,118.7269,6345,Eye Hit,Center,780.6975,758.2457,49.69486,SouthSidewalk,4.21886,-2.346137,49.69486,5.548284
1742842134980,118.7553,6347,Eye Hit,Center,777.1855,755.4123,49.70937,SouthSidewalk,3.975913,-2.543819,49.70937,5.424156
1742842135010,118.7847,6349,Eye Hit,Center,668.5386,734.0825,49.64101,SouthSidewalk,-3.573019,-4.021268,49.64101,6.184691
1742842135039,118.814,6351,Eye Hit,Center,651.4248,725.1874,49.49648,SouthSidewalk,-4.747383,-4.625361,49.49648,7.627122
1742842135069,118.8452,6353,Eye Hit,Center,653.4218,716.1506,49.45474,SouthSidewalk,-4.605245,-5.246541,49.45474,8.034752
1742842135098,118.8737,6355,Eye Hit,Center,683.335,708.337,49.54885,SouthSidewalk,-2.540961,-5.798023,49.54885,7.280658
1742842135128,118.9027,6357,Eye Hit,Center,702.0739,709.9415,49.61547,SouthSidewalk,-1.243986,-5.694473,49.61547,6.700308
1742842135160,118.9347,6359,Eye Hit,Center,725.2002,703.7097,49.5785,SouthSidewalk,0.3606022,-6.122364,49.5785,7.051768
1742842135189,118.9649,6361,Eye Hit,Center,741.5579,700.6678,49.52551,SouthSidewalk,1.493306,-6.326535,49.52551,7.477533
1742842135219,118.9943,6363,Eye Hit,Center,763.6181,699.4429,49.45005,SouthSidewalk,3.016801,-6.401613,49.45005,8.144373
1742842135248,119.0244,6365,Eye Hit,Center,791.1099,692.9958,49.24434,SouthSidewalk,4.897783,-6.819034,49.24434,9.675363
1742842135277,119.053,6367,Eye Hit,Center,795.0172,691.8456,49.20808,SouthSidewalk,5.163097,-6.893176,49.20808,9.927353
1742842135308,119.0827,6369,Eye Hit,Center,660.1476,703.9717,49.40888,SouthSidewalk,-4.13618,-6.083315,49.40888,8.468329
1742842135322,119.0994,6370,Eye Hit,Center,671.8868,698.1151,49.41414,SouthSidewalk,-3.325282,-6.488732,49.41414,8.393559
1742842135351,119.1276,6372,Eye Hit,Center,581.0054,697.9488,48.6287,SE_Tree_10,-9.453739,-6.396906,48.6287,13.20991
1742842135381,119.1572,6374,,Center,504.6598,693.3959,47.41466,,-14.28074,-6.53914,47.41466,18.32809
1742842135411,119.1867,6376,,Center,501.3319,693.1896,47.35429,,-14.48297,-6.544477,47.35429,18.5527
1742842135441,119.2172,6378,,Center,514.4885,691.5555,47.57574,,-13.67523,-6.68382,47.57574,17.74137
1742842135471,119.2459,6380,,Center,531.4691,689.9461,47.84754,,-12.61697,-6.829709,47.84754,16.69113
1742842135500,119.2758,6382,,Center,566.1232,690.1661,48.36731,,-10.40969,-6.889019,48.36731,14.4713
1742842135529,119.3048,6384,,Center,587.1486,689.0746,48.62718,,-9.035624,-7.000266,48.62718,13.22753
1742842135559,119.3349,6386,,Center,605.2545,696.7412,48.90046,,-7.848046,-6.515249,48.90046,11.78223
1742842135588,119.3646,6388,,Center,630.1763,704.7346,49.19317,,-6.18029,-6.004261,49.19317,9.935135
1742842135619,119.3944,6390,,Center,668.2971,714.4744,49.52034,,-3.581056,-5.369596,49.52034,7.42571
1742842135648,119.4247,6392,,Center,683.7279,708.5049,49.54147,,-2.513358,-5.785527,49.54147,7.256149
1742842135679,119.4544,6394,,Center,716.0212,705.1501,49.57768,,-0.2759004,-6.022383,49.57768,6.93319
1742842135708,119.4847,6396,,Center,709.7046,704.6542,49.57345,,-0.7138466,-6.056253,49.57345,7.012856
1742842135739,119.513,6398,,Center,705.2151,698.3887,49.51733,,-1.023973,-6.483336,49.51733,7.550734
1742842135753,119.5298,6399,,Center,708.5473,698.1371,49.5144,,-0.7931438,-6.500375,49.5144,7.534004
1742842135784,119.5586,6401,,Center,694.8842,700.7621,49.51186,,-1.739277,-6.31826,49.51186,7.539732
1742842135799,119.5753,6402,,Center,691.3339,703.967,49.53656,,-1.986127,-6.099362,49.53656,7.378313
1742842135829,119.6039,6404,,Center,692.2997,710.515,49.59342,,-1.921417,-5.65216,49.59342,6.863928
1742842135858,119.6336,6406,,Center,681.3975,712.0704,49.57343,,-2.676561,-5.542042,49.57343,7.077038
1742842135888,119.6643,6408,,Center,667.53,711.2167,49.49817,,-3.632561,-5.59273,49.49817,7.673247
1742842135918,119.6942,6410,,Center,736.2872,716.2419,49.65201,,1.131084,-5.261129,49.65201,6.18561
1742842135948,119.7247,6412,,Center,766.045,725.3978,49.62576,,3.195968,-4.622835,49.62576,6.461108
1742842135978,119.7535,6414,Eye Hit,Center,767.9936,722.93,49.60336,HighFemale2,3.329717,-4.791962,49.60336,6.709288
1742842136008,119.7831,6416,Eye Hit,Center,754.0993,724.4988,49.66883,HighFemale2,2.368878,-4.689304,49.66883,6.037964
1742842136038,119.8136,6418,Eye Hit,Center,742.1281,709.1635,49.59491,HighFemale2,1.534949,-5.746081,49.59491,6.838392
1742842136067,119.8432,6420,Eye Hit,Center,738.7896,710.4955,49.61551,HighFemale2,1.303913,-5.656034,49.61551,6.672532
1742842136097,119.8723,6422,Eye Hit,Center,732.0902,708.903,49.61565,HighFemale2,0.8390058,-5.766562,49.61565,6.69861
1742842136128,119.9027,6424,Eye Hit,Center,718.1195,704.2666,49.58737,HighFemale2,-0.1304245,-6.084838,49.58737,6.997342
1742842136156,119.9321,6426,Eye Hit,Center,710.1968,701.7819,49.5631,HighFemale2,-0.6795805,-6.254101,49.5631,7.233726
1742842136187,119.9619,6428,Eye Hit,Center,699.6199,698.6402,49.51292,HighFemale2,-1.411361,-6.465341,49.51292,7.612674
1742842136216,119.9919,6430,Eye Hit,Center,689.4211,694.4229,49.44791,HighFemale2,-2.114865,-6.748523,49.44791,8.139334
1742842136245,120.0212,6432,Eye Hit,Center,672.8945,693.3441,49.37801,HighFemale2,-3.253256,-6.813486,49.37801,8.693664
1742842136275,120.0502,6434,Eye Hit,Center,663.5537,685.1281,49.25339,HighFemale2,-3.888521,-7.362283,49.25339,9.59491
1742842136305,120.08,6436,Eye Hit,Center,652.726,683.9076,49.17914,HighFemale2,-4.627443,-7.435139,49.17914,10.09709
1742842136334,120.1098,6438,Eye Hit,Center,635.3538,689.3938,49.11026,HighFemale2,-5.814234,-7.047883,49.11026,10.53902
1742842136364,120.1384,6440,Eye Hit,Center,612.3645,695.8422,48.96522,HighFemale2,-7.371505,-6.585443,48.96522,11.41301
1742842136393,120.1686,6442,Eye Hit,Center,594.7841,701.5289,48.82738,HighFemale2,-8.551373,-6.178547,48.82738,12.1922
1742842136422,120.1986,6444,,Center,562.9563,707.4521,48.45869,,-10.644,-5.730433,48.45869,14.00715
1742842136451,120.2275,6446,,Center,551.4703,719.815,48.37889,,-11.40369,-4.88445,48.37889,14.38236
1742842136481,120.2586,6448,,Center,526.6643,761.7018,48.16875,,-13.02538,-2.041247,48.16875,15.30761
1742842136511,120.2858,6450,,Center,515.5679,876.9455,47.70968,,-13.6417,5.668389,47.70968,17.20427
1742842136541,120.3162,6452,,Center,502.0379,894.2737,47.33532,,-14.43043,6.771146,47.33532,18.61085
1742842136572,120.3466,6454,,Center,498.899,864.6986,47.49585,,-14.68789,4.829416,47.49585,18.0318
1742842136600,120.376,6456,,Center,463.6683,845.324,46.90612,,-16.81685,3.498361,46.90612,20.11256
1742842136630,120.4057,6458,,Center,508.5703,743.0083,47.79958,,-14.13523,-3.275362,47.79958,16.88589
1742842136660,120.4359,6460,Eye Hit,Center,512.0586,664.3623,47.27914,SouthSidewalk,-13.75066,-8.440368,47.27914,18.84268
1742842136690,120.4659,6462,Eye Hit,Center,414.6213,653.4965,45.21825,SouthSidewalk,-19.31369,-8.759661,45.21825,25.12653
1742842136721,120.4961,6464,Eye Hit,Center,420.9999,655.6064,45.38337,SouthWalkingPole,-18.97933,-8.657723,45.38337,24.68618
1742842136750,120.5265,6466,Eye Hit,Center,389.1238,659.7217,44.70757,SouthSidewalk,-20.68995,-8.271468,44.70757,26.4915
1742842136779,120.5561,6468,,Center,401.9948,753.6337,45.5891,,-20.27721,-2.446377,45.5891,24.13273
1742842136809,120.5853,6470,,Center,474.0955,791.3847,47.24253,,-16.24847,-0.04065642,47.24253,18.98005
1742842136845,120.6197,6472,,Center,759.8648,785.9086,49.88458,,2.781437,-0.4250063,49.88458,3.228284
1742842136876,120.6519,6474,Eye Hit,Center,816.7499,743.6235,49.40642,Car1-Detailed,6.685699,-3.342958,49.40642,8.603274
1742842136908,120.6816,6476,Eye Hit,Center,839.3006,750.4547,49.20943,Car1-Detailed,8.211149,-2.859455,49.20943,10.02013
1742842136926,120.6993,6477,Eye Hit,Center,799.4472,750.4995,49.58089,Car1-Detailed,5.509419,-2.877933,49.58089,7.145699
1742842136941,120.7169,6478,Eye Hit,Center,804.1356,784.1271,49.62664,Car1-Detailed,5.839931,-0.5464671,49.62664,6.740609
1742842136974,120.7481,6480,Eye Hit,Center,777.6865,785.7402,49.8103,Car1-Detailed,4.018895,-0.4361079,49.8103,4.639836
1742842137006,120.7797,6482,Eye Hit,Center,733.5234,772.6599,49.94906,Car1-Detailed,0.9447699,-1.351135,49.94906,1.890619
1742842137023,120.7975,6483,Eye Hit,Center,706.579,765.3201,49.93179,Car1-Detailed,-0.937292,-1.863261,49.93179,2.392038
1742842137040,120.8148,6484,Eye Hit,Center,694.4191,742.5053,49.82666,Car1-Detailed,-1.78275,-3.44932,49.82666,4.455841
1742842137056,120.8319,6485,Eye Hit,Center,682.2432,738.4011,49.7686,Car1-Detailed,-2.62823,-3.73099,49.7686,5.239328
1742842137093,120.8638,6487,Eye Hit,Center,636.6309,730.8722,49.46392,Car1-Detailed,-5.767749,-4.229025,49.46392,8.227456
1742842137111,120.8843,6488,Eye Hit,Center,621.5496,737.6875,49.37276,Car1-Detailed,-6.798572,-3.750595,49.37276,8.937317
1742842137135,120.9021,6489,Eye Hit,Center,627.3647,726.3824,49.36179,Car1-Detailed,-6.395585,-4.530271,49.36179,9.021949
1742842137153,120.9261,6490,Eye Hit,Center,614.332,721.9385,49.21229,Car1-Detailed,-7.273277,-4.822432,49.21229,10.05567
1742842137176,120.944,6491,,Center,637.6718,743.7388,49.53967,,-5.704461,-3.343987,49.53967,7.602691
1742842137194,120.9673,6492,Eye Hit,Center,742.3922,733.3385,49.7858,Car1-Detailed,1.559248,-4.084806,49.7858,5.018954
1742842137218,120.9853,6493,Eye Hit,Center,722.2625,729.7636,49.78767,Car1-Detailed,0.1575516,-4.333901,49.78767,4.978191
1742842137237,121.0088,6494,,Center,743.5657,737.1486,49.80336,,1.64154,-3.820842,49.80336,4.773027
1742842137253,121.0274,6495,,Center,735.0762,738.3354,49.82477,,1.050628,-3.73978,49.82477,4.457994
1742842137292,121.0655,6497,,Center,697.5845,729.8057,49.76383,,-1.560184,-4.328895,49.76383,5.282904
1742842137310,121.0835,6498,Eye Hit,Center,677.3605,730.0857,49.70366,SW_Tree_10,-2.964242,-4.3042,49.70366,6.002406
1742842137329,121.1005,6499,Eye Hit,Center,654.463,724.2664,49.54964,SW_Tree_10,-4.541923,-4.694154,49.54964,7.509611
1742842137347,121.1205,6500,Eye Hit,Center,639.6912,718.0485,49.4054,SW_Tree_10,-5.549454,-5.110155,49.4054,8.681613
1742842137366,121.1383,6501,Eye Hit,Center,622.7499,711.9326,49.2214,SW_Tree_10,-6.695099,-5.51217,49.2214,9.992315
1742842137385,121.1571,6502,Eye Hit,Center,592.7281,701.8374,48.83095,SW_Tree_10,-8.692417,-6.157926,48.83095,12.30644
1742842137404,121.1766,6503,,Center,604.8574,701.2874,48.96095,,-7.884946,-6.211984,48.96095,11.58624
1742842137421,121.1953,6504,,Center,589.5806,698.4692,48.76551,,-8.895449,-6.379407,48.76551,12.65161
1742842137459,121.2324,6506,,Center,656.7133,699.98,49.37542,,-4.370551,-6.354862,49.37542,8.878166
1742842137476,121.25,6507,,Center,811.7402,704.425,49.20378,,6.313508,-6.026865,49.20378,10.05915
1742842137496,121.2669,6508,,Center,826.2969,689.4957,48.93992,,7.276064,-7.01646,48.93992,11.66974
1742842137514,121.2882,6509,,Center,818.8041,686.1522,48.97741,,6.768363,-7.250876,48.97741,11.44878
1742842137532,121.3053,6510,Eye Hit,Center,845.4624,681.6083,48.66249,Sedan1-Detailed,8.539272,-7.513526,48.66249,13.15591
1742842137549,121.323,6511,Eye Hit,Center,840.3782,678.3929,48.68531,Sedan1-Detailed,8.197067,-7.736,48.68531,13.03487
1742842137566,121.34,6512,Eye Hit,Center,827.9771,666.7133,48.68852,Sedan1-Detailed,7.353115,-8.531873,48.68852,13.0253
1742842137583,121.3578,6513,Eye Hit,Center,824.0866,664.8064,48.70322,Sedan1-Detailed,7.090314,-8.664348,48.70322,12.94601
1742842137617,121.3915,6515,,Center,808.5275,664.73,48.84007,,6.04738,-8.693913,48.84007,12.23443
1742842137653,121.427,6517,,Center,795.1353,657.2601,48.85178,,5.133782,-9.206397,48.85178,12.17638
1742842137671,121.4438,6518,,Center,789.9276,653.951,48.84647,,4.777437,-9.43147,48.84647,12.21287
1742842137686,121.4615,6519,,Center,786.7424,653.7985,48.864,,4.561456,-9.445276,48.864,12.11515
1742842137720,121.4934,6521,,Center,775.5633,657.5201,48.97333,,3.805926,-9.211493,48.97333,11.5034
1742842137736,121.5107,6522,,Center,780.3754,656.7245,48.93905,,4.132652,-9.259502,48.93905,11.70572
1742842137752,121.5274,6523,,Center,779.1154,656.2095,48.93936,,4.046432,-9.294814,48.93936,11.70289
1742842137784,121.56,6525,,Center,774.2477,647.8788,48.85918,,3.707149,-9.848885,48.85918,12.15487
1742842137818,121.592,6527,,Center,774.4509,647.4915,48.85374,,3.720624,-9.874248,48.85374,12.18813
1742842137849,121.6248,6529,,Center,780.0251,632.9697,48.62562,,4.082356,-10.81578,48.62562,13.37357
1742842137884,121.6571,6531,,Center,773.889,630.3994,48.62072,,3.664664,-10.98948,48.62072,13.40147
1742842137900,121.6746,6532,,Center,776.3614,624.0904,48.51603,,3.824547,-11.39394,48.51603,13.91357
1742842137917,121.6922,6533,,Center,778.809,619.1112,48.42834,,3.983424,-11.7106,48.42834,14.32813
1742842137950,121.7255,6535,,Center,784.9188,612.9041,48.29926,,4.385549,-12.09871,48.29926,14.91949
1742842137987,121.7614,6537,,Center,794.0933,600.0259,48.03625,,4.978072,-12.89807,48.03625,16.05643
1742842138020,121.7951,6539,,Center,796.6047,603.2864,48.07437,,5.150883,-12.68907,48.07437,15.90036
1742842138057,121.8307,6541,,Center,760.5433,731.9478,49.73118,,2.820071,-4.177059,49.73118,5.78679
1742842138073,121.8477,6542,Eye Hit,Center,755.6487,787.6157,49.922,NorthCarSignal,2.489133,-0.3061289,49.922,2.875895
1742842138090,121.8645,6543,Eye Hit,Center,758.762,785.051,49.90971,NorthCarSignal,2.705853,-0.4850873,49.90971,3.152625
1742842138110,121.8827,6544,Eye Hit,Center,763.5002,792.119,49.89274,NorthCarSignal,3.035578,0.008308079,49.89274,3.481666
1742842138126,121.9008,6545,Eye Hit,Center,766.5176,789.0705,49.87904,NorthCarSignal,3.245249,-0.2043747,49.87904,3.729984
1742842138160,121.9335,6547,Eye Hit,Center,761.6705,788.9338,49.89841,NorthCarSignal,2.908224,-0.2139952,49.89841,3.344627
1742842138179,121.9502,6548,Eye Hit,Center,766.1303,787.2738,49.87911,NorthCarSignal,3.218236,-0.3297196,49.87911,3.710879
1742842138195,121.9708,6549,Eye Hit,Center,774.3557,788.9258,49.83892,NorthCarSignal,3.789019,-0.2142963,49.83892,4.354512
1742842138230,122.0034,6551,Eye Hit,Center,771.9984,781.9021,49.84579,NorthCarSignal,3.625193,-0.7039984,49.84579,4.237159
1742842138248,122.0204,6552,Eye Hit,Center,775.7146,783.6363,49.82786,NorthCarSignal,3.882881,-0.5828853,49.82786,4.505544
1742842138265,122.0383,6553,Eye Hit,Center,775.8752,779.8809,49.8227,NorthCarSignal,3.893669,-0.8445206,49.8227,4.57209
1742842138282,122.0563,6554,Eye Hit,Center,777.1143,781.6804,49.81757,NorthCarSignal,3.979609,-0.7190463,49.81757,4.640934
1742842138315,122.0896,6556,Eye Hit,Center,785.8895,784.3751,49.76695,NorthCarSignal,4.586385,-0.5307445,49.76695,5.300308
1742842138349,122.1228,6558,Eye Hit,Center,786.2,793.5803,49.7669,NorthCarSignal,4.60799,0.1099999,49.7669,5.291502
1742842138381,122.1561,6560,Eye Hit,Center,791.7181,792.2068,49.73,NorthCarSignal,4.988385,0.01438172,49.73,5.728168
1742842138415,122.1879,6562,,Center,789.3416,789.2012,49.74497,,4.824539,-0.1947339,49.74497,5.544043
1742842138433,122.2056,6563,,Center,787.6077,787.3859,49.75594,,4.70494,-0.321103,49.75594,5.414356
1742842138448,122.2241,6564,,Center,787.4161,788.7122,49.75699,,4.691701,-0.2288065,49.75699,5.392996
1742842138481,122.2559,6566,,Center,786.0308,790.1454,49.76587,,4.596119,-0.1290918,49.76587,5.2786
1742842138515,122.2899,6568,,Center,787.8182,793.9735,49.75339,,4.719345,0.1373345,49.75339,5.420867
1742842138550,122.3231,6570,,Center,804.1005,786.628,49.63261,,5.838196,-0.3729204,49.63261,6.722312
1742842138565,122.3411,6571,,Center,847.0633,696.754,48.78778,,8.6705,-6.49936,48.78778,12.52242
1742842138599,122.3737,6573,Eye Hit,Center,849.0017,603.2428,47.60045,MicroBus3-Detailed,8.588543,-12.56688,47.60045,17.73288
1742842138616,122.3908,6574,Eye Hit,Center,847.9106,608.2606,47.69021,MicroBus3-Detailed,8.531954,-12.25588,47.69021,17.38688
1742842138651,122.4243,6576,Eye Hit,Center,843.5018,614.7059,47.83494,MicroBus3-Detailed,8.262877,-11.86185,47.83494,16.81524
1742842138670,122.4422,6577,Eye Hit,Center,839.4857,618.8779,47.94103,MicroBus3-Detailed,8.011915,-11.60841,47.94103,16.39452
1742842138686,122.4607,6578,Eye Hit,Center,838.6431,622.8369,48.00686,MicroBus3-Detailed,7.966341,-11.35852,48.00686,16.11893
1742842138721,122.4942,6580,Eye Hit,Center,837.96,631.7175,48.13982,MicroBus3-Detailed,7.94241,-10.79204,48.13982,15.55444
1742842138739,122.5111,6581,Eye Hit,Center,836.2589,627.6313,48.10096,MicroBus3-Detailed,7.821548,-11.05824,48.10096,15.72674
1742842138756,122.5294,6582,Eye Hit,Center,836.405,629.1013,48.11891,MicroBus3-Detailed,7.834305,-10.96343,48.11891,15.64402
1742842138773,122.5476,6583,Eye Hit,Center,831.8342,638.2338,48.29363,MicroBus3-Detailed,7.554007,-10.38636,48.29363,14.89219
1742842138808,122.5822,6585,Eye Hit,Center,835.551,637.6472,48.24793,MicroBus3-Detailed,7.79768,-10.41612,48.24793,15.09251
1742842138841,122.6145,6587,Eye Hit,Center,838.7956,641.08,48.26104,MicroBus3-Detailed,8.01881,-10.18723,48.26104,15.03665
1742842138877,122.6533,6589,Eye Hit,Center,837.2358,644.5886,48.32247,MicroBus3-Detailed,7.923595,-9.963066,48.32247,14.7583
1742842138911,122.6852,6591,Eye Hit,Center,838.7744,649.8792,48.37494,MicroBus3-Detailed,8.036301,-9.615923,48.37494,14.52362
1742842138945,122.7177,6593,Eye Hit,Center,847.8618,654.3287,48.32954,MicroBus3-Detailed,8.643037,-9.306128,48.32954,14.72398
1742842138962,122.7349,6594,Eye Hit,Center,847.5088,654.8842,48.34217,MicroBus3-Detailed,8.621428,-9.270998,48.34217,14.67545
1742842138978,122.7537,6595,Eye Hit,Center,849.7797,657.2575,48.34324,MicroBus3-Detailed,8.775167,-9.110732,48.34324,14.66325
1742842139014,122.7847,6597,Eye Hit,Center,857.642,663.4728,48.32138,MicroBus3-Detailed,9.302579,-8.686552,48.32138,14.75635
1742842139031,122.8053,6598,Eye Hit,Center,857.1934,670.0203,48.40154,MicroBus3-Detailed,9.287639,-8.25771,48.40154,14.40042
1742842139048,122.8228,6599,Eye Hit,Center,861.4291,672.4292,48.37335,MicroBus3-Detailed,9.568805,-8.089921,48.37335,14.52234
1742842139084,122.8547,6601,,Center,871.0702,676.0069,48.28473,,10.20238,-7.833483,48.28473,14.91689
1742842139100,122.874,6602,,Center,875.9526,672.9651,48.1895,,10.51133,-8.023055,48.1895,15.34449
1742842139117,122.8913,6603,,Center,884.0751,675.7238,48.10255,,11.03884,-7.822974,48.10255,15.70967
1742842139150,122.9249,6605,,Center,901.0306,682.6859,47.91771,,12.1328,-7.326307,47.91771,16.47726
1742842139184,122.9583,6607,,Center,928.5796,689.7108,47.52327,,13.86408,-6.799061,47.52327,18.00028
1742842139219,122.9927,6609,,Center,957.0052,699.3328,47.07688,,15.60553,-6.10164,47.07688,19.59205
1742842139237,123.0107,6610,,Center,996.499,717.8768,46.39119,,17.94081,-4.809533,46.39119,21.82038
1742842139254,123.028,6611,,Center,1024.757,723.603,45.79155,,19.51875,-4.380615,45.79155,23.59836
1742842139271,123.0448,6612,,Center,1020.281,722.1125,45.88814,,19.27264,-4.485522,45.88814,23.32652
1742842139288,123.0623,6613,,Center,1051.573,730.2666,45.19587,,20.95998,-3.9024,45.19587,25.25457
1742842139324,123.0978,6615,,Center,1016.547,778.435,46.15068,,19.14188,-0.8756097,46.15068,22.54836
1742842139357,123.1313,6617,,Center,937.2413,789.8606,47.81021,,14.527,-0.1430635,47.81021,16.90202
1742842139393,123.1664,6619,,Center,710.2844,816.3804,49.93306,,-0.6785299,1.702713,49.93306,2.102265
1742842139410,123.1834,6620,,Center,753.8058,824.5388,49.85757,,2.35741,2.269061,49.85757,3.754837
1742842139442,123.2154,6622,,Center,707.219,813.0737,49.93413,,-0.892638,1.471809,49.93413,1.974371
1742842139474,123.2479,6624,,Center,713.5805,819.3978,49.92204,,-0.4482351,1.913029,49.92204,2.253944
1742842139505,123.2793,6626,,Center,720.5675,820.8953,49.92056,,0.03962487,2.01753,49.92056,2.314776
1742842139536,123.3105,6628,,Center,709.9394,832.1528,49.87856,,-0.7018604,2.801187,49.87856,3.313576
1742842139565,123.3399,6630,,Center,685.5375,829.0839,49.83755,,-2.402241,2.584969,49.83755,4.050139
1742842139594,123.3705,6632,,Center,640.1425,828.075,49.59105,,-5.539005,2.502205,49.59105,6.98744
1742842139624,123.3996,6634,,Center,585.0049,821.6387,49.05468,,-9.26214,2.033535,49.05468,10.94091
1742842139654,123.4283,6636,,Center,659.1143,830.3207,49.70532,,-4.23283,2.664089,49.70532,5.745831
1742842139683,123.4599,6638,,Center,622.4097,819.9788,49.46045,,-6.751145,1.935534,49.46045,8.081674
1742842139713,123.4889,6640,Eye Hit,Center,612.9108,818.8073,49.36796,HighFemale2,-7.394413,1.851019,49.36796,8.777336
1742842139744,123.5193,6642,,Center,583.3093,811.4708,49.04741,,-9.377087,1.335716,49.04741,10.93005
1742842139760,123.536,6643,,Center,531.2249,786.7778,48.30218,,-12.75335,-0.3528046,48.30218,14.79584
1742842139796,123.5709,6645,,Center,566.863,781.2748,48.84227,,-10.46138,-0.7326807,48.84227,12.1181
1742842139812,123.5884,6646,,Center,588.6006,782.1975,49.12381,,-9.028141,-0.6735071,49.12381,10.44208
1742842139849,123.6193,6648,,Center,657.6584,785.9082,49.75873,,-4.338706,-0.4239637,49.75873,5.006917
1742842139865,123.64,6649,,Center,667.1032,778.0536,49.8098,,-3.685167,-0.9716067,49.8098,4.375377
1742842139882,123.6567,6650,,Center,680.9642,777.3331,49.86678,,-2.722625,-1.022965,49.86678,3.338006
1742842139912,123.6881,6652,,Center,704.2776,767.2798,49.91146,,-1.097571,-1.7257,49.91146,2.34652
1742842139944,123.719,6654,,Center,734.4453,757.524,49.88746,,1.007931,-2.40559,49.88746,2.99284
1742842139977,123.7514,6656,Eye Hit,Center,773.0524,748.6104,49.72584,SouthSidewalk,3.689781,-3.017731,49.72584,5.475611
1742842140007,123.7823,6658,,Center,760.0179,747.7692,49.78135,,2.786336,-3.079669,49.78135,4.768962
1742842140039,123.8164,6660,,Center,618.8712,750.6309,49.38062,,-6.984642,-2.857231,49.38062,8.688828
1742842140069,123.8442,6662,,Center,551.4611,739.0018,48.49786,,-11.43235,-3.594982,48.49786,13.88026
1742842140103,123.877,6664,,Center,541.9624,731.0283,48.31078,,-12.03009,-4.119886,48.31078,14.74648
1742842140134,123.9091,6666,,Center,551.4282,727.9988,48.4418,,-11.42136,-4.33632,48.4418,14.15461
1742842140165,123.9403,6668,,Center,559.7541,724.829,48.54817,,-10.8811,-4.561079,48.54817,13.65944
1742842140199,123.9738,6670,,Center,571.3867,723.4912,48.70205,,-10.1232,-4.666663,48.70205,12.89195
1742842140231,124.0061,6672,,Center,570.5891,722.3459,48.68738,,-10.17446,-4.743252,48.68738,12.98369
1742842140261,124.0368,6674,,Center,566.4961,720.923,48.62558,,-10.43992,-4.834004,48.62558,13.31132
1742842140293,124.0677,6676,,Center,564.7165,718.5219,48.58799,,-10.55279,-4.993437,48.58799,13.51074
1742842140323,124.0989,6678,,Center,558.6089,717.5257,48.4961,,-10.94711,-5.051569,48.4961,13.96104
1742842140354,124.1287,6680,,Center,542.7837,716.2438,48.24865,,-11.95919,-5.112301,48.24865,15.08624
1742842140385,124.1601,6682,Eye Hit,Center,523.788,709.8395,47.90004,RoadEast,-13.14541,-5.504425,47.90004,16.56891
1742842140416,124.1914,6684,Eye Hit,Center,510.2887,703.8509,47.62606,RoadEast,-13.96945,-5.871858,47.62606,17.64969
1742842140446,124.2222,6686,,Center,670.7396,717.7311,49.59294,,-3.416886,-5.151574,49.59294,7.105228
1742842140477,124.2526,6688,,Center,797.7118,715.4876,49.40425,,5.369875,-5.286996,49.40425,8.672649
1742842140509,124.2835,6690,,Center,820.2811,709.4907,49.17321,,6.897008,-5.674717,49.17321,10.29457
1742842140539,124.3147,6692,Eye Hit,Center,835.8918,701.4985,48.95544,HighFemale2,7.935357,-6.196834,48.95544,11.62154
1742842140571,124.3452,6694,Eye Hit,Center,817.0803,690.8108,49.04823,HighFemale2,6.659897,-6.941774,49.04823,11.09666
1742842140602,124.3759,6696,Eye Hit,Center,796.6476,690.7796,49.21488,SE_Tree_10,5.276036,-6.967505,49.21488,10.06978
1742842140616,124.3934,6697,Eye Hit,Center,792.4788,689.0821,49.2284,SE_Tree_10,4.990448,-7.086299,49.2284,9.985208
1742842140648,124.4245,6699,Eye Hit,Center,777.9531,673.2087,49.15431,SE_Tree_10,3.984295,-8.166939,49.15431,10.47384
1742842140678,124.454,6701,Eye Hit,Center,762.5974,667.1797,49.15905,SE_Tree_10,2.928868,-8.582261,49.15905,10.45173
1742842140709,124.4855,6703,Eye Hit,Center,760.7906,661.6708,49.10162,SE_Tree_10,2.80136,-8.950567,49.10162,10.81359
1742842140742,124.5174,6705,Eye Hit,Center,739.6218,658.2017,49.12099,SE_Tree_10,1.348093,-9.192433,49.12099,10.71041
1742842140772,124.5475,6707,,Center,733.041,654.7963,49.08869,,0.8953776,-9.4202,49.08869,10.91087
1742842140804,124.5788,6709,,Center,719.7742,656.8424,49.12317,,-0.01551539,-9.286236,49.12317,10.70487
1742842140834,124.6097,6711,,Center,707.5791,650.2479,49.03222,,-0.8518196,-9.721288,49.03222,11.2561
1742842140866,124.6398,6713,,Center,684.8972,649.3309,48.97317,,-2.404433,-9.772399,48.97317,11.61247
1742842140882,124.6574,6714,,Center,676.6129,647.7209,48.92468,,-2.968938,-9.87289,48.92468,11.89955
1742842140912,124.6876,6716,,Center,659.6191,640.3782,48.74586,,-4.116709,-10.33743,48.74586,12.85831
1742842140943,124.7176,6718,Eye Hit,Center,642.7228,626.3157,48.44134,HighFemale2,-5.235771,-11.22563,48.44134,14.34337
1742842140974,124.7484,6720,Eye Hit,Center,630.6909,635.0825,48.47732,HighFemale2,-6.055459,-10.63954,48.47732,14.1727
1742842141005,124.7792,6722,Eye Hit,Center,628.1747,655.9157,48.72904,HighFemale2,-6.258398,-9.27489,48.72904,12.93177
1742842141019,124.7969,6723,Eye Hit,Center,610.2718,653.4177,48.54065,HighFemale2,-7.449667,-9.408625,48.54065,13.8869
1742842141050,124.8259,6725,,Center,597.3423,658.4614,48.46718,,-8.314871,-9.052477,48.46718,14.2306
1742842141081,124.8557,6727,,Center,579.3604,663.0252,48.30972,,-9.502875,-8.714698,48.30972,14.94386
1742842141111,124.8866,6729,,Center,561.938,667.6749,48.13184,,-10.64077,-8.369588,48.13184,15.70958
1742842141141,124.9165,6731,,Center,542.2117,670.4281,47.87339,,-11.90448,-8.140299,47.87339,16.76459
1742842141175,124.9484,6733,,Center,505.2867,672.1894,47.28185,,-14.19928,-7.923235,47.28185,18.97816
1742842141204,124.9788,6735,,Center,486.2862,671.4794,46.92447,,-15.33898,-7.909948,46.92447,20.19305
1742842141234,125.0099,6737,,Center,446.4613,666.3873,46.07987,,-17.62962,-8.09576,46.07987,22.83107
1742842141264,125.0401,6739,,Center,401.995,664.8221,45.0901,,-20.05525,-8.020581,45.0901,25.59591
1742842141294,125.0696,6741,,Center,357.7365,662.222,44.02425,,-22.3064,-7.991091,44.02425,28.28986
1742842141324,125.0999,6743,,Center,339.4321,662.2736,43.57595,,-23.19487,-7.906569,43.57595,29.35171
1742842141353,125.129,6745,,Center,204.7246,656.4865,40.09305,,-28.89491,-7.599141,40.09305,36.69359
1742842141383,125.1587,6747,,Center,281.0488,726.4597,42.47485,,-26.0772,-3.893615,42.47485,31.82996
1742842141414,125.1888,6749,,Center,410.4253,841.1482,45.77607,,-19.8206,3.146728,45.77607,23.67328
1742842141443,125.2182,6751,,Center,498.172,833.3223,47.65842,,-14.78662,2.754467,47.65842,17.51567
1742842141472,125.2469,6753,,Center,627.6559,819.6959,49.52135,,-6.396091,1.918319,49.52135,7.679587
1742842141501,125.2775,6755,,Center,689.1387,808.4735,49.90914,,-2.154307,1.14995,49.90914,2.80121
1742842141531,125.3072,6757,,Center,741.0071,812.1729,49.92931,,1.467012,1.40876,49.92931,2.332633
1742842141562,125.3378,6759,,Center,739.8177,818.4482,49.92007,,1.383698,1.84665,49.92007,2.646562
1742842141592,125.3687,6761,,Center,794.2918,829.0268,49.64383,,5.158447,2.570955,49.64383,6.622379
1742842141623,125.4,6763,,Center,826.9921,818.7592,49.39675,,7.392022,1.848778,49.39675,8.769074
1742842141660,125.4304,6765,,Center,753.4948,806.2004,49.91882,,2.338594,0.9914657,49.91882,2.91289
1742842141676,125.451,6766,Eye Hit,Center,798.4698,801.4333,49.68349,SW_Tree_10,5.452898,0.655521,49.68349,6.308044
1742842141708,125.4833,6768,Eye Hit,Center,763.5928,786.4535,49.8947,SW_Tree_10,3.042161,-0.3870689,49.8947,3.517138
1742842141745,125.5197,6770,,Center,689.8964,744.9014,49.84113,,-2.098547,-3.283286,49.84113,4.470367
1742842141778,125.5524,6772,,Center,656.9164,712.1299,49.49584,,-4.367151,-5.529246,49.49584,8.101788
1742842141798,125.5692,6773,,Center,624.3538,698.8785,49.1464,,-6.574645,-6.401101,49.1464,10.57583
1742842141815,125.5894,6774,,Center,606.1983,695.7079,48.9456,,-7.790679,-6.592002,48.9456,11.77768
1742842141847,125.6224,6776,,Center,616.6138,702.8038,49.11117,,-7.101596,-6.126884,49.11117,10.81221
1742842141882,125.6546,6778,Eye Hit,Center,631.1854,704.6787,49.25891,MicroBus3-Detailed,-6.119022,-6.01614,49.25891,9.882047
1742842141898,125.6729,6779,Eye Hit,Center,717.7239,713.2194,49.69695,MicroBus3-Detailed,-0.1582131,-5.47598,49.69695,6.290521
1742842141932,125.7053,6781,Eye Hit,Center,742.9061,716.2165,49.69335,MicroBus3-Detailed,1.592074,-5.267274,49.69335,6.318696
1742842141949,125.7229,6782,Eye Hit,Center,738.9772,715.1313,49.6954,MicroBus3-Detailed,1.319047,-5.34292,49.6954,6.319255
1742842141982,125.7573,6784,Eye Hit,Center,728.461,705.2416,49.63195,MicroBus3-Detailed,0.5873498,-6.022625,49.63195,6.951273
1742842142017,125.7903,6786,Eye Hit,Center,706.6794,714.1115,49.69464,MicroBus3-Detailed,-0.9258636,-5.413718,49.69464,6.30677
1742842142037,125.8083,6787,Eye Hit,Center,689.3105,712.6321,49.64503,MicroBus3-Detailed,-2.130978,-5.511043,49.64503,6.78735
1742842142053,125.8276,6788,Eye Hit,Center,687.529,713.4517,49.64732,MicroBus3-Detailed,-2.254781,-5.45438,49.64732,6.779485
1742842142086,125.8613,6790,Eye Hit,Center,679.4462,711.2028,49.59974,MicroBus3-Detailed,-2.813347,-5.605165,49.59974,7.206446
1742842142123,125.8971,6792,Eye Hit,Center,670.5521,709.1482,49.54488,MicroBus3-Detailed,-3.426568,-5.741345,49.54488,7.685667
1742842142140,125.9138,6793,Eye Hit,Center,675.8443,709.4791,49.56826,MicroBus3-Detailed,-3.061281,-5.721112,49.56826,7.457799
1742842142156,125.9307,6794,Eye Hit,Center,676.2604,709.8295,49.57375,MicroBus3-Detailed,-3.032771,-5.697449,49.57375,7.41799
1742842142192,125.9661,6796,Eye Hit,Center,689.2565,706.0914,49.58907,MicroBus3-Detailed,-2.13232,-5.958483,49.58907,7.272758
1742842142209,125.9836,6797,Eye Hit,Center,777.0425,695.8517,49.38968,SportCar1-Detailed,3.940465,-6.641877,49.38968,8.887101
1742842142245,126.0158,6799,Eye Hit,Center,780.3369,694.9565,49.36298,SportCar1-Detailed,4.16579,-6.700092,49.36298,9.080626
1742842142261,126.0351,6800,Eye Hit,Center,772.0654,696.4637,49.41839,SportCar1-Detailed,3.598742,-6.603437,49.41839,8.652763
1742842142278,126.052,6801,Eye Hit,Center,772.447,696.0757,49.41355,SportCar1-Detailed,3.624764,-6.629606,49.41355,8.693776
1742842142314,126.0858,6803,Eye Hit,Center,767.9107,693.8467,49.4136,SportCar1-Detailed,3.311249,-6.783663,49.4136,8.685639
1742842142331,126.105,6804,Eye Hit,Center,767.423,693.2673,49.40892,SportCar1-Detailed,3.277233,-6.823062,49.40892,8.709848
1742842142348,126.122,6805,Eye Hit,Center,769.3124,692.3904,49.39232,SportCar1-Detailed,3.406657,-6.88135,49.39232,8.836357
1742842142380,126.155,6807,Eye Hit,Center,769.2486,686.2702,49.33253,SportCar1-Detailed,3.398133,-7.29531,49.33253,9.265396
1742842142415,126.1889,6809,Eye Hit,Center,772.308,685.2622,49.3075,SportCar1-Detailed,3.607395,-7.361122,49.3075,9.439255
1742842142446,126.2215,6811,Eye Hit,Center,775.1237,686.9151,49.30907,SportCar1-Detailed,3.801704,-7.247365,49.30907,9.423625
1742842142481,126.2533,6813,Eye Hit,Center,780.9344,687.9114,49.28684,SportCar1-Detailed,4.200551,-7.175416,49.28684,9.575467
1742842142499,126.2718,6814,Eye Hit,Center,779.9266,689.4392,49.30676,SportCar1-Detailed,4.132745,-7.072951,49.30676,9.432964
1742842142514,126.2898,6815,Eye Hit,Center,783.0203,689.0479,49.28513,SportCar1-Detailed,4.344197,-7.096821,49.28513,9.582957
1742842142548,126.3226,6817,Eye Hit,Center,786.0754,687.2981,49.24962,SportCar1-Detailed,4.551509,-7.212242,49.24962,9.824231
1742842142581,126.3572,6819,Eye Hit,Center,792.2684,674.8714,49.08107,SportCar1-Detailed,4.961071,-8.040627,49.08107,10.896
1742842142616,126.389,6821,Eye Hit,Center,794.3637,675.3395,49.07111,SportCar1-Detailed,5.103873,-8.006867,49.07111,10.95136
1742842142631,126.406,6822,Eye Hit,Center,789.9794,679.3417,49.14293,SportCar1-Detailed,4.809988,-7.743499,49.14293,10.50867
1742842142666,126.4393,6824,Eye Hit,Center,796.9271,683.2488,49.13534,SportCar1-Detailed,5.286721,-7.473794,49.13534,10.55402
1742842142683,126.4571,6825,Eye Hit,Center,800.5385,683.574,49.11192,SportCar1-Detailed,5.532272,-7.447892,49.11192,10.69774
1742842142719,126.491,6827,Eye Hit,Center,802.5901,682.6165,49.08583,SportCar1-Detailed,5.67018,-7.509669,49.08583,10.8521
1742842142738,126.5097,6828,Eye Hit,Center,806.0294,685.0602,49.08362,SportCar1-Detailed,5.906039,-7.341569,49.08362,10.86658
1742842142753,126.5284,6829,Eye Hit,Center,808.7357,685.7402,49.06799,SportCar1-Detailed,6.089892,-7.292562,49.06799,10.95851
1742842142791,126.5643,6831,Eye Hit,Center,808.1651,685.8133,49.0728,SportCar1-Detailed,6.051325,-7.288262,49.0728,10.92595
1742842142809,126.5814,6832,Eye Hit,Center,802.3708,685.6126,49.11701,SportCar1-Detailed,5.658716,-7.308613,49.11701,10.65772
1742842142829,126.5992,6833,Eye Hit,Center,805.4943,687.1174,49.10666,SportCar1-Detailed,5.872061,-7.203721,49.10666,10.71689
1742842142847,126.6202,6834,Eye Hit,Center,799.7987,683.5583,49.11558,SportCar1-Detailed,5.48186,-7.449525,49.11558,10.66465
1742842142863,126.6369,6835,Eye Hit,Center,795.496,682.1486,49.13279,SportCar1-Detailed,5.188098,-7.549008,49.13279,10.56049
1742842142880,126.654,6836,Eye Hit,Center,796.9789,681.9826,49.12016,SportCar1-Detailed,5.288643,-7.558471,49.12016,10.63651
1742842142916,126.6901,6838,Eye Hit,Center,799.1711,685.4915,49.13898,SportCar1-Detailed,5.441338,-7.320206,49.13898,10.51543
1742842142950,126.7237,6840,Eye Hit,Center,798.3687,685.5036,49.14485,SportCar1-Detailed,5.386837,-7.32025,49.14485,10.47771
1742842142985,126.7599,6842,Eye Hit,Center,798.7621,689.3884,49.17905,SportCar1-Detailed,5.417642,-7.058125,49.17905,10.25523
1742842143018,126.794,6844,Eye Hit,Center,795.5162,687.2413,49.18151,SportCar1-Detailed,5.19463,-7.206178,49.18151,10.23854
1742842143055,126.8283,6846,Eye Hit,Center,798.5859,690.0793,49.186,SportCar1-Detailed,5.406286,-7.011597,49.186,10.20438
1742842143087,126.8616,6848,Eye Hit,Center,800.6407,690.3597,49.1735,SportCar1-Detailed,5.546234,-6.99053,49.1735,10.28545
1742842143122,126.895,6850,Eye Hit,Center,806.3335,691.7441,49.14188,SportCar1-Detailed,5.93395,-6.890882,49.14188,10.48402
1742842143138,126.9123,6851,Eye Hit,Center,804.7012,689.5623,49.13527,SportCar1-Detailed,5.820972,-7.039893,49.13527,10.53164
1742842143154,126.9291,6852,Eye Hit,Center,811.5477,691.6188,49.098,SportCar1-Detailed,6.28672,-6.893332,49.098,10.75903
1742842143187,126.9614,6854,Eye Hit,Center,820.9795,694.1376,49.03732,SportCar1-Detailed,6.925843,-6.712055,49.03732,11.12689
1742842143218,126.9938,6856,Eye Hit,Center,837.3518,711.3649,49.01382,SportCar1-Detailed,8.044912,-5.527838,49.01382,11.26301
1742842143251,127.0266,6858,Eye Hit,Center,816.2601,736.8654,49.38602,SportCar1-Detailed,6.649103,-3.808386,49.38602,8.819468
1742842143283,127.0586,6860,,Center,748.2253,763.3916,49.89886,,1.969887,-1.996628,49.89886,3.217228
1742842143316,127.0905,6862,,Center,694.1244,827.6751,49.88356,,-1.805347,2.48906,49.88356,3.527311
1742842143349,127.1243,6864,,Center,668.8552,836.9904,49.75288,,-3.559037,3.13077,49.75288,5.442262
1742842143380,127.155,6866,,Center,681.912,817.2419,49.87604,,-2.65701,1.760868,49.87604,3.656716
1742842143412,127.1854,6868,,Center,695.6372,816.1926,49.92004,,-1.701041,1.689157,49.92004,2.749369
1742842143428,127.2025,6869,,Center,616.8356,808.5859,49.45105,,-7.1354,1.147166,49.45105,8.314652
1742842143459,127.2333,6871,,Center,564.6205,799.9479,48.83299,,-10.61255,0.5428447,48.83299,12.2766
1742842143490,127.2635,6873,,Center,644.4228,800.8726,49.69355,,-5.252958,0.6166875,49.69355,6.075284
1742842143521,127.2962,6875,,Center,598.5753,804.0944,49.26204,,-8.366277,0.833316,49.26204,9.685498
1742842143554,127.3271,6877,,Center,588.1328,785.6887,49.14312,,-9.063842,-0.4338033,49.14312,10.46176
1742842143570,127.3451,6878,,Center,523.5053,770.7083,48.16902,,-13.23828,-1.434467,48.16902,15.45284
1742842143601,127.3762,6880,Eye Hit,Center,493.6942,756.1063,47.5923,MicroBus3-Detailed,-15.06417,-2.389281,47.5923,17.7697
1742842143618,127.3929,6881,Eye Hit,Center,525.9465,758.1526,48.18058,MicroBus3-Detailed,-13.07695,-2.280923,48.18058,15.4036
1742842143653,127.4277,6883,Eye Hit,Center,550.9371,753.3011,48.56772,MicroBus3-Detailed,-11.48442,-2.628812,48.56772,13.63529
1742842143685,127.4611,6885,Eye Hit,Center,571.4333,756.0422,48.87322,MicroBus3-Detailed,-10.15559,-2.457973,48.87322,12.06784
1742842143720,127.4931,6887,Eye Hit,Center,639.8843,781.6112,49.66274,MicroBus3-Detailed,-5.564951,-0.7216186,49.66274,6.446706
1742842143738,127.5112,6888,Eye Hit,Center,668.8817,783.7252,49.84946,MicroBus3-Detailed,-3.564097,-0.5769402,49.84946,4.142551
1742842143754,127.5294,6889,,Center,691.0054,783.8184,49.93568,,-2.025077,-0.5714264,49.93568,2.412975
1742842143786,127.5606,6891,,Center,719.3279,793.1432,49.98088,,-0.04698688,0.0799143,49.98088,0.1083524
1742842143820,127.596,6893,,Center,776.2675,795.9616,49.82704,,3.92135,0.2760888,49.82704,4.510931
1742842143854,127.6298,6895,,Center,819.3762,796.5762,49.5055,,6.880958,0.3168588,49.5055,7.921345
1742842143890,127.6651,6897,,Center,885.291,776.812,48.68864,,11.25615,-1.034288,48.68864,13.07026
1742842143929,127.6992,6899,,Center,888.1039,774.1337,48.64195,,11.43672,-1.215509,48.64195,13.30299
1742842143946,127.7199,6900,,Center,855.3336,772.0803,49.09169,,9.292372,-1.36774,49.09169,10.83125
1742842143979,127.7545,6902,Eye Hit,Center,838.5708,758.6431,49.25591,HighFemale2,8.168625,-2.298033,49.25591,9.774872
1742842144016,127.7906,6904,Eye Hit,Center,879.4828,758.2756,48.7318,HighFemale2,10.87024,-2.298633,48.7318,12.84362
1742842144049,127.8239,6906,Eye Hit,Center,905.2901,767.5395,48.35838,HighFemale2,12.53247,-1.654438,48.35838,14.64969
1742842144086,127.8598,6908,Eye Hit,Center,953.7683,765.6812,47.48034,HighFemale2,15.52431,-1.747803,47.48034,18.21268
1742842144102,127.8769,6909,Eye Hit,Center,967.5701,763.8624,47.20029,HighFemale2,16.3439,-1.857565,47.20029,19.21325
1742842144119,127.8937,6910,Eye Hit,Center,982.2171,761.9114,46.89163,HighFemale2,17.19766,-1.973379,46.89163,20.26214
1742842144154,127.9297,6912,Eye Hit,Center,988.3831,755.744,46.74339,SE_Tree_10,17.54641,-2.370351,46.74339,20.74603
1742842144189,127.963,6914,,Center,971.5449,754.5167,47.09274,,16.56847,-2.468904,47.09274,19.58105
1742842144208,127.9801,6915,Eye Hit,Center,767.4085,758.0146,49.81207,MicroBus3-Detailed,3.302962,-2.367773,49.81207,4.664175
1742842144224,127.9987,6916,Eye Hit,Center,771.0613,757.6476,49.79279,MicroBus3-Detailed,3.556076,-2.392415,49.79279,4.919641
1742842144258,128.0323,6918,,Center,587.9543,729.5115,48.96596,,-9.043394,-4.279644,48.96596,11.54794
1742842144277,128.0493,6919,,Center,591.5568,729.1207,49.00542,,-8.803757,-4.309874,49.00542,11.31106
1742842144294,128.0679,6920,,Center,575.8669,729.5519,48.81339,,-9.840465,-4.26355,48.81339,12.39112
1742842144312,128.0855,6921,,Center,576.4225,730.884,48.8274,,-9.805347,-4.173798,48.8274,12.31188
1742842144328,128.1036,6922,,Center,587.1367,731.3334,48.96671,,-9.099527,-4.154931,48.96671,11.54589
1742842144364,128.1365,6924,,Center,593.8998,730.6985,49.04372,,-8.649921,-4.205016,49.04372,11.09537
1742842144381,128.1567,6925,,Center,594.4986,731.5981,49.0552,,-8.610861,-4.144275,49.0552,11.02352
1742842144417,128.1897,6927,,Center,597.5125,730.0446,49.08063,,-8.408426,-4.253067,49.08063,10.86783
1742842144433,128.208,6928,,Center,596.6282,727.426,49.05633,,-8.464942,-4.430629,49.05633,11.02112
1742842144451,128.2253,6929,,Center,595.8902,726.6878,49.04302,,-8.513265,-4.480065,49.04302,11.09803
1742842144473,128.242,6930,,Center,600.5654,725.8749,49.09143,,-8.200657,-4.540306,49.09143,10.81008
1742842144489,128.2639,6931,,Center,598.2066,725.7604,49.06404,,-8.357954,-4.545629,49.06404,10.97413
1742842144528,128.2981,6933,,Center,581.143,722.1623,48.83819,,-9.485062,-4.770484,48.83819,12.26493
1742842144545,128.3197,6934,,Center,575.0072,722.2967,48.76109,,-9.888553,-4.753788,48.76109,12.68108
1742842144583,128.3563,6936,Eye Hit,Center,658.0966,732.9215,49.62598,MicroBus3-Detailed,-4.296712,-4.100639,49.62598,6.824955
1742842144601,128.3741,6937,,Center,816.1703,730.28,49.35366,,6.638549,-4.260475,49.35366,9.080669
1742842144620,128.3929,6938,,Center,800.1642,723.6463,49.44593,,5.544005,-4.727218,49.44593,8.382112
1742842144639,128.4112,6939,Eye Hit,Center,915.2264,697.7247,47.83033,SportCar1-Detailed,13.06035,-6.306878,47.83033,16.8687
1742842144657,128.431,6940,Eye Hit,Center,901.2683,695.3548,48.03753,SportCar1-Detailed,12.17911,-6.493424,48.03753,16.03024
1742842144675,128.448,6941,Eye Hit,Center,914.3861,693.8591,47.81344,SportCar1-Detailed,12.99954,-6.56316,47.81344,16.93898
1742842144695,128.4658,6942,Eye Hit,Center,890.283,688.5196,48.14655,SportCar1-Detailed,11.46699,-6.96845,48.14655,15.573
1742842144713,128.4859,6943,Eye Hit,Center,881.5998,686.4078,48.25397,SportCar1-Detailed,10.90653,-7.126525,48.25397,15.1094
1742842144730,128.5038,6944,Eye Hit,Center,869.496,688.0662,48.43612,SportCar1-Detailed,10.12772,-7.041075,48.43612,14.28732
1742842144751,128.5223,6945,Eye Hit,Center,850.3574,682.58,48.62313,SportCar1-Detailed,8.865262,-7.441362,48.62313,13.38968
1742842144768,128.5428,6946,,Center,838.9557,688.9657,48.81322,,8.121487,-7.034483,48.81322,12.41359
1742842144786,128.5597,6947,,Center,831.9451,687.8273,48.87614,,7.652704,-7.121376,48.87614,12.07249
1742842144807,128.5773,6948,,Center,816.9728,691.714,49.05604,,6.653579,-6.880908,49.05604,11.04068
1742842144823,128.5989,6949,,Center,809.2686,689.2814,49.09925,,6.13037,-7.054025,49.09925,10.77687
1742842144861,128.6315,6951,,Center,781.8961,682.4733,49.22414,,4.261421,-7.540687,49.22414,9.979632
1742842144879,128.6523,6952,,Center,766.9305,676.4007,49.23644,,3.231876,-7.960764,49.23644,9.89847
1742842144897,128.67,6953,Eye Hit,Center,766.0744,668.8101,49.15586,SportCar1-Detailed,3.16773,-8.469606,49.15586,10.42347
1742842144917,128.6878,6954,Eye Hit,Center,751.877,665.1323,49.16397,SportCar1-Detailed,2.191984,-8.723905,49.16397,10.36821
1742842144935,128.7079,6955,,Center,754.9944,667.6721,49.18423,,2.407338,-8.552778,49.18423,10.24002
1742842144952,128.7266,6956,,Center,749.4658,667.8201,49.20237,,2.027766,-8.545749,49.20237,10.12116
1742842144991,128.7634,6958,Eye Hit,Center,742.1806,669.45,49.23829,HighFemale2,1.527529,-8.439742,49.23829,9.88125
1742842145008,128.7822,6959,Eye Hit,Center,746.7012,670.0227,49.23478,HighFemale2,1.838717,-8.399702,49.23478,9.906492
1742842145047,128.8188,6961,Eye Hit,Center,729.3889,666.6028,49.22394,HighFemale2,0.6464062,-8.633309,49.22394,9.975119
1742842145064,128.8373,6962,Eye Hit,Center,726.831,663.7404,49.19216,HighFemale2,0.4699953,-8.824673,49.19216,10.18433
1742842145085,128.8557,6963,Eye Hit,Center,715.914,662.5656,49.17861,HighFemale2,-0.2810534,-8.903049,49.17861,10.26642
1742842145102,128.8754,6964,Eye Hit,Center,714.2302,664.0359,49.19591,HighFemale2,-0.3970109,-8.805015,49.19591,10.15738
1742842145119,128.8937,6965,Eye Hit,Center,709.0856,664.3356,49.19501,HighFemale2,-0.7509925,-8.784234,49.19501,10.16018
1742842145157,128.9313,6967,Eye Hit,Center,691.0778,665.8919,49.17929,HighFemale2,-1.98942,-8.674373,49.17929,10.25735
1742842145175,128.948,6968,Eye Hit,Center,690.7293,658.5568,49.09022,HighFemale2,-2.009746,-9.162294,49.09022,10.81765
1742842145192,128.9656,6969,Eye Hit,Center,685.9017,658.7571,49.07785,HighFemale2,-2.340624,-9.146241,49.07785,10.88884
1742842145210,128.9828,6970,Eye Hit,Center,677.9171,659.3057,49.0561,HighFemale2,-2.887429,-9.104543,49.0561,11.01789
1742842145227,129.0003,6971,Eye Hit,Center,664.2995,658.5266,48.9856,HighFemale2,-3.816283,-9.144838,48.9856,11.43592
1742842145244,129.0178,6972,Eye Hit,Center,659.8014,658.1258,48.9559,HighFemale2,-4.121965,-9.166739,48.9559,11.60186
1742842145279,129.0526,6974,Eye Hit,Center,650.2321,657.3392,48.88805,HighFemale2,-4.770581,-9.207822,48.88805,11.97623
1742842145297,129.0706,6975,Eye Hit,Center,652.3136,659.8453,48.93252,HighFemale2,-4.632461,-9.044679,48.93252,11.73205
1742842145313,129.0884,6976,Eye Hit,Center,647.973,660.1712,48.90771,HighFemale2,-4.927032,-9.017799,48.90771,11.86583
1742842145349,129.1205,6978,Eye Hit,Center,635.4501,663.2338,48.8535,HighFemale2,-5.777258,-8.798534,48.8535,12.1588
1742842145367,129.1393,6979,Eye Hit,Center,627.4689,662.6779,48.78365,HighFemale2,-6.313571,-8.823885,48.78365,12.53907
1742842145382,129.158,6980,Eye Hit,Center,623.9988,663.1387,48.75834,HighFemale2,-6.546944,-8.787886,48.75834,12.66685
1742842145416,129.19,6982,Eye Hit,Center,623.793,663.1722,48.75704,HighFemale2,-6.5608,-8.785365,48.75704,12.6742
1742842145432,129.2068,6983,Eye Hit,Center,618.659,660.6426,48.68169,HighFemale2,-6.900234,-8.944029,48.68169,13.06408
1742842145449,129.2238,6984,Eye Hit,Center,615.986,660.6004,48.65547,HighFemale2,-7.078419,-8.942081,48.65547,13.19169
1742842145482,129.2562,6986,Eye Hit,Center,607.327,660.7545,48.57342,HighFemale2,-7.654757,-8.916531,48.57342,13.6005
1742842145516,129.2896,6988,Eye Hit,Center,599.7415,666.8669,48.56428,HighFemale2,-8.168563,-8.499671,48.56428,13.64415
1742842145533,129.3071,6989,Eye Hit,Center,604.5307,672.1185,48.67452,HighFemale2,-7.86106,-8.161438,48.67452,13.10523
1742842145550,129.3246,6990,Eye Hit,Center,602.3654,672.186,48.65179,HighFemale2,-8.00473,-8.153037,48.65179,13.21626
1742842145585,129.3568,6992,Eye Hit,Center,581.4072,671.9567,48.40914,HighFemale2,-9.383846,-8.127895,48.40914,14.38348
1742842145603,129.3752,6993,Eye Hit,Center,579.8398,668.1835,48.35028,HighFemale2,-9.478436,-8.373181,48.35028,14.65865
1742842145618,129.3934,6994,Eye Hit,Center,578.1512,668.1803,48.32866,HighFemale2,-9.588339,-8.369654,48.32866,14.75394
1742842145651,129.4255,6996,Eye Hit,Center,579.8088,667.6234,48.34417,HighFemale2,-9.479333,-8.409992,48.34417,14.68822
1742842145686,129.4609,6998,Eye Hit,Center,566.9288,671.6367,48.2216,HighFemale2,-10.324,-8.11799,48.2216,15.23529
1742842145718,129.4931,7000,Eye Hit,Center,566.9702,671.7216,48.22394,HighFemale2,-10.32171,-8.112657,48.22394,15.22894
1742842145752,129.526,7002,Eye Hit,Center,560.6356,669.488,48.11428,HighFemale2,-10.72453,-8.244526,48.11428,15.70329
1742842145769,129.5436,7003,Eye Hit,Center,562.061,671.7126,48.15849,HighFemale2,-10.63837,-8.102257,48.15849,15.51865
1742842145785,129.561,7004,Eye Hit,Center,559.3574,671.5372,48.11884,HighFemale2,-10.81157,-8.107391,48.11884,15.68686
1742842145818,129.593,7006,Eye Hit,Center,555.6592,670.5948,48.05706,HighFemale2,-11.04627,-8.160326,48.05706,15.94868
1742842145852,129.6275,7008,Eye Hit,Center,549.1075,673.3521,47.99085,HighFemale2,-11.47082,-7.964001,47.99085,16.22397
1742842145884,129.6607,7010,Eye Hit,Center,539.006,670.8553,47.8125,HighFemale2,-12.10371,-8.101376,47.8125,16.9419
1742842145917,129.692,7012,Eye Hit,Center,527.5917,671.2648,47.63572,HighFemale2,-12.81945,-8.044141,47.63572,17.62551
1742842145934,129.7087,7013,Eye Hit,Center,516.0919,672.1127,47.45304,HighFemale2,-13.53354,-7.957017,47.45304,18.30631
1742842145950,129.7259,7014,Eye Hit,Center,508.1042,672.6199,47.31994,HighFemale2,-14.02424,-7.901128,47.31994,18.78674
1742842145982,129.757,7016,Eye Hit,Center,497.5341,667.9907,47.08517,HighFemale2,-14.65077,-8.166786,47.08517,19.60752
1742842146015,129.7893,7018,Eye Hit,Center,477.7747,668.5787,46.72079,HighFemale2,-15.8286,-8.065167,46.72079,20.81857
1742842146047,129.8223,7020,Eye Hit,Center,442.7819,669.5494,46.02181,HighFemale2,-17.84424,-7.882021,46.02181,22.9709
1742842146077,129.8524,7022,Eye Hit,Center,406.5048,666.134,45.19574,HighFemale2,-19.81716,-7.956443,45.19574,25.29047
1742842146107,129.8828,7024,,Center,367.2097,668.6003,44.30059,,-21.85944,-7.646041,44.30059,27.59827
1742842146137,129.912,7026,,Center,317.5287,670.861,43.09534,,-24.25929,-7.301753,43.09534,30.44988
1742842146166,129.9414,7028,,Center,294.4782,681.8502,42.58715,,-25.34622,-6.561078,42.58715,31.5823
1742842146195,129.97,7030,,Center,375.4844,739.6833,44.93577,,-21.65279,-3.288102,44.93577,25.98392
1742842146224,129.9991,7032,Eye Hit,Center,482.7889,843.4658,47.33196,SouthWalkingSignal,-15.70371,3.407109,47.33196,18.75221
1742842146253,130.0293,7034,Eye Hit,Center,405.2154,848.3213,45.63201,SouthWalkingSignal,-20.09074,3.594638,45.63201,24.09748
1742842146281,130.0577,7036,,Center,489.2663,841.8491,47.46479,,-15.31777,3.309346,47.46479,18.27138
1742842146309,130.0867,7038,,Center,618.4653,773.0138,49.46656,,-7.024886,-1.313601,49.46656,8.220868
1742842146339,130.1145,7040,,Center,672.8071,770.5285,49.8474,,-3.290273,-1.496985,49.8474,4.147702
1742842146367,130.1432,7042,,Center,719.3848,749.515,49.89013,,-0.04292772,-2.964577,49.89013,3.400991
1742842146396,130.1724,7044,,Center,746.9098,741.4102,49.81877,,1.875066,-3.525077,49.81877,4.58219
1742842146427,130.2017,7046,,Center,784.2831,738.6758,49.64127,,4.463262,-3.702375,49.64127,6.662943
1742842146454,130.2311,7048,,Center,741.1633,735.4621,49.80168,,1.474149,-3.938188,49.80168,4.826331
1742842146483,130.2601,7050,,Center,793.4177,738.0629,49.57809,,5.091003,-3.740159,49.57809,7.261419
1742842146513,130.2896,7052,,Center,816.4437,735.7866,49.38155,,6.661187,-3.882553,49.38155,8.874116
1742842146546,130.3187,7054,,Center,770.0214,710.9309,49.54399,,3.466251,-5.617708,49.54399,7.589153
1742842146562,130.3371,7055,,Center,752.9943,704.0036,49.55646,,2.286929,-6.099274,49.55646,7.488285
1742842146592,130.367,7057,,Center,713.3436,695.2744,49.53033,,-0.4611291,-6.700781,49.53033,7.72258
1742842146622,130.3972,7059,,Center,680.9402,693.9091,49.44878,,-2.701462,-6.784178,49.44878,8.400365
1742842146652,130.4283,7061,,Center,659.7503,695.562,49.36554,,-4.159985,-6.658631,49.36554,9.036855
1742842146687,130.4627,7063,,Center,661.0296,696.0649,49.37782,,-4.072667,-6.625559,49.37782,8.950783
1742842146717,130.4928,7065,,Center,731.4014,717.3797,49.70906,,0.7926963,-5.188065,49.70906,6.02698
1742842146749,130.5236,7067,,Center,795.5861,728.633,49.51593,,5.234797,-4.388551,49.51593,7.854679
1742842146779,130.5548,7069,,Center,811.9545,733.306,49.41317,,6.355194,-4.056478,49.41317,8.675299
1742842146810,130.5845,7071,,Center,782.5742,734.0246,49.63384,,4.343961,-4.024708,49.63384,6.803829
1742842146828,130.6013,7072,,Center,773.9718,711.8974,49.53524,,3.739332,-5.549756,49.53524,7.693809
1742842146842,130.6199,7073,,Center,767.8638,711.0496,49.55895,,3.317734,-5.611174,49.55895,7.493289
1742842146873,130.6489,7075,,Center,755.2764,710.7598,49.60638,,2.447569,-5.636652,49.60638,7.061693
1742842146906,130.6796,7077,,Center,747.0801,704.6813,49.5815,,1.877945,-6.055358,49.5815,7.286747
1742842146923,130.6967,7078,,Center,737.0033,704.4561,49.60185,,1.179626,-6.073466,49.60185,7.109947
1742842146939,130.7141,7079,,Center,748.3268,706.2327,49.59145,,1.964794,-5.948962,49.59145,7.200208
1742842146971,130.7448,7081,,Center,796.9319,711.7921,49.3922,,5.314684,-5.541003,49.3922,8.835668
1742842147006,130.7767,7083,,Center,888.2277,716.6732,48.40294,,11.38891,-5.099576,48.40294,14.45632
1742842147021,130.797,7084,,Center,887.17,715.9657,48.41421,,11.31993,-5.148672,48.41421,14.40574
1742842147054,130.8289,7086,,Center,895.7698,716.9339,48.28995,,11.87172,-5.070066,48.28995,14.96656
1742842147086,130.8611,7088,,Center,883.2578,716.4562,48.47467,,11.06883,-5.12185,48.47467,14.12268
1742842147119,130.894,7090,,Center,880.2169,714.9836,48.50862,,10.87026,-5.225347,48.50862,13.96264
1742842147151,130.9266,7092,,Center,877.1219,717.254,48.56745,,10.67321,-5.077453,48.56745,13.67765
1742842147183,130.9581,7094,,Center,871.0011,719.2862,48.66538,,10.2781,-4.949368,48.66538,13.19257
1742842147215,130.9893,7096,,Center,871.8604,712.7525,48.60889,,10.3246,-5.387835,48.60889,13.47312
1742842147246,131.0217,7098,,Center,872.3985,711.8819,48.59522,,10.35827,-5.445491,48.59522,13.53985
1742842147278,131.0521,7100,,Center,871.6837,702.9998,48.53745,,10.29743,-6.041999,48.53745,13.81912
1742842147310,131.0844,7102,,Center,867.8463,702.5947,48.5855,,10.04685,-6.075511,48.5855,13.58543
1742842147341,131.1168,7104,,Center,864.5305,699.5914,48.60468,,9.825409,-6.282082,48.60468,13.49229
1742842147373,131.1476,7106,,Center,835.6947,704.2701,48.98406,,7.926495,-6.010567,48.98406,11.4795
1742842147405,131.1798,7108,,Center,832.5797,703.5132,49.0109,,7.717308,-6.065747,49.0109,11.32526
1742842147438,131.2108,7110,,Center,829.2567,693.5693,48.9598,,7.481707,-6.740363,48.9598,11.62264
1742842147454,131.2289,7111,,Center,826.5428,690.0158,48.95446,,7.295063,-6.982935,48.95446,11.65567
1742842147485,131.2599,7113,,Center,824.7515,677.3799,48.84651,,7.156602,-7.830819,48.84651,12.25313
1742842147516,131.2922,7115,,Center,811.6273,677.4933,48.96547,,6.275205,-7.842124,48.96547,11.59168
1742842147549,131.3248,7117,,Center,807.4858,663.8583,48.84812,,5.977205,-8.754902,48.84812,12.24413
1742842147580,131.3559,7119,,Center,802.5237,658.1038,48.81771,,5.634678,-9.142363,48.81771,12.40674
1742842147612,131.3866,7121,,Center,802.0621,661.1637,48.85796,,5.607774,-8.940804,48.85796,12.18931
1742842147643,131.418,7123,,Center,787.0807,664.9809,49.00541,,4.597848,-8.706147,49.00541,11.36004
1742842147676,131.4506,7125,,Center,749.8688,735.0971,49.7835,,2.079769,-3.962166,49.7835,5.136295
1742842147709,131.4819,7127,,Center,744.1198,793.7062,49.95482,,1.685248,0.1192086,49.95482,1.937045
1742842147723,131.4996,7128,,Center,741.1204,792.0345,49.96177,,1.475889,0.002408124,49.96177,1.692001
1742842147755,131.5298,7130,,Center,734.0153,803.1082,49.96756,,0.9794973,0.7763306,49.96756,1.432858
1742842147787,131.5617,7132,,Center,732.2021,805.9755,49.96613,,0.8527542,0.9766884,49.96613,1.486353
1742842147819,131.5942,7134,,Center,729.3234,797.4575,49.97697,,0.6517172,0.3814837,49.97697,0.8656976
1742842147850,131.6251,7136,,Center,719.8432,800.9147,49.97844,,-0.01096167,0.6231599,49.97844,0.7146374
1742842147882,131.6563,7138,,Center,714.7281,793.9633,49.98057,,-0.3685367,0.1372487,49.98057,0.4511079
1742842147913,131.6883,7140,,Center,702.248,793.0607,49.96647,,-1.240621,0.074131,49.96647,1.424915
1742842147944,131.7191,7142,,Center,702.9186,788.9497,49.96688,,-1.193766,-0.2131738,49.96688,1.390157
1742842147975,131.7492,7144,,Center,701.0665,791.278,49.96384,,-1.32312,-0.05045394,49.96384,1.518009
1742842148006,131.7807,7146,,Center,701.2186,798.6534,49.96201,,-1.312443,0.4649351,49.96201,1.596426
1742842148038,131.8112,7148,,Center,691.0743,801.7776,49.9359,,-2.020272,0.6829003,49.9359,2.445446
1742842148069,131.8438,7150,,Center,693.6502,802.6855,49.94183,,-1.84058,0.7463986,49.94183,2.27744
1742842148099,131.8737,7152,Eye Hit,Center,690.5613,811.728,49.91996,NorthCarSignal,-2.055446,1.377435,49.91996,2.837522
1742842148130,131.9046,7154,Eye Hit,Center,690.1116,809.48,49.92286,NorthCarSignal,-2.086967,1.220542,49.92286,2.772552
1742842148162,131.9356,7156,Eye Hit,Center,688.5757,811.3499,49.91476,NorthCarSignal,-2.193855,1.350893,49.91476,2.954858
1742842148192,131.9667,7158,Eye Hit,Center,690.5779,809.0499,49.92485,NorthCarSignal,-2.054488,1.19056,49.92485,2.723042
1742842148222,131.9978,7160,Eye Hit,Center,691.4569,809.6226,49.92617,NorthCarSignal,-1.993159,1.230584,49.92617,2.686204
1742842148254,132.0289,7162,,Center,694.8908,803.7399,49.94323,,-1.753972,0.8200808,49.94323,2.220172
1742842148284,132.0604,7164,,Center,697.1265,802.7268,49.94939,,-1.597996,0.7494006,49.94939,2.023714
1742842148316,132.0924,7166,,Center,705.9987,748.0728,49.87693,,-0.9767446,-3.064404,49.87693,3.689606
1742842148348,132.1233,7168,,Center,723.4106,656.5099,49.10565,,0.2342454,-9.305763,49.10565,10.7339
1742842148378,132.1532,7170,,Center,730.8275,621.4911,48.61133,,0.7361736,-11.59305,48.61133,13.43964
1742842148410,132.1847,7172,,Center,734.9128,621.9074,48.61302,,1.013965,-11.56514,48.61302,13.4315
1742842148442,132.2165,7174,,Center,742.2745,623.9691,48.6316,,1.515089,-11.42933,48.6316,13.33714
1742842148472,132.247,7176,,Center,747.3856,624.6672,48.63062,,1.862713,-11.38161,48.63062,13.34155
1742842148503,132.2777,7178,,Center,749.2363,631.7381,48.73059,,1.99268,-10.92308,48.73059,12.83581
1742842148535,132.3095,7180,,Center,758.0873,636.97,48.77848,,2.598491,-10.57687,48.77848,12.58669
1742842148549,132.3262,7181,,Center,760.99,637.8813,48.78041,,2.796638,-10.51511,48.78041,12.57421
1742842148581,132.3566,7183,,Center,764.079,637.9881,48.76979,,3.006734,-10.50553,48.76979,12.62911
1742842148612,132.3874,7185,,Center,763.04,637.8419,48.77206,,2.935999,-10.51599,48.77206,12.61825
1742842148643,132.4185,7187,Eye Hit,Center,770.9545,637.1761,48.72857,Truck1-Detailed,3.472795,-10.552,48.72857,12.8424
1742842148674,132.4482,7189,Eye Hit,Center,771.4442,636.7882,48.72083,Truck1-Detailed,3.505617,-10.57675,48.72083,12.88214
1742842148690,132.4659,7190,Eye Hit,Center,774.5651,639.0688,48.73677,Truck1-Detailed,3.719503,-10.42475,48.73677,12.79519
1742842148722,132.498,7192,Eye Hit,Center,782.3591,643.3892,48.75482,Truck1-Detailed,4.252362,-10.134,48.75482,12.70296
1742842148753,132.5278,7194,Eye Hit,Center,778.5839,642.8333,48.76817,Truck1-Detailed,3.99602,-10.17469,48.76817,12.63387
1742842148784,132.56,7196,Eye Hit,Center,779.5914,640.1456,48.7263,Truck1-Detailed,4.061251,-10.34913,48.7263,12.85269
1742842148818,132.5934,7198,Eye Hit,Center,780.3514,636.0436,48.66477,Truck1-Detailed,4.107855,-10.61526,48.66477,13.16446
1742842148849,132.6246,7200,Eye Hit,Center,778.5001,634.7091,48.65569,Truck1-Detailed,3.981103,-10.7041,48.65569,13.20937
1742842148881,132.6563,7202,Eye Hit,Center,777.1392,640.8578,48.74874,Truck1-Detailed,3.895924,-10.30533,48.74874,12.73487
1742842148914,132.6895,7204,Eye Hit,Center,776.9016,645.8069,48.81683,Truck1-Detailed,3.885144,-9.981811,48.81683,12.37556
1742842148946,132.721,7206,Eye Hit,Center,776.0234,646.1722,48.82642,Truck1-Detailed,3.825932,-9.958826,48.82642,12.3253
1742842148977,132.7524,7208,Eye Hit,Center,775.5897,645.1799,48.81563,Truck1-Detailed,3.795475,-10.02438,48.81563,12.38439
1742842149008,132.7829,7210,Eye Hit,Center,775.9004,642.8829,48.78347,Truck1-Detailed,3.814175,-10.1745,48.78347,12.55696
1742842149039,132.8134,7212,Eye Hit,Center,776.7178,642.1343,48.7689,Truck1-Detailed,3.868789,-10.22253,48.7689,12.63242
1742842149071,132.8466,7214,Eye Hit,Center,772.0783,641.3309,48.78103,Truck1-Detailed,3.553207,-10.27988,48.78103,12.56955
1742842149101,132.8763,7216,Eye Hit,Center,767.8975,641.1956,48.79863,Truck1-Detailed,3.269143,-10.29282,48.79863,12.47887
1742842149131,132.9071,7218,Eye Hit,Center,768.2355,642.924,48.82102,Truck1-Detailed,3.293717,-10.17952,48.82102,12.36096
1742842149162,132.9383,7220,Eye Hit,Center,771.1255,642.9555,48.80858,Truck1-Detailed,3.490169,-10.17478,48.80858,12.42851
1742842149193,132.9686,7222,Eye Hit,Center,770.8647,642.5325,48.80385,Truck1-Detailed,3.472032,-10.20267,48.80385,12.45269
1742842149224,132.9993,7224,Eye Hit,Center,766.1256,641.3691,48.80903,Truck1-Detailed,3.148872,-10.28317,48.80903,12.42591
1742842149256,133.0302,7226,Eye Hit,Center,765.7135,642.4671,48.82496,Truck1-Detailed,3.121759,-10.21155,48.82496,12.33638
1742842149286,133.0611,7228,Eye Hit,Center,765.8082,641.0786,48.80587,Truck1-Detailed,3.127007,-10.30234,48.80587,12.44004
1742842149318,133.094,7230,Eye Hit,Center,769.7228,643.1429,48.81713,Truck1-Detailed,3.395004,-10.16377,48.81713,12.38056
1742842149350,133.1259,7232,Eye Hit,Center,770.2871,645.3439,48.84444,Truck1-Detailed,3.435457,-10.01909,48.84444,12.23495
1742842149381,133.1564,7234,Eye Hit,Center,769.9303,644.7751,48.8387,Truck1-Detailed,3.41068,-10.05676,48.8387,12.26731
1742842149414,133.189,7236,Eye Hit,Center,770.9078,643.8846,48.82212,Truck1-Detailed,3.476274,-10.11416,48.82212,12.35595
1742842149445,133.2213,7238,Eye Hit,Center,772.0336,642.7685,48.80178,Truck1-Detailed,3.551672,-10.18613,48.80178,12.46472
1742842149476,133.25,7240,Eye Hit,Center,774.9143,643.514,48.79796,Truck1-Detailed,3.748004,-10.13445,48.79796,12.48551
1742842149508,133.2814,7242,Eye Hit,Center,775.0707,645.4841,48.82391,Truck1-Detailed,3.760676,-10.00531,48.82391,12.34859
1742842149522,133.2983,7243,Eye Hit,Center,776.0934,646.167,48.82757,Truck1-Detailed,3.8308,-9.959415,48.82757,12.32759
1742842149554,133.3285,7245,Eye Hit,Center,778.1895,648.8137,48.85129,Truck1-Detailed,3.975884,-9.783414,48.85129,12.19822
1742842149585,133.3611,7247,Eye Hit,Center,779.0737,652.2379,48.89098,Truck1-Detailed,4.039579,-9.557209,48.89098,11.98178
1742842149617,133.3933,7249,Eye Hit,Center,780.9063,653.4277,48.89617,Truck1-Detailed,4.165337,-9.476857,48.89617,11.95363
1742842149651,133.4243,7251,Eye Hit,Center,787.8596,655.6436,48.88287,Truck1-Detailed,4.639606,-9.322771,48.88287,12.02587
1742842149667,133.4413,7252,Eye Hit,Center,789.7704,665.7815,48.99329,Truck1-Detailed,4.781021,-8.649132,48.99329,11.40429
1742842149682,133.4583,7253,Eye Hit,Center,793.8364,666.7451,48.97721,Truck1-Detailed,5.057988,-8.580282,48.97721,11.49509
1742842149714,133.4895,7255,Eye Hit,Center,803.0424,668.3193,48.92881,Truck1-Detailed,5.682996,-8.464077,48.92881,11.76993
1742842149748,133.5214,7257,Eye Hit,Center,819.2176,671.1576,48.82578,Truck1-Detailed,6.775649,-8.252421,48.82578,12.33574
1742842149763,133.5388,7258,,Center,818.9602,671.3088,48.83005,,6.758661,-8.242819,48.83005,12.3143
1742842149795,133.5701,7260,Eye Hit,Center,770.6269,715.7336,49.57376,SW_Tree_30,3.510314,-5.288083,49.57376,7.296083
1742842149827,133.6029,7262,,Center,687.0807,816.0042,49.89672,,-2.297396,1.675223,49.89672,3.261468
1742842149858,133.6334,7264,Eye Hit,Center,582.6736,828.3664,49.01915,SW_Tree_10,-9.415268,2.493325,49.01915,11.23798
1742842149889,133.6639,7266,Eye Hit,Center,631.9655,844.0327,49.47059,SW_Tree_10,-6.091339,3.600284,49.47059,8.139791
1742842149921,133.6956,7268,Eye Hit,Center,639.0887,839.3592,49.54911,SW_Tree_10,-5.607354,3.282108,49.54911,7.470471
1742842149952,133.7274,7270,,Center,592.0597,831.0337,49.12005,,-8.789801,2.681705,49.12005,10.59686
1742842149985,133.7587,7272,,Center,595.6882,806.3678,49.22078,,-8.558032,0.9891255,49.22078,9.927769
1742842150017,133.792,7274,,Center,576.5361,767.2721,48.96284,,-9.824767,-1.693429,48.96284,11.50903
1742842150048,133.8233,7276,,Center,553.7711,745.9454,48.57333,,-11.29321,-3.128843,48.57333,13.56378
1742842150081,133.8546,7278,,Center,559.8748,743.946,48.6549,,-10.8968,-3.27016,48.6549,13.16095
1742842150096,133.8715,7279,,Center,553.5203,741.3281,48.55019,,-11.30486,-3.440889,48.55019,13.67956
1742842150127,133.9013,7281,,Center,548.1782,761.0053,48.54205,,-11.66566,-2.10435,48.54205,13.72303
1742842150156,133.9316,7283,,Center,536.3962,765.546,48.36839,,-12.42099,-1.789639,48.36839,14.54479
1742842150187,133.9622,7285,,Center,619.037,773.6891,49.45966,,-6.984356,-1.266702,49.45966,8.167147
1742842150216,133.9933,7287,,Center,603.8534,772.108,49.30348,,-8.009344,-1.371733,49.30348,9.35908
1742842150246,134.0225,7289,,Center,578.6682,752.9948,48.95237,,-9.676681,-2.670602,48.95237,11.58871
1742842150276,134.0507,7291,,Center,555.9584,742.4972,48.59745,,-11.15014,-3.364775,48.59745,13.47722
1742842150305,134.0801,7293,,Center,545.9223,750.1566,48.47932,,-11.80355,-2.83724,48.47932,14.05839
1742842150333,134.1092,7295,,Center,592.9175,749.1824,49.12211,,-8.731235,-2.941796,49.12211,10.62316
1742842150362,134.1373,7297,,Center,656.7636,749.6328,49.69949,,-4.39574,-2.945062,49.69949,6.076929
1742842150391,134.1665,7299,,Center,671.6741,745.8189,49.76484,,-3.363689,-3.214397,49.76484,5.341151
1742842150420,134.1965,7301,,Center,696.3663,747.1148,49.85695,,-1.648052,-3.129981,49.85695,4.058302
1742842150449,134.2261,7303,,Center,738.348,747.3753,49.86974,,1.279792,-3.112615,49.86974,3.860772
1742842150480,134.256,7305,,Center,768.6405,746.2535,49.76736,,3.385756,-3.184313,49.76736,5.335608
1742842150509,134.2843,7307,,Center,777.5804,742.7692,49.70592,,4.003092,-3.422612,49.70592,6.048441
1742842150539,134.3144,7309,,Center,768.7035,739.5818,49.73568,,3.387983,-3.646392,49.73568,5.71498
1742842150572,134.3468,7311,Eye Hit,Center,694.9803,723.2982,49.72417,HighFemale2,-1.740056,-4.778025,49.72417,5.839021
1742842150602,134.3777,7313,,Center,689.7791,721.3933,49.69722,,-2.100643,-4.907843,49.69722,6.131238
1742842150632,134.408,7315,,Center,708.0177,722.2281,49.73989,,-0.8336008,-4.853983,49.73989,5.65475
1742842150667,134.4386,7317,,Center,743.9599,727.5125,49.75386,,1.667342,-4.487609,49.75386,5.49608
1742842150683,134.4583,7318,,Center,752.299,727.6962,49.73277,,2.2467,-4.472931,49.73277,5.747332
1742842150714,134.4889,7320,,Center,759.0589,728.9304,49.71716,,2.716058,-4.385702,49.71716,5.923774
1742842150744,134.5181,7322,,Center,781.4751,735.1656,49.64505,,4.268627,-3.946391,49.64505,6.678848
1742842150776,134.5502,7324,,Center,789.6044,725.7791,49.53899,,4.822772,-4.588333,49.53899,7.653194
1742842150808,134.5823,7326,,Center,820.2851,724.0483,49.28249,,6.912608,-4.683881,49.28249,9.6164
1742842150838,134.6134,7328,,Center,832.0195,721.0235,49.14663,,7.700164,-4.878891,49.14663,10.50781
1742842150868,134.6436,7330,,Center,838.4375,719.5672,49.06813,,8.128337,-4.971046,49.06813,10.9888
1742842150899,134.6737,7332,,Center,857.4024,709.4897,48.77415,,9.373396,-5.628736,48.77415,12.63498
1742842150929,134.7046,7334,,Center,863.2442,707.4694,48.68433,,9.75392,-5.755936,48.68433,13.09599
1742842150960,134.7344,7336,,Center,816.5954,714.0905,49.24688,,6.653468,-5.366386,49.24688,9.846863
1742842150990,134.7666,7338,,Center,665.8416,718.8004,49.58042,,-3.755683,-5.076119,49.58042,7.257987
1742842151008,134.7887,7339,,Center,679.1287,716.6006,49.62497,,-2.836818,-5.233365,49.62497,6.840256
1742842151038,134.8131,7341,,Center,585.2782,714.8568,48.84197,,-9.203309,-5.269914,48.84197,12.25076
1742842151072,134.8448,7343,,Center,505.3313,711.2507,47.59072,,-14.28907,-5.374948,47.59072,17.78564
1742842151086,134.8633,7344,,Center,515.7813,709.3619,47.76271,,-13.6426,-5.520551,47.76271,17.12576
1742842151116,134.8933,7346,,Center,426.9297,704.5133,45.95123,,-18.8357,-5.622794,45.95123,23.1603
1742842151148,134.9231,7348,,Center,411.0194,693.7754,45.51823,,-19.67114,-6.253435,45.51823,24.39292
1742842151177,134.9536,7350,,Center,410.8372,693.7021,45.5138,,-19.68082,-6.257491,45.5138,24.40593
1742842151212,134.9869,7352,,Center,438.0842,696.1686,46.13828,,-18.19255,-6.184182,46.13828,22.60996
1742842151242,135.0179,7354,,Center,437.4881,699.2179,46.14786,,-18.23481,-5.988647,46.14786,22.58256
1742842151273,135.0476,7356,,Center,448.6311,689.1309,46.31049,,-17.57731,-6.663113,46.31049,22.09267
1742842151304,135.0782,7358,,Center,450.8516,688.1386,46.34945,,-17.44814,-6.733048,46.34945,21.97428
1742842151336,135.1105,7360,,Center,458.1414,687.5435,46.49569,,-17.02913,-6.792992,46.49569,21.52013
1742842151366,135.1411,7362,,Center,460.4327,687.2594,46.54069,,-16.89646,-6.818059,46.54069,21.37984
1742842151397,135.1718,7364,,Center,459.0239,691.2142,46.5442,,-16.98945,-6.56112,46.5442,21.36998
1742842151428,135.2038,7366,,Center,457.8041,700.2748,46.58833,,-17.08504,-5.976939,46.58833,21.23197
1742842151459,135.2333,7368,,Center,504.3698,701.7844,47.50644,,-14.32765,-5.994415,47.50644,18.10391
1742842151490,135.2643,7370,,Center,504.0492,703.6091,47.51412,,-14.35127,-5.874125,47.51412,18.07485
1742842151521,135.2964,7372,,Center,502.8735,704.2066,47.49628,,-14.42399,-5.832228,47.49628,18.13738
1742842151551,135.3264,7374,,Center,502.3486,704.2845,47.4875,,-14.45618,-5.825976,47.4875,18.17049
1742842151581,135.3573,7376,,Center,502.6548,705.098,47.49931,,-14.43944,-5.773375,47.49931,18.128
1742842151611,135.3867,7378,,Center,502.7058,706.0269,47.50715,,-14.43843,-5.712606,47.50715,18.0997
1742842151641,135.4165,7380,,Center,501.6642,706.4628,47.49152,,-14.50287,-5.681772,47.49152,18.15831
1742842151671,135.4466,7382,,Center,500.6253,706.7838,47.47469,,-14.56671,-5.658446,47.47469,18.21986
1742842151700,135.4756,7384,,Center,499.902,705.8435,47.45491,,-14.60865,-5.718498,47.45491,18.29327
1742842151730,135.5062,7386,,Center,496.1772,705.5078,47.38381,,-14.83362,-5.732181,47.38381,18.55246
1742842151759,135.5337,7388,,Center,495.2918,705.9461,47.37069,,-14.88818,-5.701552,47.37069,18.60061
1742842151789,135.5643,7390,,Center,492.394,706.0758,47.3166,,-15.06295,-5.68646,47.3166,18.79206
1742842151818,135.5941,7392,,Center,491.1047,710.7267,47.32482,,-15.15091,-5.379598,47.32482,18.76414
1742842151848,135.6238,7394,,Center,484.6719,707.0624,47.17657,,-15.52791,-5.604533,47.17657,19.28635
1742842151878,135.6532,7396,,Center,484.7233,708.8724,47.19024,,-15.52902,-5.486691,47.19024,19.23943
1742842151908,135.682,7398,,Center,474.6356,709.9242,46.99925,,-16.1293,-5.395342,46.99925,19.89383
1742842151937,135.7117,7400,,Center,471.9236,709.5751,46.94299,,-16.28805,-5.411805,46.94299,20.08372
1742842151966,135.741,7402,,Center,465.6759,707.5139,46.80292,,-16.64843,-5.530586,46.80292,20.54738
1742842151996,135.7709,7404,,Center,465.1198,706.737,46.78664,,-16.67903,-5.5795,46.78664,20.6017
1742842152026,135.8004,7406,,Center,458.3633,706.786,46.64793,,-17.07041,-5.559762,46.64793,21.04979
1742842152041,135.8173,7407,,Center,455.4775,706.4464,46.5854,,-17.23556,-5.574436,46.5854,21.24844
1742842152070,135.8448,7409,,Center,447.2462,709.3116,46.43044,,-17.71277,-5.369828,46.43044,21.73401
1742842152100,135.8749,7411,,Center,443.3663,712.7654,46.36922,,-17.94104,-5.138752,46.36922,21.92357
1742842152130,135.9046,7413,,Center,435.5578,713.0649,46.20132,,-18.38067,-5.100792,46.20132,22.43443
1742842152160,135.9346,7415,Eye Hit,Center,528.96,694.7414,47.87714,SE_Tree_30,-12.79279,-6.51282,47.87714,16.69054
1742842152189,135.9645,7417,Eye Hit,Center,505.9109,695.8594,47.49018,SE_Tree_30,-14.22038,-6.385923,47.49018,18.17218
1742842152219,135.9948,7419,,Center,618.1356,698.796,49.07394,,-6.991755,-6.397324,49.07394,10.93004
1742842152249,136.0245,7421,,Center,696.3297,696.0445,49.50809,,-1.639052,-6.644448,49.50809,7.870283
1742842152278,136.0532,7423,Eye Hit,Center,719.5186,692.8813,49.50452,SouthSidewalk,-0.03333091,-6.862992,49.50452,7.892896
1742842152307,136.084,7425,Eye Hit,Center,709.728,693.3047,49.50308,SouthSidewalk,-0.7112108,-6.833477,49.50308,7.901446
1742842152337,136.1136,7427,Eye Hit,Center,665.2393,702.9642,49.45261,SouthSidewalk,-3.787659,-6.158385,49.45261,8.317675
1742842152366,136.1419,7429,Eye Hit,Center,604.8903,704.978,48.991,SouthSidewalk,-7.88753,-5.962908,48.991,11.41069
1742842152396,136.1716,7431,Eye Hit,Center,578.8324,703.4913,48.67518,SouthSidewalk,-9.610712,-6.025688,48.67518,13.11834
1742842152426,136.2016,7433,Eye Hit,Center,580.4635,702.9789,48.69215,SouthSidewalk,-9.502976,-6.062684,48.69215,13.03433
1742842152456,136.2313,7435,Eye Hit,Center,694.8471,707.7118,49.60371,SouthSidewalk,-1.745079,-5.847819,49.60371,7.013751
1742842152486,136.2614,7437,Eye Hit,Center,645.2881,704.5994,49.34291,SouthSidewalk,-5.156174,-6.031869,49.34291,9.136069
1742842152516,136.2914,7439,Eye Hit,Center,702.7848,707.746,49.61825,SouthSidewalk,-1.19472,-5.847161,49.61825,6.858469
1742842152547,136.321,7441,Eye Hit,Center,698.1475,705.8136,49.59333,SouthSidewalk,-1.515783,-5.978261,49.59333,7.088892
1742842152576,136.352,7443,Eye Hit,Center,671.8413,699.483,49.45321,SouthSidewalk,-3.331058,-6.39925,49.45321,8.299855
1742842152606,136.3806,7445,Eye Hit,Center,651.2034,695.453,49.30475,SouthSidewalk,-4.744259,-6.657948,49.30475,9.414673
1742842152636,136.4105,7447,Eye Hit,Center,638.5128,688.5214,49.15178,SouthSidewalk,-5.601978,-7.113814,49.15178,10.43803
1742842152666,136.4397,7449,Eye Hit,Center,617.3161,680.3459,48.89117,SouthSidewalk,-7.021754,-7.63516,48.89117,11.97864
1742842152695,136.4706,7451,Eye Hit,Center,605.1118,676.1089,48.72694,SouthSidewalk,-7.829923,-7.898273,48.72694,12.85716
1742842152724,136.4991,7453,Eye Hit,Center,557.0588,652.5913,47.87396,SouthSidewalk,-10.91046,-9.334739,47.87396,16.69554
1742842152753,136.5286,7455,Eye Hit,Center,551.7599,650.7334,47.77592,SouthSidewalk,-11.24221,-9.43977,47.77592,17.08029
1742842152781,136.5582,7457,Eye Hit,Center,545.3516,651.9592,47.69728,SouthSidewalk,-11.65121,-9.342455,47.69728,17.3856
1742842152810,136.5851,7459,Eye Hit,Center,541.1175,648.8498,47.59683,SouthSidewalk,-11.90855,-9.529779,47.59683,17.76785
1742842152839,136.6142,7461,Eye Hit,Center,532.901,644.7134,47.42017,SouthSidewalk,-12.40931,-9.768758,47.42017,18.42003
1742842152868,136.6443,7463,Eye Hit,Center,526.9655,645.1535,47.33126,SouthSidewalk,-12.77897,-9.721305,47.33126,18.73864
1742842152896,136.6721,7465,Eye Hit,Center,527.2867,645.9238,47.34605,SouthSidewalk,-12.7617,-9.67333,47.34605,18.68676
1742842152926,136.7012,7467,Eye Hit,Center,515.0137,641.7991,47.09472,SouthWalkingPole,-13.50237,-9.893676,47.09472,19.56703
1742842152955,136.7305,7469,Eye Hit,Center,512.5306,641.5681,47.04955,SouthWalkingPole,-13.65282,-9.899387,47.04955,19.71933
1742842152984,136.7598,7471,Eye Hit,Center,510.9084,631.3453,46.89344,SouthWalkingPole,-13.71392,-10.53704,46.89344,20.24422
1742842153013,136.7889,7473,Eye Hit,Center,503.2085,630.4872,46.751,SouthWalkingPole,-14.17575,-10.56114,46.751,20.71248
1742842153042,136.8168,7475,Eye Hit,Center,499.8986,624.8342,46.61986,SouthWalkingPole,-14.35181,-10.90012,46.61986,21.13503
1742842153071,136.8455,7477,Eye Hit,Center,489.4695,622.8509,46.4091,SouthSidewalk,-14.96389,-10.97958,46.4091,21.79741
1742842153103,136.8746,7479,Eye Hit,Center,482.638,621.8935,46.27253,SouthSidewalk,-15.36199,-11.00923,46.27253,22.21709
1742842153114,136.893,7480,Eye Hit,Center,476.4613,621.0336,46.14653,SouthSidewalk,-15.71882,-11.03475,46.14653,22.59624
1742842153143,136.9182,7482,Eye Hit,Center,470.829,618.2913,46.0043,SouthSidewalk,-16.03278,-11.17719,46.0043,23.01755
1742842153171,136.9473,7484,Eye Hit,Center,461.5123,618.1113,45.82292,SouthSidewalk,-16.56668,-11.14466,45.82292,23.5442
1742842153201,136.9751,7486,Eye Hit,Center,441.1342,616.7047,45.39841,HighFemale2,-17.70715,-11.13073,45.39841,24.73546
1742842153214,136.9925,7487,Eye Hit,Center,433.0075,615.3288,45.21359,HighFemale2,-18.14899,-11.17243,45.21359,25.23763
1742842153243,137.0197,7489,Eye Hit,Center,410.0937,619.1025,44.77383,HighFemale2,-19.40741,-10.82744,44.77383,26.39744
1742842153272,137.0479,7491,Eye Hit,Center,397.7395,615.1178,44.45472,SouthSidewalk,-20.03724,-10.99803,44.45472,27.21069
1742842153302,137.0772,7493,Eye Hit,Center,359.3878,608.8702,43.50957,SouthSidewalk,-21.94513,-11.1444,43.50957,29.4962
1742842153316,137.094,7494,Eye Hit,Center,333.165,605.0349,42.84861,SouthSidewalk,-23.18331,-11.20496,42.84861,31.00302
1742842153347,137.1224,7496,Eye Hit,Center,308.4445,608.2598,42.29039,SouthSidewalk,-24.3435,-10.86823,42.29039,32.22689
1742842153375,137.1513,7498,Eye Hit,Center,363.102,636.9081,43.90874,SouthSidewalk,-21.91836,-9.524739,43.90874,28.55835
1742842153405,137.18,7500,,Center,549.2463,693.5651,48.188,,-11.50858,-6.634387,48.188,15.41188
1742842153439,137.2143,7502,,Center,639.4318,711.1188,49.35717,,-5.561946,-5.583557,49.35717,9.072097
1742842153468,137.2444,7504,,Center,753.5223,748.2643,49.8311,,2.3364,-3.048243,49.8311,4.407223
1742842153498,137.2737,7506,,Center,801.999,756.3624,49.59166,,5.687617,-2.471892,49.59166,7.127969
1742842153528,137.3047,7508,,Center,863.7413,766.1345,48.96667,,9.844528,-1.771472,48.96667,11.54523
1742842153564,137.3349,7510,,Center,881.4601,767.0093,48.72101,,11.00257,-1.702973,48.72101,12.87204
1742842153579,137.3556,7511,,Center,862.5338,764.0845,48.97601,,9.763693,-1.912237,48.97601,11.48305
1742842153610,137.3856,7513,,Center,887.6357,733.0086,48.50191,,11.37203,-4.001848,48.50191,13.95856
1742842153647,137.4169,7515,,Center,886.1919,735.6794,48.53701,,11.28225,-3.823433,48.53701,13.78962
1742842153662,137.4383,7516,,Center,872.3594,742.5255,48.77007,,10.39287,-3.374798,48.77007,12.62872
1742842153695,137.4704,7518,,Center,840.3773,745.0712,49.18337,,8.280865,-3.228275,49.18337,10.24333
1742842153725,137.5004,7520,,Center,811.5477,739.9775,49.44721,,6.331434,-3.597874,49.44721,8.37794
1742842153760,137.5345,7522,,Center,779.7206,743.3804,49.69368,,4.150859,-3.379293,49.69368,6.147587
1742842153792,137.5663,7524,,Center,754.4331,737.5278,49.77986,,2.397414,-3.792639,49.77986,5.150352
1742842153823,137.598,7526,,Center,746.1066,741.8932,49.82662,,1.819385,-3.491974,49.82662,4.518394
1742842153856,137.63,7528,,Center,758.0463,739.512,49.77794,,2.648883,-3.654345,49.77794,5.180886
1742842153871,137.6475,7529,Eye Hit,Center,865.2016,735.247,48.83485,Truck1-Detailed,9.917771,-3.876427,48.83485,12.3008
1742842153904,137.6781,7531,Eye Hit,Center,875.5791,732.6275,48.68018,Truck1-Detailed,10.59294,-4.042504,48.68018,13.111
1742842153936,137.7098,7533,Eye Hit,Center,858.024,730.7996,48.90497,Truck1-Detailed,9.441052,-4.1862,48.90497,11.92425
1742842153953,137.7268,7534,Eye Hit,Center,849.1085,729.4717,49.00737,Truck1-Detailed,8.849711,-4.285991,49.00737,11.34531
1742842153985,137.76,7536,Eye Hit,Center,839.3188,727.3615,49.10794,Truck1-Detailed,8.195464,-4.439723,49.10794,10.74699
1742842154018,137.7935,7538,Eye Hit,Center,823.9926,726.4711,49.2624,Truck1-Detailed,7.165246,-4.515035,49.2624,9.754876
1742842154053,137.8268,7540,Eye Hit,Center,806.9906,722.319,49.38928,Truck1-Detailed,6.009217,-4.813491,49.38928,8.860601
1742842154085,137.861,7542,Eye Hit,Center,808.9257,721.2758,49.36658,Truck1-Detailed,6.140072,-4.883305,49.36658,9.029764
1742842154118,137.892,7544,Eye Hit,Center,820.5395,732.2516,49.33044,Truck1-Detailed,6.936887,-4.12244,49.33044,9.290052
1742842154134,137.9091,7545,Eye Hit,Center,823.3777,734.6771,49.31669,Truck1-Detailed,7.130722,-3.953984,49.31669,9.387891
1742842154167,137.9406,7547,Eye Hit,Center,827.9546,735.0352,49.27331,Truck1-Detailed,7.439876,-3.925826,49.27331,9.688358
1742842154183,137.9585,7548,Eye Hit,Center,826.2792,733.8789,49.28451,Truck1-Detailed,7.326077,-4.006427,49.28451,9.616011
1742842154219,137.9905,7550,Eye Hit,Center,813.1408,722.4452,49.33945,Truck1-Detailed,6.427575,-4.799924,49.33945,9.234823
1742842154234,138.0092,7551,Eye Hit,Center,807.5229,720.3077,49.37226,Truck1-Detailed,6.043907,-4.950723,49.37226,8.991977
1742842154267,138.0409,7553,Eye Hit,Center,805.377,718.5477,49.37767,Truck1-Detailed,5.896364,-5.07281,49.37767,8.951945
1742842154285,138.058,7554,Eye Hit,Center,804.1072,715.1215,49.36422,Truck1-Detailed,5.807088,-5.307989,49.36422,9.055405
1742842154301,138.0757,7555,Eye Hit,Center,801.9307,710.9703,49.35012,Truck1-Detailed,5.655199,-5.593008,49.35012,9.155686
1742842154318,138.0928,7556,Eye Hit,Center,800.6425,707.0395,49.33003,Truck1-Detailed,5.564013,-5.861942,49.33003,9.304553
1742842154352,138.127,7558,Eye Hit,Center,797.0348,702.0586,49.31567,Truck1-Detailed,5.313547,-6.203797,49.31567,9.404667
1742842154388,138.1618,7560,Eye Hit,Center,797.2259,698.271,49.28227,Truck1-Detailed,5.323124,-6.460672,49.28227,9.640309
1742842154405,138.1786,7561,,Center,830.3278,792.3595,49.40142,,7.623199,0.02484189,49.40142,8.772255
1742842154421,138.1964,7562,,Center,828.3563,789.0064,49.42192,,7.490088,-0.2069298,49.42192,8.621062
1742842154458,138.2311,7564,Eye Hit,Center,827.7899,888.8513,48.98941,NorthCarSignal,7.38573,6.636219,48.98941,11.4575
1742842154474,138.2481,7565,Eye Hit,Center,827.0922,895.2419,48.93674,NorthCarSignal,7.330033,7.066494,48.93674,11.75306
1742842154491,138.2648,7566,Eye Hit,Center,824.8947,891.3498,48.99469,NorthCarSignal,7.188123,6.808147,48.99469,11.42408
1742842154511,138.282,7567,Eye Hit,Center,819.5057,888.2631,49.07299,NorthCarSignal,6.829726,6.60717,49.07299,10.95927
1742842154527,138.3013,7568,Eye Hit,Center,811.9431,886.6652,49.15371,NorthCarSignal,6.321038,6.508178,49.15371,10.45773
1742842154544,138.3185,7569,Eye Hit,Center,807.991,883.3618,49.21582,NorthCarSignal,6.05698,6.289012,49.21582,10.06028
1742842154581,138.352,7571,Eye Hit,Center,801.6227,881.4642,49.28219,NorthCarSignal,5.626181,6.166692,49.28219,9.613701
1742842154597,138.3716,7572,Eye Hit,Center,801.7432,884.5854,49.25404,NorthCarSignal,5.631275,6.37819,49.25404,9.800825
1742842154616,138.3884,7573,Eye Hit,Center,797.1367,881.7064,49.31315,NorthCarSignal,5.320309,6.187268,49.31315,9.395926
1742842154631,138.4059,7574,Eye Hit,Center,796.3691,844.6976,49.56772,NorthCarSignal,5.294552,3.653446,49.56772,7.394305
1742842154666,138.4402,7576,Eye Hit,Center,790.7494,834.576,49.65295,NorthCarSignal,4.913383,2.956805,49.65295,6.58794
1742842154684,138.4581,7577,Eye Hit,Center,786.6545,833.3273,49.68507,NorthCarSignal,4.631996,2.871941,49.68507,6.259902
1742842154716,138.4913,7579,Eye Hit,Center,773.2406,836.1198,49.75058,NorthCarSignal,3.704708,3.070046,49.75058,5.523964
1742842154752,138.5255,7581,Eye Hit,Center,762.4813,833.6412,49.81006,NorthCarSignal,2.959564,2.901036,49.81006,4.756169
1742842154768,138.543,7582,,Center,752.3877,817.6149,49.89874,,2.260386,1.787704,49.89874,3.305412
1742842154804,138.5751,7584,,Center,747.0768,816.5812,49.91634,,1.890393,1.716163,49.91634,2.928105
1742842154820,138.5951,7585,,Center,743.6206,817.2108,49.92318,,1.649325,1.760363,49.92318,2.766403
1742842154859,138.6288,7587,,Center,736.8498,797.1714,49.96538,,1.177541,0.3614031,49.96538,1.412223
1742842154875,138.6508,7588,,Center,739.1511,721.4415,49.72136,,1.331836,-4.906876,49.72136,5.838685
1742842154910,138.6843,7590,Eye Hit,Center,729.7214,629.5366,48.73399,SW_Tree_50,0.6626309,-11.07389,48.73399,12.82417
1742842154945,138.7184,7592,Eye Hit,Center,693.6588,591.5638,48.09485,Jeep2-Detailed,-1.771931,-13.48303,48.09485,15.78842
1742842154962,138.7356,7593,Eye Hit,Center,697.9039,590.5143,48.08563,Jeep2-Detailed,-1.486087,-13.55103,48.08563,15.82802
1742842154978,138.7529,7594,Eye Hit,Center,695.6181,590.8738,48.08711,Jeep2-Detailed,-1.639868,-13.52727,48.08711,15.821
1742842155016,138.7944,7596,Eye Hit,Center,686.006,594.0577,48.11792,Jeep2-Detailed,-2.287822,-13.32166,48.11792,15.69046
1742842155046,138.8226,7598,Eye Hit,Center,673.5892,593.0518,48.05725,Jeep2-Detailed,-3.119545,-13.37248,48.05725,15.94638
1742842155086,138.859,7600,Eye Hit,Center,667.2758,588.7273,47.95471,Jeep2-Detailed,-3.536338,-13.634,47.95471,16.36846
1742842155101,138.8763,7601,Eye Hit,Center,663.5287,586.3364,47.89528,Jeep2-Detailed,-3.782975,-13.77726,47.89528,16.60988
1742842155123,138.8936,7602,Eye Hit,Center,659.8057,587.7408,47.901,Jeep2-Detailed,-4.032855,-13.68482,47.901,16.58548
1742842155140,138.9134,7603,Eye Hit,Center,659.7037,589.9366,47.93921,Jeep2-Detailed,-4.042914,-13.54851,47.93921,16.43253
1742842155157,138.9311,7604,Eye Hit,Center,658.4428,590.5867,47.94373,Jeep2-Detailed,-4.127844,-13.50619,47.94373,16.41353
1742842155196,138.9687,7606,Eye Hit,Center,647.0532,589.674,47.86237,Jeep2-Detailed,-4.883297,-13.54437,47.86237,16.74217
1742842155213,138.9867,7607,Eye Hit,Center,646.8392,590.588,47.87669,Jeep2-Detailed,-4.899093,-13.48722,47.87669,16.68433
1742842155248,139.0204,7609,Eye Hit,Center,643.7519,617.2447,48.29307,Jeep2-Detailed,-5.150233,-11.80397,48.29307,14.93192
1742842155265,139.0387,7610,Eye Hit,Center,646.4742,616.4598,48.29918,Jeep2-Detailed,-4.966982,-11.85849,48.29918,14.90585
1742842155283,139.0557,7611,Eye Hit,Center,647.2591,617.664,48.3227,Jeep2-Detailed,-4.91635,-11.78287,48.3227,14.79998
1742842155298,139.0731,7612,Eye Hit,Center,643.3214,616.8778,48.28491,Jeep2-Detailed,-5.178435,-11.82675,48.28491,14.96998
1742842155335,139.108,7614,Eye Hit,Center,640.0986,619.2101,48.29864,Jeep2-Detailed,-5.39762,-11.67256,48.29864,14.90981
1742842155352,139.1263,7615,Eye Hit,Center,641.0125,620.2718,48.32116,Jeep2-Detailed,-5.338368,-11.60625,48.32116,14.80897
1742842155387,139.1604,7617,Eye Hit,Center,639.3142,622.8494,48.34838,Jeep2-Detailed,-5.45622,-11.43848,48.34838,14.68805
1742842155406,139.1781,7618,Eye Hit,Center,639.1938,623.0468,48.35086,Jeep2-Detailed,-5.464643,-11.42572,48.35086,14.67859
1742842155421,139.1968,7619,Eye Hit,Center,641.8511,624.7936,48.39567,Jeep2-Detailed,-5.289839,-11.31807,48.39567,14.47477
1742842155458,139.2291,7621,Eye Hit,Center,648.4033,640.4026,48.66299,Jeep2-Detailed,-4.873093,-10.31819,48.66299,13.19693
1742842155474,139.2483,7622,Eye Hit,Center,648.0024,657.3452,48.8809,Jeep2-Detailed,-4.922324,-9.206062,48.8809,12.05542
1742842155508,139.2807,7624,Eye Hit,Center,650.953,702.8804,49.37373,SW_Tree_30,-4.768192,-6.154352,49.37373,8.960743
1742842155527,139.2984,7625,Eye Hit,Center,657.039,705.0547,49.43064,SW_Tree_30,-4.352922,-6.011118,49.43064,8.538792
1742842155544,139.3173,7626,Eye Hit,Center,670.0026,764.3679,49.82596,SW_Tree_30,-3.484301,-1.925671,49.82596,4.568147
1742842155561,139.3342,7627,Eye Hit,Center,665.4234,761.5308,49.7947,SW_Tree_30,-3.801041,-2.122054,49.7947,4.996379
1742842155577,139.3509,7628,Eye Hit,Center,667.3845,761.9861,49.8069,SW_Tree_30,-3.665356,-2.090859,49.8069,4.842702
1742842155613,139.3864,7630,,Center,666.1558,829.0212,49.7792,,-3.748862,2.577571,49.7792,5.221947
1742842155630,139.4034,7631,,Center,676.7294,828.502,49.83046,,-3.01579,2.544047,49.83046,4.527185
1742842155646,139.4206,7632,,Center,677.461,829.6773,49.83021,,-2.964784,2.625945,49.83021,4.544287
1742842155680,139.4525,7634,Eye Hit,Center,684.9493,717.4662,49.66088,SW_Tree_30,-2.434581,-5.177029,49.66088,6.571458
1742842155697,139.4709,7635,Eye Hit,Center,682.1205,680.637,49.32558,Jeep2-Detailed,-2.613302,-7.682912,49.32558,9.34277
1742842155713,139.4888,7636,Eye Hit,Center,681.2374,681.1879,49.32945,Jeep2-Detailed,-2.674432,-7.645505,49.32945,9.32464
1742842155748,139.5222,7638,Eye Hit,Center,676.6769,678.3613,49.28237,Jeep2-Detailed,-2.986237,-7.833045,49.28237,9.653657
1742842155780,139.5544,7640,Eye Hit,Center,674.0548,676.281,49.2508,Jeep2-Detailed,-3.164947,-7.97133,49.2508,9.878583
1742842155815,139.5884,7642,Eye Hit,Center,672.8553,676.1677,49.24459,Jeep2-Detailed,-3.247164,-7.978129,49.24459,9.921548
1742842155833,139.6061,7643,Eye Hit,Center,663.6104,675.5502,49.19311,Jeep2-Detailed,-3.879862,-8.01228,49.19311,10.25755
1742842155849,139.6249,7644,Eye Hit,Center,662.5712,675.8584,49.19254,Jeep2-Detailed,-3.951314,-7.99098,49.19254,10.2715
1742842155884,139.6582,7646,Eye Hit,Center,657.3369,675.5599,49.15998,Jeep2-Detailed,-4.308603,-8.006214,49.15998,10.47822
1742842155920,139.6944,7648,Eye Hit,Center,655.1583,676.3004,49.15671,Jeep2-Detailed,-4.458103,-7.954767,49.15671,10.50922
1742842155938,139.7113,7649,Eye Hit,Center,653.9933,672.9489,49.11113,Jeep2-Detailed,-4.533994,-8.177606,49.11113,10.77969
1742842155954,139.7294,7650,Eye Hit,Center,652.4548,672.8505,49.10224,Jeep2-Detailed,-4.638835,-8.182882,49.10224,10.84451
1742842155991,139.7639,7652,Eye Hit,Center,643.0195,670.7816,49.0178,Jeep2-Detailed,-5.277734,-8.310655,49.0178,11.35636
1742842156007,139.781,7653,Eye Hit,Center,643.637,671.1844,49.02456,Jeep2-Detailed,-5.236117,-8.284184,49.02456,11.30469
1742842156028,139.7983,7654,Eye Hit,Center,640.0729,670.4379,48.99421,Jeep2-Detailed,-5.477115,-8.330205,48.99421,11.50172
1742842156046,139.8194,7655,Eye Hit,Center,634.6541,668.1724,48.92513,Jeep2-Detailed,-5.840196,-8.473489,48.92513,11.87871
1742842156063,139.8372,7656,Eye Hit,Center,631.9548,670.72,48.9299,Jeep2-Detailed,-6.025498,-8.299972,48.9299,11.83871
1742842156103,139.8738,7658,Eye Hit,Center,628.7476,672.8319,48.92803,Jeep2-Detailed,-6.244748,-8.155125,48.92803,11.85593
1742842156119,139.894,7659,Eye Hit,Center,626.3453,671.9449,48.89976,Jeep2-Detailed,-6.405445,-8.211081,48.89976,12.02248
1742842156157,139.931,7661,,Center,705.2504,757.0903,49.92767,,-1.029992,-2.437814,49.92767,3.03422
1742842156196,139.9658,7663,,Center,704.3468,832.9818,49.90427,,-1.092581,2.860498,49.90427,3.511177
1742842156212,139.9863,7664,,Center,683.4254,842.834,49.8045,,-2.547775,3.541078,49.8045,5.005781
1742842156230,140.0032,7665,,Center,674.4543,843.7606,49.76169,,-3.169973,3.60253,49.76169,5.508119
1742842156250,140.0213,7666,,Center,670.0082,841.2058,49.75708,,-3.479099,3.424397,49.75708,5.603326
1742842156268,140.0412,7667,,Center,671.8831,841.5376,49.76166,,-3.348925,3.447804,49.76166,5.517113
1742842156286,140.0592,7668,,Center,670.7392,839.1036,49.76907,,-3.429051,3.278887,49.76907,5.445465
1742842156321,140.0934,7670,,Center,663.4363,835.9162,49.7463,,-3.935606,3.055612,49.7463,5.719608
1742842156339,140.1108,7671,,Center,665.0096,837.6946,49.74446,,-3.825998,3.179231,49.74446,5.710657
1742842156355,140.1295,7672,,Center,663.7676,835.6727,49.74782,,-3.912673,3.038763,49.74782,5.687065
1742842156391,140.1628,7674,,Center,664.3275,833.5536,49.75966,,-3.874636,2.892003,49.75966,5.549767
1742842156407,140.1813,7675,,Center,681.9811,818.6061,49.88683,,-2.652764,1.856435,49.88683,3.713517
1742842156425,140.1982,7676,,Center,681.2322,817.7403,49.88747,,-2.705054,1.796049,49.88747,3.723995
1742842156443,140.2156,7677,,Center,689.9396,801.9426,49.94186,,-2.099776,0.6945099,49.94186,2.535667
1742842156460,140.2337,7678,,Center,688.7336,799.6691,49.94257,,-2.184046,0.5357105,49.94257,2.578229
1742842156493,140.2672,7680,,Center,698.3291,807.2837,49.95436,,-1.514132,1.067861,49.95436,2.124122
1742842156528,140.3006,7682,,Center,698.7583,804.9787,49.9615,,-1.484353,0.9069408,49.9615,1.994
1742842156546,140.3192,7683,,Center,697.0032,808.7471,49.9501,,-1.606635,1.170009,49.9501,2.278643
1742842156563,140.3371,7684,,Center,698.182,810.563,49.94764,,-1.524202,1.296807,49.94764,2.294478
1742842156595,140.3685,7686,,Center,701.5172,811.7402,49.95119,,-1.291297,1.379147,49.95119,2.166092
1742842156612,140.3854,7687,,Center,703.0714,811.0747,49.9567,,-1.182845,1.332798,49.9567,2.042868
1742842156630,140.4028,7688,,Center,704.7974,808.5532,49.96209,,-1.062358,1.156738,49.96209,1.800376
1742842156646,140.4206,7689,,Center,706.5028,807.9654,49.96599,,-0.9432576,1.115748,49.96599,1.674913
1742842156682,140.4521,7691,,Center,710.9352,806.6352,49.9723,,-0.6335811,1.022916,49.9723,1.379417
1742842156700,140.4726,7692,,Center,711.7239,810.7042,49.96492,,-0.5783702,1.307127,49.96492,1.638769
1742842156716,140.491,7693,,Center,715.1157,810.3898,49.96798,,-0.3413543,1.285234,49.96798,1.524441
1742842156749,140.5231,7695,,Center,721.2341,811.4832,49.96585,,0.08624367,1.361592,49.96585,1.56398
1742842156783,140.558,7697,,Center,729.1495,806.6688,49.96894,,0.6394532,1.025197,49.96894,1.38508
1742842156816,140.5906,7699,,Center,737.0287,777.9574,49.95872,,1.189889,-0.9812309,49.95872,1.76835
1742842156852,140.627,7701,,Center,739.7974,684.8989,49.41117,,1.368193,-7.401707,49.41117,8.661635
1742842156886,140.6608,7703,,Center,737.7526,593.4689,48.14411,,1.195414,-13.36856,48.14411,15.57773
1742842156923,140.6974,7705,Eye Hit,Center,743.113,588.3927,48.04408,RoadWest,1.553135,-13.68189,48.04408,15.99266
1742842156956,140.7304,7707,Eye Hit,Center,742.0551,589.4652,48.06403,RoadWest,1.482665,-13.61547,48.06403,15.90502
1742842156992,140.7657,7709,Eye Hit,Center,760.6191,593.1221,48.07565,RoadWest,2.731295,-13.37287,48.07565,15.84954
1742842157009,140.7826,7710,,Center,765.6445,608.8844,48.32085,,3.084863,-12.37579,48.32085,14.78619
1742842157026,140.7999,7711,,Center,767.4513,609.4938,48.32203,,3.207055,-12.3349,48.32203,14.77535
1742842157061,140.8348,7713,,Center,775.3105,635.3926,48.67823,,3.765783,-10.66252,48.67823,13.0779
1742842157077,140.8524,7714,,Center,776.7334,637.0705,48.69304,,3.863835,-10.55149,48.69304,12.99443
1742842157114,140.8848,7716,,Center,782.4806,652.7942,48.86973,,4.270691,-9.515032,48.86973,12.04703
1742842157130,140.9055,7717,,Center,781.1339,656.3329,48.9231,,4.183206,-9.283278,48.9231,11.757
1742842157164,140.938,7719,,Center,779.527,659.8629,48.97504,,4.077574,-9.051332,48.97504,11.45877
1742842157180,140.955,7720,,Center,780.6392,662.1345,48.99418,,4.155382,-8.899202,48.99418,11.33546
1742842157214,140.9886,7722,,Center,781.3405,672.29,49.10495,,4.212944,-8.221834,49.10495,10.65483
1742842157246,141.0207,7724,,Center,788.8519,676.7141,49.10764,,4.729095,-7.918414,49.10764,10.63704
1742842157281,141.0533,7726,,Center,800.2826,679.7819,49.05845,,5.508687,-7.699978,49.05845,10.92299
1742842157298,141.0711,7727,,Center,800.7377,680.1237,49.06098,,5.540198,-7.676923,49.06098,10.92206
1742842157314,141.0894,7728,,Center,802.4236,682.3438,49.06823,,5.656719,-7.525693,49.06823,10.8612
1742842157346,141.1205,7730,,Center,804.0418,683.7234,49.06952,,5.767931,-7.431208,49.06952,10.85237
1742842157380,141.1559,7732,,Center,804.4764,694.6631,49.16758,,5.809342,-6.693747,49.16758,10.21858
1742842157414,141.1883,7734,,Center,804.7614,702.1498,49.23076,,5.836434,-6.186836,49.23076,9.80195
1742842157445,141.2191,7736,,Center,804.4546,699.6862,49.21239,,5.813136,-6.354096,49.21239,9.926105
1742842157463,141.2358,7737,,Center,829.5181,701.1298,48.99966,,7.505716,-6.227695,48.99966,11.25708
1742842157479,141.254,7738,,Center,829.3448,702.365,49.00825,,7.495147,-6.144121,49.00825,11.1862
1742842157511,141.2859,7740,,Center,829.8559,702.4255,49.0041,,7.529544,-6.139456,49.0041,11.21377
1742842157546,141.3174,7742,,Center,827.658,702.1092,49.02041,,7.381358,-6.163185,49.02041,11.09849
1742842157562,141.3358,7743,,Center,830.4154,705.4157,49.02391,,7.570954,-5.936904,49.02391,11.10339
1742842157578,141.3531,7744,,Center,831.6961,705.5969,49.00836,,7.656338,-5.922599,49.00836,11.17276
1742842157611,141.3852,7746,,Center,834.6755,709.5848,49.00873,,7.86062,-5.64929,49.00873,11.17308
1742842157646,141.4208,7748,,Center,843.6855,709.1108,48.90295,,8.459927,-5.669518,48.90295,11.76368
1742842157679,141.453,7750,,Center,851.9819,709.6706,48.81078,,9.010374,-5.620613,48.81078,12.27448
1742842157715,141.4905,7752,,Center,853.6929,708.8139,48.78017,,9.121464,-5.675535,48.78017,12.42019
1742842157749,141.523,7754,,Center,857.4474,710.3907,48.74657,,9.371161,-5.564123,48.74657,12.60267
1742842157785,141.5592,7756,,Center,859.3235,711.9288,48.73096,,9.496032,-5.457508,48.73096,12.66707
1742842157819,141.5944,7758,,Center,863.817,712.0242,48.67534,,9.791118,-5.444783,48.67534,12.96157
1742842157855,141.629,7760,,Center,871.578,713.9593,48.58266,,10.29984,-5.302925,48.58266,13.41205
1742842157872,141.6457,7761,,Center,875.3058,716.5599,48.55541,,10.54723,-5.123337,48.55541,13.57652
1742842157908,141.6787,7763,,Center,886.577,720.6191,48.41748,,11.28055,-4.833895,48.41748,14.22347
1742842157925,141.6992,7764,,Center,893.7775,723.0576,48.31963,,11.74438,-4.659323,48.31963,14.65389
1742842157958,141.7315,7766,,Center,917.2853,727.2232,47.96489,,13.23522,-4.345662,47.96489,16.19482
1742842157978,141.7484,7767,,Center,928.04,744.0474,47.86114,,13.92652,-3.21002,47.86114,16.62601
1742842157994,141.7684,7768,,Center,871.8416,749.149,48.78151,,10.35998,-2.923675,48.78151,12.44402
1742842158011,141.7852,7769,,Center,889.4973,753.4844,48.53738,,11.50673,-2.614726,48.53738,13.66426
1742842158029,141.8026,7770,,Center,761.9108,758.1519,49.81524,,2.920127,-2.358355,49.81524,4.309026
1742842158047,141.8197,7771,,Center,801.5435,765.5338,49.59286,,5.656158,-1.835793,49.59286,6.837588
1742842158064,141.8374,7772,,Center,706.2352,785.7584,49.94334,,-0.9615213,-0.4359999,49.94334,1.210792
1742842158082,141.8554,7773,,Center,730.2012,791.4587,49.94584,,0.7126254,-0.03781528,49.94584,0.8185275
1742842158117,141.8894,7775,Eye Hit,Center,680.2274,796.288,49.87238,Jeep2-Detailed,-2.774321,0.2991071,49.87238,3.202407
1742842158133,141.9075,7776,Eye Hit,Center,581.2208,781.0889,49.03675,Jeep2-Detailed,-9.518289,-0.748345,49.03675,11.01789
1742842158166,141.9416,7778,Eye Hit,Center,573.8773,738.5459,48.81812,Jeep2-Detailed,-9.977265,-3.649849,48.81812,12.27739
1742842158204,141.9762,7780,Eye Hit,Center,609.0759,738.6219,49.23582,Jeep2-Detailed,-7.638707,-3.675845,49.23582,9.769056
1742842158219,141.995,7781,Eye Hit,Center,641.7642,740.6804,49.53519,Jeep2-Detailed,-5.420411,-3.555576,49.53519,7.455747
1742842158256,142.0273,7783,Eye Hit,Center,700.0594,752.0387,49.86143,Jeep2-Detailed,-1.390645,-2.786872,49.86143,3.574291
1742842158273,142.0459,7784,Eye Hit,Center,702.5767,786.2851,49.94775,Jeep2-Detailed,-1.217191,-0.399244,49.94775,1.469137
1742842158289,142.0636,7785,Eye Hit,Center,734.6638,788.8898,49.95174,Jeep2-Detailed,1.024498,-0.2172978,49.95174,1.201056
1742842158326,142.0965,7787,Eye Hit,Center,804.0964,802.3915,49.61854,Jeep2-Detailed,5.836255,0.7211632,49.61854,6.759002
1742842158342,142.1165,7788,Eye Hit,Center,777.9464,798.0903,49.80495,Jeep2-Detailed,4.036567,0.424249,49.80495,4.659006
1742842158377,142.15,7790,Eye Hit,Center,808.7944,793.8552,49.59226,Jeep2-Detailed,6.159026,0.128684,49.59226,7.081056
1742842158395,142.1674,7791,Eye Hit,Center,825.6409,785.3489,49.43699,Jeep2-Detailed,7.304612,-0.459896,49.43699,8.421378
1742842158412,142.1853,7792,Eye Hit,Center,842.9636,786.4169,49.25119,Jeep2-Detailed,8.470446,-0.3845969,49.25119,9.768393
1742842158429,142.2026,7793,Eye Hit,Center,834.9461,783.7774,49.34146,Jeep2-Detailed,7.932665,-0.5674577,49.34146,9.156287
1742842158465,142.2354,7795,Eye Hit,Center,849.98,778.6561,49.16568,Jeep2-Detailed,8.938231,-0.9176074,49.16568,10.35672
1742842158482,142.2557,7796,Eye Hit,Center,863.1179,779.5544,49.00097,Jeep2-Detailed,9.808705,-0.8529708,49.00097,11.3611
1742842158514,142.289,7798,Eye Hit,Center,851.134,783.2173,49.15835,Jeep2-Detailed,9.016241,-0.6038627,49.15835,10.41601
1742842158547,142.3196,7800,Eye Hit,Center,866.0683,783.0737,48.96812,Jeep2-Detailed,10.0042,-0.611358,48.96812,11.56759
1742842158564,142.3382,7801,Eye Hit,Center,840.1968,784.9083,49.28927,Jeep2-Detailed,8.286252,-0.4888919,49.28927,9.559338
1742842158580,142.3555,7802,Eye Hit,Center,854.0905,785.3825,49.12556,Jeep2-Detailed,9.21337,-0.4546894,49.12556,10.63491
1742842158613,142.3878,7804,Eye Hit,Center,855.4521,780.5204,49.10537,Jeep2-Detailed,9.303097,-0.7884418,49.10537,10.76521
1742842158647,142.4228,7806,Eye Hit,Center,876.3221,783.6443,48.82962,Jeep2-Detailed,10.6762,-0.570663,48.82962,12.35025
1742842158682,142.4555,7808,Eye Hit,Center,875.5432,781.9495,48.83935,Jeep2-Detailed,10.62512,-0.6865464,48.83935,12.29839
1742842158697,142.4731,7809,Eye Hit,Center,860.7669,775.1234,49.03084,Jeep2-Detailed,9.653454,-1.157357,49.03084,11.21598
1742842158731,142.5067,7811,Eye Hit,Center,896.6255,776.4539,48.51637,Jeep2-Detailed,11.98546,-1.054926,48.51637,13.92804
1742842158749,142.524,7812,Eye Hit,Center,930.938,777.8511,47.93558,Jeep2-Detailed,14.14249,-0.9486255,47.93558,16.47263
1742842158784,142.5581,7814,Eye Hit,Center,973.8793,780.0627,47.10023,Jeep2-Detailed,16.72489,-0.7863973,47.10023,19.56948
1742842158803,142.5758,7815,Eye Hit,Center,931.4781,779.6926,47.92561,Jeep2-Detailed,14.17575,-0.8249834,47.92561,16.50387
1742842158819,142.595,7816,Eye Hit,Center,956.8319,784.0471,47.44803,Jeep2-Detailed,15.71706,-0.5277841,47.44803,18.33699
1742842158859,142.6318,7818,Eye Hit,Center,812.0502,801.0562,49.56301,Jeep2-Detailed,6.381094,0.6277909,49.56301,7.371343
1742842158882,142.6501,7819,Eye Hit,Center,686.4656,798.2853,49.91254,Jeep2-Detailed,-2.341065,0.4387826,49.91254,2.732085
1742842158910,142.673,7820,,Center,589.4351,784.1178,49.15009,,-8.9756,-0.5418556,49.15009,10.36753
1742842158929,142.7012,7821,Eye Hit,Center,494.7234,742.2952,47.55279,Truck1-Detailed,-14.98322,-3.30588,47.55279,17.88304
1742842158951,142.7207,7822,Eye Hit,Center,535.9932,745.5408,48.28915,Truck1-Detailed,-12.42786,-3.137866,48.28915,14.86578
1742842158979,142.7434,7823,,Center,468.5999,736.2719,47.0049,,-16.52805,-3.663788,47.0049,19.80694
1742842158998,142.7708,7824,Eye Hit,Center,424.9419,726.2164,46.01979,SportCar2-Detailed,-18.99175,-4.234239,46.01979,22.91958
1742842159021,142.7901,7825,Eye Hit,Center,455.9214,728.3757,46.701,SportCar2-Detailed,-17.24933,-4.155874,46.701,20.80306
1742842159041,142.8121,7826,,Center,437.5267,722.1441,46.27672,,-18.28323,-4.521458,46.27672,22.14567
1742842159063,142.8327,7827,,Center,458.8693,726.1653,46.74995,,-17.07466,-4.30476,46.74995,20.63951
1742842159082,142.8551,7828,,Center,483.7299,732.5843,47.29102,,-15.62789,-3.930003,47.29102,18.81658
1742842159105,142.8733,7829,,Center,508.0762,740.1182,47.78699,,-14.16453,-3.467667,47.78699,16.97025
1742842159123,142.8961,7830,,Center,512.0762,741.2151,47.86098,,-13.9187,-3.399612,47.86098,16.66581
1742842159146,142.9147,7831,Eye Hit,Center,528.9256,741.0811,48.1534,SportCar2-Detailed,-12.86893,-3.429405,48.1534,15.46012
1742842159165,142.9374,7832,Eye Hit,Center,527.3547,738.6631,48.1201,SportCar2-Detailed,-12.96576,-3.589777,48.1201,15.62006
1742842159187,142.9568,7833,Eye Hit,Center,532.3456,741.8984,48.21262,SportCar2-Detailed,-12.65413,-3.37851,48.21262,15.19813
1742842159207,142.9792,7834,Eye Hit,Center,541.2101,733.9323,48.32167,SportCar2-Detailed,-12.08364,-3.924545,48.32167,14.73108
1742842159223,142.9981,7835,Eye Hit,Center,542.4913,734.3804,48.34169,SportCar2-Detailed,-12.00202,-3.895877,48.34169,14.62931
1742842159262,143.0341,7837,Eye Hit,Center,554.4604,720.4979,48.44984,SportCar2-Detailed,-11.21779,-4.845337,48.44984,14.15531
1742842159285,143.0528,7838,Eye Hit,Center,557.3576,720.2775,48.486,SportCar2-Detailed,-11.02968,-4.863901,48.486,13.96172
1742842159304,143.0755,7839,Eye Hit,Center,558.9808,718.9818,48.50474,SportCar2-Detailed,-10.92383,-4.953682,48.50474,13.88979
1742842159327,143.0953,7840,Eye Hit,Center,558.7349,720.6499,48.50753,SportCar2-Detailed,-10.94114,-4.840793,48.50753,13.85525
1742842159345,143.1186,7841,Eye Hit,Center,560.3425,720.9545,48.53631,SportCar2-Detailed,-10.83849,-4.822986,48.53631,13.73483
1742842159370,143.1359,7842,Eye Hit,Center,559.7103,729.6446,48.58073,SportCar2-Detailed,-10.89137,-4.236929,48.58073,13.52594
1742842159387,143.161,7843,Eye Hit,Center,556.9171,731.1636,48.54667,SportCar2-Detailed,-11.07339,-4.130819,48.54667,13.68261
1742842159411,143.179,7844,Eye Hit,Center,555.5002,736.1782,48.5538,SportCar2-Detailed,-11.17124,-3.790876,48.5538,13.65632
1742842159430,143.202,7845,Eye Hit,Center,562.6041,737.6156,48.66726,SportCar2-Detailed,-10.71379,-3.701896,48.66726,13.11127
1742842159453,143.2213,7846,Eye Hit,Center,553.7899,741.8782,48.55556,SportCar2-Detailed,-11.2878,-3.403914,48.55556,13.64796
1742842159472,143.2445,7847,Eye Hit,Center,558.6321,740.5726,48.62408,SportCar2-Detailed,-10.97442,-3.49751,48.62408,13.32682
1742842159495,143.2628,7848,Eye Hit,Center,549.8004,744.3643,48.50632,SportCar2-Detailed,-11.54702,-3.231792,48.50632,13.88515
1742842159514,143.2853,7849,Eye Hit,Center,552.6923,742.99,48.54701,SportCar2-Detailed,-11.36034,-3.327821,48.54701,13.70361
1742842159537,143.3052,7850,Eye Hit,Center,548.2897,750.5251,48.51206,SportCar2-Detailed,-11.65089,-2.814156,48.51206,13.87821
1742842159556,143.3281,7851,Eye Hit,Center,544.4999,753.0103,48.46069,SportCar2-Detailed,-11.89542,-2.642726,48.46069,14.11442
1742842159578,143.3468,7852,Eye Hit,Center,548.1465,753.7537,48.52106,SportCar2-Detailed,-11.66277,-2.595567,48.52106,13.83361
1742842159597,143.3691,7853,Eye Hit,Center,567.0912,746.8552,48.77499,SportCar2-Detailed,-10.4314,-3.079766,48.77499,12.57095
1742842159620,143.3883,7854,Eye Hit,Center,563.8183,745.6956,48.72139,SportCar2-Detailed,-10.64297,-3.155401,48.72139,12.83537
1742842159639,143.4112,7855,Eye Hit,Center,589.319,750.4125,49.07787,SportCar2-Detailed,-8.970387,-2.854707,49.07787,10.85808
1742842159656,143.4291,7856,Eye Hit,Center,587.2647,750.493,49.05175,SportCar2-Detailed,-9.106547,-2.847666,49.05175,11.00754
1742842159675,143.4472,7857,Eye Hit,Center,589.4258,747.4142,49.06679,SportCar2-Detailed,-8.961031,-3.05983,49.06679,10.92279
1742842159694,143.4664,7858,Eye Hit,Center,586.7057,748.2459,49.03585,SportCar2-Detailed,-9.141938,-3.000855,49.03585,11.10158
1742842159718,143.4843,7859,Eye Hit,Center,585.6896,748.322,49.02461,SportCar2-Detailed,-9.209516,-2.99495,49.02461,11.17429
1742842159737,143.5089,7860,Eye Hit,Center,587.6264,742.0704,49.02348,SportCar2-Detailed,-9.076498,-3.42354,49.02348,11.19303
1742842159759,143.5286,7861,Eye Hit,Center,581.5089,742.7408,48.9479,SportCar2-Detailed,-9.481319,-3.372363,48.9479,11.61757
1742842159778,143.5506,7862,Eye Hit,Center,585.4128,740.7232,48.98946,SportCar2-Detailed,-9.221879,-3.51347,48.98946,11.38932
1742842159795,143.5693,7863,Eye Hit,Center,589.9868,739.5473,49.04144,SportCar2-Detailed,-8.917919,-3.597857,49.04144,11.09413
1742842159814,143.5865,7864,Eye Hit,Center,584.1417,738.9042,48.96453,SportCar2-Detailed,-9.304233,-3.636261,48.96453,11.53102
1742842159833,143.6058,7865,Eye Hit,Center,590.8715,736.8806,49.03832,SportCar2-Detailed,-8.856672,-3.78053,49.03832,11.10998
1742842159851,143.6245,7866,Eye Hit,Center,589.0221,736.7817,49.01447,SportCar2-Detailed,-8.97915,-3.785475,49.01447,11.24427
1742842159872,143.6421,7867,Eye Hit,Center,591.2967,740.1791,49.05923,SportCar2-Detailed,-8.831272,-3.555812,49.05923,10.98213
1742842159889,143.6631,7868,Eye Hit,Center,588.0953,739.0328,49.01419,SportCar2-Detailed,-9.042637,-3.63113,49.01419,11.24428
1742842159927,143.6976,7870,Eye Hit,Center,586.8945,733.4236,48.97071,SportCar2-Detailed,-9.116863,-4.012104,48.97071,11.4971
1742842159944,143.7181,7871,Eye Hit,Center,591.3398,733.0068,49.02383,SportCar2-Detailed,-8.821946,-4.045034,49.02383,11.19788
1742842159963,143.7352,7872,Eye Hit,Center,597.5719,733.0324,49.09803,SportCar2-Detailed,-8.407331,-4.049396,49.09803,10.76143
1742842159982,143.7542,7873,Eye Hit,Center,592.7288,732.986,49.04041,SportCar2-Detailed,-8.729653,-4.047827,49.04041,11.10126
1742842160001,143.7727,7874,Eye Hit,Center,598.0627,734.2429,49.11035,SportCar2-Detailed,-8.375727,-3.967266,49.11035,10.68682
1742842160024,143.7924,7875,Eye Hit,Center,594.0198,734.5917,49.0648,SportCar2-Detailed,-8.645405,-3.939652,49.0648,10.95891
1742842160043,143.8153,7876,Eye Hit,Center,604.7844,735.256,49.19037,SportCar2-Detailed,-7.926916,-3.904031,49.19037,10.18352
1742842160065,143.8333,7877,Eye Hit,Center,610.0411,732.4468,49.23129,SportCar2-Detailed,-7.571548,-4.100713,49.23129,9.920874
1742842160085,143.8569,7878,Eye Hit,Center,608.5583,732.4283,49.21568,SportCar2-Detailed,-7.671215,-4.100687,49.21568,10.02305
1742842160107,143.8758,7879,Eye Hit,Center,610.5907,729.8726,49.22329,SportCar2-Detailed,-7.532477,-4.277268,49.22329,9.980539
1742842160126,143.8981,7880,Eye Hit,Center,609.6234,728.7982,49.20702,SportCar2-Detailed,-7.59656,-4.349801,49.20702,10.08721
1742842160149,143.9164,7881,Eye Hit,Center,614.9336,722.2761,49.22103,SportCar2-Detailed,-7.233151,-4.800045,49.22103,10.00221
1742842160169,143.9395,7882,Eye Hit,Center,622.9681,721.7492,49.29435,SportCar2-Detailed,-6.689979,-4.843521,49.29435,9.511571
1742842160191,143.96,7883,Eye Hit,Center,621.6725,720.4894,49.27426,SportCar2-Detailed,-6.776541,-4.928374,49.27426,9.650908
1742842160210,143.9819,7884,Eye Hit,Center,631.5688,721.251,49.36674,SportCar2-Detailed,-6.105947,-4.885038,49.36674,9.000778
1742842160232,144.0014,7885,Eye Hit,Center,635.7501,720.4019,49.39567,SportCar2-Detailed,-5.820643,-4.94656,49.39567,8.790642
1742842160250,144.024,7886,Eye Hit,Center,635.2256,719.6962,49.38699,SportCar2-Detailed,-5.855854,-4.994434,49.38699,8.857696
1742842160274,144.0413,7887,Eye Hit,Center,635.718,718.5906,49.38395,SportCar2-Detailed,-5.821482,-5.070498,49.38395,8.885
1742842160292,144.0649,7888,Eye Hit,Center,635.0524,717.8122,49.37368,SportCar2-Detailed,-5.866234,-5.123197,49.37368,8.964251
1742842160316,144.0825,7889,Eye Hit,Center,639.3297,705.1984,49.31226,SportCar2-Detailed,-5.563927,-5.986807,49.31226,9.410727
1742842160334,144.1075,7890,Eye Hit,Center,639.983,704.6586,49.31282,SportCar2-Detailed,-5.518934,-6.024107,49.31282,9.407132
1742842160357,144.1256,7891,Eye Hit,Center,638.5421,703.0771,49.29012,SportCar2-Detailed,-5.615725,-6.130365,49.29012,9.573886
1742842160376,144.1483,7892,Eye Hit,Center,639.454,702.5861,49.29276,SportCar2-Detailed,-5.553158,-6.164545,49.29276,9.554441
1742842160398,144.1665,7893,Eye Hit,Center,640.999,696.0779,49.24825,SportCar2-Detailed,-5.441719,-6.607275,49.24825,9.859914
1742842160418,144.1902,7894,Eye Hit,Center,638.5283,695.3196,49.2238,SportCar2-Detailed,-5.609121,-6.656205,49.2238,10.02817
1742842160441,144.208,7895,Eye Hit,Center,636.452,693.4194,49.19085,RoadEast,-5.748217,-6.782483,49.19085,10.24494
1742842160459,144.2312,7896,Eye Hit,Center,630.0791,692.4769,49.13013,RoadEast,-6.179047,-6.838873,49.13013,10.62527
1742842160476,144.2494,7897,Eye Hit,Center,625.5982,690.4733,49.07422,RoadEast,-6.479575,-6.968613,49.07422,10.97359
1742842160496,144.2669,7898,Eye Hit,Center,617.9363,684.4399,48.94703,RoadEast,-6.987319,-7.363605,48.94703,11.71647
1742842160515,144.2872,7899,Eye Hit,Center,610.5517,681.7479,48.84983,RoadEast,-7.477991,-7.53291,48.84983,12.259
1742842160532,144.306,7900,Eye Hit,Center,606.0807,681.7501,48.80334,RoadEast,-7.776062,-7.52559,48.80334,12.50215
1742842160553,144.323,7901,Eye Hit,Center,588.7216,676.8882,48.56397,RoadEast,-8.917031,-7.818922,48.56397,13.7233
1742842160569,144.344,7902,Eye Hit,Center,576.0769,678.1161,48.42017,RoadEast,-9.746972,-7.712614,48.42017,14.39681
1742842160586,144.3612,7903,Eye Hit,Center,561.3142,676.0721,48.20353,RoadEast,-10.69867,-7.815914,48.20353,15.36914
1742842160621,144.3954,7905,Eye Hit,Center,517.7468,668.7995,47.45743,RoadEast,-13.42494,-8.177671,47.45743,18.32664
1742842160655,144.4292,7907,Eye Hit,Center,494.0958,673.0604,47.08162,RoadEast,-14.87608,-7.832325,47.08162,19.65073
1742842160672,144.4464,7908,Eye Hit,Center,537.3138,704.8693,48.09998,SouthSidewalk,-12.29033,-5.861772,48.09998,15.80628
1742842160706,144.4787,7910,,Center,657.5861,746.9574,49.69855,,-4.338482,-3.130977,49.69855,6.144493
1742842160722,144.4963,7911,,Center,633.0267,745.601,49.51804,,-6.023686,-3.213548,49.51804,7.85013
1742842160754,144.5292,7913,,Center,715.4705,769.94,49.95715,,-0.3164906,-1.541403,49.95715,1.804176
1742842160787,144.5626,7915,,Center,792.146,769.9926,49.70258,,5.015384,-1.529889,49.70258,6.022327
1742842160819,144.5945,7917,,Center,837.4119,761.4511,49.27075,,8.091225,-2.10522,49.27075,9.630617
1742842160852,144.6269,7919,,Center,871.1458,758.1957,48.8411,,10.3251,-2.309248,48.8411,12.22284
1742842160886,144.6594,7921,,Center,865.2092,752.5129,48.90081,,9.93169,-2.700751,48.90081,11.88579
1742842160902,144.6763,7922,,Center,859.0474,749.9372,48.97329,,9.524346,-2.881179,48.97329,11.48525
1742842160935,144.7086,7924,,Center,809.1238,738.345,49.45439,,6.16469,-3.711317,49.45439,8.278489
1742842160949,144.7255,7925,,Center,789.7171,733.994,49.57708,,4.834295,-4.022227,49.57708,7.229304
1742842160980,144.7554,7927,,Center,749.9799,732.6776,49.76167,,2.086593,-4.128825,49.76167,5.311277
1742842161009,144.7841,7929,,Center,713.064,727.9769,49.77639,,-0.4828853,-4.457309,49.77639,5.146775
1742842161039,144.8135,7931,,Center,686.7758,699.9713,49.51783,,-2.301066,-6.373789,49.51783,7.792436
1742842161067,144.8431,7933,,Center,697.3405,699.4546,49.54165,,-1.570121,-6.41266,49.54165,7.590679
1742842161095,144.871,7935,,Center,737.7073,729.4062,49.77282,,1.2327,-4.357492,49.77282,5.198631
1742842161124,144.9003,7937,,Center,743.9684,736.8607,49.80294,,1.669578,-3.840865,49.80294,4.806808
1742842161153,144.9298,7939,,Center,709.2405,728.3527,49.776,,-0.7490759,-4.431113,49.776,5.158904
1742842161182,144.9591,7941,,Center,709.7415,726.742,49.76705,,-0.7140654,-4.542433,49.76705,5.278823
1742842161212,144.9877,7943,,Center,677.0264,707.5565,49.54729,,-2.978066,-5.851927,49.54729,7.548967
1742842161241,145.0177,7945,,Center,649.6382,686.8288,49.21717,,-4.843581,-7.239798,49.21717,10.03648
1742842161271,145.0464,7947,,Center,647.35,689.3318,49.22646,,-5.00204,-7.068829,49.22646,9.977031
1742842161300,145.0755,7949,,Center,658.0944,699.7635,49.38935,,-4.276379,-6.37161,49.38935,8.831465
1742842161315,145.0922,7950,,Center,633.1711,697.5026,49.19603,,-5.974578,-6.502234,49.19603,10.17581
1742842161348,145.1231,7952,,Center,709.5903,714.2598,49.68078,,-0.7233363,-5.401905,49.68078,6.260497
1742842161377,145.153,7954,,Center,790.3931,717.4459,49.47108,,4.870734,-5.158645,49.47108,8.161279
1742842161408,145.1833,7956,,Center,802.534,724.0541,49.42832,,5.705868,-4.697344,49.42832,8.504061
1742842161423,145.2003,7957,,Center,780.7662,726.0528,49.58878,,4.214617,-4.573964,49.58878,7.148965
1742842161459,145.2351,7959,,Center,704.5364,723.3353,49.73901,,-1.075776,-4.776869,49.73901,5.622321
1742842161491,145.2657,7961,,Center,659.3527,705.4854,49.44328,,-4.194029,-5.982869,49.44328,8.406044
1742842161526,145.2978,7963,,Center,587.2604,712.3085,48.84839,,-9.069088,-5.444717,48.84839,12.21856
1742842161543,145.317,7964,,Center,566.3364,711.1305,48.56969,,-10.43877,-5.493675,48.56969,13.65111
1742842161575,145.3487,7966,,Center,573.4542,723.1683,48.74746,,-9.991673,-4.693033,48.74746,12.75953
1742842161606,145.3808,7968,,Center,673.219,733.8958,49.71025,,-3.252582,-4.039862,49.71025,5.956411
1742842161641,145.4148,7970,Eye Hit,Center,767.9711,732.3612,49.69495,Car2-Detailed,3.334302,-4.145282,49.69495,6.110258
1742842161657,145.4315,7971,Eye Hit,Center,751.2823,734.3537,49.76968,Car2-Detailed,2.17759,-4.012816,49.76968,5.24131
1742842161689,145.4637,7973,Eye Hit,Center,837.1747,716.5856,49.0559,SportCar2-Detailed,8.039665,-5.174385,49.0559,11.02857
1742842161724,145.4988,7975,Eye Hit,Center,856.8115,705.6383,48.74717,SportCar2-Detailed,9.327925,-5.888212,48.74717,12.75063
1742842161757,145.5307,7977,Eye Hit,Center,862.2462,703.5505,48.66287,SportCar2-Detailed,9.681696,-6.020135,48.66287,13.18548
1742842161793,145.5637,7979,Eye Hit,Center,832.1167,710.0819,49.06416,SportCar2-Detailed,7.693917,-5.621563,49.06416,10.99068
1742842161808,145.5842,7980,Eye Hit,Center,829.4326,712.8757,49.11301,SportCar2-Detailed,7.5172,-5.435251,49.11301,10.69588
1742842161841,145.6148,7982,Eye Hit,Center,818.0863,711.1359,49.20978,SportCar2-Detailed,6.75107,-5.565701,49.20978,10.08186
1742842161857,145.6322,7983,Eye Hit,Center,815.1318,704.4937,49.18455,SportCar2-Detailed,6.544363,-6.019785,49.18455,10.24765
1742842161891,145.666,7985,Eye Hit,Center,810.327,701.9617,49.20473,SportCar2-Detailed,6.216377,-6.196511,49.20473,10.11418
1742842161923,145.6987,7987,Eye Hit,Center,814.4037,700.3248,49.1557,SportCar2-Detailed,6.490466,-6.302874,49.1557,10.4287
1742842161958,145.7309,7989,Eye Hit,Center,786.2522,705.5891,49.41144,SportCar2-Detailed,4.578684,-5.971849,49.41144,8.659322
1742842161976,145.7489,7990,Eye Hit,Center,706.9863,709.2687,49.64148,Car2-Detailed,-0.9035623,-5.744174,49.64148,6.680962
1742842161991,145.7666,7991,Eye Hit,Center,702.7894,712.7578,49.66269,Car2-Detailed,-1.195468,-5.504267,49.66269,6.470691
1742842162024,145.7987,7993,Eye Hit,Center,709.2296,712.782,49.67117,Car2-Detailed,-0.7482526,-5.503528,49.67117,6.38024
1742842162058,145.8321,7995,Eye Hit,Center,717.4791,714.2554,49.68753,Car2-Detailed,-0.175192,-5.402947,49.68753,6.209115
1742842162075,145.8489,7996,Eye Hit,Center,718.1488,714.8631,49.69252,Car2-Detailed,-0.1286638,-5.36125,49.69252,6.159502
1742842162110,145.882,7998,Eye Hit,Center,723.4725,715.7879,49.69917,Car2-Detailed,0.2413783,-5.297683,49.69917,6.09072
1742842162125,145.9011,7999,Eye Hit,Center,733.9025,716.4379,49.69517,Car2-Detailed,0.9663186,-5.252075,49.69517,6.133443
1742842162158,145.9323,8001,Eye Hit,Center,739.4435,716.58,49.68775,Car2-Detailed,1.351252,-5.241416,49.68775,6.217067
1742842162192,145.9665,8003,Eye Hit,Center,737.8038,708.3019,49.62772,Car2-Detailed,1.235803,-5.80969,49.62772,6.824955
1742842162208,145.9839,8004,Eye Hit,Center,749.0873,709.5759,49.6126,Car2-Detailed,2.018401,-5.719511,49.6126,6.9699
1742842162243,146.016,8006,Eye Hit,Center,754.0724,710.2126,49.60282,Car2-Detailed,2.36386,-5.674216,49.60282,7.064248
1742842162257,146.0334,8007,Eye Hit,Center,759.2996,710.9233,49.59014,Car2-Detailed,2.725818,-5.623471,49.59014,7.182503
1742842162292,146.0653,8009,Eye Hit,Center,767.5926,714.2556,49.5813,Car2-Detailed,3.300428,-5.391379,49.5813,7.265741
1742842162309,146.0827,8010,Eye Hit,Center,764.4744,720.5564,49.63985,Car2-Detailed,3.087835,-4.960285,49.63985,6.713145
1742842162326,146.1001,8011,Eye Hit,Center,767.3441,721.4556,49.63348,Car2-Detailed,3.286652,-4.897223,49.63348,6.776621
1742842162358,146.1326,8013,Eye Hit,Center,767.822,719.4794,49.61774,Car2-Detailed,3.318775,-5.03282,49.61774,6.927501
1742842162377,146.1494,8014,Eye Hit,Center,767.3359,720.0088,49.62358,Car2-Detailed,3.285424,-4.996667,49.62358,6.871439
1742842162393,146.1679,8015,Eye Hit,Center,759.116,718.989,49.65041,Car2-Detailed,2.716381,-5.070189,49.65041,6.608239
1742842162426,146.2006,8017,Eye Hit,Center,755.5986,719.9873,49.66991,Car2-Detailed,2.473081,-5.002824,49.66991,6.410624
1742842162460,146.235,8019,Eye Hit,Center,756.3101,718.7571,49.65915,Car2-Detailed,2.521972,-5.08719,49.65915,6.522816
1742842162494,146.2673,8021,Eye Hit,Center,786.4225,727.4666,49.56924,Car2-Detailed,4.605113,-4.474143,49.56924,7.380414
1742842162511,146.2849,8022,Eye Hit,Center,788.2656,726.4319,49.55131,Car2-Detailed,4.731185,-4.544236,49.55131,7.541477
1742842162529,146.3022,8023,Eye Hit,Center,787.9356,724.1302,49.53897,Car2-Detailed,4.707141,-4.702583,49.53897,7.649757
1742842162546,146.3202,8024,Eye Hit,Center,789.5467,722.0086,49.51482,Car2-Detailed,4.816424,-4.847219,49.51482,7.857428
1742842162564,146.3391,8025,Eye Hit,Center,780.1313,716.4468,49.5341,Car2-Detailed,4.165983,-5.23444,49.5341,7.69164
1742842162599,146.3695,8027,Eye Hit,Center,778.4615,712.9434,49.51827,Car2-Detailed,4.049006,-5.475405,49.51827,7.830352
1742842162616,146.3909,8028,Eye Hit,Center,778.574,710.4296,49.49881,Car2-Detailed,4.055199,-5.64729,49.49881,7.995294
1742842162649,146.424,8030,Eye Hit,Center,775.2245,708.2493,49.49981,Car2-Detailed,3.823386,-5.798354,49.49981,7.987187
1742842162683,146.4568,8032,Eye Hit,Center,765.5541,698.5408,49.46487,Car2-Detailed,3.15164,-6.465945,49.46487,8.273911
1742842162700,146.4748,8033,Eye Hit,Center,759.5033,700.7014,49.50774,Car2-Detailed,2.735392,-6.321935,49.50774,7.921073
1742842162717,146.492,8034,Eye Hit,Center,758.6927,698.2162,49.48943,Car2-Detailed,2.678267,-6.491623,49.48943,8.076182
1742842162752,146.5255,8036,Eye Hit,Center,745.2548,689.77,49.45219,Car2-Detailed,1.746798,-7.070933,49.45219,8.37848
1742842162770,146.5434,8037,Eye Hit,Center,734.5888,685.392,49.42875,Car2-Detailed,1.008585,-7.370249,49.42875,8.558664
1742842162786,146.5607,8038,Eye Hit,Center,733.0259,679.0645,49.36585,Car2-Detailed,0.899384,-7.79776,49.36585,9.034745
1742842162822,146.5939,8040,Eye Hit,Center,729.9891,665.8252,49.2221,Car2-Detailed,0.6876979,-8.686516,49.2221,10.03895
1742842162839,146.6124,8041,,Center,772.8766,711.4883,49.53927,,3.663751,-5.578553,49.53927,7.672837
1742842162856,146.6301,8042,,Center,772.0966,702.1249,49.46834,,3.604542,-6.218414,49.46834,8.26705
1742842162873,146.6469,8043,,Center,869.5345,879.2983,48.58085,,10.1606,5.931761,48.58085,13.61381
1742842162906,146.6792,8045,Eye Hit,Center,890.3054,871.0024,48.34689,NorthCarSignal,11.51622,5.34222,48.34689,14.71266
1742842162924,146.6972,8046,Eye Hit,Center,887.4591,860.8909,48.45682,NorthCarSignal,11.3495,4.669061,48.45682,14.21212
1742842162939,146.714,8047,Eye Hit,Center,887.9433,871.127,48.38175,NorthCarSignal,11.36468,5.354506,48.38175,14.55609
1742842162972,146.745,8049,Eye Hit,Center,885.5184,854.8715,48.52103,NorthCarSignal,11.23283,4.266748,48.52103,13.90907
1742842162990,146.763,8050,Eye Hit,Center,880.6284,841.8774,48.65987,NorthCarSignal,10.93217,3.39459,48.65987,13.23794
1742842163006,146.7804,8051,,Center,871.3496,844.7977,48.7767,,10.3254,3.601971,48.7767,12.63662
1742842163023,146.7975,8052,,Center,868.7769,841.5815,48.82735,,10.16042,3.386067,48.82735,12.37134
1742842163060,146.8297,8054,Eye Hit,Center,855.2255,817.015,49.08834,NorthCarSignal,9.284319,1.717482,49.08834,10.88754
1742842163076,146.85,8055,Eye Hit,Center,858.0096,813.6,49.05922,NorthCarSignal,9.469842,1.482132,49.05922,11.0551
1742842163092,146.8668,8056,Eye Hit,Center,864.3929,817.1214,48.96733,NorthCarSignal,9.889291,1.720535,48.96733,11.58463
1742842163129,146.9005,8058,Eye Hit,Center,858.4039,815.8932,49.04898,NorthCarSignal,9.494917,1.639144,49.04898,11.11388
1742842163145,146.9192,8059,Eye Hit,Center,863.2731,814.749,48.98704,NorthCarSignal,9.816544,1.558678,48.98704,11.46965
1742842163162,146.9359,8060,Eye Hit,Center,858.9737,805.9363,49.05688,NorthCarSignal,9.535543,0.9562269,49.05688,11.05364
1742842163195,146.9688,8062,Eye Hit,Center,855.0243,795.4821,49.11473,NorthCarSignal,9.275484,0.2392008,49.11473,10.69802
1742842163229,147.0028,8064,Eye Hit,Center,852.8359,797.7241,49.14078,NorthCarSignal,9.129991,0.3934264,49.14078,10.53467
1742842163245,147.0197,8065,Eye Hit,Center,851.6185,798.3391,49.15546,NorthCarSignal,9.049024,0.4358271,49.15546,10.44259
1742842163281,147.0521,8067,Eye Hit,Center,846.3698,797.5694,49.21851,NorthCarSignal,8.699308,0.3833961,49.21851,10.03297
1742842163299,147.0712,8068,Eye Hit,Center,848.9057,800.1378,49.18631,NorthCarSignal,8.868072,0.5598407,49.18631,10.24029
1742842163315,147.0906,8069,Eye Hit,Center,848.3152,800.4217,49.19314,NorthCarSignal,8.828671,0.5794522,49.19314,10.19597
1742842163347,147.1229,8071,Eye Hit,Center,850.774,802.1182,49.16184,NorthCarSignal,8.992124,0.6957376,49.16184,10.39563
1742842163380,147.1558,8073,Eye Hit,Center,844.1556,796.8145,49.244,NorthCarSignal,8.551304,0.3316046,49.244,9.858518
1742842163414,147.1879,8075,Eye Hit,Center,834.5999,795.9103,49.35115,NorthCarSignal,7.910329,0.2699067,49.35115,9.111518
1742842163447,147.2213,8077,Eye Hit,Center,835.0223,791.3911,49.34735,NorthCarSignal,7.938873,-0.04202468,49.34735,9.139424
1742842163481,147.2547,8079,Eye Hit,Center,833.2325,789.7317,49.36636,NorthCarSignal,7.818348,-0.1566184,49.36636,9.001171
1742842163512,147.2871,8081,Eye Hit,Center,836.3251,788.5867,49.33241,NorthCarSignal,8.026356,-0.2355184,49.33241,9.244905
1742842163543,147.3173,8083,Eye Hit,Center,836.267,790.7869,49.33353,NorthCarSignal,8.022535,-0.08370334,49.33353,9.236994
1742842163575,147.3493,8085,Eye Hit,Center,839.0479,787.175,49.30173,NorthCarSignal,8.209126,-0.332716,49.30173,9.461074
1742842163591,147.3663,8086,Eye Hit,Center,839.2753,791.1679,49.30035,NorthCarSignal,8.224573,-0.05737816,49.30035,9.471415
1742842163622,147.3971,8088,Eye Hit,Center,840.0165,791.8587,49.29191,NorthCarSignal,8.274262,-0.009740933,49.29191,9.528998
1742842163653,147.4276,8090,Eye Hit,Center,840.4481,790.5656,49.28714,NorthCarSignal,8.303219,-0.09888059,49.28714,9.563285
1742842163684,147.4596,8092,Eye Hit,Center,845.2805,791.0765,49.23157,NorthCarSignal,8.62661,-0.06359125,49.23157,9.938994
1742842163716,147.4905,8094,Eye Hit,Center,844.2861,790.5511,49.24313,NorthCarSignal,8.560145,-0.09979371,49.24313,9.862107
1742842163747,147.5213,8096,Eye Hit,Center,843.7211,789.7388,49.2496,NorthCarSignal,8.522355,-0.1557602,49.2496,9.819086
1742842163776,147.5507,8098,Eye Hit,Center,843.6561,793.382,49.25069,NorthCarSignal,8.518062,0.09520116,49.25069,9.813017
1742842163807,147.5809,8100,Eye Hit,Center,847.0414,791.6006,49.21131,NorthCarSignal,8.744257,-0.02749191,49.21131,10.07566
1742842163836,147.6118,8102,Eye Hit,Center,845.3684,788.1348,49.23051,NorthCarSignal,8.632477,-0.2661426,49.23051,9.950246
1742842163867,147.6414,8104,Eye Hit,Center,844.814,784.8635,49.23561,NorthCarSignal,8.595194,-0.4914446,49.23561,9.918356
1742842163882,147.6582,8105,Eye Hit,Center,844.7516,783.5131,49.2355,NorthCarSignal,8.590872,-0.5844405,49.2355,9.920041
1742842163912,147.6879,8107,Eye Hit,Center,860.8091,798.4729,49.03887,NorthCarSignal,9.657931,0.4439695,49.03887,11.15295
1742842163943,147.7172,8109,Eye Hit,Center,859.676,797.884,49.05397,NorthCarSignal,9.583166,0.4036982,49.05397,11.06363
1742842163973,147.7469,8111,Eye Hit,Center,857.8619,785.5078,49.07706,NorthCarSignal,9.463146,-0.4456373,49.07706,10.92575
1742842164003,147.7785,8113,Eye Hit,Center,855.1649,781.6402,49.10817,NorthCarSignal,9.283901,-0.7115696,49.10817,10.73609
1742842164034,147.8094,8115,Eye Hit,Center,847.3977,774.6821,49.19392,NorthCarSignal,8.765688,-1.191569,49.19392,10.19426
1742842164064,147.8396,8117,Eye Hit,Center,841.4127,764.7173,49.24225,NorthCarSignal,8.362094,-1.879049,49.24225,9.873406
1742842164094,147.8693,8119,Eye Hit,Center,814.968,761.1804,49.50182,NorthCarSignal,6.57524,-2.133835,49.50182,7.949792
1742842164124,147.8999,8121,Eye Hit,Center,812.313,750.9483,49.49004,NorthCarSignal,6.38989,-2.841594,49.49004,8.042981
1742842164155,147.9298,8123,Eye Hit,Center,803.4877,745.8428,49.54184,NorthCarSignal,5.785054,-3.198341,49.54184,7.600032
1742842164185,147.9605,8125,Eye Hit,Center,793.9168,747.031,49.61781,NorthCarSignal,5.129719,-3.120784,49.61781,6.900039
1742842164215,147.9923,8127,Eye Hit,Center,780.6251,738.9121,49.66366,NorthCarSignal,4.211185,-3.687629,49.66366,6.430657
1742842164245,148.0201,8129,Eye Hit,Center,776.4241,743.9658,49.71052,NorthCarSignal,3.923066,-3.339732,49.71052,5.91712
1742842164275,148.0507,8131,Eye Hit,Center,771.8005,738.0878,49.70451,NorthCarSignal,3.601159,-3.747966,49.70451,5.969823
1742842164305,148.0791,8133,Eye Hit,Center,773.0544,736.4791,49.68868,NorthCarSignal,3.687155,-3.858572,49.68868,6.130566
1742842164320,148.0958,8134,Eye Hit,Center,774.8131,737.7943,49.685,NorthCarSignal,3.809102,-3.76689,49.685,6.15393
1742842164349,148.1253,8136,Eye Hit,Center,774.639,743.3747,49.71238,NorthCarSignal,3.799092,-3.380958,49.71238,5.841169
1742842164379,148.1551,8138,Eye Hit,Center,781.8858,755.2657,49.71989,NorthCarSignal,4.303623,-2.554554,49.71989,5.747911
1742842164410,148.1846,8140,Eye Hit,Center,794.4455,762.2444,49.65746,NorthCarSignal,5.17054,-2.066648,49.65746,6.39804
1742842164441,148.2147,8142,Eye Hit,Center,803.1044,764.3089,49.59697,NorthCarSignal,5.764901,-1.920914,49.59697,6.984969
1742842164470,148.2454,8144,Eye Hit,Center,811.4284,768.8799,49.53836,NorthCarSignal,6.33484,-1.601935,49.53836,7.514079
1742842164499,148.2749,8146,Eye Hit,Center,828.107,775.0116,49.39252,NorthCarSignal,7.468407,-1.173617,49.39252,8.7022
1742842164530,148.3055,8148,Eye Hit,Center,843.6317,781.5527,49.23195,NorthCarSignal,8.513142,-0.7193898,49.23195,9.844805
1742842164559,148.3351,8150,Eye Hit,Center,868.2229,794.182,48.92753,NorthCarSignal,10.14335,0.1493208,48.92753,11.71353
1742842164590,148.3662,8152,Eye Hit,Center,921.1212,821.3946,48.05659,NorthCarSignal,13.51835,1.975756,48.05659,15.86986
1742842164620,148.3962,8154,,Center,951.6734,848.9469,47.39339,,15.35702,3.774859,47.39339,18.45275
1742842164651,148.4265,8156,,Center,969.0867,858.8184,46.99923,,16.37398,4.392379,46.99923,19.83465
1742842164680,148.4563,8158,,Center,900.1337,867.2657,48.19723,,12.14311,5.073786,48.19723,15.27258
1742842164710,148.4848,8160,,Center,817.859,954.9658,48.28488,,6.608835,11.00577,48.28488,14.88888
1742842164740,148.5153,8162,,Center,778.1281,951.7817,48.60721,,3.951846,10.86277,48.60721,13.37702
1742842164770,148.5447,8164,,Center,691.8671,948.2437,48.77553,,-1.919237,10.65903,48.77553,12.51922
1742842164799,148.5744,8166,,Center,709.939,934.9307,48.98808,,-0.6893565,9.793297,48.98808,11.33232
1742842164829,148.6046,8168,,Center,689.2322,926.2739,49.06133,,-2.111295,9.213909,49.06133,10.90562
1742842164858,148.633,8170,,Center,670.4873,932.1882,48.91919,,-3.387728,9.591877,48.91919,11.74702
1742842164888,148.6624,8172,,Center,746.5104,951.5577,48.73101,,1.806899,10.87517,48.73101,12.74726
1742842164916,148.6932,8174,,Center,738.0952,942.8837,48.87331,,1.236942,10.314,48.87331,11.99952
1742842164945,148.7211,8176,,Center,685.8845,912.5781,49.21526,,-2.348356,8.300063,49.21526,9.941151
1742842164973,148.7497,8178,,Center,630.8816,898.6542,49.04752,,-6.113604,7.316577,49.04752,11.00081
1742842165003,148.7778,8180,Eye Hit,Center,611.6831,890.1033,48.95347,SouthWalkingPole,-7.416391,6.717069,48.95347,11.55212
1742842165017,148.7945,8181,Eye Hit,Center,661.5677,892.7069,49.31362,SouthWalkingPole,-4.03026,6.946069,49.31362,9.249304
1742842165045,148.8225,8183,,Center,671.0268,885.2555,49.42896,,-3.385733,6.447165,49.42896,8.380776
1742842165075,148.8525,8185,,Center,675.6642,909.6499,49.20712,,-3.051373,8.097156,49.20712,9.973442
1742842165107,148.8838,8187,Eye Hit,Center,721.0091,927.3063,49.08915,SE_Tree_10,0.06928473,9.290011,49.08915,10.71665
1742842165122,148.9019,8188,Eye Hit,Center,769.9868,930.8509,48.92801,SE_Tree_10,3.420789,9.50209,48.92801,11.66246
1742842165139,148.9195,8189,,Center,688.8447,923.0267,49.09746,,-2.139456,8.997703,49.09746,10.6679
1742842165161,148.9382,8190,,Center,759.8348,922.4545,49.07245,,2.734093,8.953849,49.07245,10.80103
1742842165177,148.9556,8191,,Center,665.4362,839.1105,49.70753,,-3.793495,3.275312,49.70753,5.757452
1742842165203,148.9735,8192,,Center,623.8682,824.9334,49.46516,,-6.650884,2.2785,49.46516,8.089128
1742842165230,148.9948,8193,,Center,657.0422,829.1041,49.69883,,-4.376318,2.579178,49.69883,5.836032
1742842165258,149.0224,8194,,Center,596.4879,806.1619,49.2214,,-8.50308,0.9749684,49.2214,9.864181
1742842165286,149.05,8195,,Center,547.7037,795.2631,48.57071,,-11.70478,0.2216774,48.57071,13.55139
1742842165305,149.0787,8196,,Center,557.5957,786.756,48.7234,,-11.06746,-0.3573675,48.7234,12.80397
1742842165328,149.0966,8197,,Center,575.5197,791.7386,48.97071,,-9.895961,-0.01790637,48.97071,11.42446
1742842165345,149.119,8198,,Center,580.1291,780.2496,49.02832,,-9.591516,-0.8057731,49.02832,11.10711
1742842165370,149.1359,8199,,Center,603.9587,782.2805,49.31531,,-8.004005,-0.6704051,49.31531,9.2506
1742842165387,149.161,8200,,Center,611.6131,781.548,49.39299,,-7.487814,-0.7220691,49.39299,8.659594
1742842165429,149.2027,8202,,Center,633.736,778.076,49.59217,,-5.983501,-0.9658062,49.59217,6.967902
1742842165446,149.2204,8203,,Center,647.9076,777.041,49.7021,,-5.01161,-1.039894,49.7021,5.879633
1742842165485,149.2573,8205,Eye Hit,Center,663.0945,789.5184,49.80634,Sedan4-Detailed,-3.964168,-0.1728751,49.80634,4.555007
1742842165502,149.275,8206,Eye Hit,Center,673.6191,786.136,49.8612,Sedan4-Detailed,-3.234559,-0.4089488,49.8612,3.741096
1742842165522,149.2935,8207,Eye Hit,Center,681.907,785.1519,49.89049,Sedan4-Detailed,-2.65813,-0.4778577,49.89049,3.098572
1742842165540,149.313,8208,Eye Hit,Center,683.4293,781.7868,49.89658,Sedan4-Detailed,-2.552213,-0.7127641,49.89658,3.039892
1742842165557,149.3316,8209,Eye Hit,Center,685.2214,781.771,49.90078,Sedan4-Detailed,-2.427352,-0.7139279,49.90078,2.90259
1742842165595,149.3683,8211,Eye Hit,Center,698.5928,773.5621,49.93,Sedan4-Detailed,-1.49498,-1.287616,49.93,2.26287
1742842165613,149.3864,8212,Eye Hit,Center,698.9813,772.3273,49.92643,Sedan4-Detailed,-1.46774,-1.37375,49.92643,2.305881
1742842165651,149.4259,8214,Eye Hit,Center,698.1084,770.1871,49.91877,Sedan4-Detailed,-1.52846,-1.522968,49.91877,2.474962
1742842165669,149.4438,8215,Eye Hit,Center,699.9911,764.3516,49.91138,Sedan4-Detailed,-1.396804,-1.930109,49.91138,2.732944
1742842165685,149.4615,8216,Eye Hit,Center,697.7625,764.3353,49.90478,Sedan4-Detailed,-1.552175,-1.930994,49.90478,2.842072
1742842165721,149.4944,8218,Eye Hit,Center,692.7949,768.7415,49.90285,Sedan4-Detailed,-1.898839,-1.623379,49.90285,2.865872
1742842165739,149.5116,8219,Eye Hit,Center,690.4078,765.1078,49.89029,Sedan4-Detailed,-2.064936,-1.876529,49.89029,3.201062
1742842165759,149.5305,8220,Eye Hit,Center,679.587,764.3484,49.84754,Sedan4-Detailed,-2.817592,-1.927868,49.84754,3.918066
1742842165777,149.5499,8221,Eye Hit,Center,673.4666,767.3635,49.83239,Sedan4-Detailed,-3.243314,-1.717129,49.83239,4.2118
1742842165794,149.5678,8222,Eye Hit,Center,662.5626,764.6356,49.7738,Sedan4-Detailed,-3.998603,-1.905018,49.7738,5.085153
1742842165814,149.5849,8223,Eye Hit,Center,646.1218,762.8765,49.6613,Sedan4-Detailed,-5.131533,-2.022899,49.6613,6.337844
1742842165833,149.6052,8224,Eye Hit,Center,643.5259,764.4183,49.64946,Jeep2-Detailed,-5.310579,-1.915352,49.64946,6.487004
1742842165849,149.6241,8225,Eye Hit,Center,632.4365,762.2943,49.55464,Jeep2-Detailed,-6.069044,-2.058907,49.55464,7.369
1742842165885,149.6579,8227,Eye Hit,Center,602.4917,758.399,49.25252,Jeep2-Detailed,-8.094871,-2.314695,49.25252,9.700486
1742842165902,149.6759,8228,Eye Hit,Center,592.1615,760.8295,49.14506,Jeep2-Detailed,-8.787279,-2.142575,49.14506,10.42807
1742842165919,149.6933,8229,Eye Hit,Center,577.5192,760.333,48.95921,Jeep2-Detailed,-9.756715,-2.168473,48.95921,11.53811
1742842165954,149.7283,8231,Eye Hit,Center,535.7247,756.0082,48.33036,Jeep2-Detailed,-12.45662,-2.432968,48.33036,14.71417
1742842165972,149.7457,8232,Eye Hit,Center,522.7314,750.0203,48.09504,Jeep2-Detailed,-13.27001,-2.823918,48.09504,15.75326
1742842165990,149.7635,8233,Eye Hit,Center,498.2356,748.1557,47.64612,Jeep2-Detailed,-14.77856,-2.92182,47.64612,17.54579
1742842166010,149.782,8234,Eye Hit,Center,441.8816,747.9158,46.49693,Jeep2-Detailed,-18.08702,-2.866953,46.49693,21.49701
1742842166028,149.8025,8235,Eye Hit,Center,449.8336,749.0161,46.67558,Car2-Detailed,-17.63738,-2.806134,46.67558,20.93806
1742842166045,149.8193,8236,Eye Hit,Center,413.017,746.6728,45.84339,Car2-Detailed,-19.68357,-2.906354,45.84339,23.46185
1742842166066,149.8362,8237,Eye Hit,Center,439.9788,801.9063,46.52952,SE_Tree_30,-18.22352,0.6446909,46.52952,21.40022
1742842166084,149.8572,8238,Eye Hit,Center,391.6056,797.7024,45.41234,SE_Tree_30,-20.85847,0.3621968,45.41234,24.67321
1742842166101,149.8747,8239,Eye Hit,Center,588.2168,805.9063,49.13594,SE_Tree_10,-9.056746,0.9557046,49.13594,10.50026
1742842166121,149.8923,8240,Eye Hit,Center,496.8797,798.6357,47.70115,SE_Tree_10,-14.8861,0.4427181,47.70115,17.33879
1742842166140,149.9124,8241,,Center,592.1498,827.512,49.13368,,-8.78605,2.440438,49.13368,10.51386
1742842166157,149.9309,8242,,Center,545.0961,828.9413,48.48071,,-11.85991,2.504919,48.48071,14.03778
1742842166195,149.9668,8244,,Center,680.8492,847.4667,49.75193,,-2.724354,3.859712,49.75193,5.424445
1742842166212,149.9846,8245,,Center,640.0957,844.313,49.53573,,-5.53607,3.624439,49.53573,7.608574
1742842166229,150.0015,8246,,Center,736.9602,849.8281,49.80043,,1.181348,4.027961,49.80043,4.818003
1742842166244,150.0188,8247,,Center,701.0292,845.6798,49.81923,,-1.321892,3.740423,49.81923,4.552899
1742842166276,150.0501,8249,,Center,704.4178,856.2111,49.76715,,-1.084638,4.469569,49.76715,5.280047
1742842166291,150.0668,8250,,Center,760.4393,875.4066,49.5662,,2.80351,5.782279,49.5662,7.387004
1742842166322,150.097,8252,,Center,702.3453,864.3641,49.71297,,-1.227563,5.031596,49.71297,5.947716
1742842166351,150.1264,8254,,Center,727.0416,876.8755,49.63291,,0.4888281,5.892032,49.63291,6.793069
1742842166381,150.1565,8256,,Center,754.2961,904.1843,49.32521,,2.366062,7.73952,49.32521,9.317872
1742842166410,150.1853,8258,,Center,774.3502,909.2409,49.18859,,3.739199,8.065969,49.18859,10.24524
1742842166439,150.2152,8260,,Center,796.7078,925.2688,48.86847,,5.243018,9.108988,48.86847,12.13772
1742842166468,150.2429,8262,,Center,810.4912,929.7779,48.70837,,6.164855,9.386334,48.70837,12.9828
1742842166496,150.2724,8264,,Center,929.403,928.6498,47.18253,,13.81901,9.01785,47.18253,19.27622
1742842166525,150.3009,8266,,Center,922.3268,917.298,47.42618,,13.42099,8.31142,47.42618,18.41042
1742842166554,150.3297,8268,,Center,873.588,907.2002,48.27531,,10.37039,7.778415,48.27531,15.03105
1742842166583,150.3598,8270,,Center,902.6008,904.2739,47.87943,,12.22826,7.518665,47.87943,16.68933
1742842166613,150.3879,8272,,Center,923.9159,875.1825,47.77041,,13.62457,5.55781,47.77041,17.12024
1742842166641,150.4161,8274,,Center,935.4057,871.3116,47.59275,,14.33874,5.279472,47.59275,17.79938
1742842166669,150.4447,8276,,Center,946.0428,873.9512,47.37788,,14.97887,5.430547,47.37788,18.58748
1742842166698,150.4751,8278,,Center,938.2352,856.1158,47.63251,,14.53923,4.271511,47.63251,17.64786
1742842166726,150.5029,8280,,Center,934.6562,847.468,47.74182,,14.3336,3.703858,47.74182,17.22829
1742842166756,150.5308,8282,,Center,900.8426,842.5322,48.34551,,12.2284,3.416941,48.34551,14.71509
1742842166784,150.5611,8284,,Center,870.8588,833.2048,48.83022,,10.30321,2.814164,48.83022,12.33796
1742842166813,150.5905,8286,,Center,831.7977,835.6619,49.29455,,7.708055,3.010334,49.29455,9.529349
1742842166843,150.6184,8288,,Center,803.3594,825.2717,49.59478,,5.782335,2.307936,49.59478,7.155219
1742842166872,150.6481,8290,Eye Hit,Center,815.6865,820.7097,49.50259,NorthCarSignal,6.625089,1.987786,49.50259,7.954285
1742842166903,150.6783,8292,Eye Hit,Center,813.228,819.7788,49.52704,NorthCarSignal,6.458054,1.924282,49.52704,7.74808
1742842166932,150.7071,8294,Eye Hit,Center,826.0616,819.7535,49.40508,NorthCarSignal,7.328964,1.917795,49.40508,8.717761
1742842166961,150.7369,8296,Eye Hit,Center,799.44,792.9036,49.67659,NorthCarSignal,5.519553,0.0627852,49.67659,6.340535
1742842166991,150.7659,8298,Eye Hit,Center,783.4913,790.4881,49.78571,NorthCarSignal,4.421113,-0.1052784,49.78571,5.076168
1742842167021,150.7976,8300,Eye Hit,Center,774.3246,791.0695,49.83775,NorthCarSignal,3.786758,-0.06486125,49.83775,4.345732
1742842167050,150.8269,8302,Eye Hit,Center,760.6541,794.6544,49.90041,NorthCarSignal,2.837408,0.1852637,49.90041,3.261348
1742842167083,150.8567,8304,Eye Hit,Center,750.6638,794.7943,49.93464,NorthCarSignal,2.141611,0.1951565,49.93464,2.46601
1742842167112,150.8872,8306,Eye Hit,Center,765.0431,791.8679,49.88134,NorthCarSignal,3.142528,-0.009215184,49.88134,3.604892
1742842167141,150.9162,8308,,Center,776.1067,673.2518,49.15764,,3.85761,-8.164528,49.15764,10.40889
1742842167171,150.9456,8310,Eye Hit,Center,772.9706,582.5125,47.84303,SW_Tree_50,3.544593,-14.01812,47.84303,16.81607
1742842167200,150.976,8312,Eye Hit,Center,782.2258,582.6742,47.80059,SW_Tree_50,4.160223,-13.99487,47.80059,16.98469
1742842167229,151.0044,8314,Eye Hit,Center,784.8752,591.4404,47.94044,SW_Tree_50,4.350045,-13.44802,47.94044,16.42686
1742842167259,151.0342,8316,Eye Hit,Center,791.1182,598.6513,48.02689,SW_Tree_50,4.777251,-12.98789,48.02689,16.07399
1742842167288,151.0634,8318,Eye Hit,Center,807.3502,602.2347,47.97471,SW_Tree_50,5.861238,-12.73333,47.97471,16.28765
1742842167318,151.0941,8320,Eye Hit,Center,826.3267,601.9418,47.81226,SW_Tree_50,7.110409,-12.70981,47.81226,16.94069
1742842167348,151.124,8322,,Center,849.571,603.7975,47.6096,,8.628098,-12.53236,47.6096,17.72304
1742842167376,151.1524,8324,,Center,883.4954,603.6164,47.19287,,10.79183,-12.43462,47.19287,19.23281
1742842167407,151.1817,8326,,Center,900.7437,615.084,47.12087,,11.91213,-11.65986,47.12087,19.48108
1742842167436,151.2113,8328,,Center,907.8804,646.0883,47.42528,,12.46247,-9.678609,47.42528,18.40335
1742842167465,151.2399,8330,,Center,836.266,701.5665,48.94937,,7.959993,-6.191404,48.94937,11.64102
1742842167494,151.2693,8332,Eye Hit,Center,687.4054,839.4984,49.80999,SW_Tree_10,-2.270779,3.30909,49.80999,4.606492
1742842167523,151.2989,8334,Eye Hit,Center,748.17,851.9697,49.7542,SW_Tree_10,1.96033,4.173254,49.7542,5.294538
1742842167552,151.3279,8336,,Center,723.7973,854.3995,49.77391,,0.2643577,4.344057,49.77391,4.997085
1742842167581,151.3579,8338,,Center,731.9837,855.0917,49.76182,,0.8340641,4.391182,49.76182,5.132631
1742842167609,151.3853,8340,,Center,719.9349,838.3234,49.85586,,-0.004542694,3.230205,49.85586,3.707078
1742842167638,151.4128,8342,,Center,730.3065,862.9176,49.7112,,0.716606,4.930841,49.7112,5.723753
1742842167666,151.4432,8344,,Center,750.6707,894.5913,49.41,,2.119591,7.089871,49.41,8.517629
1742842167695,151.4713,8346,,Center,780.9811,909.8831,49.11811,,4.189379,8.09853,49.11811,10.51631
1742842167724,151.4991,8348,,Center,865.0326,930.8207,48.09097,,9.75533,9.337502,48.09097,15.6847
1742842167753,151.5293,8350,,Center,855.1056,928.0153,48.24728,,9.117147,9.178537,48.24728,15.01025
1742842167782,151.5581,8352,,Center,834.9043,948.95,48.20132,,7.746545,10.58116,48.20132,15.21962
1742842167811,151.5866,8354,,Center,746.2037,930.778,49.00745,,1.796128,9.512524,49.00745,11.17397
1742842167841,151.616,8356,,Center,656.3087,913.0292,49.06822,,-4.371123,8.306218,49.06822,10.82918
1742842167870,151.6443,8358,,Center,624.2679,906.3212,48.91021,,-6.548926,7.820583,48.91021,11.78047
1742842167883,151.6611,8359,,Center,662.6218,909.5629,49.14425,,-3.943957,8.080833,49.14425,10.3687
1742842167913,151.6903,8361,,Center,622.2833,935.5074,48.55544,,-6.636201,9.74597,48.55544,13.64907
1742842167932,151.7082,8362,Eye Hit,Center,595.9609,931.3446,48.3533,SE_Tree_10,-8.388759,9.423867,48.3533,14.62394
1742842167962,151.7413,8364,,Center,546.0131,882.6025,48.19841,,-11.72903,6.107811,48.19841,15.34251
1742842167986,151.759,8365,,Center,601.6547,883.7827,48.91801,,-8.097158,6.279755,48.91801,11.83077
1742842168005,151.778,8366,,Center,534.5311,827.5799,48.32926,,-12.53701,2.405071,48.32926,14.79611
1742842168029,151.7963,8367,,Center,576.0652,825.9719,48.95301,,-9.855033,2.326017,48.95301,11.68666
1742842168046,151.8206,8368,,Center,519.5142,814.011,48.1169,,-13.49255,1.481323,48.1169,15.75359
1742842168088,151.8614,8370,,Center,514.1709,800.6813,48.0482,,-13.83238,0.5834078,48.0482,16.07388
1742842168112,151.8791,8371,Eye Hit,Center,540.9575,778.322,48.4984,SouthSidewalk,-12.14497,-0.9278154,48.4984,14.09821
1742842168130,151.9027,8372,Eye Hit,Center,570.606,776.895,48.93279,SouthSidewalk,-10.22459,-1.033791,48.93279,11.86073
1742842168146,151.9211,8373,Eye Hit,Center,580.1202,773.6589,49.05704,SouthSidewalk,-9.597747,-1.258464,49.05704,11.16216
1742842168185,151.9597,8375,Eye Hit,Center,607.1354,777.7367,49.3833,SouthSidewalk,-7.795623,-0.9851758,49.3833,9.040833
1742842168223,151.9941,8377,Eye Hit,Center,635.2686,774.2874,49.64247,SouthSidewalk,-5.883158,-1.229839,49.64247,6.903336
1742842168240,152.0144,8378,Eye Hit,Center,616.0618,761.1508,49.43764,SouthSidewalk,-7.186968,-2.133115,49.43764,8.622771
1742842168258,152.0312,8379,Eye Hit,Center,622.2817,761.3217,49.5002,SouthSidewalk,-6.765437,-2.123983,49.5002,8.152301
1742842168274,152.0485,8380,Eye Hit,Center,560.2501,755.4435,48.7416,Sedan4-Detailed,-10.89064,-2.49217,48.7416,12.90986
1742842168293,152.0654,8381,Eye Hit,Center,573.1519,755.8393,48.92932,Sedan4-Detailed,-10.04964,-2.47468,48.92932,11.94352
1742842168311,152.0833,8382,Eye Hit,Center,556.3655,762.1935,48.70727,Sedan4-Detailed,-11.14761,-2.03057,48.70727,13.09608
1742842168327,152.1019,8383,Eye Hit,Center,568.2145,765.4708,48.87969,Sedan4-Detailed,-10.377,-1.813699,48.87969,12.1621
1742842168363,152.1349,8385,Eye Hit,Center,570.1616,764.7717,48.90583,Sedan4-Detailed,-10.24936,-1.862488,48.90583,12.02461
1742842168379,152.1546,8386,Eye Hit,Center,575.6843,764.7458,48.98282,Sedan4-Detailed,-9.887129,-1.867199,48.98282,11.60806
1742842168419,152.1881,8388,Eye Hit,Center,591.8785,762.453,49.17989,Sedan4-Detailed,-8.812975,-2.03242,49.17989,10.42039
1742842168437,152.2095,8389,Eye Hit,Center,591.2133,757.6921,49.1528,Sedan4-Detailed,-8.853849,-2.358608,49.1528,10.55937
1742842168454,152.2281,8390,Eye Hit,Center,594.7535,757.7269,49.19651,Sedan4-Detailed,-8.618125,-2.358308,49.19651,10.29375
1742842168474,152.2448,8391,Eye Hit,Center,603.683,755.3135,49.28562,Sedan4-Detailed,-8.018191,-2.528948,49.28562,9.680807
1742842168491,152.2648,8392,Eye Hit,Center,605.7184,754.7283,49.30658,Sedan4-Detailed,-7.881233,-2.570379,49.30658,9.543737
1742842168510,152.2816,8393,Eye Hit,Center,609.6494,743.0815,49.2958,Sedan4-Detailed,-7.608472,-3.372842,49.2958,9.582813
1742842168529,152.3015,8394,Eye Hit,Center,612.6995,742.0953,49.32368,Sedan4-Detailed,-7.402356,-3.442785,49.32368,9.398102
1742842168547,152.3206,8395,Eye Hit,Center,617.3906,741.9323,49.3644,Sedan4-Detailed,-7.084576,-3.456882,49.3644,9.07292
1742842168565,152.3374,8396,Eye Hit,Center,624.2214,751.7929,49.46644,Sedan4-Detailed,-6.626622,-2.781802,49.46644,8.266503
1742842168585,152.3562,8397,Eye Hit,Center,625.9085,751.1898,49.47884,Sedan4-Detailed,-6.511527,-2.824234,49.47884,8.163251
1742842168603,152.3756,8398,Eye Hit,Center,628.9018,751.8749,49.50457,Sedan4-Detailed,-6.307656,-2.778272,49.50457,7.926226
1742842168620,152.3938,8399,Eye Hit,Center,629.3303,751.3161,49.50511,Sedan4-Detailed,-6.278055,-2.81699,49.50511,7.913238
1742842168637,152.4107,8400,Eye Hit,Center,631.5763,751.7868,49.52353,Sedan4-Detailed,-6.124819,-2.785434,49.52353,7.737028
1742842168654,152.4274,8401,Eye Hit,Center,630.4882,750.9709,49.50821,Sedan4-Detailed,-6.198268,-2.841071,49.50821,7.841574
1742842168674,152.4456,8402,Eye Hit,Center,626.0742,752.1326,49.47287,Sedan4-Detailed,-6.499273,-2.758658,49.47287,8.122117
1742842168689,152.4642,8403,Eye Hit,Center,624.0804,752.8632,49.45556,Sedan4-Detailed,-6.634916,-2.707154,49.45556,8.244574
1742842168725,152.4969,8405,Eye Hit,Center,618.0591,760.3741,49.41913,Sedan4-Detailed,-7.046227,-2.186005,49.41913,8.490678
1742842168741,152.5161,8406,Eye Hit,Center,625.2045,761.1288,49.48728,Sedan4-Detailed,-6.561364,-2.136782,49.48728,7.938178
1742842168777,152.5493,8408,Eye Hit,Center,619.0956,761.2899,49.42887,Sedan4-Detailed,-6.975956,-2.123122,49.42887,8.391922
1742842168794,152.5687,8409,Eye Hit,Center,611.6467,759.1725,49.34759,Sedan4-Detailed,-7.47861,-2.265776,49.34759,8.99818
1742842168812,152.5856,8410,Eye Hit,Center,606.0503,756.7137,49.27731,Sedan4-Detailed,-7.853679,-2.432016,49.27731,9.472183
1742842168830,152.6031,8411,Eye Hit,Center,607.9635,752.6629,49.28543,Sedan4-Detailed,-7.72309,-2.711652,49.28543,9.429588
1742842168849,152.6219,8412,Eye Hit,Center,598.0154,749.9749,49.15809,Sedan4-Detailed,-8.387123,-2.889458,49.15809,10.22932
1742842168867,152.64,8413,Eye Hit,Center,599.0311,710.7754,48.94907,Sedan4-Detailed,-8.281919,-5.5609,48.94907,11.51895
1742842168885,152.6588,8414,Eye Hit,Center,593.8583,709.2325,48.87401,Sedan4-Detailed,-8.622826,-5.657843,48.87401,11.91563
1742842168906,152.6757,8415,Eye Hit,Center,593.0121,707.7162,48.85094,Sedan4-Detailed,-8.676573,-5.758774,48.85094,12.03386
1742842168924,152.6967,8416,Eye Hit,Center,588.0719,705.6702,48.77141,Sedan4-Detailed,-8.999443,-5.888963,48.77141,12.43575
1742842168940,152.7155,8417,Eye Hit,Center,587.9433,700.4673,48.73201,Sedan4-Detailed,-9.000936,-6.238836,48.73201,12.66584
1742842168981,152.7523,8419,Eye Hit,Center,577.0408,698.855,48.57702,Sedan4-Detailed,-9.713056,-6.328538,48.57702,13.42251
1742842168996,152.7714,8420,Eye Hit,Center,579.7846,698.6061,48.61568,Sedan4-Detailed,-9.534215,-6.350499,48.61568,13.25904
1742842169036,152.8079,8422,Eye Hit,Center,555.0242,695.8839,48.25166,Sedan4-Detailed,-11.13385,-6.486661,48.25166,14.95195
1742842169053,152.8277,8423,Eye Hit,Center,549.7849,699.1904,48.19622,Sedan4-Detailed,-11.47424,-6.256316,48.19622,15.17167
1742842169092,152.8654,8425,Eye Hit,Center,541.8448,692.7579,48.01866,Sedan4-Detailed,-11.96524,-6.665289,48.01866,15.91985
1742842169110,152.8821,8426,Eye Hit,Center,546.0546,689.9531,48.06681,Sedan4-Detailed,-11.69422,-6.860534,48.06681,15.75202
1742842169129,152.9011,8427,Eye Hit,Center,538.8652,691.3002,47.95722,Sedan4-Detailed,-12.14979,-6.754538,47.95722,16.16504
1742842169147,152.92,8428,Eye Hit,Center,539.6245,685.3049,47.92376,Sedan4-Detailed,-12.09042,-7.151686,47.92376,16.33673
1742842169165,152.9378,8429,Eye Hit,Center,531.7607,688.7918,47.83928,Sedan4-Detailed,-12.59528,-6.905765,47.83928,16.71291
1742842169185,152.9568,8430,Eye Hit,Center,525.1431,692.1887,47.75108,Sedan4-Detailed,-13.01403,-6.666161,47.75108,17.02525
1742842169203,152.9757,8431,Eye Hit,Center,532.0042,702.5854,47.95688,Sedan4-Detailed,-12.60991,-5.997528,47.95688,16.23388
1742842169221,152.9944,8432,Eye Hit,Center,528.6502,703.7651,47.9067,Sedan4-Detailed,-12.82145,-5.912209,47.9067,16.42113
1742842169241,153.0116,8433,Eye Hit,Center,531.5608,709.2892,47.99895,Sedan4-Detailed,-12.65074,-5.552734,47.99895,16.0576
1742842169259,153.0321,8434,Eye Hit,Center,528.4034,709.5154,47.9445,Sedan4-Detailed,-12.84812,-5.531268,47.9445,16.26503
1742842169276,153.0495,8435,Eye Hit,Center,531.3901,722.5731,48.08705,Sedan4-Detailed,-12.68544,-4.669481,48.08705,15.70101
1742842169296,153.0676,8436,Eye Hit,Center,535.9777,721.3256,48.15628,Sedan4-Detailed,-12.39471,-4.760228,48.15628,15.41429
1742842169315,153.0874,8437,Eye Hit,Center,534.0691,718.3111,48.10226,Sedan4-Detailed,-12.50921,-4.957702,48.10226,15.62808
1742842169332,153.1057,8438,Eye Hit,Center,538.9024,717.6582,48.18193,Sedan4-Detailed,-12.20421,-5.009914,48.18193,15.31263
1742842169352,153.1247,8439,Eye Hit,Center,536.3578,715.2983,48.1177,Sedan4-Detailed,-12.3592,-5.162059,48.1177,15.55494
1742842169370,153.1423,8440,Eye Hit,Center,531.3924,716.1785,48.0501,Sedan4-Detailed,-12.67554,-5.095648,48.0501,15.87132
1742842169394,153.1614,8441,Eye Hit,Center,531.222,715.2108,48.03357,Sedan4-Detailed,-12.68263,-5.158907,48.03357,15.90993
1742842169411,153.185,8442,Eye Hit,Center,537.1307,718.6867,48.15839,Sedan4-Detailed,-12.31759,-4.938186,48.15839,15.40616
1742842169436,153.2021,8443,Eye Hit,Center,536.5482,720.8424,48.16603,Sedan4-Detailed,-12.35878,-4.793745,48.16603,15.3876
1742842169454,153.2276,8444,Eye Hit,Center,539.039,720.3976,48.20017,Sedan4-Detailed,-12.19962,-4.827131,48.20017,15.2268
1742842169478,153.2445,8445,Eye Hit,Center,522.6552,761.0063,48.11673,Sedan4-Detailed,-13.28112,-2.085849,48.11673,15.61048
1742842169496,153.2691,8446,Eye Hit,Center,527.4215,761.6229,48.19746,Sedan4-Detailed,-12.9821,-2.047778,48.19746,15.25273
1742842169513,153.2875,8447,Eye Hit,Center,526.6443,762.084,48.19178,Sedan4-Detailed,-13.03296,-2.016462,48.19178,15.30469
1742842169551,153.3244,8449,Eye Hit,Center,531.8037,764.4542,48.28629,Sedan4-Detailed,-12.71006,-1.860338,48.28629,14.89723
1742842169571,153.3422,8450,Eye Hit,Center,529.6703,761.9612,48.2494,Sedan4-Detailed,-12.84433,-2.027159,48.2494,15.08297
1742842169589,153.3621,8451,Eye Hit,Center,533.5037,758.3491,48.30069,Sedan4-Detailed,-12.59901,-2.273329,48.30069,14.84531
1742842169607,153.38,8452,Eye Hit,Center,530.5598,752.0315,48.23621,Sedan4-Detailed,-12.7808,-2.696522,48.23621,15.15207
1742842169630,153.3985,8453,Eye Hit,Center,534.394,752.2643,48.2989,Sedan4-Detailed,-12.5384,-2.684302,48.2989,14.86806
1742842169649,153.4225,8454,Eye Hit,Center,531.2133,752.7285,48.25168,Sedan4-Detailed,-12.7408,-2.650347,48.25168,15.09363
1742842169673,153.4403,8455,Eye Hit,Center,535.9736,749.9298,48.32096,Sedan4-Detailed,-12.43737,-2.843303,48.32096,14.79035
1742842169693,153.464,8456,Eye Hit,Center,537.1185,747.1174,48.32802,Sedan4-Detailed,-12.3618,-3.033824,48.32802,14.75547
1742842169709,153.4837,8457,Eye Hit,Center,533.3542,740.4199,48.24032,Sedan4-Detailed,-12.59335,-3.480207,48.24032,15.1544
1742842169727,153.5005,8458,Eye Hit,Center,535.1951,738.4744,48.26029,Sedan4-Detailed,-12.4743,-3.612968,48.26029,15.06167
1742842169746,153.5187,8459,Eye Hit,Center,533.4547,742.4963,48.25147,Sedan4-Detailed,-12.58948,-3.340884,48.25147,15.10662
1742842169770,153.5372,8460,Eye Hit,Center,534.0983,722.9598,48.16135,Sedan4-Detailed,-12.52261,-4.65065,48.16135,15.50219
1742842169788,153.5614,8461,Eye Hit,Center,532.2079,724.2266,48.13784,Sedan4-Detailed,-12.64378,-4.563085,48.13784,15.60182
1742842169811,153.5796,8462,Eye Hit,Center,533.0455,721.7807,48.13726,Sedan4-Detailed,-12.58723,-4.727708,48.13726,15.60623
1742842169829,153.6027,8463,Eye Hit,Center,530.3399,723.1542,48.10178,Sedan4-Detailed,-12.75998,-4.631819,48.10178,15.75941
1742842169853,153.6207,8464,Eye Hit,Center,526.3756,722.4524,48.03056,Sedan4-Detailed,-13.0074,-4.672108,48.03056,16.05343
1742842169872,153.6435,8465,Eye Hit,Center,526.7868,721.2941,48.03047,Sedan4-Detailed,-12.97976,-4.749907,48.03047,16.05404
1742842169895,153.6624,8466,Eye Hit,Center,524.9178,720.438,47.99199,Sedan4-Detailed,-13.09481,-4.803569,47.99199,16.20561
1742842169913,153.6856,8467,Eye Hit,Center,529.9412,722.8578,48.09045,Sedan4-Detailed,-12.78379,-4.650665,48.09045,15.79473
1742842169936,153.7044,8468,Eye Hit,Center,534.7023,724.3679,48.17707,Sedan4-Detailed,-12.486,-4.557283,48.17707,15.42377
1742842169955,153.7278,8469,Eye Hit,Center,536.4398,724.957,48.20749,Sedan4-Detailed,-12.37673,-4.520443,48.20749,15.28712
1742842169973,153.7455,8470,Eye Hit,Center,539.6787,732.0477,48.2993,Sedan4-Detailed,-12.1815,-4.05004,48.2993,14.88412
1742842169992,153.7639,8471,Eye Hit,Center,542.1034,735.3727,48.35279,Sedan4-Detailed,-12.03101,-3.829664,48.35279,14.63424
1742842170010,153.7827,8472,Eye Hit,Center,541.2188,742.2624,48.37284,Sedan4-Detailed,-12.09585,-3.36511,48.37284,14.55011
1742842170028,153.8012,8473,Eye Hit,Center,544.1174,743.6484,48.42583,Sedan4-Detailed,-11.91277,-3.274924,48.42583,14.31239
1742842170048,153.818,8474,Eye Hit,Center,550.8715,746.1226,48.53814,Sedan4-Detailed,-11.48187,-3.114546,48.53814,13.77182
1742842170066,153.8387,8475,Eye Hit,Center,547.2506,747.6158,48.49043,Sedan4-Detailed,-11.71616,-3.010216,48.49043,14.00742
1742842170083,153.8582,8476,Eye Hit,Center,548.86,746.6517,48.51024,Sedan4-Detailed,-11.61175,-3.07686,48.51024,13.90824
1742842170122,153.8948,8478,Eye Hit,Center,553.6063,735.7603,48.53129,Sedan4-Detailed,-11.29462,-3.817487,48.53129,13.80208
1742842170139,153.9121,8479,Eye Hit,Center,554.3317,732.3023,48.52534,Sedan4-Detailed,-11.244,-4.051715,48.52534,13.8365
1742842170159,153.93,8480,Eye Hit,Center,554.7846,731.9432,48.52792,Sedan4-Detailed,-11.21386,-4.076308,48.52792,13.81353
1742842170178,153.9501,8481,Eye Hit,Center,551.4056,728.9053,48.46201,Sedan4-Detailed,-11.42767,-4.276687,48.46201,14.13213
1742842170195,153.9683,8482,Eye Hit,Center,547.4906,730.5295,48.41281,Sedan4-Detailed,-11.68116,-4.162365,48.41281,14.36702
1742842170215,153.9856,8483,Eye Hit,Center,544.1082,731.0492,48.36043,Sedan4-Detailed,-11.89731,-4.122706,48.36043,14.5938
1742842170233,154.0055,8484,Eye Hit,Center,541.5394,731.7893,48.32525,Sedan4-Detailed,-12.06228,-4.069682,48.32525,14.75813
1742842170251,154.0248,8485,Eye Hit,Center,540.8801,731.8783,48.31366,Sedan4-Detailed,-12.10394,-4.062694,48.31366,14.80283
1742842170289,154.0626,8487,Eye Hit,Center,538.6746,734.6069,48.2906,Sedan4-Detailed,-12.24713,-3.876461,48.2906,14.8965
1742842170327,154.0973,8489,Eye Hit,Center,548.8763,732.5927,48.43694,Sedan4-Detailed,-11.59311,-4.024662,48.43694,14.21713
1742842170344,154.118,8490,Eye Hit,Center,555.2583,737.0463,48.55717,Sedan4-Detailed,-11.18845,-3.732184,48.55717,13.65272
1742842170362,154.1348,8491,Eye Hit,Center,556.0341,734.8892,48.56026,Sedan4-Detailed,-11.13647,-3.878931,48.56026,13.64982
1742842170382,154.1528,8492,Eye Hit,Center,566.9866,731.6088,48.69502,Sedan4-Detailed,-10.42142,-4.113117,48.69502,12.95709
1742842170399,154.1724,8493,Eye Hit,Center,568.8521,732.8868,48.72982,Sedan4-Detailed,-10.30172,-4.028954,48.72982,12.78926
1742842170418,154.1911,8494,Eye Hit,Center,574.1031,730.0764,48.78294,Sedan4-Detailed,-9.954671,-4.225099,48.78294,12.4992
1742842170439,154.2085,8495,Eye Hit,Center,578.3102,728.9904,48.83239,Sedan4-Detailed,-9.677419,-4.303555,48.83239,12.23727
1742842170456,154.2298,8496,Eye Hit,Center,580.8082,730.5219,48.87106,Sedan4-Detailed,-9.514329,-4.20228,48.87106,12.01477
1742842170473,154.2474,8497,Eye Hit,Center,573.307,736.3712,48.80747,Sedan4-Detailed,-10.01402,-3.797508,48.80747,12.37632
1742842170512,154.2845,8499,Eye Hit,Center,574.2289,739.9629,48.83443,Sedan4-Detailed,-9.956587,-3.554283,48.83443,12.21524
1742842170529,154.3022,8500,Eye Hit,Center,563.4337,741.6771,48.69759,Sedan4-Detailed,-10.66396,-3.427565,48.69759,12.95368
1742842170549,154.3202,8501,Eye Hit,Center,555.8568,743.2481,48.5911,Sedan4-Detailed,-11.15559,-3.313304,48.5911,13.46826
1742842170568,154.3398,8502,Eye Hit,Center,553.485,729.4426,48.49093,Sedan4-Detailed,-11.29345,-4.242794,48.49093,13.97106
1742842170585,154.3592,8503,Eye Hit,Center,552.8525,734.8914,48.50948,Sedan4-Detailed,-11.34069,-3.874724,48.50948,13.87715
1742842170622,154.3976,8505,Eye Hit,Center,551.471,732.4578,48.47649,Sedan4-Detailed,-11.42664,-4.037093,48.47649,14.03592
1742842170661,154.4312,8507,Eye Hit,Center,539.4352,725.1884,48.25125,Sedan4-Detailed,-12.18582,-4.508926,48.25125,15.07129
1742842170679,154.4515,8508,Eye Hit,Center,524.3162,722.4402,47.99139,Sedan4-Detailed,-13.13503,-4.669115,47.99139,16.19718
1742842170697,154.4698,8509,Eye Hit,Center,509.6001,723.7286,47.74592,Sedan4-Detailed,-14.05059,-4.559196,47.74592,17.19118
1742842170716,154.4879,8510,Eye Hit,Center,484.712,720.3167,47.26067,Sedan4-Detailed,-15.55294,-4.738388,47.26067,18.98437
1742842170735,154.5077,8511,Eye Hit,Center,477.9162,720.041,47.12751,Sedan4-Detailed,-15.95707,-4.743212,47.12751,19.45502
1742842170753,154.5261,8512,Eye Hit,Center,455.9346,715.9819,46.65506,Sedan4-Detailed,-17.2315,-4.960539,46.65506,21.02365
1742842170773,154.5439,8513,Eye Hit,Center,480.7972,721.3016,47.18829,Sedan4-Detailed,-15.7875,-4.666131,47.18829,19.2324
1742842170791,154.5639,8514,Eye Hit,Center,453.4842,718.5025,46.6147,Sedan4-Detailed,-17.37636,-4.791905,46.6147,21.14051
1742842170807,154.5813,8515,,Center,558.022,729.8463,48.55586,,-11.00046,-4.221061,48.55586,13.63969
1742842170828,154.5983,8516,,Center,501.4434,721.4912,47.56845,,-14.54105,-4.691106,47.56845,17.80705
1742842170846,154.6188,8517,,Center,615.6766,729.0779,49.23907,,-7.184633,-4.333372,49.23907,9.670281
1742842170863,154.638,8518,,Center,685.2725,740.9426,49.76102,,-2.416993,-3.553534,49.76102,4.9361
1742842170884,154.6546,8519,,Center,630.2065,733.7745,49.38483,,-6.202283,-4.021795,49.38483,8.513016
1742842170902,154.6754,8520,,Center,659.5873,799.9955,49.75417,,-4.204077,0.5564028,49.75417,4.871742
1742842170918,154.6933,8521,,Center,632.9392,797.1418,49.56113,,-6.034991,0.3564241,49.56113,6.95463
1742842170957,154.7309,8523,,Center,503.5499,846.4921,47.66704,,-14.43075,3.632996,47.66704,17.3377
1742842170996,154.7643,8525,,Center,473.4444,850.7381,47.05698,,-16.22751,3.865956,47.05698,19.51937
1742842171013,154.7864,8526,,Center,510.8237,860.1146,47.71944,,-13.96113,4.5462,47.71944,17.10248
1742842171045,154.819,8528,,Center,569.2998,854.6707,48.66466,,-10.25747,4.265709,48.66466,12.85905
1742842171075,154.8507,8530,,Center,721.7131,783.1895,49.89459,,0.1195495,-0.614847,49.89459,0.7195491
1742842171107,154.8807,8532,Eye Hit,Center,762.7043,697.1707,49.36199,SouthSidewalk,2.948337,-6.547085,49.36199,8.276331
1742842171136,154.912,8534,Eye Hit,Center,775.7764,692.7794,49.26246,SouthSidewalk,3.843079,-6.836453,49.26246,9.045613
1742842171165,154.9409,8536,Eye Hit,Center,765.1274,692.9739,49.31855,SouthSidewalk,3.112886,-6.830821,49.31855,8.654443
1742842171194,154.9692,8538,,Center,750.1191,746.6273,49.74632,,2.095636,-3.156956,49.74632,4.355861
1742842171223,154.9979,8540,,Center,707.6869,741.3699,49.73031,,-0.8564488,-3.521625,49.73031,4.168284
1742842171251,155.0271,8542,,Center,691.0703,758.6396,49.77534,,-2.014054,-2.322514,49.77534,3.534132
1742842171279,155.0554,8544,,Center,658.2405,717.8169,49.43126,,-4.269907,-5.128845,49.43126,7.688884
1742842171308,155.0825,8546,Eye Hit,Center,612.1642,691.2933,48.85832,SouthSidewalk,-7.369101,-6.881924,48.85832,11.66042
1742842171336,155.1112,8548,Eye Hit,Center,596.944,681.7382,48.61311,SouthSidewalk,-8.366988,-7.497065,48.61311,13.01254
1742842171364,155.1391,8550,Eye Hit,Center,606.0175,683.9821,48.73872,SouthSidewalk,-7.770072,-7.363472,48.73872,12.38765
1742842171392,155.1671,8552,Eye Hit,Center,620.6234,690.9454,48.95341,SouthSidewalk,-6.804244,-6.919139,48.95341,11.21261
1742842171420,155.1961,8554,Eye Hit,Center,620.9835,693.0499,48.9496,SouthSidewalk,-6.77906,-6.774513,48.9496,11.07779
1742842171448,155.2255,8556,Eye Hit,Center,625.3459,692.4338,48.9879,SouthSidewalk,-6.485467,-6.822033,48.9879,10.87659
1742842171477,155.2515,8558,Eye Hit,Center,624.7914,695.1633,49.01255,SouthSidewalk,-6.526743,-6.638347,49.01255,10.75466
1742842171504,155.2801,8560,Eye Hit,Center,634.0046,694.9604,49.09258,SouthSidewalk,-5.904786,-6.663122,49.09258,10.27896
1742842171532,155.3077,8562,Eye Hit,Center,638.3558,692.9978,49.112,SouthSidewalk,-5.608231,-6.800572,49.112,10.17525
1742842171559,155.3361,8564,Eye Hit,Center,642.5171,688.8221,49.1067,SouthSidewalk,-5.321813,-7.08664,49.1067,10.2302
1742842171588,155.364,8566,Eye Hit,Center,655.7366,685.6431,49.13295,SouthSidewalk,-4.416208,-7.308887,49.13295,9.859694
1742842171615,155.3913,8568,Eye Hit,Center,669.3178,694.3846,49.29236,SouthSidewalk,-3.494202,-6.729936,49.29236,8.745611
1742842171644,155.4195,8570,,Center,681.6419,694.2807,49.34637,,-2.647433,-6.744479,49.34637,8.352987
1742842171672,155.4467,8572,,Center,684.5248,694.7233,49.36404,,-2.449339,-6.716334,49.36404,8.240429
1742842171700,155.4754,8574,,Center,686.4706,695.3194,49.3801,,-2.315746,-6.677351,49.3801,8.145145
1742842171728,155.5043,8576,,Center,668.9372,695.4921,49.31625,,-3.522149,-6.656802,49.31625,8.682653
1742842171756,155.5318,8578,,Center,686.4678,692.6127,49.32706,,-2.313454,-6.856921,49.32706,8.346214
1742842171785,155.5606,8580,,Center,681.4401,690.3226,49.29366,,-2.658517,-7.01017,49.29366,8.648132
1742842171813,155.5885,8582,,Center,692.052,678.2822,49.21039,,-1.923626,-7.82705,49.21039,9.301659
1742842171841,155.6159,8584,Eye Hit,Center,701.3015,656.5196,48.98492,SouthSidewalk,-1.281095,-9.282218,48.98492,10.82917
1742842171868,155.6428,8586,Eye Hit,Center,715.0951,667.4532,49.14095,SouthSidewalk,-0.3371232,-8.560302,49.14095,9.889188
1742842171896,155.6713,8588,Eye Hit,Center,710.7128,676.5164,49.24822,SouthSidewalk,-0.6397162,-7.9547,49.24822,9.20445
1742842171923,155.6989,8590,,Center,687.3291,670.4017,49.14243,,-2.24559,-8.357898,49.14243,9.987748
1742842171951,155.7267,8592,,Center,691.6509,664.9511,49.06216,,-1.945355,-8.718274,49.06216,10.31872
1742842171978,155.7536,8594,,Center,682.2802,666.7632,49.06229,,-2.588392,-8.593949,49.06229,10.36684
1742842172007,155.7808,8596,,Center,687.298,670.2826,49.12622,,-2.246988,-8.363325,49.12622,9.997333
1742842172032,155.8084,8598,,Center,691.2753,674.6357,49.19267,,-1.976369,-8.075127,49.19267,9.592226
1742842172060,155.8349,8600,,Center,695.4861,676.3086,49.22694,,-1.68783,-7.96557,49.22694,9.392015
1742842172087,155.8629,8602,,Center,694.136,674.9882,49.17918,,-1.779058,-8.048664,49.17918,9.514939
1742842172114,155.8897,8604,,Center,693.5347,674.1805,49.17352,,-1.820207,-8.103292,49.17352,9.586568
1742842172141,155.9162,8606,,Center,692.9243,674.9156,49.18428,,-1.862596,-8.054494,49.18428,9.541265
1742842172168,155.9437,8608,,Center,694.1018,675.533,49.19801,,-1.782092,-8.014256,49.19801,9.47403
1742842172195,155.9709,8610,,Center,697.7902,675.4135,49.20946,,-1.528641,-8.024348,49.20946,9.425022
1742842172222,155.9978,8612,,Center,699.7138,678.7892,49.21757,,-1.396478,-7.793294,49.21757,9.138628
1742842172249,156.025,8614,,Center,701.9548,682.1517,49.26176,,-1.243326,-7.568613,49.26176,8.849908
1742842172276,156.0515,8616,,Center,705.2946,683.9591,49.29053,,-1.0138,-7.448425,49.29053,8.671154
1742842172304,156.0801,8618,,Center,701.9756,680.7864,49.2578,,-1.241792,-7.662065,49.2578,8.95504
1742842172331,156.1069,8620,,Center,689.0057,671.5909,49.13487,,-2.130025,-8.274887,49.13487,9.865157
1742842172360,156.1354,8622,Eye Hit,Center,689.486,669.3494,49.11681,SouthSidewalk,-2.096243,-8.425827,49.11681,10.02493
1742842172387,156.1625,8624,Eye Hit,Center,694.0458,666.0657,49.05934,SouthSidewalk,-1.780912,-8.641293,49.05934,10.19516
1742842172415,156.1911,8626,Eye Hit,Center,692.9477,652.7298,48.90035,SouthSidewalk,-1.850243,-9.525396,48.90035,11.22356
1742842172443,156.2186,8628,Eye Hit,Center,691.6172,661.0086,49.00949,SouthSidewalk,-1.945576,-8.979163,49.00949,10.61767
1742842172472,156.2462,8630,Eye Hit,Center,699.1487,659.5012,49.01665,SouthSidewalk,-1.42952,-9.083816,49.01665,10.62529
1742842172499,156.2744,8632,Eye Hit,Center,698.321,640.4387,48.77542,SouthSidewalk,-1.478951,-10.33956,48.77542,12.08681
1742842172526,156.3015,8634,Eye Hit,Center,694.9487,631.9295,48.65472,SouthSidewalk,-1.704777,-10.89304,48.65472,12.76815
1742842172554,156.3297,8636,Eye Hit,Center,696.9077,627.4946,48.56464,SouthSidewalk,-1.568555,-11.17412,48.56464,13.08022
1742842172583,156.3579,8638,Eye Hit,Center,708.1077,633.4744,48.67509,SouthSidewalk,-0.809626,-10.79242,48.67509,12.53559
1742842172610,156.3849,8640,Eye Hit,Center,716.9709,643.9263,48.83237,SouthSidewalk,-0.2068871,-10.11344,48.83237,11.70321
1742842172646,156.4224,8642,Eye Hit,Center,729.8178,560.3743,47.44658,SouthSidewalk,0.6515282,-15.37108,47.44658,17.96564
1742842172673,156.4485,8644,Eye Hit,Center,769.1247,441.8906,44.7198,SouthSidewalk,3.072646,-21.89861,44.7198,26.31156
1742842172700,156.4759,8646,Eye Hit,Center,771.9691,334.6431,41.95335,SouthSidewalk,3.049473,-26.83705,41.95335,32.77362
1742842172728,156.5035,8648,Eye Hit,Center,774.011,301.8014,41.07552,SouthSidewalk,3.102975,-28.16229,41.07552,34.59681
1742842172756,156.5316,8650,Eye Hit,Center,778.7086,303.1647,41.07289,SouthSidewalk,3.372641,-28.08217,41.07289,34.55241
1742842172785,156.5597,8652,Eye Hit,Center,784.8511,294.1565,40.81437,SouthSidewalk,3.702059,-28.41966,40.81437,35.07645
1742842172813,156.589,8654,Eye Hit,Center,782.3254,286.9109,40.63234,SouthSidewalk,3.542007,-28.70468,40.63234,35.44353
1742842172841,156.6162,8656,Eye Hit,Center,779.2018,278.6463,40.42561,SouthSidewalk,3.347375,-29.02593,40.42561,35.85818
1742842172869,156.6435,8658,Eye Hit,Center,777.1696,268.7282,40.17238,SouthSidewalk,3.212222,-29.40139,40.17238,36.36184
1742842172896,156.6712,8660,Eye Hit,Center,778.434,264.6792,40.06599,SouthSidewalk,3.274574,-29.55043,40.06599,36.57758
1742842172924,156.6995,8662,Eye Hit,Center,776.8175,260.2052,39.95753,SouthSidewalk,3.175366,-29.72047,39.95753,36.79777
1742842172952,156.7281,8664,Eye Hit,Center,776.5136,264.0522,40.03833,SouthSidewalk,3.164767,-29.56513,40.03833,36.59903
1742842172980,156.7557,8666,Eye Hit,Center,788.5853,257.3655,39.83189,SouthSidewalk,3.820983,-29.78522,39.83189,37.01268
1742842173008,156.7831,8668,Eye Hit,Center,788.1683,237.4601,39.31421,SouthSidewalk,3.74839,-30.49265,39.31421,38.00593
1742842173035,156.8114,8670,Eye Hit,Center,784.4626,243.4591,39.49129,SouthSidewalk,3.560592,-30.29865,39.49129,37.6862
1742842173064,156.8396,8672,Eye Hit,Center,775.3466,252.5059,39.76372,SouthSidewalk,3.078159,-30.00451,39.76372,37.18143
1742842173092,156.8669,8674,Eye Hit,Center,765.707,249.7435,39.69494,SouthSidewalk,2.537643,-30.10598,39.69494,37.27561
1742842173120,156.8959,8676,Eye Hit,Center,761.1206,260.8988,40.00687,SouthSidewalk,2.30095,-29.71836,40.00687,36.68812
1742842173147,156.9237,8678,Eye Hit,Center,758.9849,274.7658,40.38636,SouthSidewalk,2.202136,-29.21695,40.38636,35.96044
1742842173175,156.9507,8680,Eye Hit,Center,774.8997,293.1169,40.8418,SouthSidewalk,3.136085,-28.49815,40.8418,35.06815
1742842173204,156.9779,8682,Eye Hit,Center,788.0392,303.3465,41.07386,SouthSidewalk,3.908747,-28.0724,41.07386,34.60779
1742842173231,157.0067,8684,Eye Hit,Center,829.8221,318.7807,41.27967,SouthSidewalk,6.340723,-27.32194,41.27967,34.1947
1742842173259,157.0343,8686,Eye Hit,Center,832.9133,299.744,40.76534,SouthSidewalk,6.437975,-28.06693,40.76534,35.23664
1742842173286,157.0632,8688,Eye Hit,Center,828.2436,293.4771,40.60518,SouthSidewalk,6.14747,-28.31258,40.60518,35.50832
1742842173314,157.0901,8690,Eye Hit,Center,820.8922,314.6137,41.20064,SouthSidewalk,5.813991,-27.50976,41.20064,34.31162
1742842173343,157.1171,8692,Eye Hit,Center,818.3306,316.093,41.25406,SouthSidewalk,5.673728,-27.46007,41.25406,34.20366
1742842173371,157.1458,8694,Eye Hit,Center,813.5912,293.5203,40.68675,SouthSidewalk,5.325994,-28.367,40.68675,35.3514
1742842173398,157.173,8696,Eye Hit,Center,811.9137,298.8513,40.8382,SouthSidewalk,5.250004,-28.16809,40.8382,35.05452
1742842173426,157.2023,8698,Eye Hit,Center,780.4736,329.3125,41.78079,SouthSidewalk,3.533906,-27.03817,41.78079,33.13039
1742842173454,157.2298,8700,Eye Hit,Center,780.4541,324.9622,41.63858,SouthSidewalk,3.520743,-27.1995,41.63858,33.37201
1742842173482,157.2576,8702,,Center,722.4569,728.968,49.66475,,0.1706669,-4.378468,49.66475,5.04201
1742842173510,157.2847,8704,,Center,698.177,787.4588,49.84137,,-1.521309,-0.3165733,49.84137,1.785751
1742842173539,157.313,8706,,Center,671.055,789.5663,49.75562,,-3.406147,-0.1693646,49.75562,3.921014
1742842173566,157.3414,8708,,Center,675.1703,718.3572,49.52023,,-3.104999,-5.100656,49.52023,6.875862
1742842173593,157.368,8710,,Center,675.9851,720.5103,49.54638,,-3.050172,-4.954139,49.54638,6.697087
1742842173622,157.3983,8712,,Center,684.03,718.8489,49.53286,,-2.49199,-5.067891,49.53286,6.504422
1742842173649,157.4254,8714,,Center,683.4656,722.3571,49.56227,,-2.532599,-4.827707,49.56227,6.277104
1742842173678,157.4524,8716,,Center,688.7454,721.8829,49.58291,,-2.167496,-4.862606,49.58291,6.128487
1742842173706,157.4802,8718,,Center,684.4556,723.6146,49.58759,,-2.465226,-4.742958,49.58759,6.152496
1742842173733,157.5098,8720,,Center,680.7667,717.8057,49.54234,,-2.718593,-5.141146,49.54234,6.695213
1742842173761,157.5362,8722,,Center,695.1219,717.1188,49.5885,,-1.725485,-5.193579,49.5885,6.29781
1742842173788,157.5647,8724,,Center,699.6827,721.6946,49.59781,,-1.409425,-4.87713,49.59781,5.844256
1742842173816,157.594,8726,,Center,702.9532,721.2402,49.60711,,-1.182771,-4.90957,49.60711,5.812711
1742842173844,157.6195,8728,,Center,711.7834,736.7772,49.71799,,-0.5713725,-3.84012,49.71799,4.465018
1742842173873,157.647,8730,,Center,718.0974,737.9639,49.73247,,-0.1323435,-3.758691,49.73247,4.324769
1742842173900,157.6754,8732,,Center,719.1652,739.8649,49.74739,,-0.05808448,-3.627549,49.74739,4.171102
1742842173928,157.7032,8734,,Center,719.6401,736.0945,49.73312,,-0.02503674,-3.888778,49.73312,4.471112
1742842173957,157.7329,8736,,Center,721.4639,730.0051,49.66354,,0.1016882,-4.30632,49.66354,4.957091
1742842173984,157.7596,8738,,Center,725.8799,721.7327,49.61437,,0.4080295,-4.876108,49.61437,5.63249
1742842174013,157.7879,8740,,Center,731.4319,700.0273,49.44722,,0.7906281,-6.360831,49.44722,7.385994
1742842174041,157.8152,8742,,Center,740.5112,677.428,49.2194,,1.412019,-7.887291,49.2194,9.246371
1742842174068,157.8426,8744,,Center,739.5873,676.4962,49.21878,,1.348395,-7.951333,49.21878,9.30561
1742842174095,157.8707,8746,,Center,739.3774,681.5381,49.2799,,1.335605,-7.613692,49.2799,8.914669
1742842174123,157.8985,8748,,Center,737.0348,673.9191,49.16809,,1.171477,-8.120371,49.16809,9.473386
1742842174152,157.9283,8750,,Center,736.7787,669.0479,49.12354,,1.152818,-8.447701,49.12354,9.846304
1742842174179,157.9557,8752,,Center,737.5564,662.4499,49.05431,,1.204553,-8.888489,49.05431,10.36225
1742842174208,157.9816,8754,,Center,733.2717,653.59,48.95866,,0.9088042,-9.477848,48.95866,11.0053
1742842174235,158.0112,8756,,Center,726.7603,646.3305,48.87736,,0.4621527,-9.958391,48.87736,11.52803
1742842174263,158.0374,8758,,Center,717.0287,649.1079,48.92404,,-0.2033228,-9.777852,48.92404,11.30448
1742842174291,158.0662,8760,,Center,708.3721,659.608,49.02273,,-0.7972824,-9.077625,49.02273,10.5302
1742842174319,158.0941,8762,,Center,705.842,669.2601,49.1424,,-0.9731327,-8.436359,49.1424,9.804477
1742842174347,158.1243,8764,,Center,699.7695,665.8361,49.09993,,-1.389318,-8.664207,49.09993,10.13264
1742842174375,158.1501,8766,,Center,688.9694,653.5593,48.93046,,-2.123646,-9.474493,48.93046,11.22376
1742842174402,158.1777,8768,,Center,682.3109,655.634,48.94036,,-2.579856,-9.334397,48.94036,11.19313
1742842174430,158.2049,8770,,Center,679.3016,654.7944,48.92334,,-2.784881,-9.3886,48.92334,11.31922
1742842174459,158.2338,8772,,Center,669.7668,655.1652,48.89359,,-3.43523,-9.35753,48.89359,11.52323
1742842174486,158.2622,8774,,Center,664.5405,653.0886,48.81116,,-3.786236,-9.483527,48.81116,11.816
1742842174514,158.2897,8776,,Center,659.5105,655.0778,48.81335,,-4.129826,-9.348143,48.81335,11.82483
1742842174542,158.3171,8778,,Center,663.0806,661.1075,48.9118,,-3.893918,-8.954498,48.9118,11.28982
1742842174571,158.3447,8780,,Center,658.8689,662.9023,48.91638,,-4.182437,-8.832544,48.91638,11.29808
1742842174598,158.3724,8782,,Center,658.6232,656.281,48.84169,,-4.192832,-9.271376,48.84169,11.7683
1742842174627,158.4012,8784,,Center,661.4025,650.0487,48.78371,,-3.998219,-9.685611,48.78371,12.12255
1742842174654,158.4306,8786,,Center,670.0722,654.9433,48.85871,,-3.411908,-9.366024,48.85871,11.53121
1742842174682,158.4569,8788,,Center,678.6005,649.7086,48.83442,,-2.827704,-9.71891,48.83442,11.70991
1742842174709,158.4848,8790,,Center,685.893,644.8444,48.80396,,-2.328154,-10.04488,48.80396,11.92983
1742842174738,158.5124,8792,,Center,692.4318,652.8177,48.93434,,-1.886838,-9.526003,48.93434,11.22458
1742842174764,158.5398,8794,,Center,697.5677,642.6462,48.81926,,-1.531716,-10.19813,48.81926,11.92772
1742842174793,158.568,8796,,Center,704.9146,640.4583,48.80751,,-1.029807,-10.34503,48.80751,12.02449
1742842174820,158.5961,8798,,Center,719.4127,642.0903,48.81411,,-0.04009736,-10.23501,48.81411,11.84194
1742842174849,158.6251,8800,,Center,735.006,644.7468,48.84577,,1.025188,-10.06015,48.84577,11.69635
1742842174877,158.6522,8802,,Center,740.153,658.1685,49.01616,,1.381634,-9.175095,49.01616,10.71901
1742842174905,158.6795,8804,,Center,691.8654,675.1275,49.20369,,-1.936203,-8.043088,49.20369,9.544169
1742842174933,158.7086,8806,,Center,659.1494,682.7585,49.15478,,-4.183534,-7.510458,49.15478,9.920517
1742842174960,158.7355,8808,,Center,584.8168,695.751,48.61702,,-9.192299,-6.544818,48.61702,13.06719
1742842174988,158.7637,8810,,Center,620.0054,702.5307,49.02814,,-6.857014,-6.135252,49.02814,10.62903
1742842175015,158.7918,8812,,Center,578.9401,709.3367,48.63799,,-9.596039,-5.623434,48.63799,12.88073
1742842175044,158.8207,8814,,Center,533.7328,725.2753,48.09486,,-12.52991,-4.488466,48.09486,15.46869
1742842175072,158.8472,8816,,Center,495.2269,730.5239,47.45506,,-14.919,-4.080387,47.45506,18.05224
1742842175098,158.8735,8818,,Center,490.2681,734.8334,47.38905,,-15.22692,-3.789078,47.38905,18.32054
1742842175126,158.9011,8820,,Center,531.6106,739.8101,48.13092,,-12.68217,-3.513367,48.13092,15.29191
1742842175154,158.9294,8822,,Center,563.8819,734.0178,48.60105,,-10.61236,-3.941423,48.60105,13.11211
1742842175181,158.9576,8824,,Center,613.0214,734.4974,49.20261,,-7.362036,-3.957205,49.20261,9.640962
1742842175209,158.9843,8826,,Center,664.1417,743.8209,49.64909,,-3.878928,-3.345665,49.64909,5.890525
1742842175238,159.0134,8828,,Center,668.7668,746.6973,49.69318,,-3.560911,-3.148718,49.69318,5.463967
1742842175265,159.0427,8830,,Center,611.4539,773.2036,49.34971,,-7.492239,-1.297395,49.34971,8.759212
1742842175292,159.069,8832,,Center,547.5915,778.3954,48.54556,,-11.70634,-0.9237365,48.54556,13.59814
1742842175319,159.0962,8834,,Center,607.829,778.2792,49.32132,,-7.737991,-0.9465154,49.32132,8.981789
1742842175345,159.1243,8836,Eye Hit,Center,552.2249,768.2813,48.60216,SouthSidewalk,-11.40502,-1.612348,48.60216,13.33279
1742842175374,159.1503,8838,Eye Hit,Center,534.3409,773.7088,48.34124,SouthWalkingPole,-12.55298,-1.236724,48.34124,14.62422
1742842175389,159.17,8839,Eye Hit,Center,561.3384,774.7075,48.75719,SouthWalkingPole,-10.81991,-1.179259,48.75719,12.58373
1742842175422,159.1977,8841,Eye Hit,Center,634.2289,776.9513,49.59392,SouthWalkingPole,-5.949527,-1.043856,49.59392,6.944243
1742842175452,159.2293,8843,Eye Hit,Center,691.2375,780.78,49.91792,SouthWalkingPole,-2.00815,-0.7833608,49.91792,2.472589
1742842175482,159.2595,8845,Eye Hit,Center,723.9828,784.9625,49.96615,SouthWalkingPole,0.2783412,-0.4918183,49.96615,0.6480073
1742842175516,159.2915,8847,Eye Hit,Center,736.0504,780.7448,49.95753,SE_Tree_10,1.121503,-0.7864431,49.95753,1.570598
1742842175533,159.3095,8848,,Center,646.7767,776.5897,49.71367,,-5.091411,-1.071516,49.71367,5.974681
1742842175564,159.3407,8850,,Center,620.7229,770.7691,49.49328,,-6.872396,-1.469697,49.49328,8.081698
1742842175598,159.373,8852,,Center,617.3301,762.6885,49.44762,,-7.100708,-2.027199,49.44762,8.493685
1742842175614,159.3929,8853,,Center,630.9907,765.8652,49.58244,,-6.172711,-1.812426,49.58244,7.392766
1742842175646,159.423,8855,,Center,662.4681,770.583,49.8141,,-4.008428,-1.492189,49.8141,4.90756
1742842175685,159.4601,8857,,Center,706.7706,777.4877,49.98017,,-0.9248052,-1.014491,49.98017,1.573336
1742842175715,159.4915,8859,Eye Hit,Center,749.6119,781.2893,49.94873,NorthSidewalk,2.068725,-0.7482629,49.94873,2.52189
1742842175754,159.5286,8861,Eye Hit,Center,810.1603,779.708,49.59735,NorthSidewalk,6.254412,-0.8526962,49.59735,7.253038
1742842175793,159.5616,8863,Eye Hit,Center,842.2827,780.5471,49.27857,NorthSidewalk,8.428225,-0.789378,49.27857,9.747194
1742842175809,159.5836,8864,Eye Hit,Center,792.3864,776.4436,49.73398,NorthSidewalk,5.035275,-1.08212,49.73398,5.912214
1742842175844,159.6173,8866,Eye Hit,Center,668.4313,778.0272,49.86483,NorthSidewalk,-3.596611,-0.9745174,49.86483,4.27361
1742842175863,159.6388,8867,Eye Hit,Center,659.0151,774.8905,49.80833,Car3-Detailed,-4.248518,-1.191935,49.80833,5.06268
1742842175880,159.6567,8868,Eye Hit,Center,681.9429,776.8007,49.92406,Car3-Detailed,-2.657411,-1.06132,49.92406,3.280441
1742842175902,159.676,8869,Eye Hit,Center,668.8036,772.2412,49.85757,Car3-Detailed,-3.570126,-1.377856,49.85757,4.389143
1742842175926,159.7047,8870,Eye Hit,Center,710.1534,778.5116,49.99527,Car3-Detailed,-0.6885401,-0.9431981,49.99527,1.338229
1742842175953,159.7338,8871,Eye Hit,Center,744.8423,776.2491,49.9628,Car3-Detailed,1.736008,-1.10069,49.9628,2.355926
1742842175984,159.7636,8872,Eye Hit,Center,783.3459,784.1321,49.80694,Car3-Detailed,4.41287,-0.5481039,49.80694,5.101886
1742842176011,159.7918,8873,Eye Hit,Center,815.2608,794.9386,49.56502,NorthSidewalk,6.603931,0.2037196,49.56502,7.592798
1742842176042,159.8202,8874,Eye Hit,Center,851.3997,805.3173,49.17176,NorthSidewalk,9.036977,0.9158962,49.17176,10.46599
1742842176070,159.8492,8875,Eye Hit,Center,899.4249,806.6635,48.49419,NorthSidewalk,12.16986,0.9945809,48.49419,14.1328
1742842176100,159.8811,8876,Eye Hit,Center,895.2375,805.5398,48.55877,NorthSidewalk,11.90166,0.9195859,48.55877,13.81107
1742842176131,159.9101,8877,Eye Hit,Center,901.7927,796.2393,48.45844,NorthSidewalk,12.32137,0.2873252,48.45844,14.26982
1742842176159,159.9392,8878,Eye Hit,Center,788.2316,781.2301,49.75726,Car3-Detailed,4.748485,-0.7495175,49.75726,5.518463
1742842176188,159.968,8879,Eye Hit,Center,771.5662,762.3034,49.80903,Car3-Detailed,3.592413,-2.068842,49.80903,4.757693
1742842176218,159.9965,8880,Eye Hit,Center,766.5753,755.4123,49.80516,Car3-Detailed,3.244466,-2.548721,49.80516,4.73549
1742842176246,160.0256,8881,Eye Hit,Center,763.7621,754.352,49.8097,Car3-Detailed,3.04877,-2.622822,49.8097,4.616134
1742842176275,160.0541,8882,Eye Hit,Center,765.3197,754.024,49.79723,Car3-Detailed,3.156496,-2.64501,49.79723,4.727582
1742842176305,160.0819,8883,Eye Hit,Center,787.927,755.0707,49.67225,NorthSidewalk,4.719209,-2.565655,49.67225,6.171967
1742842176337,160.1106,8884,Eye Hit,Center,797.9523,751.4448,49.58111,NorthSidewalk,5.405776,-2.81239,49.58111,7.006588
1742842176365,160.1382,8885,Eye Hit,Center,784.1367,753.5007,49.67801,NorthSidewalk,4.456397,-2.67504,49.67801,5.972941
1742842176393,160.1676,8886,Eye Hit,Center,785.5201,758.0612,49.68201,NorthSidewalk,4.552882,-2.35835,49.68201,5.892321
1742842176423,160.202,8887,Eye Hit,Center,784.7939,760.2704,49.69054,NorthSidewalk,4.503191,-2.205219,49.69054,5.762012
1742842176451,160.2298,8888,Eye Hit,Center,792.3942,761.892,49.64258,NorthSidewalk,5.026564,-2.090494,49.64258,6.25821
1742842176481,160.2581,8889,Eye Hit,Center,789.0024,756.0997,49.64486,NorthSidewalk,4.791277,-2.492788,49.64486,6.208894
1742842176510,160.2845,8890,Eye Hit,Center,794.9881,747.3719,49.56938,NorthSidewalk,5.198989,-3.094104,49.56938,6.958662
1742842176539,160.3127,8891,Eye Hit,Center,788.6166,731.4738,49.53263,NorthSidewalk,4.753717,-4.193221,49.53263,7.292667
1742842176568,160.3408,8892,Eye Hit,Center,798.5944,732.5363,49.46067,NorthSidewalk,5.437064,-4.113625,49.46067,7.84843
1742842176597,160.3685,8893,Eye Hit,Center,713.6161,714.1063,49.63061,NorthSidewalk,-0.4431488,-5.407104,49.63061,6.238348
1742842176627,160.3962,8894,Eye Hit,Center,620.1937,684.9266,48.91155,NorthWalkingPole,-6.827822,-7.324972,48.91155,11.57034
1742842176656,160.4252,8895,Eye Hit,Center,619.7944,670.6521,48.76281,NorthWalkingPole,-6.834294,-8.276255,48.76281,12.41357
1742842176685,160.4516,8896,Eye Hit,Center,627.5718,664.3562,48.76354,NorthWalkingPole,-6.303951,-8.705784,48.76354,12.43042
1742842176714,160.48,8897,Eye Hit,Center,648.8701,664.1241,48.92433,NorthWalkingPole,-4.867319,-8.750374,48.92433,11.56657
1742842176744,160.5083,8898,Eye Hit,Center,661.9149,670.3419,49.07778,NorthSidewalk,-3.98715,-8.351006,49.07778,10.6782
1742842176773,160.5381,8899,Eye Hit,Center,672.6128,678.5995,49.22433,NorthSidewalk,-3.262525,-7.807423,49.22433,9.753829
1742842176803,160.5663,8900,Eye Hit,Center,695.0891,683.3536,49.3439,NorthSidewalk,-1.719237,-7.498284,49.3439,8.861244
1742842176831,160.596,8901,Eye Hit,Center,717.8123,682.7859,49.37111,NorthSidewalk,-0.1510681,-7.541618,49.37111,8.686748
1742842176860,160.625,8902,Eye Hit,Center,723.7339,673.2835,49.27224,NorthSidewalk,0.257322,-8.181373,49.27224,9.432194
1742842176889,160.6533,8903,Eye Hit,Center,741.6613,666.9203,49.18166,NorthSidewalk,1.490052,-8.604052,49.18166,10.06785
1742842176919,160.6821,8904,Eye Hit,Center,754.6226,662.7114,49.10062,NorthSidewalk,2.377716,-8.87892,49.10062,10.60321
1742842176947,160.7117,8905,Eye Hit,Center,751.6509,670.9642,49.20805,NorthSidewalk,2.178383,-8.330346,49.20805,9.925175
1742842176976,160.739,8906,Eye Hit,Center,694.9431,698.9049,49.51002,NorthSidewalk,-1.735135,-6.44663,49.51002,7.679613
1742842177004,160.7686,8907,Eye Hit,Center,716.5354,699.6074,49.54143,NorthSidewalk,-0.2400681,-6.402043,49.54143,7.368414
1742842177033,160.7974,8908,Eye Hit,Center,621.8293,719.3485,49.24526,NorthSidewalk,-6.761751,-5.004052,49.24526,9.693614
1742842177062,160.8268,8909,Eye Hit,Center,624.5565,718.1564,49.26627,NorthSidewalk,-6.576711,-5.088335,49.26627,9.580249
1742842177092,160.8565,8910,Eye Hit,Center,647.3763,725.0208,49.49801,NorthSidewalk,-5.027812,-4.637037,49.49801,7.867314
1742842177121,160.8855,8911,Eye Hit,Center,673.019,728.7458,49.67213,NorthSidewalk,-3.263985,-4.394557,49.67213,6.2889
1742842177154,160.9151,8912,,Center,698.147,734.3458,49.79225,,-1.521899,-4.015184,49.79225,4.928832
1742842177184,160.9472,8913,Eye Hit,Center,624.2087,723.5521,49.31776,NorthSidewalk,-6.60758,-4.72146,49.31776,9.350928
1742842177214,160.9764,8914,Eye Hit,Center,619.8563,734.3898,49.34478,Car3-Detailed,-6.911586,-3.976068,49.34478,9.179115
1742842177242,161.0067,8915,Eye Hit,Center,614.864,732.3629,49.28793,Car3-Detailed,-7.247778,-4.11121,49.28793,9.595689
1742842177273,161.0344,8916,Eye Hit,Center,651.8964,733.1174,49.59776,Car3-Detailed,-4.72438,-4.08472,49.59776,7.176929
1742842177301,161.0635,8917,Eye Hit,Center,698.1402,725.4935,49.75292,Car3-Detailed,-1.521169,-4.628021,49.75292,5.592333
1742842177329,161.0937,8918,Eye Hit,Center,720.0063,724.5475,49.77187,Car3-Detailed,0.0004361765,-4.695641,49.77187,5.389543
1742842177352,161.1217,8919,Eye Hit,Center,718.1243,727.3664,49.78971,Car3-Detailed,-0.1306189,-4.501021,49.78971,5.16767
1742842177373,161.1426,8920,Eye Hit,Center,702.241,729.0194,49.78677,Car3-Detailed,-1.236644,-4.385646,49.78677,5.229334
1742842177395,161.1646,8921,Eye Hit,Center,710.7103,728.4179,49.79642,Car3-Detailed,-0.6470105,-4.42839,49.79642,5.13557
1742842177414,161.1867,8922,Eye Hit,Center,566.2761,727.7575,48.69551,SportCar5-Detailed,-10.46992,-4.375464,48.69551,13.11742
1742842177435,161.2065,8923,,Center,505.4705,732.5688,47.74231,,-14.32529,-3.96854,47.74231,17.29425
1742842177455,161.2282,8924,,Center,508.1689,733.6657,47.79976,,-14.16212,-3.899982,47.79976,17.08266
1742842177473,161.2464,8925,Eye Hit,Center,474.0402,736.5289,47.15802,SW_Tree_10,-16.22305,-3.658774,47.15802,19.42546
1742842177492,161.2643,8926,Eye Hit,Center,482.3173,738.9603,47.34044,SW_Tree_10,-15.73776,-3.511931,47.34044,18.8096
1742842177512,161.2827,8927,,Center,496.5522,736.7273,47.60169,,-14.87686,-3.679984,47.60169,17.84584
1742842177529,161.3027,8928,,Center,510.3032,735.848,47.84684,,-14.03324,-3.757778,47.84684,16.88977
1742842177551,161.3201,8929,,Center,515.0765,736.2976,47.94094,,-13.74078,-3.735022,47.94094,16.54241
1742842177571,161.3423,8930,,Center,520.906,729.2143,48.00222,,-13.36695,-4.215364,48.00222,16.27695
1742842177587,161.362,8931,,Center,522.6412,728.2952,48.03035,,-13.25822,-4.279576,48.03035,16.17546
1742842177625,161.3981,8933,,Center,531.1288,719.0257,48.1199,,-12.71169,-4.911424,48.1199,15.81208
1742842177643,161.4155,8934,,Center,535.5032,716.6389,48.17116,,-12.43051,-5.077466,48.17116,15.5756
1742842177662,161.4335,8935,,Center,532.8219,710.9614,48.08759,,-12.58928,-5.450518,48.08759,15.92249
1742842177680,161.4536,8936,,Center,533.1411,709.1528,48.08307,,-12.56663,-5.57164,48.08307,15.95462
1742842177698,161.4713,8937,,Center,531.6791,707.8658,48.04491,,-12.65491,-5.653703,48.04491,16.09225
1742842177714,161.4895,8938,,Center,530.6731,707.714,48.03054,,-12.7187,-5.662208,48.03054,16.16475
1742842177732,161.5063,8939,Eye Hit,Center,542.0338,698.8094,48.14114,RoadWest,-11.98303,-6.274824,48.14114,15.6941
1742842177751,161.5253,8940,Eye Hit,Center,540.4137,700.0445,48.12899,RoadWest,-12.08907,-6.190096,48.12899,15.75873
1742842177788,161.5588,8942,Eye Hit,Center,589.8341,687.0107,48.69392,SportCar5-Detailed,-8.865124,-7.15044,48.69392,13.16474
1742842177807,161.5797,8943,Eye Hit,Center,593.0597,683.0991,48.689,SportCar5-Detailed,-8.644569,-7.416093,48.689,13.16639
1742842177823,161.5978,8944,Eye Hit,Center,591.8742,683.1699,48.67877,SportCar5-Detailed,-8.723464,-7.409713,48.67877,13.23141
1742842177862,161.6345,8946,Eye Hit,Center,602.976,675.9091,48.72108,SportCar5-Detailed,-7.974524,-7.910937,48.72108,12.98288
1742842177879,161.6526,8947,Eye Hit,Center,602.571,673.4052,48.6926,SportCar5-Detailed,-7.997445,-8.076839,48.6926,13.13935
1742842177900,161.6699,8948,Eye Hit,Center,612.9746,672.281,48.78386,SportCar5-Detailed,-7.302571,-8.168686,48.78386,12.6587
1742842177917,161.6916,8949,Eye Hit,Center,613.015,670.7857,48.76976,SportCar5-Detailed,-7.297706,-8.268321,48.76976,12.7419
1742842177956,161.7281,8951,Eye Hit,Center,615.1356,673.3862,48.81727,SportCar5-Detailed,-7.160021,-8.098814,48.81727,12.48603
1742842177974,161.7477,8952,Eye Hit,Center,613.1533,675.3252,48.81478,SportCar5-Detailed,-7.295,-7.96602,48.81478,12.47719
1742842177992,161.7645,8953,Eye Hit,Center,612.824,674.8585,48.80802,SportCar5-Detailed,-7.316472,-7.996773,48.80802,12.52048
1742842178012,161.7835,8954,Eye Hit,Center,608.3039,679.7229,48.8115,SportCar5-Detailed,-7.625584,-7.665248,48.8115,12.48999
1742842178030,161.8028,8955,,Center,532.4772,710.9512,48.06894,,-12.60758,-5.449092,48.06894,15.94625
1742842178047,161.8208,8956,,Center,531.9882,711.1127,48.06322,,-12.63894,-5.437588,48.06322,15.97477
1742842178067,161.8384,8957,,Center,517.3669,714.2302,47.83655,,-13.55761,-5.203358,47.83655,16.88682
1742842178086,161.8586,8958,,Center,515.6763,711.2516,47.78775,,-13.65678,-5.397137,47.78775,17.08153
1742842178103,161.8777,8959,,Center,514.5502,711.1679,47.76478,,-13.72544,-5.400134,47.76478,17.16045
1742842178124,161.8951,8960,,Center,513.8061,709.2067,47.73934,,-13.76782,-5.528207,47.73934,17.264
1742842178140,161.915,8961,,Center,511.6849,710.745,47.71016,,-13.90095,-5.422178,47.71016,17.36669
1742842178180,161.949,8963,,Center,505.7345,709.5278,47.59364,,-14.2631,-5.489964,47.59364,17.80278
1742842178196,161.9707,8964,,Center,506.3029,708.8956,47.59774,,-14.2265,-5.53252,47.59774,17.78084
1742842178215,161.9882,8965,,Center,505.011,708.5411,47.57178,,-14.30469,-5.553095,47.57178,17.87761
1742842178235,162.006,8966,,Center,504.3299,705.6154,47.53706,,-14.33954,-5.743564,47.53706,18.00142
1742842178251,162.0263,8967,,Center,502.325,706.1949,47.50443,,-14.4629,-5.70112,47.50443,18.12089
1742842178290,162.061,8969,,Center,493.6055,706.7756,47.34487,,-14.99173,-5.643517,47.34487,18.69287
1742842178308,162.0808,8970,,Center,494.3013,707.3989,47.36158,,-14.95093,-5.604216,47.36158,18.63023
1742842178325,162.0983,8971,,Center,492.4377,707.1375,47.3239,,-15.06238,-5.617062,47.3239,18.76233
1742842178346,162.1161,8972,,Center,491.6317,706.5525,47.3033,,-15.10915,-5.653323,47.3033,18.83126
1742842178364,162.1369,8973,,Center,496.6557,715.3762,47.45716,,-14.82482,-5.086023,47.45716,18.2761
1742842178382,162.1559,8974,,Center,494.2194,713.6332,47.39893,,-14.96815,-5.195336,47.39893,18.48336
1742842178419,162.1931,8976,,Center,490.4781,712.8,47.31993,,-15.19082,-5.241823,47.31993,18.75741
1742842178437,162.2101,8977,Eye Hit,Center,494.5839,694.927,47.26706,MicroBus4-Detailed,-14.90241,-6.417561,47.26706,18.94595
1742842178457,162.2293,8978,Eye Hit,Center,488.1476,695.3113,47.14531,MicroBus4-Detailed,-15.28843,-6.37569,47.14531,19.35901
1742842178474,162.2481,8979,Eye Hit,Center,490.4291,687.4595,47.1243,MicroBus4-Detailed,-15.13125,-6.890369,47.1243,19.43369
1742842178498,162.265,8980,Eye Hit,Center,482.5378,689.2749,46.98522,MicroBus4-Detailed,-15.60518,-6.75073,46.98522,19.89391
1742842178517,162.2899,8981,,Center,482.7928,690.9261,47.00492,,-15.59496,-6.645004,47.00492,19.83112
1742842178534,162.3079,8982,Eye Hit,Center,482.013,691.3588,46.99503,Sedan4-Detailed,-15.64293,-6.615164,46.99503,19.87003
1742842178554,162.3257,8983,Eye Hit,Center,468.8554,692.7349,46.74199,Sedan4-Detailed,-16.41889,-6.489579,46.74199,20.69201
1742842178572,162.3448,8984,Eye Hit,Center,458.1104,694.45,46.53845,Sedan4-Detailed,-17.04681,-6.349683,46.53845,21.34958
1742842178590,162.3629,8985,Eye Hit,Center,446.3994,696.3913,46.30508,Sedan4-Detailed,-17.71979,-6.192114,46.30508,22.06601
1742842178609,162.3804,8986,,Center,415.6996,706.0621,45.69598,,-19.44883,-5.492571,45.69598,23.85792
1742842178627,162.4008,8987,Eye Hit,Center,416.861,709.2896,45.74548,Sedan4-Detailed,-19.39559,-5.292015,45.74548,23.7249
1742842178645,162.4181,8988,Eye Hit,Center,397.249,710.6127,45.29771,Sedan4-Detailed,-20.44828,-5.156394,45.29771,24.96438
1742842178665,162.4357,8989,,Center,439.1986,752.2946,46.44531,,-18.24122,-2.579313,46.44531,21.6359
1742842178683,162.4573,8990,,Center,409.6296,752.21,45.77184,,-19.86971,-2.547328,45.77184,23.63688
1742842178700,162.4754,8991,Eye Hit,Center,446.741,792.7751,46.67352,NW_Tree_30,-17.83848,0.05059516,46.67352,20.91679
1742842178722,162.4947,8992,Eye Hit,Center,382.5021,796.5892,45.18063,NW_Tree_30,-21.32732,0.2900009,45.18063,25.2715
1742842178739,162.515,8993,,Center,484.006,792.1196,47.44529,,-15.66055,0.007938125,47.44529,18.26681
1742842178762,162.5336,8994,,Center,408.2101,802.2018,45.79046,,-19.96871,0.6533772,45.79046,23.57272
1742842178792,162.5625,8995,,Center,449.9313,745.1585,46.64849,,-17.62077,-3.056197,46.64849,20.97555
1742842178828,162.5901,8996,,Center,403.3058,748.4926,45.60802,,-20.20199,-2.775345,45.60802,24.08984
1742842178864,162.6221,8997,,Center,367.2332,749.8911,44.74031,,-22.07495,-2.635029,44.74031,26.42299
1742842178903,162.6581,8998,,Center,323.0514,775.5142,43.67263,,-24.24692,-1.007005,43.67263,29.05986
1742842178932,162.6962,8999,,Center,263.4653,812.316,42.10284,,-26.88426,1.196359,42.10284,32.58549
1742842178959,162.725,9000,,Center,274.3282,827.6515,42.36884,,-26.41038,2.112696,42.36884,32.01921
1742842178990,162.7521,9001,Eye Hit,Center,311.6717,827.844,43.35259,NorthWalkingPole,-24.75924,2.173424,43.35259,29.82606
1742842179019,162.782,9002,,Center,307.8053,834.9576,43.23582,,-24.92636,2.597746,43.23582,30.09845
1742842179048,162.8116,9003,,Center,375.0483,836.3395,44.93763,,-21.6811,2.786848,44.93763,25.94015
1742842179077,162.8409,9004,Eye Hit,Center,405.3235,830.6363,45.68106,Truck1-Detailed,-20.10543,2.468564,45.68106,23.91399
1742842179107,162.8695,9005,,Center,422.4526,826.2664,46.0887,,-19.18066,2.208901,46.0887,22.72974
1742842179134,162.8999,9006,,Center,348.3378,829.2635,44.28722,,-23.02182,2.308208,44.28722,27.5842
1742842179163,162.9276,9007,,Center,370.0955,843.6296,44.78391,,-21.91717,3.233952,44.78391,26.32148
1742842179204,162.9558,9008,,Center,356.0377,895.0806,44.15853,,-22.47936,6.366558,44.15853,27.88256
1742842179245,162.9975,9009,,Center,449.119,883.9891,46.37196,,-17.56899,5.966296,46.37196,21.80741
1742842179286,163.0381,9010,,Center,817.7477,831.7983,49.40754,,6.754802,2.750242,49.40754,8.396975
1742842179327,163.0786,9011,Eye Hit,Center,871.3367,818.7758,48.82421,SportCar5-Detailed,10.33457,1.828484,48.82421,12.13149
1742842179357,163.1197,9012,Eye Hit,Center,897.9443,826.7441,48.40949,Jeep4-Detailed,12.04835,2.35247,48.40949,14.22935
1742842179389,163.1488,9013,Eye Hit,Center,909.2124,841.2128,48.17504,NE_Tree_50,12.74925,3.315989,48.17504,15.29359
1742842179418,163.181,9014,Eye Hit,Center,921.361,802.3071,48.07053,SportCar5-Detailed,13.5384,0.6929955,48.07053,15.74872
1742842179446,163.2089,9015,Eye Hit,Center,912.5117,808.3644,48.21695,SportCar5-Detailed,12.98284,1.1036,48.21695,15.12186
1742842179473,163.2363,9016,Eye Hit,Center,890.7278,821.791,48.54142,SportCar5-Detailed,11.59123,2.022604,48.54142,13.62562
1742842179493,163.2643,9017,Eye Hit,Center,890.2739,823.8253,48.53807,SportCar5-Detailed,11.55962,2.160566,48.53807,13.6192
1742842179515,163.2843,9018,Eye Hit,Center,886.2025,816.7165,48.62025,SportCar5-Detailed,11.30232,1.680803,48.62025,13.22551
1742842179533,163.3073,9019,Eye Hit,Center,879.0123,814.9271,48.73696,SportCar5-Detailed,10.83932,1.562865,48.73696,12.66427
1742842179557,163.3243,9020,Eye Hit,Center,882.1449,817.6523,48.67738,SportCar5-Detailed,11.03935,1.746492,48.67738,12.93135
1742842179574,163.3477,9021,Eye Hit,Center,869.3173,809.9686,48.88135,SportCar5-Detailed,10.2086,1.228489,48.88135,11.87906
1742842179592,163.3653,9022,Eye Hit,Center,873.1853,806.5537,48.82915,SportCar5-Detailed,10.46187,0.9939516,48.82915,12.14588
1742842179612,163.3827,9023,Eye Hit,Center,871.8645,793.0374,48.8606,SportCar5-Detailed,10.37834,0.07089664,48.8606,11.99209
1742842179630,163.4029,9024,Eye Hit,Center,870.3757,787.7593,48.88681,SportCar5-Detailed,10.28211,-0.2899651,48.88681,11.88219
1742842179646,163.421,9025,Eye Hit,Center,879.0884,785.5132,48.75944,SportCar5-Detailed,10.84951,-0.4423894,48.75944,12.55465
1742842179681,163.4537,9027,Eye Hit,Center,890.817,787.7104,48.58577,SportCar5-Detailed,11.60788,-0.2914998,48.58577,13.44102
1742842179700,163.4723,9028,Eye Hit,Center,798.8561,796.0419,49.6534,Jeep4-Detailed,5.476425,0.2807,49.6534,6.302105
1742842179714,163.4911,9029,Eye Hit,Center,813.1874,798.7471,49.531,Jeep4-Detailed,6.455758,0.4674192,49.531,7.44516
1742842179748,163.5228,9031,Eye Hit,Center,829.733,806.6884,49.36794,Jeep4-Detailed,7.576962,1.014222,49.36794,8.802232
1742842179781,163.5562,9033,Eye Hit,Center,880.8229,809.2977,48.72663,Jeep4-Detailed,10.96042,1.178877,48.72663,12.74769
1742842179798,163.5733,9034,Eye Hit,Center,923.8534,804.7704,48.04286,Jeep4-Detailed,13.69808,0.8581168,48.04286,15.94364
1742842179816,163.5931,9035,Eye Hit,Center,971.4978,808.93,47.12111,Jeep4-Detailed,16.57535,1.115797,47.12111,19.42043
1742842179853,163.6332,9037,Eye Hit,Center,1096.973,815.1603,44.18148,Jeep4-Detailed,23.29504,1.431188,44.18148,27.84534
1742842179891,163.6606,9038,,Center,1176.406,901.4053,41.76963,,26.66397,6.391631,41.76963,33.28259
1742842179926,163.688,9039,Eye Hit,Center,1128.906,892.8138,43.03842,NorthSidewalk,24.6146,6.068609,43.03842,30.50009
1742842179960,163.7203,9040,Eye Hit,Center,1041.544,881.0634,45.24525,NorthSidewalk,20.34821,5.636186,45.24525,25.01681
1742842180000,163.7529,9041,,Center,1073.379,879.9528,44.48102,,21.9851,5.471892,44.48102,26.99142
1742842180030,163.7936,9042,,Center,1024.596,888.6005,45.56868,,19.41348,6.156857,45.56868,24.08171
1742842180057,163.8237,9043,,Center,925.5401,899.2922,47.47463,,13.64806,7.124305,47.47463,17.96744
1742842180089,163.8501,9044,,Center,771.5651,900.6957,49.21687,,3.549628,7.482367,49.21687,9.551602
1742842180120,163.882,9045,Eye Hit,Center,690.0059,898.301,49.33028,NW_Tree_10,-2.069485,7.334389,49.33028,8.781878
1742842180147,163.9121,9046,Eye Hit,Center,632.9105,877.7452,49.20921,NW_Tree_10,-5.994114,5.901588,49.20921,9.700324
1742842180176,163.9403,9047,,Center,553.4673,858.329,48.43395,,-11.28138,4.493306,48.43395,14.07499
1742842180206,163.9685,9048,Eye Hit,Center,472.0357,844.0009,47.07648,NW_Tree_30,-16.32699,3.423954,47.07648,19.51243
1742842180234,163.9983,9049,Eye Hit,Center,496.6674,847.6366,47.532,NW_Tree_30,-14.84743,3.69879,47.532,17.84409
1742842180262,164.0254,9050,Eye Hit,Center,420.2081,817.6396,46.03666,NW_Tree_50,-19.30353,1.650925,46.03666,22.82323
1742842180294,164.0536,9051,Eye Hit,Center,393.2533,755.055,45.38494,MicroBus4-Detailed,-20.7413,-2.345202,45.38494,24.69868
1742842180324,164.0861,9052,Eye Hit,Center,405.4557,751.0854,45.66566,MicroBus4-Detailed,-20.09021,-2.613252,45.66566,23.92436
1742842180352,164.1151,9053,Eye Hit,Center,427.8024,758.35,46.20214,MicroBus4-Detailed,-18.88216,-2.174504,46.20214,22.36163
1742842180379,164.1425,9054,Eye Hit,Center,452.683,762.9329,46.76178,MicroBus4-Detailed,-17.48358,-1.901101,46.76178,20.61077
1742842180398,164.1696,9055,Eye Hit,Center,436.4969,758.5747,46.40447,MicroBus4-Detailed,-18.40054,-2.169442,46.40447,21.76543
1742842180421,164.1894,9056,Eye Hit,Center,443.8691,753.4547,46.54704,MicroBus4-Detailed,-17.97711,-2.509435,46.54704,21.30372
1742842180439,164.2115,9057,Eye Hit,Center,467.7986,738.0336,46.99952,MicroBus4-Detailed,-16.57882,-3.547559,46.99952,19.83589
1742842180457,164.2299,9058,Eye Hit,Center,471.6729,729.9531,47.03751,MicroBus4-Detailed,-16.33734,-4.082039,47.03751,19.69753
1742842180476,164.2482,9059,Eye Hit,Center,477.1778,719.5178,47.09218,MicroBus4-Detailed,-15.99374,-4.774117,47.09218,19.51604
1742842180494,164.2673,9060,Eye Hit,Center,484.3167,717.2875,47.21625,MicroBus4-Detailed,-15.56443,-4.933986,47.21625,19.07579
1742842180512,164.2846,9061,Eye Hit,Center,489.6812,727.3855,47.38163,MicroBus4-Detailed,-15.26343,-4.282062,47.38163,18.49898
1742842180532,164.3035,9062,Eye Hit,Center,498.8727,726.8334,47.54703,MicroBus4-Detailed,-14.70546,-4.333728,47.54703,17.87104
1742842180550,164.3237,9063,Eye Hit,Center,515.6069,737.6866,47.90811,MicroBus4-Detailed,-13.69583,-3.639393,47.90811,16.47811
1742842180566,164.341,9064,Eye Hit,Center,516.3544,739.6587,47.93475,MicroBus4-Detailed,-13.65333,-3.509197,47.93475,16.38804
1742842180601,164.3733,9066,Eye Hit,Center,538.1853,738.1672,48.29309,MicroBus4-Detailed,-12.28081,-3.636178,48.29309,14.85347
1742842180619,164.3925,9067,Eye Hit,Center,545.8964,739.379,48.41768,MicroBus4-Detailed,-11.79029,-3.563493,48.41768,14.2728
1742842180635,164.4097,9068,Eye Hit,Center,543.8841,728.0149,48.33304,MicroBus4-Detailed,-11.90572,-4.325495,48.33304,14.68579
1742842180672,164.4417,9070,Eye Hit,Center,559.056,722.776,48.52831,MicroBus4-Detailed,-10.92403,-4.698559,48.52831,13.76875
1742842180688,164.463,9071,Eye Hit,Center,563.3698,722.7297,48.58709,MicroBus4-Detailed,-10.64411,-4.7074,48.58709,13.47085
1742842180721,164.4953,9073,Eye Hit,Center,555.3892,725.2711,48.49124,MicroBus4-Detailed,-11.16438,-4.525743,48.49124,13.95171
1742842180737,164.512,9074,Eye Hit,Center,522.8683,749.1814,48.09476,MicroBus4-Detailed,-13.26072,-2.880337,48.09476,15.75641
1742842180754,164.529,9075,Eye Hit,Center,530.7238,752.7504,48.23811,MicroBus4-Detailed,-12.77024,-2.648124,48.23811,15.12909
1742842180790,164.5627,9077,,Center,527.5018,758.1882,48.20601,,-12.97899,-2.279727,48.20601,15.28895
1742842180805,164.5801,9078,Eye Hit,Center,540.6932,759.499,48.42913,MicroBus4-Detailed,-12.14553,-2.201487,48.42913,14.29888
1742842180841,164.6149,9080,Eye Hit,Center,558.8618,766.2488,48.72693,MicroBus4-Detailed,-10.98197,-1.75501,48.72693,12.85684
1742842180857,164.6323,9081,Eye Hit,Center,563.5352,763.0221,48.78648,MicroBus4-Detailed,-10.6765,-1.97733,48.78648,12.54741
1742842180893,164.6648,9083,Eye Hit,Center,569.0856,754.3409,48.84216,MicroBus4-Detailed,-10.30952,-2.572632,48.84216,12.27352
1742842180911,164.6837,9084,Eye Hit,Center,579.6737,748.9589,48.9641,MicroBus4-Detailed,-9.610141,-2.947635,48.9641,11.60128
1742842180926,164.7017,9085,Eye Hit,Center,574.9447,737.4768,48.85266,MicroBus4-Detailed,-9.911392,-3.725481,48.85266,12.22927
1742842180962,164.7331,9087,Eye Hit,Center,581.4702,739.4382,48.94862,MicroBus4-Detailed,-9.484108,-3.59852,48.94862,11.70794
1742842180979,164.7524,9088,Eye Hit,Center,583.1807,737.4546,48.96185,MicroBus4-Detailed,-9.369534,-3.735331,48.96185,11.64072
1742842180996,164.7695,9089,Eye Hit,Center,589.0842,735.6288,49.02388,MicroBus4-Detailed,-8.976615,-3.865252,49.02388,11.27468
1742842181012,164.7867,9090,Eye Hit,Center,592.1171,736.2584,49.06414,MicroBus4-Detailed,-8.775856,-3.825221,49.06414,11.04072
1742842181046,164.8194,9092,Eye Hit,Center,598.6464,743.4694,49.17536,MicroBus4-Detailed,-8.346664,-3.337919,49.17536,10.3594
1742842181063,164.8365,9093,Eye Hit,Center,596.475,741.3917,49.13942,MicroBus4-Detailed,-8.489809,-3.478279,49.13942,10.5758
1742842181078,164.8544,9094,Eye Hit,Center,593.0059,742.9768,49.10716,MicroBus4-Detailed,-8.722506,-3.367127,49.10716,10.77992
1742842181111,164.8873,9096,Eye Hit,Center,589.7676,747.4397,49.08632,MicroBus4-Detailed,-8.94113,-3.059297,49.08632,10.89719
1742842181147,164.9225,9098,Eye Hit,Center,581.1761,748.3351,48.98311,MicroBus4-Detailed,-9.510943,-2.991519,48.98311,11.50516
1742842181180,164.9547,9100,Eye Hit,Center,577.8949,755.4678,48.96691,MicroBus4-Detailed,-9.732519,-2.502025,48.96691,11.59722
1742842181217,164.9908,9102,Eye Hit,Center,570.9585,760.3976,48.89079,MicroBus4-Detailed,-10.19171,-2.161027,48.89079,12.02941
1742842181233,165.0085,9103,Eye Hit,Center,569.3993,760.1639,48.86823,MicroBus4-Detailed,-10.29358,-2.176004,48.86823,12.15001
1742842181254,165.0255,9104,Eye Hit,Center,563.7358,762.0367,48.79575,MicroBus4-Detailed,-10.66484,-2.044961,48.79575,12.54629
1742842181275,165.0457,9105,Eye Hit,Center,562.8837,758.8314,48.77285,MicroBus4-Detailed,-10.71796,-2.262654,48.77285,12.65836
1742842181290,165.0661,9106,Eye Hit,Center,559.9021,759.3334,48.73156,MicroBus4-Detailed,-10.91211,-2.226526,48.73156,12.87311
1742842181329,165.1014,9108,Eye Hit,Center,552.5931,783.5346,48.66448,MicroBus4-Detailed,-11.39458,-0.5761971,48.66448,13.1944
1742842181352,165.1207,9109,Eye Hit,Center,549.6484,785.8465,48.61978,MicroBus4-Detailed,-11.58436,-0.4184551,48.61978,13.41008
1742842181371,165.1431,9110,Eye Hit,Center,550.4041,794.5988,48.63062,MicroBus4-Detailed,-11.53554,0.176767,48.63062,13.34587
1742842181394,165.162,9111,Eye Hit,Center,550.0214,797.7768,48.62146,MicroBus4-Detailed,-11.55939,0.3928513,48.62146,13.38082
1742842181412,165.1848,9112,Eye Hit,Center,551.2562,807.7324,48.62934,MicroBus4-Detailed,-11.47728,1.070059,48.62934,13.33521
1742842181437,165.2032,9113,Eye Hit,Center,554.7401,805.8611,48.68207,MicroBus4-Detailed,-11.25251,0.9437975,48.68207,13.05908
1742842181454,165.2279,9114,Eye Hit,Center,555.2769,804.186,48.68991,MicroBus4-Detailed,-11.21776,0.8298746,48.68991,13.00835
1742842181477,165.2451,9115,Eye Hit,Center,554.8607,796.2708,48.68767,MicroBus4-Detailed,-11.24559,0.2908317,48.68767,13.00996
1742842181496,165.2682,9116,Eye Hit,Center,545.0581,786.7838,48.53779,MicroBus4-Detailed,-11.87645,-0.3541153,48.53779,13.75512
1742842181519,165.2885,9117,Eye Hit,Center,545.6061,789.0892,48.54254,MicroBus4-Detailed,-11.84041,-0.1976293,48.54254,13.70966
1742842181539,165.3102,9118,Eye Hit,Center,538.5444,777.8896,48.42231,MicroBus4-Detailed,-12.28935,-0.9556488,48.42231,14.28196
1742842181561,165.3309,9119,Eye Hit,Center,534.8058,778.8521,48.35667,MicroBus4-Detailed,-12.52555,-0.8892518,48.35667,14.55684
1742842181580,165.3519,9120,Eye Hit,Center,530.8166,771.6169,48.28144,MicroBus4-Detailed,-12.77545,-1.376461,48.28144,14.90298
1742842181603,165.3713,9121,Eye Hit,Center,525.6418,780.8824,48.2067,MicroBus4-Detailed,-13.10458,-0.7496029,48.2067,15.23158
1742842181622,165.395,9122,Eye Hit,Center,521.6755,783.2975,48.13726,MicroBus4-Detailed,-13.35275,-0.5859196,48.13726,15.51763
1742842181644,165.4129,9123,,Center,510.7863,782.5873,47.94353,,-14.0292,-0.6311871,47.94353,16.32612
1742842181664,165.4355,9124,,Center,504.649,776.3187,47.82848,,-14.4061,-1.049013,47.82848,16.80437
1742842181687,165.456,9125,,Center,496.569,772.7144,47.66577,,-14.89577,-1.285736,47.66577,17.41489
1742842181705,165.4791,9126,,Center,499.9093,764.2309,47.71748,,-14.689,-1.853329,47.71748,17.23772
1742842181730,165.4975,9127,,Center,497.1801,755.8594,47.63856,,-14.84655,-2.408061,47.63856,17.52208
1742842181748,165.5215,9128,Eye Hit,Center,504.3449,754.7176,47.77504,MicroBus4-Detailed,-14.41032,-2.491252,47.77504,17.0195
1742842181772,165.5391,9129,Eye Hit,Center,504.2409,766.669,47.80977,MicroBus4-Detailed,-14.42775,-1.693875,47.80977,16.90124
1742842181790,165.5633,9130,Eye Hit,Center,501.1543,767.5339,47.75441,MicroBus4-Detailed,-14.61721,-1.63415,47.75441,17.11873
1742842181812,165.5816,9131,Eye Hit,Center,492.2839,777.7357,47.60956,MicroBus4-Detailed,-15.16355,-0.9498532,47.60956,17.69904
1742842181831,165.6041,9132,Eye Hit,Center,497.4574,785.6265,47.72041,MicroBus4-Detailed,-14.85355,-0.4253973,47.72041,17.29605
1742842181855,165.6234,9133,Eye Hit,Center,499.5969,789.5679,47.76261,MicroBus4-Detailed,-14.72376,-0.1624765,47.76261,17.13391
1742842181874,165.6458,9134,Eye Hit,Center,508.2764,781.2824,47.92206,MicroBus4-Detailed,-14.19115,-0.7183671,47.92206,16.51556
1742842181896,165.6652,9135,Eye Hit,Center,509.8533,779.7922,47.95138,MicroBus4-Detailed,-14.09408,-0.8187529,47.95138,16.40546
1742842181916,165.6878,9136,Eye Hit,Center,505.4652,772.3565,47.86321,MicroBus4-Detailed,-14.36192,-1.315023,47.86321,16.76844
1742842181939,165.7074,9137,,Center,495.3374,777.1631,47.68272,,-14.9832,-0.9895052,47.68272,17.47982
1742842181958,165.7304,9138,,Center,497.6319,779.3839,47.73055,,-14.84505,-0.8422363,47.73055,17.30276
1742842181981,165.7482,9139,Eye Hit,Center,502.0897,779.4468,47.81679,RoadWest,-14.57374,-0.8395528,47.81679,16.97683
1742842181999,165.7718,9140,Eye Hit,Center,505.6071,774.5266,47.87571,RoadWest,-14.35617,-1.170052,47.87571,16.74432
1742842182023,165.7911,9141,Eye Hit,Center,508.4053,775.3124,47.93364,RoadWest,-14.18594,-1.118788,47.93364,16.53451
1742842182041,165.8145,9142,,Center,513.1801,781.0612,48.02557,,-13.89241,-0.7347747,48.02557,16.15502
1742842182063,165.8321,9143,,Center,520.6411,781.0987,48.16287,,-13.42953,-0.7343504,48.16287,15.60251
1742842182083,165.8548,9144,,Center,525.2057,783.2722,48.24198,,-13.1436,-0.5889015,48.24198,15.25499
1742842182105,165.8744,9145,,Center,528.204,777.3938,48.28787,,-12.9536,-0.9864787,48.28787,15.058
1742842182124,165.8964,9146,,Center,525.8026,772.7815,48.24363,,-13.10377,-1.296797,48.24363,15.26664
1742842182147,165.9149,9147,,Center,526.842,766.5278,48.24877,,-13.03503,-1.718961,48.24877,15.2431
1742842182166,165.9386,9148,,Center,530.6367,776.9677,48.32746,,-12.79978,-1.016089,48.32746,14.87907
1742842182188,165.9577,9149,,Center,528.642,782.2341,48.3052,,-12.92866,-0.6598118,48.3052,15.00237
1742842182208,165.9799,9150,Eye Hit,Center,541.5383,782.7674,48.51213,MicroBus4-Detailed,-12.109,-0.6264531,48.51213,14.03309
1742842182230,165.9993,9151,Eye Hit,Center,532.1058,779.0931,48.35938,MicroBus4-Detailed,-12.70887,-0.8730045,48.35938,14.7576
1742842182250,166.0217,9152,Eye Hit,Center,530.147,769.6163,48.30614,MicroBus4-Detailed,-12.82723,-1.512332,48.30614,14.96954
1742842182272,166.0405,9153,Eye Hit,Center,526.7545,767.8075,48.24126,MicroBus4-Detailed,-13.0389,-1.632345,48.24126,15.23739
1742842182292,166.064,9154,Eye Hit,Center,521.1002,761.6604,48.1306,MicroBus4-Detailed,-13.38963,-2.042414,48.1306,15.71721
1742842182315,166.0827,9155,Eye Hit,Center,517.6605,759.0582,48.06056,MicroBus4-Detailed,-13.60136,-2.214362,48.06056,15.99922
1742842182332,166.1069,9156,Eye Hit,Center,516.7193,763.5784,48.05276,MicroBus4-Detailed,-13.66241,-1.910202,48.05276,16.01807
1742842182356,166.1239,9157,Eye Hit,Center,509.9154,765.8412,47.93915,MicroBus4-Detailed,-14.08632,-1.753965,47.93915,16.49437
1742842182374,166.1465,9158,Eye Hit,Center,519.4714,763.1055,48.09971,MicroBus4-Detailed,-13.49061,-1.943884,48.09971,15.82106
1742842182398,166.1646,9159,Eye Hit,Center,519.3996,764.6816,48.10442,MicroBus4-Detailed,-13.49676,-1.838034,48.10442,15.81011
1742842182416,166.19,9160,Eye Hit,Center,528.0651,763.3784,48.24709,MicroBus4-Detailed,-12.95203,-1.931424,48.24709,15.18541
1742842182439,166.2068,9161,Eye Hit,Center,527.3392,760.0905,48.22451,MicroBus4-Detailed,-12.99494,-2.152289,48.22451,15.27704
1742842182457,166.231,9162,Eye Hit,Center,529.8024,759.4438,48.26494,MicroBus4-Detailed,-12.83954,-2.197752,48.26494,15.10376
1742842182480,166.2479,9163,Eye Hit,Center,533.3983,763.9321,48.33554,MicroBus4-Detailed,-12.61523,-1.897533,48.33554,14.78487
1742842182499,166.2719,9164,Eye Hit,Center,534.679,762.5433,48.35149,MicroBus4-Detailed,-12.53278,-1.992082,48.35149,14.70592
1742842182517,166.2906,9165,Eye Hit,Center,535.0991,762.8188,48.35975,MicroBus4-Detailed,-12.5065,-1.973787,48.35975,14.67156
1742842182537,166.3076,9166,Eye Hit,Center,540.9448,760.7939,48.44722,MicroBus4-Detailed,-12.13301,-2.114567,48.44722,14.26319
1742842182554,166.3281,9167,Eye Hit,Center,541.3532,752.9224,48.42964,MicroBus4-Detailed,-12.10095,-2.646986,48.42964,14.34721
1742842182573,166.3452,9168,Eye Hit,Center,546.2572,746.1693,48.47957,MicroBus4-Detailed,-11.7809,-3.107622,48.47957,14.1074
1742842182593,166.3634,9169,Eye Hit,Center,548.9492,745.442,48.52003,MicroBus4-Detailed,-11.60804,-3.15957,48.52003,13.92543
1742842182610,166.3837,9170,Eye Hit,Center,549.1243,730.8692,48.45214,MicroBus4-Detailed,-11.57994,-4.142723,48.45214,14.24265
1742842182627,166.4009,9171,Eye Hit,Center,549.7611,727.1824,48.4419,MicroBus4-Detailed,-11.53434,-4.391645,48.4419,14.29381
1742842182648,166.4184,9172,Eye Hit,Center,563.1164,720.4105,48.59565,MicroBus4-Detailed,-10.66321,-4.865858,48.59565,13.56038
1742842182666,166.4393,9173,Eye Hit,Center,573.2959,717.564,48.7151,MicroBus4-Detailed,-9.995827,-5.07177,48.7151,12.9577
1742842182683,166.4588,9174,Eye Hit,Center,575.0308,716.5121,48.73168,MicroBus4-Detailed,-9.88098,-5.145193,48.73168,12.87685
1742842182722,166.4951,9176,Eye Hit,Center,580.9816,722.0419,48.84586,MicroBus4-Detailed,-9.497579,-4.779461,48.84586,12.28013
1742842182739,166.513,9177,,Center,552.1599,744.1299,48.5629,,-11.40022,-3.251488,48.5629,13.71834
1742842182759,166.53,9178,,Center,556.5414,743.9633,48.62928,,-11.11779,-3.267261,48.62928,13.40312
1742842182778,166.5497,9179,,Center,525.2787,751.3354,48.16108,,-13.11664,-2.739213,48.16108,15.54789
1742842182794,166.5683,9180,,Center,520.6837,756.1439,48.09697,,-13.40829,-2.412089,48.09697,15.81485
1742842182832,166.6048,9182,,Center,530.9351,757.3715,48.27608,,-12.76603,-2.338181,48.27608,15.04744
1742842182850,166.6234,9183,,Center,536.2209,761.3068,48.37548,,-12.43467,-2.076729,48.37548,14.60669
1742842182870,166.6408,9184,,Center,542.9194,766.0197,48.494,,-12.0108,-1.762159,48.494,14.05389
1742842182888,166.6612,9185,,Center,545.3829,764.3797,48.53009,,-11.85252,-1.87479,48.53009,13.88878
1742842182905,166.6789,9186,,Center,550.8128,764.3595,48.61206,,-11.50335,-1.879331,48.61206,13.48343
1742842182926,166.6963,9187,,Center,560.6493,768.1048,48.76876,,-10.86948,-1.629918,48.76876,12.70056
1742842182943,166.7167,9188,,Center,562.9092,767.4719,48.7981,,-10.72177,-1.674092,48.7981,12.53737
1742842182960,166.7338,9189,,Center,561.39,762.9927,48.76339,,-10.81776,-1.9784,48.76339,12.7088
1742842182982,166.7508,9190,,Center,568.2747,757.8954,48.84664,,-10.36586,-2.330026,48.84664,12.27112
1742842182998,166.7726,9191,,Center,565.2057,751.2294,48.77859,,-10.56081,-2.781568,48.77859,12.61978
1742842183016,166.79,9192,,Center,565.0402,748.8726,48.76727,,-10.56964,-2.941675,48.76727,12.67896
1742842183032,166.8069,9193,,Center,558.63,746.8749,48.66544,,-10.98389,-3.071509,48.66544,13.18983
1742842183050,166.8242,9194,,Center,558.4652,745.9739,48.65864,,-10.99357,-3.132402,48.65864,13.22048
1742842183068,166.8411,9195,,Center,570.0881,732.101,48.754,,-10.22255,-4.084534,48.754,12.72368
1742842183085,166.8591,9196,,Center,566.8083,733.1754,48.71411,,-10.43766,-4.00799,48.71411,12.92649
1742842183102,166.8757,9197,,Center,566.4446,731.8024,48.70094,,-10.45961,-4.100427,48.70094,12.99007
1742842183120,166.8938,9198,,Center,562.0089,736.2495,48.66058,,-10.75283,-3.794362,48.66058,13.18817
1742842183139,166.9111,9199,,Center,558.6635,742.8385,48.64345,,-10.97665,-3.344739,48.64345,13.27334
1742842183154,166.9294,9200,,Center,552.8321,746.4068,48.57187,,-11.35666,-3.097404,48.57187,13.62308
1742842183187,166.9614,9202,Eye Hit,Center,543.4431,747.6575,48.43242,RoadWest,-11.96007,-3.003788,48.43242,14.28473
1742842183221,166.9958,9204,Eye Hit,Center,515.8619,748.6931,47.97529,RoadWest,-13.69792,-2.905945,47.97529,16.27118
1742842183254,167.0282,9206,Eye Hit,Center,476.5764,740.714,47.20234,RoadWest,-16.07086,-3.385911,47.20234,19.18492
1742842183271,167.045,9207,Eye Hit,Center,466.1861,735.2599,46.96811,RoadWest,-16.67368,-3.727402,46.96811,19.98949
1742842183287,167.0618,9208,Eye Hit,Center,407.9189,735.5156,45.68606,RoadWest,-19.94179,-3.609315,45.68606,23.92149
1742842183321,167.096,9210,,Center,477.3022,791.6386,47.32215,,-16.06361,-0.02391817,47.32215,18.74993
1742842183338,167.1148,9211,,Center,512.2083,817.218,47.96015,,-13.93868,1.691626,47.96015,16.31807
1742842183354,167.1321,9212,,Center,461.4872,819.5106,46.96487,,-16.98119,1.80712,46.96487,19.98197
1742842183373,167.1515,9213,,Center,460.4483,841.0258,46.87415,,-17.0165,3.21419,46.87415,20.27647
1742842183400,167.1802,9214,,Center,333.5049,846.3516,43.86219,,-23.71085,3.334386,43.86219,28.62991
1742842183436,167.2089,9215,,Center,285.3709,826.4399,42.66,,-25.93299,2.054922,42.66,31.37504
1742842183471,167.2361,9216,,Center,178.3992,835.0154,39.78182,,-30.13539,2.393433,39.78182,37.23128
1742842183507,167.2637,9217,Eye Hit,Center,150.2218,825.5315,39.03947,NorthSidewalk,-31.11162,1.830923,39.03947,38.60059
1742842183533,167.3004,9218,Eye Hit,Center,262.7693,822.833,42.04244,NorthSidewalk,-26.88662,1.813078,42.04244,32.6584
1742842183561,167.3271,9219,,Center,302.9003,861.1414,42.97878,,-25.07303,4.156287,42.97878,30.59764
1742842183592,167.3537,9220,Eye Hit,Center,354.1065,850.3072,44.32654,NorthSidewalk,-22.68462,3.614922,44.32654,27.39404
1742842183622,167.385,9221,Eye Hit,Center,416.0229,842.7285,45.84232,NorthSidewalk,-19.49038,3.252607,45.84232,23.31802
1742842183651,167.4156,9222,Eye Hit,Center,522.9324,841.8145,48.01377,NorthSidewalk,-13.23409,3.345295,48.01377,15.8705
1742842183680,167.4435,9223,Eye Hit,Center,649.1229,824.4241,49.62324,NorthSidewalk,-4.919307,2.250429,49.62324,6.221417
1742842183709,167.4723,9224,Eye Hit,Center,784.4944,832.6956,49.6429,MicroBus4-Detailed,4.47808,2.825647,49.6429,6.088338
1742842183752,167.5001,9225,Eye Hit,Center,740.3632,840.3671,49.76929,MicroBus4-Detailed,1.417494,3.366857,49.76929,4.198013
1742842183785,167.5423,9226,Eye Hit,Center,932.157,845.9833,47.74989,MicroBus4-Detailed,14.16911,3.605323,47.74989,17.02413
1742842183818,167.5767,9227,Eye Hit,Center,893.2977,845.7578,48.40097,MicroBus4-Detailed,11.73167,3.63922,48.40097,14.23986
1742842183845,167.6093,9228,Eye Hit,Center,875.4073,827.0186,48.73945,MicroBus4-Detailed,10.59412,2.387221,48.73945,12.56103
1742842183874,167.636,9229,Eye Hit,Center,849.0777,816.7505,49.10958,MicroBus4-Detailed,8.866052,1.700054,49.10958,10.41611
1742842183892,167.6642,9230,Eye Hit,Center,846.3723,814.6422,49.13825,MicroBus4-Detailed,8.685292,1.55615,49.13825,10.17993
1742842183915,167.6821,9231,Eye Hit,Center,836.3811,805.0602,49.26547,MicroBus4-Detailed,8.019327,0.8999203,49.26547,9.30242
1742842183932,167.7055,9232,Eye Hit,Center,825.4969,799.4519,49.39114,MicroBus4-Detailed,7.287888,0.5147879,49.39114,8.414286
1742842183950,167.723,9233,Eye Hit,Center,824.0115,799.3591,49.39655,MicroBus4-Detailed,7.186061,0.5084322,49.39655,8.297561
1742842183970,167.7409,9234,Eye Hit,Center,823.7716,796.6509,49.39941,MicroBus4-Detailed,7.169903,0.3213462,49.39941,8.266503
1742842183987,167.7608,9235,Eye Hit,Center,825.7202,796.9664,49.36938,MicroBus4-Detailed,7.300098,0.3429321,49.36938,8.420352
1742842184020,167.7952,9237,Eye Hit,Center,833.6109,790.5432,49.28751,MicroBus4-Detailed,7.831948,-0.1004271,49.28751,9.02972
1742842184056,167.8293,9239,Eye Hit,Center,835.1299,789.0829,49.26201,NorthSidewalk,7.932552,-0.200991,49.26201,9.150577
1742842184072,167.8465,9240,Eye Hit,Center,839.2813,787.449,49.22994,NorthSidewalk,8.213241,-0.3133658,49.22994,9.478447
1742842184105,167.8786,9242,Eye Hit,Center,840.1473,786.5861,49.22564,NorthSidewalk,8.272144,-0.3727455,49.22564,9.548658
1742842184121,167.896,9243,Eye Hit,Center,843.1513,783.3024,49.17993,NorthSidewalk,8.471103,-0.5982731,49.17993,9.797013
1742842184153,167.928,9245,Eye Hit,Center,852.2792,788.2617,49.07182,NorthSidewalk,9.078968,-0.2565755,49.07182,10.48609
1742842184184,167.9596,9247,Eye Hit,Center,848.3951,796.9988,49.12374,NorthSidewalk,8.821708,0.3434508,49.12374,10.18829
1742842184215,167.993,9249,Eye Hit,Center,851.8837,797.9547,49.08752,NorthSidewalk,9.054725,0.4088294,49.08752,10.46178
1742842184249,168.023,9251,Eye Hit,Center,867.6271,793.6004,48.88377,NorthSidewalk,10.09354,0.1094229,48.88377,11.66718
1742842184264,168.0398,9252,Eye Hit,Center,871.0972,790.6991,48.84847,NorthSidewalk,10.32334,-0.0888794,48.84847,11.93339
1742842184296,168.0709,9254,Eye Hit,Center,880.7192,785.1918,48.71309,NorthSidewalk,10.9503,-0.4638658,48.71309,12.68
1742842184327,168.1014,9256,,Center,924.1892,783.8464,48.01765,,13.71345,-0.547601,48.01765,15.95096
1742842184360,168.1334,9258,,Center,926.3102,778.7686,47.95452,,13.83768,-0.8874576,47.95452,16.12729
1742842184376,168.151,9259,,Center,934.9572,782.1774,47.81313,,14.37514,-0.6568788,47.81313,16.75002
1742842184407,168.1818,9261,,Center,947.7768,770.2855,47.56242,,15.15257,-1.444528,47.56242,17.74609
1742842184438,168.2127,9263,Eye Hit,Center,936.1717,766.0527,47.77636,NE_Tree_30,14.44524,-1.733877,47.77636,16.93663
1742842184454,168.2297,9264,Eye Hit,Center,929.4677,767.2355,47.8965,NE_Tree_30,14.03246,-1.659002,47.8965,16.43685
1742842184485,168.2596,9266,,Center,915.4132,761.6628,48.13,,13.15475,-2.042229,48.13,15.46098
1742842184518,168.2928,9268,,Center,907.6607,734.9922,48.16279,,12.64148,-3.840246,48.16279,15.3399
1742842184548,168.3241,9270,,Center,903.3488,731.9115,48.22094,,12.36593,-4.052658,48.22094,15.1023
1742842184582,168.3544,9272,,Center,877.2599,734.2216,48.62521,,10.69528,-3.929523,48.62521,13.18811
1742842184598,168.3736,9273,,Center,877.9469,734.8266,48.62661,,10.74232,-3.888488,48.62661,13.22141
1742842184630,168.4049,9275,,Center,865.9755,735.2341,48.79445,,9.962385,-3.874103,48.79445,12.3563
1742842184661,168.435,9277,Eye Hit,Center,870.3094,731.2482,48.7178,MicroBus4-Detailed,10.24204,-4.13961,48.7178,12.77604
1742842184691,168.4658,9279,,Center,857.6523,735.6154,48.90829,,9.416266,-3.857056,48.90829,11.75301
1742842184723,168.4989,9281,,Center,841.4396,747.6423,49.1427,,8.347035,-3.048885,49.1427,10.24999
1742842184754,168.5296,9283,,Center,831.8976,752.2728,49.26347,,7.710073,-2.737321,49.26347,9.429504
1742842184784,168.5591,9285,,Center,828.9888,750.3261,49.28724,,7.513271,-2.872841,49.28724,9.269085
1742842184815,168.592,9287,,Center,822.0687,755.7383,49.37672,,7.049006,-2.504284,49.37672,8.614886
1742842184847,168.621,9289,Eye Hit,Center,823.1049,756.2586,49.36551,NorthSidewalk,7.118947,-2.46779,49.36551,8.677947
1742842184877,168.6522,9291,Eye Hit,Center,826.6722,760.4464,49.34645,NorthSidewalk,7.36241,-2.177799,49.34645,8.843691
1742842184909,168.6825,9293,Eye Hit,Center,837.2679,751.6763,49.21069,RoadEast,8.071449,-2.775449,49.21069,9.83971
1742842184939,168.7134,9295,,Center,862.5165,757.1872,48.93254,,9.75384,-2.382592,48.93254,11.59576
1742842184969,168.7438,9297,,Center,886.3029,787.1005,48.65841,,11.31802,-0.333441,48.65841,13.09973
1742842185001,168.7753,9299,,Center,933.8216,783.6369,47.86162,,14.3137,-0.5598431,47.86162,16.66208
1742842185016,168.7932,9300,,Center,964.254,795.6479,47.2766,,16.15106,0.2412114,47.2766,18.86362
1742842185047,168.8229,9302,,Center,1000.751,829.1652,46.45489,,18.24171,2.4148,46.45489,21.6086
1742842185077,168.8523,9304,,Center,1069.5,820.7242,44.86745,,21.93267,1.802568,44.86745,26.12705
1742842185109,168.8874,9306,Eye Hit,Center,1108.75,783.3593,43.89925,NorthSidewalk,23.86934,-0.5305409,43.89925,28.5402
1742842185145,168.9259,9308,Eye Hit,Center,1120.121,796.2147,43.58412,NorthSidewalk,24.39116,0.2569274,43.58412,29.23422
1742842185181,168.9537,9309,Eye Hit,Center,1110.088,792.0808,43.81518,NorthSidewalk,23.90563,0.004952752,43.81518,28.61695
1742842185217,168.9808,9310,Eye Hit,Center,1033.672,767.7814,45.63919,NorthSidewalk,20.02288,-1.545968,45.63919,23.7508
1742842185252,169.0097,9311,Eye Hit,Center,997.2556,760.2143,46.41319,NorthSidewalk,17.99843,-2.063414,46.41319,21.32205
1742842185291,169.044,9312,Eye Hit,Center,960.6365,748.3212,47.10498,NorthSidewalk,15.85408,-2.877731,47.10498,18.88421
1742842185322,169.0832,9313,Eye Hit,Center,891.5646,727.1339,48.21351,NorthSidewalk,11.56936,-4.374206,48.21351,14.38832
1742842185349,169.114,9314,Eye Hit,Center,838.2338,713.0021,48.8164,NorthSidewalk,8.072729,-5.393794,48.8164,11.24849
1742842185380,169.1416,9315,Eye Hit,Center,812.0589,722.0115,49.13861,NorthSidewalk,6.327055,-4.810195,49.13861,9.187738
1742842185410,169.1728,9316,Eye Hit,Center,794.0707,730.6586,49.34143,NorthSidewalk,5.111766,-4.233291,49.34143,7.661063
1742842185440,169.2024,9317,Eye Hit,Center,912.2776,703.3661,47.69694,NorthSidewalk,12.8272,-5.912937,47.69694,16.49555
1742842185467,169.2328,9318,,Center,897.4188,731.3767,48.14327,,11.9467,-4.082142,48.14327,14.69413
1742842185496,169.2612,9319,,Center,837.7208,768.8364,49.1206,,8.08779,-1.59141,49.1206,9.525987
1742842185523,169.2878,9320,,Center,809.287,792.1395,49.45904,,6.176563,0.009653134,49.45904,7.118385
1742842185565,169.313,9321,,Center,783.4817,793.6489,49.6784,,4.410916,0.1145735,49.6784,5.075666
1742842185597,169.3571,9322,,Center,706.2856,794.749,49.90762,,-0.9573197,0.1918941,49.90762,1.120649
1742842185627,169.3877,9323,Eye Hit,Center,614.6853,777.4305,49.41566,MicroBus5-Detailed,-7.278912,-1.006984,49.41566,8.458073
1742842185655,169.418,9324,Eye Hit,Center,531.4835,729.1064,48.16771,HighFemale2,-12.70042,-4.237167,48.16771,15.53369
1742842185674,169.4476,9325,,Center,494.6297,715.8932,47.44749,,-14.95625,-5.050676,47.44749,18.40257
1742842185695,169.4644,9326,,Center,501.763,709.6642,47.54853,,-14.51371,-5.47569,47.54853,18.06846
1742842185714,169.4865,9327,,Center,505.0051,707.1768,47.58979,,-14.3105,-5.646004,47.58979,17.91408
1742842185738,169.5045,9328,,Center,514.015,719.7289,47.83632,,-13.78181,-4.835435,47.83632,16.97856
1742842185755,169.5292,9329,,Center,508.5873,726.1129,47.78384,,-14.12944,-4.403461,47.78384,17.20892
1742842185794,169.5633,9331,Eye Hit,Center,505.8353,747.8056,47.83913,MicroBus5-Detailed,-14.32993,-2.957083,47.83913,17.00653
1742842185810,169.5849,9332,Eye Hit,Center,516.8106,743.8805,48.01054,MicroBus5-Detailed,-13.64428,-3.231253,48.01054,16.28065
1742842185828,169.6027,9333,Eye Hit,Center,502.8304,744.1484,47.76461,MicroBus5-Detailed,-14.50835,-3.196803,47.76461,17.27743
1742842185844,169.6207,9334,Eye Hit,Center,489.366,725.569,47.41162,MicroBus5-Detailed,-15.294,-4.405231,47.41162,18.55659
1742842185879,169.6535,9336,Eye Hit,Center,442.2813,727.3352,46.45193,MicroBus5-Detailed,-18.04354,-4.201308,46.45193,21.74336
1742842185911,169.6867,9338,Eye Hit,Center,501.6127,714.6705,47.54998,RoadWest,-14.52415,-5.142907,47.54998,17.95409
1742842185946,169.7184,9340,Eye Hit,Center,581.5051,705.4446,48.69766,NorthSidewalk,-9.433104,-5.895427,48.69766,12.86709
1742842185963,169.7363,9341,Eye Hit,Center,721.8328,668.9106,49.21056,NorthSidewalk,0.1261517,-8.472117,49.21056,9.769398
1742842185978,169.7544,9342,Eye Hit,Center,689.7654,673.5655,49.21358,NorthSidewalk,-2.081146,-8.152225,49.21358,9.701642
1742842186011,169.7853,9344,Eye Hit,Center,762.7987,609.2053,48.27978,NorthSidewalk,2.890073,-12.3436,48.27978,14.71271
1742842186031,169.8032,9345,Eye Hit,Center,812.5556,535.6881,46.6394,NorthSidewalk,6.037659,-16.71993,46.6394,20.8644
1742842186046,169.8263,9346,Eye Hit,Center,779.099,535.0926,46.82018,NorthSidewalk,3.870134,-16.82374,46.82018,20.23952
1742842186089,169.8689,9348,Eye Hit,Center,786.2294,485.0046,45.67198,NorthSidewalk,4.230711,-19.61077,45.67198,23.71402
1742842186125,169.8976,9349,Eye Hit,Center,789.2872,460.1205,45.05558,NorthSidewalk,4.366307,-20.91423,45.05558,25.37009
1742842186159,169.9271,9350,Eye Hit,Center,792.132,421.938,44.09226,NorthSidewalk,4.448395,-22.82179,44.09226,27.80414
1742842186194,169.953,9351,Eye Hit,Center,821.8102,398.2286,43.31291,NorthSidewalk,6.167677,-23.85473,43.31291,29.634
1742842186235,169.9871,9352,Eye Hit,Center,880.1479,394.868,42.73588,NorthSidewalk,9.572531,-23.7378,42.73588,30.9181
1742842186265,170.0294,9353,Eye Hit,Center,904.1808,402.4302,42.66797,NorthSidewalk,10.99156,-23.24878,42.66797,31.07752
1742842186291,170.0587,9354,Eye Hit,Center,861.6536,398.0381,42.99685,NorthSidewalk,8.518775,-23.69211,42.99685,30.35139
1742842186324,170.0838,9355,Eye Hit,Center,823.8741,380.0966,42.84162,NorthSidewalk,6.224236,-24.68165,42.84162,30.71669
1742842186357,170.1168,9356,Eye Hit,Center,783.1172,372.5279,42.86457,NorthSidewalk,3.784071,-25.14864,42.86457,30.68084
1742842186387,170.1489,9357,Eye Hit,Center,755.2672,371.5442,42.93417,NorthSidewalk,2.117812,-25.24854,42.93417,30.54659
1742842186414,170.1789,9358,Eye Hit,Center,718.4949,377.1526,43.13,NorthSidewalk,-0.09079575,-25.02539,43.13,30.12382
1742842186443,170.2055,9359,Eye Hit,Center,710.1973,365.2732,42.82524,NorthSidewalk,-0.5871615,-25.56011,42.82524,30.83738
1742842186473,170.235,9360,Eye Hit,Center,683.3555,368.3331,42.8462,NorthSidewalk,-2.196007,-25.38924,42.8462,30.74331
1742842186501,170.2648,9361,Eye Hit,Center,669.3798,353.3353,42.42454,NorthSidewalk,-3.003681,-26.02932,42.42454,31.70012
1742842186529,170.2931,9362,Eye Hit,Center,627.5355,327.3414,41.57436,NorthSidewalk,-5.376668,-27.0192,41.57436,33.53017
1742842186558,170.3214,9363,Eye Hit,Center,640.5,323.0521,41.52825,NorthSidewalk,-4.617678,-27.23838,41.52825,33.63417
1742842186586,170.3502,9364,Eye Hit,Center,671.9352,434.0654,44.5139,NorthSidewalk,-2.99251,-22.28498,44.5139,26.7994
1742842186614,170.3777,9365,Eye Hit,Center,680.2203,571.1862,47.57421,NorthSidewalk,-2.646954,-14.69301,47.57421,17.42267
1742842186643,170.406,9366,Eye Hit,Center,725.1758,668.1307,49.12772,NorthSidewalk,0.3556426,-8.511446,49.12772,9.837412
1742842186671,170.4345,9367,Eye Hit,Center,706.0113,667.0589,49.07403,NorthSidewalk,-0.9601583,-8.57571,49.07403,9.973067
1742842186699,170.4626,9368,Eye Hit,Center,718.2134,706.2294,49.47475,NorthSidewalk,-0.1236306,-5.935198,49.47475,6.842263
1742842186727,170.4921,9369,Eye Hit,Center,726.8602,722.6542,49.59998,NorthSidewalk,0.4759162,-4.810771,49.59998,5.566762
1742842186754,170.5187,9370,Eye Hit,Center,718.3188,722.39,49.60538,NorthSidewalk,-0.1166442,-4.829623,49.60538,5.56243
1742842186782,170.5466,9371,Eye Hit,Center,712.186,721.4745,49.59985,NorthSidewalk,-0.5420859,-4.892599,49.59985,5.667733
1742842186810,170.5739,9372,Eye Hit,Center,697.9291,716.8047,49.55111,NorthSidewalk,-1.529632,-5.211432,49.55111,6.255202
1742842186840,170.602,9373,Eye Hit,Center,688.0319,713.2264,49.50726,NorthSidewalk,-2.213595,-5.454595,49.50726,6.780874
1742842186866,170.6323,9374,Eye Hit,Center,691.065,714.4537,49.48945,NorthSidewalk,-2.002851,-5.367681,49.48945,6.603489
1742842186893,170.6586,9375,Eye Hit,Center,701.587,719.1161,49.55297,NorthSidewalk,-1.276169,-5.05143,49.55297,6.002177
1742842186920,170.6847,9376,Eye Hit,Center,711.0804,712.8314,49.52753,NorthSidewalk,-0.6178819,-5.48419,49.52753,6.35823
1742842186948,170.7118,9377,Eye Hit,Center,708.9771,720.7489,49.59149,NorthSidewalk,-0.7645671,-4.942101,49.59149,5.758371
1742842186976,170.7404,9378,Eye Hit,Center,719.1833,712.864,49.54974,NorthSidewalk,-0.05660157,-5.484391,49.54974,6.3164
1742842187006,170.7685,9379,Eye Hit,Center,727.2336,708.3041,49.52093,NorthSidewalk,0.501018,-5.797035,49.52093,6.701478
1742842187033,170.7978,9380,Eye Hit,Center,740.5102,707.5215,49.46441,NorthSidewalk,1.418977,-5.844562,49.46441,6.932511
1742842187060,170.8263,9381,Eye Hit,Center,756.7849,711.8441,49.46207,NorthSidewalk,2.544806,-5.545242,49.46207,7.032102
1742842187088,170.8524,9382,Eye Hit,Center,754.4199,719.5525,49.53404,NorthSidewalk,2.38466,-5.019264,49.53404,6.400951
1742842187117,170.8804,9383,Eye Hit,Center,738.3254,713.8599,49.54174,NorthSidewalk,1.269804,-5.414496,49.54174,6.405055
1742842187145,170.9084,9384,Eye Hit,Center,737.1885,707.874,49.50385,NorthSidewalk,1.190114,-5.824812,49.50385,6.848108
1742842187173,170.936,9385,Eye Hit,Center,740.7701,702.3003,49.45664,NorthSidewalk,1.436732,-6.204812,49.45664,7.338102
1742842187200,170.9646,9386,Eye Hit,Center,752.3243,702.1398,49.39262,NorthSidewalk,2.233077,-6.207869,49.39262,7.607852
1742842187228,170.9926,9387,Eye Hit,Center,756.7189,701.9965,49.38109,NorthSidewalk,2.53608,-6.216314,49.38109,7.742302
1742842187256,171.0197,9388,Eye Hit,Center,779.756,700.2892,49.26574,NorthSidewalk,4.117556,-6.31944,49.26574,8.704322
1742842187284,171.0478,9389,Eye Hit,Center,789.8389,696.7654,49.17782,NorthSidewalk,4.80374,-6.55054,49.17782,9.379387
1742842187311,171.0762,9390,Eye Hit,Center,800.2488,686.9262,49.01752,NorthSidewalk,5.501773,-7.20375,49.01752,10.47687
1742842187340,171.103,9391,Eye Hit,Center,814.4573,679.8477,48.83812,NorthSidewalk,6.452191,-7.660901,48.83812,11.58981
1742842187367,171.1311,9392,Eye Hit,Center,823.9761,681.7901,48.73718,NorthSidewalk,7.087722,-7.512662,48.73718,11.96512
1742842187394,171.1594,9393,Eye Hit,Center,817.5117,686.8417,48.85304,NorthSidewalk,6.66287,-7.185354,48.85304,11.3421
1742842187422,171.1862,9394,Eye Hit,Center,776.8146,693.6271,49.21392,NorthSidewalk,3.910756,-6.771367,49.21392,9.028197
1742842187450,171.2138,9395,Eye Hit,Center,747.5765,694.1432,49.34275,NorthSidewalk,1.903157,-6.753474,49.34275,8.093156
1742842187479,171.242,9396,Eye Hit,Center,739.1863,692.8237,49.35977,NorthSidewalk,1.324574,-6.846897,49.35977,8.041859
1742842187507,171.2705,9397,Eye Hit,Center,736.8843,700.3721,49.44309,NorthSidewalk,1.167618,-6.336456,49.44309,7.424627
1742842187534,171.2983,9398,Eye Hit,Center,733.9044,686.9374,49.29032,NorthSidewalk,0.9585766,-7.243073,49.29032,8.431469
1742842187562,171.3261,9399,Eye Hit,Center,734.4344,677.4308,49.20195,NorthSidewalk,0.9933312,-7.8843,49.20195,9.174619
1742842187590,171.3533,9400,Eye Hit,Center,727.9803,681.1006,49.25652,NorthSidewalk,0.5497873,-7.640218,49.25652,8.83938
1742842187617,171.3812,9401,Eye Hit,Center,725.7051,689.4863,49.34993,NorthSidewalk,0.3937868,-7.075891,49.34993,8.17205
1742842187645,171.4086,9402,Eye Hit,Center,727.2742,694.5842,49.40403,NorthSidewalk,0.5026406,-6.731387,49.40403,7.78021
1742842187673,171.4371,9403,Eye Hit,Center,730.7109,696.3351,49.42379,NorthSidewalk,0.7404143,-6.613049,49.42379,7.668104
1742842187701,171.4645,9404,Eye Hit,Center,729.0395,694.0942,49.37288,NorthSidewalk,0.6242328,-6.760984,49.37288,7.830202
1742842187729,171.4937,9405,Eye Hit,Center,731.5295,688.1627,49.31802,NorthSidewalk,0.7952939,-7.16262,49.31802,8.313542
1742842187757,171.5208,9406,Eye Hit,Center,727.3997,684.7004,49.29001,NorthSidewalk,0.5101374,-7.397245,49.29001,8.554992
1742842187785,171.5484,9407,Eye Hit,Center,727.0473,684.2174,49.28976,NorthSidewalk,0.485839,-7.430504,49.28976,8.590915
1742842187812,171.5764,9408,Eye Hit,Center,728.3823,684.9507,49.30085,NorthSidewalk,0.5780043,-7.381613,49.30085,8.541092
1742842187841,171.6036,9409,Eye Hit,Center,726.8845,688.7292,49.34503,NorthSidewalk,0.4751464,-7.127446,49.34503,8.237021
1742842187868,171.6319,9410,Eye Hit,Center,728.6505,690.7396,49.33057,NorthSidewalk,0.5968592,-6.986642,49.33057,8.090123
1742842187896,171.6611,9411,Eye Hit,Center,729.6458,693.3556,49.36197,NorthSidewalk,0.6659547,-6.810481,49.36197,7.892523
1742842187924,171.6878,9412,Eye Hit,Center,733.1566,684.505,49.27837,NorthSidewalk,0.9068058,-7.408963,49.27837,8.613176
1742842187952,171.7155,9413,Eye Hit,Center,738.8344,677.0422,49.1995,NorthSidewalk,1.296063,-7.910649,49.1995,9.253956
1742842187980,171.7433,9414,Eye Hit,Center,741.7648,670.2635,49.12701,NorthSidewalk,1.495503,-8.364773,49.12701,9.813256
1742842188008,171.7711,9415,Eye Hit,Center,741.1738,667.5123,49.10473,NorthSidewalk,1.454239,-8.54993,49.10473,10.01612
1742842188036,171.7989,9416,Eye Hit,Center,743.6116,675.3073,49.15876,NorthSidewalk,1.623451,-8.02338,49.15876,9.454236
1742842188063,171.828,9417,Eye Hit,Center,740.5185,682.2625,49.24912,NorthSidewalk,1.413375,-7.559035,49.24912,8.874846
1742842188091,171.8553,9418,,Center,712.5541,687.0956,49.32559,,-0.5136943,-7.237339,49.32559,8.367926
1742842188119,171.8827,9419,,Center,702.051,682.8041,49.27774,,-1.237095,-7.526103,49.27774,8.798281
1742842188147,171.9104,9420,,Center,704.7925,682.2632,49.28327,,-1.048265,-7.564232,49.28327,8.808033
1742842188175,171.9379,9421,,Center,716.3436,696.8677,49.44141,,-0.2528459,-6.578577,49.44141,7.584704
1742842188203,171.9663,9422,,Center,730.5851,706.5853,49.4925,,0.7327334,-5.912685,49.4925,6.864243
1742842188231,171.9954,9423,,Center,742.9477,717.3043,49.56084,,1.590708,-5.177821,49.56084,6.237248
1742842188258,172.0229,9424,,Center,760.5178,724.554,49.56388,,2.808824,-4.675567,49.56388,6.279977
1742842188286,172.0499,9425,,Center,788.321,728.1926,49.44952,,4.725296,-4.413121,49.44952,7.44927
1742842188314,172.078,9426,,Center,808.8268,734.6592,49.34082,,6.130039,-3.957156,49.34082,8.411742
1742842188342,172.1059,9427,,Center,786.6118,733.1141,49.50268,,4.612039,-4.077116,49.50268,7.088504
1742842188370,172.134,9428,,Center,838.7983,726.1515,48.98282,,8.138919,-4.511309,48.98282,10.75669
1742842188398,172.1625,9429,,Center,779.4861,778.4226,49.68573,,4.133899,-0.9435423,49.68573,4.87785
1742842188425,172.1906,9430,,Center,708.1915,775.1517,49.85443,,-0.8233981,-1.174826,49.85443,1.648295
1742842188453,172.2169,9431,,Center,708.9094,770.5166,49.85389,,-0.7733317,-1.498009,49.85389,1.936742
1742842188480,172.2445,9432,,Center,608.2831,774.1885,49.28198,,-7.700519,-1.227728,49.28198,8.991255
1742842188508,172.2728,9433,,Center,577.9918,761.4205,48.90567,,-9.713717,-2.091717,48.90567,11.48468
1742842188536,172.3004,9434,,Center,631.8521,762.588,49.46805,,-6.098874,-2.03499,49.46805,7.405309
1742842188563,172.3285,9435,,Center,607.2386,736.9212,49.14473,,-7.750868,-3.785947,49.14473,9.955404
1742842188591,172.3569,9436,Eye Hit,Center,574.2181,756.57,48.84752,NorthSidewalk,-9.959994,-2.420619,48.84752,11.85072
1742842188619,172.3827,9437,Eye Hit,Center,563.5432,761.7375,48.72912,NorthSidewalk,-10.6634,-2.062558,48.72912,12.56506
1742842188649,172.409,9438,Eye Hit,Center,537.1542,767.2737,48.35542,NorthWalkingPole,-12.3664,-1.672312,48.35542,14.47044
1742842188676,172.4394,9439,Eye Hit,Center,532.9996,780.8803,48.32159,NorthSidewalk,-12.63854,-0.7515298,48.32159,14.68217
1742842188695,172.4662,9440,,Center,527.3367,810.7574,48.22786,,-12.99601,1.265269,48.22786,15.14937
1742842188718,172.485,9441,,Center,576.8369,820.7275,48.94954,,-9.801501,1.966794,48.94954,11.5427
1742842188735,172.5079,9442,Eye Hit,Center,553.8366,836.5517,48.58389,NW_Tree_10,-11.29121,3.027396,48.58389,13.52905
1742842188750,172.5254,9443,Eye Hit,Center,575.5079,837.6208,48.88386,NW_Tree_10,-9.87922,3.119188,48.88386,11.96561
1742842188782,172.5568,9445,Eye Hit,Center,627.386,835.0245,49.47118,NW_Tree_10,-6.408287,2.977011,49.47118,8.128641
1742842188813,172.5886,9447,,Center,626.84,822.7944,49.51604,,-6.451909,2.132702,49.51604,7.814067
1742842188843,172.6183,9449,,Center,667.5729,817.7727,49.81832,,-3.653072,1.795816,49.81832,4.671183
1742842188873,172.6476,9451,,Center,667.0226,818.8705,49.81651,,-3.691279,1.872238,49.81651,4.749451
1742842188902,172.6778,9453,,Center,697.892,826.1021,49.90802,,-1.543235,2.380483,49.90802,3.253414
1742842188933,172.7082,9455,,Center,733.3602,837.5593,49.87796,,0.9320423,3.178332,49.87796,3.799215
1742842188962,172.7384,9457,,Center,774.9135,833.0609,49.75929,,3.821786,2.857694,49.75929,5.478044
1742842188991,172.7676,9459,,Center,819.7487,839.9672,49.39944,,6.891953,3.314204,49.39944,8.799978
1742842189024,172.7992,9461,,Center,886.7214,853.7563,48.51707,,11.31355,4.190723,48.51707,13.96454
1742842189054,172.8316,9463,,Center,935.8476,855.2017,47.69434,,14.39882,4.216077,47.69434,17.46219
1742842189085,172.8612,9465,,Center,1009.148,852.0445,46.21487,,18.69024,3.881217,46.21487,22.44299
1742842189116,172.8927,9467,,Center,1021.113,851.1861,45.95131,,19.35264,3.803912,45.95131,23.22968
1742842189152,172.9258,9469,,Center,996.0587,851.4011,46.51484,,17.95998,3.864548,46.51484,21.55156
1742842189182,172.958,9471,,Center,857.1969,845.261,48.98556,,9.399946,3.649137,48.98556,11.63157
1742842189213,172.9879,9473,,Center,732.9359,815.793,49.97493,,0.9041933,1.663086,49.97493,2.169342
1742842189246,173.0195,9475,,Center,676.9214,816.5281,49.89095,,-3.00605,1.711581,49.89095,3.966251
1742842189261,173.0368,9476,,Center,580.8659,787.4918,49.08175,,-9.551387,-0.3094799,49.08175,11.01784
1742842189294,173.0685,9478,,Center,616.7592,793.5934,49.49439,,-7.146941,0.1103061,49.49439,8.217618
1742842189322,173.0989,9480,,Center,592.6835,776.6949,49.2171,,-8.764228,-1.053576,49.2171,10.16816
1742842189354,173.1282,9482,,Center,621.6652,770.5391,49.50943,,-6.809385,-1.4861,49.50943,8.013124
1742842189384,173.1587,9484,,Center,654.8845,777.2751,49.77686,,-4.533407,-1.025163,49.77686,5.334506
1742842189415,173.1898,9486,,Center,698.2404,796.2674,49.96609,,-1.520684,0.2982307,49.96609,1.776411
1742842189445,173.2188,9488,,Center,723.6033,807.6904,49.97403,,0.2518562,1.096711,49.97403,1.289982
1742842189475,173.2491,9490,,Center,712.9405,806.4741,49.96948,,-0.4933906,1.011601,49.96948,1.290285
1742842189506,173.2794,9492,,Center,668.6,797.0972,49.84718,,-3.583576,0.3553743,49.84718,4.132043
1742842189521,173.2961,9493,,Center,682.1954,801.1673,49.90198,,-2.638614,0.6398407,49.90198,3.114265
1742842189551,173.3266,9495,,Center,592.9451,776.1397,49.18586,,-8.740664,-1.091099,49.18586,10.15323
1742842189582,173.3577,9497,,Center,603.0114,781.8712,49.30189,,-8.067148,-0.6984488,49.30189,9.326958
1742842189613,173.3879,9499,,Center,638.2644,790.0087,49.63797,,-5.674637,-0.1382482,49.63797,6.523718
1742842189643,173.4179,9501,,Center,667.864,787.4028,49.82737,,-3.633445,-0.3203895,49.82737,4.186755
1742842189673,173.4477,9503,,Center,686.8132,797.5515,49.90388,,-2.316396,0.3874894,49.90388,2.694426
1742842189704,173.4787,9505,,Center,692.6761,791.6082,49.9207,,-1.907815,-0.02735424,49.9207,2.188833
1742842189734,173.508,9507,,Center,709.3507,785.7466,49.94211,,-0.7438745,-0.4368135,49.94211,0.989525
1742842189748,173.5251,9508,,Center,729.4044,785.6143,49.93818,,0.6568647,-0.446018,49.93818,0.910857
1742842189778,173.5532,9510,,Center,632.2925,774.3093,49.54866,,-6.078292,-1.225997,49.54866,7.133114
1742842189807,173.5822,9512,,Center,623.5326,759.8558,49.4353,,-6.670076,-2.222559,49.4353,8.094248
1742842189837,173.6115,9514,,Center,629.778,762.9683,49.4991,,-6.246298,-2.009935,49.4991,7.551228
1742842189866,173.641,9516,,Center,668.2982,758.0124,49.74712,,-3.597381,-2.36484,49.74712,4.946013
1742842189896,173.6718,9518,,Center,706.4969,758.9453,49.87392,,-0.9419326,-2.305788,49.87392,2.859102
1742842189926,173.7022,9520,,Center,737.2714,762.207,49.8827,,1.205013,-2.07863,49.8827,2.757615
1742842189956,173.7326,9522,,Center,802.5069,772.9225,49.57516,,5.720939,-1.322815,49.57516,6.754879
1742842189988,173.7648,9524,,Center,827.6305,787.3778,49.3719,,7.432382,-0.3191853,49.3719,8.568733
1742842190019,173.7949,9526,,Center,819.7355,767.4344,49.42684,,6.894856,-1.698257,49.42684,8.175484
1742842190057,173.8314,9528,Eye Hit,Center,711.2349,761.361,49.87957,SE_Tree_10,-0.6114925,-2.137517,49.87957,2.552133
1742842190088,173.8643,9530,Eye Hit,Center,592.3416,746.3719,49.06,SouthSidewalk,-8.759712,-3.130926,49.06,10.73658
1742842190126,173.8991,9532,Eye Hit,Center,560.3682,739.2455,48.62666,SouthSidewalk,-10.85692,-3.587957,48.62666,13.23254
1742842190142,173.9158,9533,Eye Hit,Center,568.46,738.5505,48.73357,SouthSidewalk,-10.32924,-3.643216,48.73357,12.66679
1742842190158,173.9327,9534,Eye Hit,Center,576.8251,728.5187,48.80145,SouthSidewalk,-9.772656,-4.333028,48.80145,12.35574
1742842190195,173.9697,9536,Eye Hit,Center,609.9577,730.9385,49.20324,SouthSidewalk,-7.572969,-4.202177,49.20324,9.982903
1742842190229,174.002,9538,Eye Hit,Center,623.9774,729.885,49.33605,SouthSidewalk,-6.625987,-4.286213,49.33605,9.087699
1742842190244,174.0193,9539,Eye Hit,Center,633.7119,729.838,49.4171,SouthSidewalk,-5.964046,-4.296501,49.4171,8.460394
1742842190279,174.0526,9541,Eye Hit,Center,642.1992,732.4288,49.49933,SouthSidewalk,-5.386371,-4.124285,49.49933,7.803913
1742842190295,174.0694,9542,Eye Hit,Center,565.1044,754.4455,48.76945,SE_Tree_30,-10.56574,-2.561667,48.76945,12.56709
1742842190311,174.0861,9543,Eye Hit,Center,573.0062,755.0141,48.8782,SE_Tree_30,-10.0491,-2.528507,48.8782,11.96963
1742842190343,174.1176,9545,,Center,433.386,750.3807,46.31184,,-18.56532,-2.695877,46.31184,22.05191
1742842190377,174.1504,9547,,Center,429.2012,741.9663,46.18899,,-18.78642,-3.232316,46.18899,22.42622
1742842190393,174.1691,9548,,Center,451.9806,742.0228,46.69249,,-17.50355,-3.26386,46.69249,20.87336
1742842190425,174.1998,9550,,Center,453.4042,741.3711,46.7217,,-17.42147,-3.308492,46.7217,20.78386
1742842190460,174.2339,9552,,Center,463.5948,744.8904,46.94917,,-16.83711,-3.093503,46.94917,20.03323
1742842190477,174.2508,9553,,Center,462.7397,749.6044,46.94681,,-16.89242,-2.783814,46.94681,20.03559
1742842190492,174.2678,9554,Eye Hit,Center,475.7133,741.144,47.18269,Sedan2-Detailed,-16.12113,-3.356124,47.18269,19.239
1742842190527,174.2996,9556,Eye Hit,Center,479.6084,746.553,47.27726,Sedan2-Detailed,-15.89587,-3.00518,47.27726,18.89005
1742842190543,174.318,9557,Eye Hit,Center,483.3807,741.9976,47.33665,Sedan2-Detailed,-15.66609,-3.310557,47.33665,18.68859
1742842190577,174.3502,9559,Eye Hit,Center,491.8643,748.4558,47.52834,Sedan2-Detailed,-15.16557,-2.894648,47.52834,17.99614
1742842190596,174.3673,9560,Eye Hit,Center,497.7137,749.1948,47.64363,Sedan2-Detailed,-14.81257,-2.852423,47.64363,17.56858
1742842190612,174.3866,9561,Eye Hit,Center,500.6966,749.9448,47.70102,Sedan2-Detailed,-14.6314,-2.805822,47.70102,17.34465
1742842190646,174.4213,9563,Eye Hit,Center,505.9439,759.8518,47.83047,Sedan2-Detailed,-14.32007,-2.150673,47.83047,16.84369
1742842190680,174.4532,9565,Eye Hit,Center,512.0184,763.8573,47.95011,Sedan2-Detailed,-13.9485,-1.887419,47.95011,16.35944
1742842190697,174.47,9566,Eye Hit,Center,508.9758,763.1608,47.89469,Sedan2-Detailed,-14.13619,-1.931892,47.89469,16.58853
1742842190712,174.488,9567,Eye Hit,Center,508.4579,764.9786,47.88807,Sedan2-Detailed,-14.16893,-1.809873,47.88807,16.6088
1742842190745,174.52,9569,Eye Hit,Center,515.0559,770.0704,48.01644,Sedan2-Detailed,-13.7638,-1.472767,48.01644,16.08141
1742842190764,174.5367,9570,Eye Hit,Center,517.0349,786.4178,48.07037,Sedan2-Detailed,-13.6462,-0.3753158,48.07037,15.85386
1742842190780,174.5561,9571,Eye Hit,Center,516.2484,790.059,48.05551,Sedan2-Detailed,-13.69484,-0.1304585,48.05551,15.90715
1742842190813,174.5885,9573,Eye Hit,Center,515.9486,790.402,48.04988,Sedan2-Detailed,-13.71339,-0.1073945,48.04988,15.92916
1742842190847,174.6201,9575,Eye Hit,Center,513.3829,809.0045,47.99026,Sedan2-Detailed,-13.86859,1.141378,47.99026,16.1703
1742842190864,174.6383,9576,Eye Hit,Center,519.6544,806.8788,48.10736,Sedan2-Detailed,-13.48044,1.001131,48.10736,15.69469
1742842190882,174.6552,9577,Eye Hit,Center,519.6261,810.2762,48.10041,Sedan2-Detailed,-13.4804,1.22955,48.10041,15.7176
1742842190898,174.6731,9578,Eye Hit,Center,519.3766,808.758,48.1016,Sedan2-Detailed,-13.49752,1.127441,48.1016,15.72625
1742842190934,174.7077,9580,Eye Hit,Center,519.0035,807.732,48.09791,Sedan2-Detailed,-13.52159,1.058333,48.09791,15.74771
1742842190951,174.7256,9581,Eye Hit,Center,517.5207,807.7529,48.07112,Sedan2-Detailed,-13.61375,1.059153,48.07112,15.85752
1742842190973,174.7424,9582,Eye Hit,Center,513.0894,811.0499,47.99007,Sedan2-Detailed,-13.88823,1.278669,47.99007,16.20504
1742842190991,174.7643,9583,Eye Hit,Center,511.6315,809.2842,47.96616,Sedan2-Detailed,-13.97912,1.159566,47.96616,16.30093
1742842191008,174.7817,9584,Eye Hit,Center,511.813,803.1463,47.97956,Sedan2-Detailed,-13.97085,0.747997,47.97956,16.25669
1742842191028,174.7988,9585,,Center,509.3806,802.11,47.93605,,-14.12126,0.6778395,47.93605,16.43208
1742842191046,174.8187,9586,Eye Hit,Center,509.7583,797.6097,47.94817,RoadEast,-14.0995,0.3762042,47.94817,16.39187
1742842191063,174.837,9587,Eye Hit,Center,507.2358,796.3071,47.90434,RoadEast,-14.25563,0.288588,47.90434,16.57544
1742842191079,174.8539,9588,Eye Hit,Center,505.4682,793.6494,47.87241,RoadEast,-14.36448,0.11044,47.87241,16.70273
1742842191115,174.8897,9590,,Center,498.1054,790.174,47.73565,,-14.81503,-0.1219154,47.73565,17.24259
1742842191149,174.923,9592,,Center,499.0445,796.031,47.75287,,-14.75765,0.2692308,47.75287,17.17603
1742842191168,174.9407,9593,,Center,500.2869,793.3673,47.77692,,-14.68206,0.09136816,47.77692,17.08273
1742842191185,174.9603,9594,,Center,498.4809,791.8893,47.7429,,-14.7922,-0.007392134,47.7429,17.21457
1742842191218,174.993,9596,Eye Hit,Center,497.1323,777.6059,47.70894,RoadEast,-14.87167,-0.9604987,47.70894,17.34704
1742842191254,175.0296,9598,Eye Hit,Center,492.8788,782.1296,47.6327,RoadEast,-15.13128,-0.6575891,47.6327,17.63889
1742842191287,175.0626,9600,,Center,490.1881,796.4946,47.58427,,-15.29498,0.2991392,47.58427,17.82211
1742842191325,175.0974,9602,,Center,491.2927,799.0712,47.60539,,-15.22821,0.4708287,47.60539,17.74658
1742842191342,175.1151,9603,Eye Hit,Center,441.7203,801.2769,46.57863,Car5-Detailed,-18.1293,0.6043699,46.57863,21.27771
1742842191358,175.1323,9604,Eye Hit,Center,442.01,799.564,46.58656,Car5-Detailed,-18.11351,0.4928652,46.58656,21.25395
1742842191394,175.168,9606,Eye Hit,Center,432.6842,796.8657,46.38132,Car5-Detailed,-18.6387,0.3156473,46.38132,21.89596
1742842191432,175.2016,9608,Eye Hit,Center,435.8691,794.4156,46.45456,Car5-Detailed,-18.46119,0.1569502,46.45456,21.67373
1742842191449,175.2235,9609,Eye Hit,Center,436.3147,793.0973,46.46553,Car5-Detailed,-18.43659,0.07131156,46.46553,21.64234
1742842191488,175.2579,9611,Eye Hit,Center,429.2045,795.7487,46.30755,Car5-Detailed,-18.83442,0.242798,46.30755,22.13444
1742842191505,175.2782,9612,Eye Hit,Center,427.5487,787.205,46.2694,Car5-Detailed,-18.92607,-0.3103092,46.2694,22.24925
1742842191522,175.2957,9613,Eye Hit,Center,426.3588,785.6177,46.24297,Car5-Detailed,-18.99222,-0.4127978,46.24297,22.33295
1742842191543,175.3126,9614,Eye Hit,Center,424.5066,781.0956,46.19876,Car5-Detailed,-19.09374,-0.7046046,46.19876,22.46886
1742842191560,175.3341,9615,Eye Hit,Center,423.8537,780.253,46.18225,Car5-Detailed,-19.12909,-0.7587789,46.18225,22.51569
1742842191578,175.3509,9616,Eye Hit,Center,422.7243,777.0885,46.15451,Car5-Detailed,-19.19051,-0.9626068,46.15451,22.60251
1742842191598,175.3685,9617,Eye Hit,Center,424.8979,774.2537,46.20073,Car5-Detailed,-19.06927,-1.146752,46.20073,22.46479
1742842191617,175.3897,9618,Eye Hit,Center,423.7531,771.6116,46.17257,Car5-Detailed,-19.13158,-1.316681,46.17257,22.55456
1742842191633,175.4072,9619,Eye Hit,Center,422.4123,774.3983,46.14518,Car5-Detailed,-19.20677,-1.136041,46.14518,22.63381
1742842191650,175.4248,9620,Eye Hit,Center,421.44,772.9979,46.12299,Car5-Detailed,-19.26025,-1.225834,46.12299,22.70587
1742842191685,175.4591,9622,Eye Hit,Center,419.5418,775.5688,46.08567,Car5-Detailed,-19.36702,-1.059127,46.08567,22.82464
1742842191702,175.4758,9623,,Center,416.5011,776.9829,46.01568,,-19.53331,-0.9665049,46.01568,23.02607
1742842191718,175.4929,9624,,Center,415.7183,777.2707,46.0003,,-19.57715,-0.947667,46.0003,23.07816
1742842191752,175.5266,9626,Eye Hit,Center,414.295,773.9595,45.9663,Car5-Detailed,-19.65418,-1.15985,45.9663,23.18651
1742842191785,175.5589,9628,Eye Hit,Center,406.5864,776.9771,45.79114,Car5-Detailed,-20.073,-0.9621607,45.79114,23.69489
1742842191817,175.5923,9630,Eye Hit,Center,408.0805,773.4945,45.82204,Car5-Detailed,-19.99078,-1.186008,45.82204,23.60712
1742842191849,175.6247,9632,Eye Hit,Center,410.668,764.3688,45.86938,Car5-Detailed,-19.84544,-1.772703,45.86938,23.47885
1742842191882,175.6564,9634,Eye Hit,Center,415.3489,741.1494,45.90868,Car5-Detailed,-19.56187,-3.265154,45.90868,23.36429
1742842191913,175.6877,9636,Eye Hit,Center,417.757,736.672,45.94538,Car5-Detailed,-19.42276,-3.555494,45.94538,23.25613
1742842191944,175.7197,9638,Eye Hit,Center,418.2693,739.0934,45.96649,Car5-Detailed,-19.39875,-3.401453,45.96649,23.19308
1742842191975,175.7505,9640,Eye Hit,Center,417.4564,732.9931,45.92596,Car5-Detailed,-19.43386,-3.790303,45.92596,23.32229
1742842192006,175.7811,9642,,Center,417.0535,739.8539,45.94565,,-19.46808,-3.351038,45.94565,23.26534
1742842192039,175.8125,9644,Eye Hit,Center,420.2802,727.819,45.96552,Car5-Detailed,-19.26906,-4.126213,45.96552,23.20531
1742842192055,175.8315,9645,Eye Hit,Center,417.9808,725.9393,45.90742,Car5-Detailed,-19.39234,-4.241693,45.90742,23.38412
1742842192086,175.8605,9647,Eye Hit,Center,417.8903,719.538,45.87257,Car5-Detailed,-19.38343,-4.649179,45.87257,23.48658
1742842192102,175.8772,9648,Eye Hit,Center,414.7851,721.1978,45.80481,Car5-Detailed,-19.55374,-4.535976,45.80481,23.66439
1742842192135,175.908,9650,Eye Hit,Center,418.5543,726.5069,45.91477,Car5-Detailed,-19.35862,-4.20592,45.91477,23.33811
1742842192150,175.9259,9651,Eye Hit,Center,418.4019,727.755,45.91959,Car5-Detailed,-19.37044,-4.126198,45.91959,23.33045
1742842192183,175.957,9653,Eye Hit,Center,419.4829,725.6102,45.93191,Car5-Detailed,-19.30619,-4.265094,45.93191,23.28979
1742842192216,175.9902,9655,Eye Hit,Center,416.7213,717.5,45.82079,Car5-Detailed,-19.43647,-4.774543,45.82079,23.59547
1742842192247,176.0222,9657,Eye Hit,Center,409.8401,710.2723,45.61526,Car5-Detailed,-19.78831,-5.214257,45.61526,24.1618
1742842192281,176.0537,9659,Eye Hit,Center,412.154,715.2335,45.69315,Car5-Detailed,-19.67422,-4.90609,45.69315,23.92963
1742842192297,176.0711,9660,Eye Hit,Center,417.692,719.0487,45.83793,Car5-Detailed,-19.38151,-4.677038,45.83793,23.5073
1742842192312,176.0885,9661,Eye Hit,Center,423.1482,724.6133,45.99098,Car5-Detailed,-19.09524,-4.334709,45.99098,23.0623
1742842192344,176.1183,9663,Eye Hit,Center,430.9234,732.7433,46.20223,Car5-Detailed,-18.68051,-3.829248,46.20223,22.4273
1742842192376,176.1509,9665,Eye Hit,Center,431.6679,731.0663,46.20855,Car5-Detailed,-18.63495,-3.938155,46.20855,22.40079
1742842192408,176.1828,9667,Eye Hit,Center,433.5704,726.5415,46.22524,Car5-Detailed,-18.51868,-4.23212,46.22524,22.34006
1742842192439,176.2136,9669,Eye Hit,Center,430.5035,726.1492,46.15279,Car5-Detailed,-18.68763,-4.250813,46.15279,22.55072
1742842192472,176.2463,9671,Eye Hit,Center,427.4252,739.0068,46.14064,Car5-Detailed,-18.88137,-3.419927,46.14064,22.58105
1742842192505,176.278,9673,Eye Hit,Center,424.9138,740.7261,46.08622,Car5-Detailed,-19.02098,-3.30507,46.08622,22.7293
1742842192521,176.2958,9674,Eye Hit,Center,426.0704,739.8859,46.10531,Car5-Detailed,-18.95427,-3.360616,46.10531,22.66151
1742842192552,176.3276,9676,Eye Hit,Center,421.2383,733.339,45.96516,Car5-Detailed,-19.20731,-3.771302,45.96516,23.06652
1742842192585,176.3599,9678,Eye Hit,Center,423.0973,738.466,46.02674,Car5-Detailed,-19.11337,-3.446299,46.02674,22.87795
1742842192618,176.393,9680,Eye Hit,Center,449.2827,741.0934,46.60823,Car5-Detailed,-17.64784,-3.318561,46.60823,21.0706
1742842192651,176.4249,9682,Eye Hit,Center,461.5962,746.4034,46.88812,Car5-Detailed,-16.94629,-2.990255,46.88812,20.1533
1742842192685,176.458,9684,Eye Hit,Center,466.9011,750.2444,47.00595,Car5-Detailed,-16.6401,-2.745242,47.00595,19.73724
1742842192701,176.4762,9685,Eye Hit,Center,467.5619,746.4116,47.01151,Car5-Detailed,-16.59862,-2.997584,47.01151,19.73733
1742842192734,176.5084,9687,Eye Hit,Center,461.9266,741.168,46.87618,Car5-Detailed,-16.92031,-3.332746,46.87618,20.1982
1742842192765,176.5392,9689,Eye Hit,Center,463.7305,749.5022,46.94808,Car5-Detailed,-16.82781,-2.790598,46.94808,19.96758
1742842192798,176.5725,9691,Eye Hit,Center,483.3266,757.1004,47.36784,Car5-Detailed,-15.68,-2.312156,47.36784,18.50054
1742842192814,176.5896,9692,Eye Hit,Center,488.2407,756.0428,47.45663,Car5-Detailed,-15.38321,-2.386688,47.45663,18.1611
1742842192845,176.6201,9694,Eye Hit,Center,491.2395,748.1048,47.49231,Car5-Detailed,-15.19558,-2.915771,47.49231,18.04538
1742842192877,176.6509,9696,Eye Hit,Center,485.4155,743.0954,47.36414,Car5-Detailed,-15.54039,-3.239755,47.36414,18.52901
1742842192908,176.6821,9698,Eye Hit,Center,477.0015,742.4217,47.19488,Car5-Detailed,-16.04026,-3.27265,47.19488,19.13037
1742842192940,176.7135,9700,Eye Hit,Center,482.2812,737.1479,47.27916,Car5-Detailed,-15.71977,-3.627239,47.27916,18.84093
1742842192955,176.7305,9701,Eye Hit,Center,478.3631,736.022,47.19322,Car5-Detailed,-15.94982,-3.694962,47.19322,19.13262
1742842192988,176.7623,9703,Eye Hit,Center,480.3161,739.162,47.24927,Car5-Detailed,-15.8397,-3.49184,47.24927,18.94663
1742842193021,176.7955,9705,Eye Hit,Center,489.2645,742.4904,47.43745,Car5-Detailed,-15.30906,-3.28491,47.43745,18.26634
1742842193055,176.8286,9707,Eye Hit,Center,495.1028,741.6571,47.54812,Car5-Detailed,-14.95651,-3.347991,47.54812,17.86619
1742842193085,176.8606,9709,Eye Hit,Center,493.7523,745.4271,47.54113,Car5-Detailed,-15.04412,-3.096817,47.54113,17.90455
1742842193119,176.8932,9711,Eye Hit,Center,497.1211,748.6749,47.61781,Car5-Detailed,-14.84401,-2.885503,47.61781,17.61816
1742842193135,176.9104,9712,Eye Hit,Center,496.2181,747.4099,47.6011,Car5-Detailed,-14.89892,-2.968714,47.6011,17.7004
1742842193166,176.9412,9714,Eye Hit,Center,492.2525,746.6917,47.5267,Car5-Detailed,-15.13924,-3.011813,47.5267,17.99298
1742842193198,176.9728,9716,Eye Hit,Center,483.2302,746.267,47.35363,Car5-Detailed,-15.68168,-3.028975,47.35363,18.63832
1742842193229,177.0043,9718,Eye Hit,Center,486.5701,746.7405,47.42291,Car5-Detailed,-15.48309,-3.002001,47.42291,18.39557
1742842193260,177.0347,9720,Eye Hit,Center,491.1247,745.9733,47.51091,Car5-Detailed,-15.20916,-3.058551,47.51091,18.08333
1742842193291,177.0659,9722,Eye Hit,Center,502.1728,749.86,47.73609,Car5-Detailed,-14.5436,-2.813549,47.73609,17.23992
1742842193322,177.0976,9724,Eye Hit,Center,505.2498,749.3712,47.79227,Car5-Detailed,-14.35503,-2.849533,47.79227,17.02584
1742842193353,177.1284,9726,Eye Hit,Center,503.5,746.5793,47.75427,Car5-Detailed,-14.46049,-3.033745,47.75427,17.19221
1742842193385,177.1596,9728,Eye Hit,Center,501.5364,741.1652,47.69899,Car5-Detailed,-14.57475,-3.391431,47.69899,17.41771
1742842193416,177.1918,9730,Eye Hit,Center,502.3657,738.8649,47.70706,Car5-Detailed,-14.52188,-3.545495,47.70706,17.39775
1742842193447,177.2222,9732,Eye Hit,Center,503.7616,738.0228,47.73116,Car5-Detailed,-14.43603,-3.603506,47.73116,17.31355
1742842193479,177.2531,9734,Eye Hit,Center,509.0557,722.9583,47.75178,Car5-Detailed,-14.08868,-4.611197,47.75178,17.24647
1742842193510,177.2859,9736,Eye Hit,Center,507.4211,722.307,47.71864,Car5-Detailed,-14.188,-4.651468,47.71864,17.37474
1742842193541,177.3152,9738,Eye Hit,Center,511.034,725.3541,47.80056,Car5-Detailed,-13.97081,-4.455732,47.80056,17.05484
1742842193556,177.3328,9739,Eye Hit,Center,510.1347,726.9075,47.79557,Car5-Detailed,-14.02947,-4.351427,47.79557,17.08353
1742842193587,177.3628,9741,Eye Hit,Center,508.2663,725.6339,47.75428,Car5-Detailed,-14.14214,-4.432731,47.75428,17.24176
1742842193618,177.3932,9743,Eye Hit,Center,522.3961,725.5593,48.0022,Car5-Detailed,-13.2669,-4.460751,48.0022,16.25593
1742842193649,177.4249,9745,Eye Hit,Center,525.3505,730.3806,48.07745,Car5-Detailed,-13.08903,-4.143541,48.07745,15.93746
1742842193681,177.4554,9747,Eye Hit,Center,530.6942,729.3898,48.1589,Car5-Detailed,-12.75127,-4.217304,48.1589,15.58275
1742842193711,177.4856,9749,Eye Hit,Center,526.5632,717.304,48.01611,Car5-Detailed,-12.9909,-5.016456,48.01611,16.17341
1742842193743,177.5174,9751,Eye Hit,Center,529.9245,722.3638,48.10332,Car5-Detailed,-12.78834,-4.685147,48.10332,15.80849
1742842193775,177.549,9753,Eye Hit,Center,534.6638,730.4129,48.22564,Car5-Detailed,-12.50118,-4.154135,48.22564,15.27819
1742842193806,177.5806,9755,Eye Hit,Center,537.1472,739.3842,48.31005,Car5-Detailed,-12.35526,-3.555221,48.31005,14.90254
1742842193838,177.6119,9757,Eye Hit,Center,537.6857,736.4787,48.30449,Car5-Detailed,-12.31746,-3.751111,48.30449,14.92563
1742842193871,177.6449,9759,Eye Hit,Center,532.3,737.6523,48.22354,Car5-Detailed,-12.66007,-3.66567,48.22354,15.28632
1742842193902,177.6767,9761,Eye Hit,Center,526.9952,732.7121,48.11038,Car5-Detailed,-12.98733,-3.989495,48.11038,15.76957
1742842193936,177.7089,9763,Eye Hit,Center,522.6586,734.1927,48.04415,Car5-Detailed,-13.26086,-3.884511,48.04415,16.04589
1742842193952,177.7268,9764,Eye Hit,Center,516.4078,736.4144,47.94968,Car5-Detailed,-13.654,-3.72787,47.94968,16.4455
1742842193985,177.7591,9766,Eye Hit,Center,514.8068,739.1117,47.9341,Car5-Detailed,-13.7569,-3.545825,47.9341,16.50856
1742842194017,177.7925,9768,Eye Hit,Center,514.6907,750.9276,47.98083,Car5-Detailed,-13.7781,-2.756327,47.98083,16.32257
1742842194050,177.824,9770,Eye Hit,Center,510.7482,754.2281,47.92472,Car5-Detailed,-14.02625,-2.531871,47.92472,16.56263
1742842194067,177.8409,9771,Eye Hit,Center,503.9508,765.0706,47.82906,Car5-Detailed,-14.45298,-1.801488,47.82906,16.93644
1742842194083,177.8577,9772,Eye Hit,Center,503.1844,764.9623,47.81709,Car5-Detailed,-14.50062,-1.808283,47.81709,16.99318
1742842194114,177.889,9774,Eye Hit,Center,502.8636,758.9594,47.79651,Car5-Detailed,-14.51583,-2.208801,47.79651,17.07677
1742842194145,177.9194,9776,Eye Hit,Center,501.4741,755.6515,47.76154,Car5-Detailed,-14.59803,-2.428162,47.76154,17.21525
1742842194177,177.9532,9778,Eye Hit,Center,499.7826,751.9908,47.72076,Car5-Detailed,-14.69846,-2.670423,47.72076,17.38284
1742842194209,177.9842,9780,Eye Hit,Center,495.0465,754.0941,47.63758,Car5-Detailed,-14.9884,-2.525628,47.63758,17.69631
1742842194242,178.0153,9782,Eye Hit,Center,490.4572,759.4509,47.56449,Car5-Detailed,-15.27072,-2.165383,47.56449,17.96606
1742842194259,178.0327,9783,Eye Hit,Center,488.2092,762.2603,47.53339,Car5-Detailed,-15.41019,-1.977188,47.53339,18.10021
1742842194291,178.0653,9785,Eye Hit,Center,485.8698,766.5153,47.49548,Car5-Detailed,-15.5533,-1.692951,47.49548,18.23205
1742842194324,178.0986,9787,Eye Hit,Center,485.2296,770.3143,47.48937,Car5-Detailed,-15.59382,-1.440399,47.48937,18.25062
1742842194359,178.1329,9789,Eye Hit,Center,483.2343,770.0283,47.45147,Car5-Detailed,-15.7138,-1.45823,47.45147,18.39599
1742842194392,178.1665,9791,Eye Hit,Center,486.2425,758.4652,47.48335,Car5-Detailed,-15.52458,-2.227151,47.48335,18.27814
1742842194426,178.198,9793,Eye Hit,Center,487.3608,762.8925,47.51981,Car5-Detailed,-15.46217,-1.934604,47.51981,18.15538
1742842194444,178.2157,9794,Eye Hit,Center,490.3164,766.9099,47.58328,Car5-Detailed,-15.28612,-1.669819,47.58328,17.9088
1742842194459,178.2337,9795,Eye Hit,Center,489.9009,767.501,47.57951,Car5-Detailed,-15.31256,-1.630351,47.57951,17.93417
1742842194491,178.2652,9797,Eye Hit,Center,480.4498,758.5478,47.36969,Car5-Detailed,-15.87121,-2.21635,47.36969,18.69072
1742842194526,178.2999,9799,Eye Hit,Center,480.5108,747.7518,47.33682,Car5-Detailed,-15.85616,-2.929597,47.33682,18.81058
1742842194558,178.3324,9801,Eye Hit,Center,481.4716,743.1914,47.33621,Car5-Detailed,-15.79234,-3.23149,47.33621,18.80543
1742842194590,178.3653,9803,Eye Hit,Center,493.1397,749.4452,47.58464,Car5-Detailed,-15.09865,-2.83223,47.58464,17.89191
1742842194623,178.3988,9805,Eye Hit,Center,491.9354,753.2349,47.57416,Car5-Detailed,-15.17546,-2.579435,47.57416,17.92953
1742842194656,178.431,9807,Eye Hit,Center,498.4559,750.7153,47.68745,Car5-Detailed,-14.77669,-2.753635,47.68745,17.49483
1742842194673,178.4483,9808,Eye Hit,Center,509.3752,743.1547,47.85558,Car5-Detailed,-14.09792,-3.269401,47.85558,16.82589
1742842194706,178.4795,9810,Eye Hit,Center,507.8833,741.8077,47.82089,Car5-Detailed,-14.18748,-3.357128,47.82089,16.95501
1742842194739,178.5137,9812,Eye Hit,Center,515.4417,744.2039,47.96429,Car5-Detailed,-13.72297,-3.20644,47.96429,16.37355
1742842194771,178.5445,9814,Eye Hit,Center,518.8462,739.1489,48.00062,Car5-Detailed,-13.50479,-3.548245,48.00062,16.21946
1742842194806,178.5784,9816,Eye Hit,Center,520.0592,736.9197,48.0116,Car5-Detailed,-13.42643,-3.698755,48.0116,16.1757
1742842194822,178.596,9817,Eye Hit,Center,519.9607,740.1974,48.02626,Car5-Detailed,-13.43715,-3.479712,48.02626,16.12018
1742842194855,178.6288,9819,Eye Hit,Center,527.3746,737.8232,48.1418,Car5-Detailed,-12.97026,-3.64795,48.1418,15.63541
1742842194888,178.6631,9821,Eye Hit,Center,527.0429,735.9913,48.12812,Car5-Detailed,-12.9889,-3.770228,48.12812,15.6965
1742842194922,178.6957,9823,Eye Hit,Center,522.0306,750.7842,48.10543,Car5-Detailed,-13.32003,-2.773134,48.10543,15.79249
1742842194937,178.7126,9824,Eye Hit,Center,507.6659,754.9116,47.86337,Car5-Detailed,-14.21464,-2.48287,47.86337,16.77702
1742842194973,178.7458,9826,Eye Hit,Center,505.7742,754.8782,47.82856,Car5-Detailed,-14.33085,-2.483303,47.82856,16.91423
1742842194991,178.7645,9827,Eye Hit,Center,503.9184,752.7086,47.78805,Car5-Detailed,-14.44275,-2.62621,47.78805,17.07596
1742842195022,178.7962,9829,Eye Hit,Center,505.4165,741.4424,47.76994,Car5-Detailed,-14.33719,-3.377958,47.76994,17.13703
1742842195058,178.8305,9831,Eye Hit,Center,520.5977,735.877,48.01225,Car5-Detailed,-13.39045,-3.768823,48.01225,16.15802
1742842195073,178.8476,9832,Eye Hit,Center,532.0882,731.2379,48.18027,Car5-Detailed,-12.66299,-4.094633,48.18027,15.44142
1742842195108,178.88,9834,Eye Hit,Center,534.8417,719.7449,48.15628,Car5-Detailed,-12.47122,-4.8667,48.15628,15.53562
1742842195126,178.8982,9835,Eye Hit,Center,535.3625,722.8944,48.18385,Car5-Detailed,-12.44326,-4.657228,48.18385,15.4157
1742842195143,178.9153,9836,Eye Hit,Center,553.295,721.0249,48.44936,Car5-Detailed,-11.29665,-4.809579,48.44936,14.22035
1742842195160,178.9329,9837,Eye Hit,Center,553.4047,723.5593,48.46627,Car5-Detailed,-11.29315,-4.639453,48.46627,14.13903
1742842195195,178.968,9839,Eye Hit,Center,571.441,717.6436,48.68209,Car5-Detailed,-10.11536,-5.062913,48.68209,13.08099
1742842195212,178.9856,9840,Eye Hit,Center,570.1104,718.5267,48.66936,Car5-Detailed,-10.20329,-5.001475,48.66936,13.14184
1742842195247,179.0191,9842,Eye Hit,Center,582.4633,714.2732,48.79959,Car5-Detailed,-9.38745,-5.305176,48.79959,12.45995
1742842195264,179.0377,9843,Eye Hit,Center,587.6016,704.8083,48.79194,Car5-Detailed,-9.035323,-5.950264,48.79194,12.50192
1742842195282,179.0547,9844,Eye Hit,Center,583.8045,705.1908,48.74779,Car5-Detailed,-9.286041,-5.918799,48.74779,12.72925
1742842195297,179.0719,9845,Eye Hit,Center,583.996,703.9935,48.74138,Car5-Detailed,-9.271769,-5.999641,48.74138,12.76628
1742842195317,179.0898,9846,Eye Hit,Center,570.6518,705.8107,48.58188,Car5-Detailed,-10.14816,-5.856531,48.58188,13.55947
1742842195334,179.1087,9847,Eye Hit,Center,582.5391,689.2095,48.59444,Car5-Detailed,-9.342834,-6.986386,48.59444,13.49956
1742842195366,179.1403,9849,Eye Hit,Center,588.4323,691.1469,48.68305,Car5-Detailed,-8.958594,-6.867204,48.68305,13.05413
1742842195400,179.1717,9851,Eye Hit,Center,555.6496,690.2817,48.24143,RoadEast,-11.08929,-6.863288,48.24143,15.12749
1742842195417,179.1904,9852,Eye Hit,Center,524.1949,689.2775,47.74123,RoadEast,-13.07466,-6.859175,47.74123,17.18497
1742842195433,179.2071,9853,Eye Hit,Center,518.5533,683.9749,47.6,RoadEast,-13.41158,-7.191915,47.6,17.72962
1742842195449,179.2243,9854,Eye Hit,Center,482.0085,683.0824,46.92736,RoadEast,-15.6207,-7.148865,46.92736,20.10632
1742842195484,179.2565,9856,Eye Hit,Center,415.7503,675.4734,45.47388,RoadEast,-19.35107,-7.411396,45.47388,24.49807
1742842195500,179.2737,9857,Eye Hit,Center,441.346,674.5543,46.02547,RoadEast,-17.9381,-7.560459,46.02547,22.92572
1742842195517,179.2909,9858,Eye Hit,Center,401.2034,668.2171,45.08071,RoadEast,-20.10098,-7.804846,45.08071,25.56277
1742842195554,179.3245,9860,Eye Hit,Center,400.9438,657.7919,44.97362,RoadEast,-20.06957,-8.442081,44.97362,25.83276
1742842195571,179.3443,9861,Eye Hit,Center,515.5821,666.1629,47.36284,RoadEast,-13.54159,-8.336033,47.36284,18.55908
1742842195588,179.3613,9862,Eye Hit,Center,478.7134,659.6744,46.62427,RoadEast,-15.73469,-8.629167,46.62427,21.05157
1742842195609,179.3787,9863,Eye Hit,Center,540.2175,700.7383,48.07584,Jeep3-Detailed,-12.08891,-6.136608,48.07584,15.74831
1742842195626,179.3988,9864,Eye Hit,Center,625.8126,725.2982,49.31075,Jeep3-Detailed,-6.496017,-4.60036,49.31075,9.169884
1742842195644,179.4164,9865,Eye Hit,Center,592.4752,715.849,48.89933,Jeep3-Detailed,-8.721887,-5.208247,48.89933,11.73598
1742842195664,179.4341,9866,Eye Hit,Center,655.8893,744.1141,49.62612,Jeep3-Detailed,-4.449937,-3.32377,49.62612,6.386046
1742842195682,179.4547,9867,Eye Hit,Center,619.5541,734.0265,49.28458,Jeep3-Detailed,-6.923988,-3.996257,49.28458,9.21371
1742842195699,179.4716,9868,Eye Hit,Center,691.1674,772.7009,49.87289,Jeep3-Detailed,-2.011227,-1.346213,49.87289,2.778265
1742842195716,179.4901,9869,Eye Hit,Center,657.2892,764.2833,49.69539,Jeep3-Detailed,-4.358845,-1.926505,49.69539,5.477722
1742842195752,179.526,9871,Eye Hit,Center,683.8496,788.0663,49.84659,SouthSidewalk,-2.520352,-0.274252,49.84659,2.911613
1742842195769,179.5427,9872,Eye Hit,Center,763.4557,805.7003,49.81894,SouthSidewalk,3.027984,0.9546342,49.81894,3.646475
1742842195790,179.5601,9873,Eye Hit,Center,701.0407,791.3021,49.88268,SouthSidewalk,-1.32277,-0.04868896,49.88268,1.52007
1742842195808,179.58,9874,Eye Hit,Center,751.783,809.017,49.84927,SouthSidewalk,2.215985,1.186467,49.84927,2.886697
1742842195824,179.598,9875,Eye Hit,Center,724.4767,806.9988,49.89137,SouthSidewalk,0.3123874,1.046631,49.89137,1.254138
1742842195863,179.6367,9877,Eye Hit,Center,714.5912,829.6968,49.85323,SouthSidewalk,-0.3771434,2.628514,49.85323,3.049023
1742842195881,179.6542,9878,Eye Hit,Center,687.7496,834.2805,49.77852,SouthSidewalk,-2.245381,2.943714,49.77852,4.253628
1742842195898,179.6713,9879,Eye Hit,Center,660.8744,814.1678,49.73788,SouthSidewalk,-4.113163,1.542135,49.73788,5.047137
1742842195915,179.69,9880,Eye Hit,Center,609.7612,818.3564,49.30123,SouthSidewalk,-7.601601,1.817423,49.30123,9.008284
1742842195950,179.7232,9882,Eye Hit,Center,571.657,798.3278,48.88148,SouthSidewalk,-10.14202,0.4326233,48.88148,11.73188
1742842195965,179.74,9883,Eye Hit,Center,616.2204,787.9454,49.41946,SouthSidewalk,-7.173365,-0.2802618,49.41946,8.265173
1742842195985,179.7572,9884,Eye Hit,Center,571.11,773.8325,48.86219,SouthSidewalk,-10.1754,-1.241596,48.86219,11.84833
1742842196002,179.7748,9885,,Center,719.0289,831.0698,49.86727,,-0.06773396,2.725022,49.86727,3.128814
1742842196018,179.7928,9886,,Center,701.7281,832.4575,49.84104,,-1.273748,2.820326,49.84104,3.552918
1742842196050,179.8256,9888,,Center,724.5715,849.8668,49.78094,,0.3182996,4.02908,49.78094,4.641609
1742842196083,179.8574,9890,,Center,713.2796,854.3237,49.75525,,-0.467679,4.33716,49.75525,5.010593
1742842196115,179.8901,9892,Eye Hit,Center,685.929,807.619,49.88265,SouthSidewalk,-2.377097,1.089726,49.88265,3.000875
1742842196148,179.9238,9894,Eye Hit,Center,674.9185,799.9171,49.85317,SouthSidewalk,-3.143431,0.5520458,49.85317,3.663083
1742842196183,179.9577,9896,Eye Hit,Center,678.3973,793.3339,49.87284,Car5-Detailed,-2.90201,0.09304499,49.87284,3.3319
1742842196200,179.975,9897,Eye Hit,Center,756.1556,798.1841,49.9026,Car5-Detailed,2.523547,0.4316311,49.9026,2.936917
1742842196216,179.9919,9898,Eye Hit,Center,747.6547,793.8749,49.92904,Car5-Detailed,1.931237,0.1309293,49.92904,2.220172
1742842196252,180.027,9900,Eye Hit,Center,757.835,778.7619,49.89201,Car5-Detailed,2.640207,-0.9237809,49.89201,3.208881
1742842196291,180.0609,9902,Eye Hit,Center,745.6669,755.642,49.87611,Car5-Detailed,1.790519,-2.536327,49.87611,3.561889
1742842196309,180.0813,9903,Eye Hit,Center,751.7145,751.3726,49.84692,Car5-Detailed,2.211099,-2.8325,49.84692,4.123219
1742842196324,180.0993,9904,Eye Hit,Center,750.4384,748.5396,49.8392,Car5-Detailed,2.121806,-3.029547,49.8392,4.244225
1742842196360,180.1319,9906,Eye Hit,Center,736.8096,746.2777,49.8623,Car5-Detailed,1.17231,-3.188695,49.8623,3.897823
1742842196377,180.151,9907,Eye Hit,Center,735.4358,753.5586,49.89682,Car5-Detailed,1.077245,-2.68278,49.89682,3.315938
1742842196394,180.1682,9908,Eye Hit,Center,725.4089,739.8652,49.84761,Car5-Detailed,0.3771069,-3.634837,49.84761,4.192879
1742842196430,180.2005,9910,Eye Hit,Center,727.4371,733.1226,49.81323,Car5-Detailed,0.5181538,-4.102097,49.81323,4.744912
1742842196447,180.2211,9911,Eye Hit,Center,726.5601,733.1518,49.81482,Car5-Detailed,0.4570709,-4.100196,49.81482,4.734373
1742842196464,180.2381,9912,Eye Hit,Center,761.6251,740.5059,49.77705,Car5-Detailed,2.897995,-3.585083,49.77705,5.291169
1742842196480,180.255,9913,Eye Hit,Center,762.2143,745.7762,49.80144,Car5-Detailed,2.940453,-3.219737,49.80144,5.003785
1742842196516,180.2917,9915,Eye Hit,Center,795.9405,762.0731,49.67658,Car5-Detailed,5.276404,-2.079344,49.67658,6.513009
1742842196551,180.325,9917,Eye Hit,Center,806.8353,766.6419,49.60295,Car5-Detailed,6.024443,-1.759287,49.60295,7.211072
1742842196571,180.3417,9918,Eye Hit,Center,815.6995,763.7214,49.51674,Car5-Detailed,6.627879,-1.958498,49.51674,7.945593
1742842196586,180.3622,9919,Eye Hit,Center,822.4099,763.7743,49.45514,Car5-Detailed,7.083801,-1.952401,49.45514,8.451035
1742842196620,180.3953,9921,Eye Hit,Center,842.2856,762.983,49.23982,Car5-Detailed,8.421792,-1.998399,49.23982,9.969893
1742842196656,180.4307,9923,Eye Hit,Center,880.6183,770.0571,48.75431,Car5-Detailed,10.95269,-1.496304,48.75431,12.7751
1742842196689,180.4642,9925,Eye Hit,Center,920.7925,784.3958,48.1245,Car5-Detailed,13.51533,-0.5118367,48.1245,15.69762
1742842196725,180.4996,9927,Eye Hit,Center,989.2052,813.8513,46.76043,Car5-Detailed,17.60657,1.42912,46.76043,20.69484
1742842196742,180.5163,9928,,Center,977.1608,836.3235,46.94915,,16.88673,2.910546,46.94915,20.0513
1742842196759,180.5333,9929,,Center,1021.122,844.389,45.95598,,19.35519,3.3674,45.95598,23.14645
1742842196795,180.5696,9931,,Center,837.4977,870.3304,49.00152,,8.052889,5.368496,49.00152,11.17271
1742842196828,180.6018,9933,,Center,936.4865,877.5721,47.48627,,14.37844,5.683465,47.48627,18.03463
1742842196861,180.6335,9935,,Center,852.7007,867.1775,48.80922,,9.059159,5.13219,48.80922,12.04176
1742842196877,180.6515,9936,Eye Hit,Center,792.544,817.2885,49.62438,SouthSidewalk,5.035117,1.75522,49.62438,6.13306
1742842196910,180.6834,9938,Eye Hit,Center,807.6865,816.5202,49.50975,SouthSidewalk,6.072065,1.69796,49.50975,7.257447
1742842196940,180.7142,9940,,Center,805.1536,875.0374,49.2352,,5.863972,5.718237,49.2352,9.444918
1742842196970,180.7447,9942,,Center,718.906,909.9904,49.24638,,-0.07535355,8.127067,49.24638,9.3714
1742842196999,180.7736,9944,,Center,652.5338,903.8896,49.10583,,-4.633745,7.684853,49.10583,10.35615
1742842197028,180.8041,9946,,Center,576.5237,898.4995,48.43992,,-9.720678,7.215455,48.43992,14.03178
1742842197056,180.8329,9948,,Center,687.3516,894.8417,49.3546,,-2.25373,7.099206,49.3546,8.582062
1742842197085,180.8618,9950,,Center,715.1934,887.6635,49.47701,,-0.3326219,6.620071,49.47701,7.630466
1742842197114,180.8916,9952,,Center,680.6431,900.4871,49.29396,,-2.713485,7.479714,49.29396,9.169198
1742842197146,180.9223,9954,Eye Hit,Center,638.6338,903.0289,49.04356,SE_Tree_10,-5.581346,7.616068,49.04356,10.89768
1742842197161,180.9395,9955,,Center,534.043,869.8239,48.08635,,-12.50683,5.234172,48.08635,15.74578
1742842197181,180.9589,9956,,Center,602.5883,872.3197,48.9951,,-8.04594,5.504115,48.9951,11.25309
1742842197214,180.9892,9958,Eye Hit,Center,529.5489,827.4188,48.22891,SE_Tree_50,-12.84706,2.389213,48.22891,15.15998
1742842197255,181.0293,9960,,Center,479.5123,798.2643,47.3686,,-15.93296,0.4150239,47.3686,18.5968
1742842197293,181.0616,9962,,Center,461.2852,765.8884,46.97506,,-16.99814,-1.71559,46.97506,19.98598
1742842197312,181.0831,9963,Eye Hit,Center,481.0317,767.2551,47.38165,NE_Tree_30,-15.83665,-1.639865,47.38165,18.57354
1742842197326,181.1032,9964,Eye Hit,Center,490.354,769.1324,47.56814,NE_Tree_30,-15.27875,-1.521423,47.56814,17.88934
1742842197363,181.133,9966,Eye Hit,Center,521.6812,766.4708,48.13689,NE_Tree_30,-13.35226,-1.718811,48.13689,15.62471
1742842197380,181.1529,9967,,Center,533.2527,765.0696,48.32904,,-12.62337,-1.82039,48.32904,14.78324
1742842197395,181.17,9968,,Center,560.7862,764.1099,48.75208,,-10.85642,-1.901759,48.75208,12.73911
1742842197427,181.2009,9970,,Center,580.0661,774.1954,49.03749,,-9.597631,-1.221165,49.03749,11.16101
1742842197463,181.2383,9972,,Center,585.7258,775.7314,49.11179,,-9.223402,-1.117505,49.11179,10.7125
1742842197496,181.2691,9974,,Center,589.6154,766.5513,49.14173,,-8.961683,-1.749158,49.14173,10.52583
1742842197510,181.2859,9975,,Center,588.5178,766.8822,49.12949,,-9.034874,-1.725983,49.12949,10.60439
1742842197544,181.3172,9977,,Center,590.9299,766.7144,49.15958,,-8.874559,-1.738576,49.15958,10.42343
1742842197560,181.3347,9978,,Center,587.8969,788.6383,49.15216,,-9.081728,-0.2311075,49.15216,10.47166
1742842197592,181.3657,9980,,Center,587.9529,796.5165,49.15229,,-9.077904,0.3104959,49.15229,10.46997
1742842197624,181.3982,9982,,Center,580.646,799.4714,49.06002,,-9.562251,0.5126713,49.06002,11.04464
1742842197657,181.4317,9984,,Center,571.5804,799.1067,48.94135,,-10.15968,0.4864717,48.94135,11.74048
1742842197689,181.4637,9986,,Center,563.7133,794.1949,48.83391,,-10.67472,0.1499185,48.83391,12.33165
1742842197722,181.4961,9988,,Center,557.6233,790.6819,48.74599,,-11.07071,-0.0898677,48.74599,12.79583
1742842197755,181.5295,9990,,Center,541.4711,788.7324,48.49811,,-12.11006,-0.2216471,48.49811,14.02241
1742842197788,181.5614,9992,,Center,525.0961,786.5425,48.22639,,-13.14674,-0.3681244,48.22639,15.25429
1742842197819,181.5939,9994,,Center,517.2814,786.6833,48.09205,,-13.63577,-0.3576269,48.09205,15.83505
1742842197852,181.6272,9996,,Center,498.8043,784.6,47.75377,,-14.77397,-0.4942569,47.75377,17.19997
1742842197885,181.6602,9998,,Center,495.1674,787.988,47.68618,,-14.99563,-0.2675891,47.68618,17.45915
1742842197915,181.6904,10000,,Center,497.1108,785.6605,47.72182,,-14.87712,-0.4231381,47.72182,17.32128
1742842197948,181.7224,10002,,Center,482.0822,785.6597,47.42844,,-15.7826,-0.42059,47.42844,18.41182
1742842197963,181.7392,10003,Eye Hit,Center,493.179,784.8315,47.64433,Jeep3-Detailed,-15.11497,-0.4776973,47.64433,17.60967
1742842197996,181.7714,10005,,Center,481.4332,777.2767,47.40635,,-15.81828,-0.9762359,47.40635,18.48526
1742842198028,181.8024,10007,,Center,477.3696,778.0186,47.32402,,-16.05978,-0.9254338,47.32402,18.77396
1742842198045,181.8194,10008,Eye Hit,Center,472.3418,775.8333,47.21922,Jeep3-Detailed,-16.35627,-1.06771,47.21922,19.14329
1742842198062,181.8361,10009,,Center,465.9226,776.718,47.08844,,-16.73375,-1.006485,47.08844,19.59628
1742842198077,181.8532,10010,,Center,462.4978,778.7228,47.01957,,-16.9345,-0.8731696,47.01957,19.83118
1742842198110,181.8846,10012,,Center,447.9056,774.0554,46.70393,,-17.77403,-1.172193,46.70393,20.87659
1742842198145,181.9185,10014,Eye Hit,Center,398.8589,763.6304,45.57014,Jeep3-Detailed,-20.46865,-1.808202,45.57014,24.27144
1742842198162,181.9356,10015,Eye Hit,Center,360.7881,758.7532,44.63084,Jeep3-Detailed,-22.42326,-2.075382,44.63084,26.77385
1742842198193,181.9691,10017,,Center,577.9713,830.8804,48.96456,,-9.726818,2.662716,48.96456,11.63786
1742842198226,182.0008,10019,,Center,636.9929,841.9623,49.53761,,-5.75126,3.461704,49.53761,7.716987
1742842198258,182.0326,10021,,Center,621.9048,858.4013,49.3145,,-6.766052,4.579985,49.3145,9.4073
1742842198290,182.0652,10023,,Center,547.5605,871.2105,48.31612,,-11.65311,5.352882,48.31612,14.86435
1742842198323,182.097,10025,,Center,490.4891,875.2745,47.30386,,-15.18493,5.509615,47.30386,18.85429
1742842198355,182.1291,10027,,Center,504.2209,857.7756,47.66245,,-14.38463,4.384844,47.66245,17.51114
1742842198386,182.1612,10029,,Center,499.1663,865.2112,47.51992,,-14.67756,4.865931,47.51992,18.02505
1742842198416,182.1918,10031,,Center,544.4673,878.1099,48.19233,,-11.83175,5.804219,48.19233,15.29427
1742842198446,182.2212,10033,,Center,588.1352,881.0358,48.75705,,-8.992476,6.07177,48.75705,12.54616
1742842198474,182.2497,10035,Eye Hit,Center,655.8677,843.0595,49.61,SouthSidewalk,-4.449989,3.5429,49.61,6.54077
1742842198503,182.2779,10037,Eye Hit,Center,662.9033,826.0926,49.71209,SouthSidewalk,-3.969956,2.370474,49.71209,5.313896
1742842198532,182.3064,10039,Eye Hit,Center,691.1516,829.3551,49.81157,SouthSidewalk,-2.009854,2.602513,49.81157,3.776832
1742842198560,182.3365,10041,Eye Hit,Center,737.7359,831.283,49.82585,SouthSidewalk,1.236006,2.737616,49.82585,3.44986
1742842198588,182.3638,10043,Eye Hit,Center,652.0611,826.1885,49.59739,SouthSidewalk,-4.712922,2.371653,49.59739,6.072153
1742842198617,182.3934,10045,Eye Hit,Center,725.0368,829.4817,49.80453,SouthSidewalk,0.3508623,2.610965,49.80453,3.027761
1742842198647,182.4225,10047,Eye Hit,Center,773.7024,828.1986,49.67336,SouthSidewalk,3.73104,2.514944,49.67336,5.175816
1742842198675,182.4504,10049,Eye Hit,Center,714.3191,857.5103,49.67122,SouthSidewalk,-0.394672,4.551215,49.67122,5.254788
1742842198705,182.4799,10051,Eye Hit,Center,742.5096,864.102,49.6081,SouthSidewalk,1.561829,5.002796,49.6081,6.030719
1742842198734,182.5096,10053,Eye Hit,Center,741.439,857.7061,49.65759,SouthSidewalk,1.489032,4.563566,49.65759,5.521552
1742842198763,182.539,10055,Eye Hit,Center,743.4214,852.6173,49.69225,SouthSidewalk,1.627849,4.213066,49.69225,5.193465
1742842198797,182.5728,10057,Eye Hit,Center,708.002,837.0684,49.79,SouthSidewalk,-0.8355316,3.138537,49.79,3.732241
1742842198828,182.6056,10059,Eye Hit,Center,679.1515,821.1324,49.78428,SouthSidewalk,-2.844338,2.02853,49.78428,4.014102
1742842198859,182.6349,10061,Eye Hit,Center,686.8298,801.6825,49.85961,SouthSidewalk,-2.313184,0.6752269,49.85961,2.766898
1742842198894,182.6653,10063,Eye Hit,Center,655.1917,798.9195,49.68441,SouthSidewalk,-4.50364,0.4808472,49.68441,5.208722
1742842198911,182.6846,10064,Eye Hit,Center,721.9401,810.7482,49.89589,SouthSidewalk,0.1353959,1.308391,49.89589,1.510125
1742842198925,182.7018,10065,Eye Hit,Center,743.9016,821.1042,49.86097,SouthSidewalk,1.666867,2.029686,49.86097,3.015192
1742842198957,182.7318,10067,Eye Hit,Center,728.3354,815.5963,49.88374,SouthSidewalk,0.5815624,1.64633,49.88374,2.004572
1742842198992,182.7634,10069,Eye Hit,Center,726.8172,783.1153,49.90995,SouthSidewalk,0.4758886,-0.6202167,49.90995,0.8972207
1742842199007,182.7827,10070,Eye Hit,Center,711.2595,768.5333,49.89756,SouthSidewalk,-0.6099969,-1.637736,49.89756,2.005938
1742842199039,182.8138,10072,Eye Hit,Center,701.356,766.4877,49.88408,SouthSidewalk,-1.300808,-1.780021,49.88408,2.53049
1742842199071,182.8453,10074,Eye Hit,Center,682.5611,763.1227,49.82825,SouthSidewalk,-2.609227,-2.012543,49.82825,3.783566
1742842199104,182.8762,10076,Eye Hit,Center,653.7458,750.9933,49.64163,SouthSidewalk,-4.600154,-2.847174,49.64163,6.219621
1742842199119,182.8942,10077,Eye Hit,Center,637.8961,744.6727,49.49637,SouthSidewalk,-5.683946,-3.276405,49.49637,7.550423
1742842199151,182.9263,10079,Eye Hit,Center,633.7085,741.71,49.45465,SouthSidewalk,-5.968815,-3.478575,49.45465,7.952384
1742842199182,182.9576,10081,Eye Hit,Center,741.1132,757.9968,49.87122,SouthSidewalk,1.472711,-2.371822,49.87122,3.20418
1742842199215,182.9886,10083,Eye Hit,Center,874.0406,773.9064,48.83294,SouthSidewalk,10.5211,-1.23581,48.83294,12.23965
1742842199246,183.0218,10085,,Center,910.8064,789.2529,48.29017,,12.88738,-0.1855411,48.29017,14.94397
1742842199277,183.0514,10087,,Center,929.2734,781.1903,47.97213,,14.04158,-0.7252974,47.97213,16.3355
1742842199309,183.0835,10089,,Center,911.9466,778.3103,48.27522,,12.96038,-0.9243394,48.27522,15.06419
1742842199341,183.1144,10091,,Center,886.3013,765.4551,48.66407,,11.31923,-1.806768,48.66407,13.25407
1742842199372,183.1463,10093,,Center,880.8961,771.2944,48.75747,,10.97235,-1.412026,48.75747,12.78367
1742842199404,183.1779,10095,,Center,880.9085,783.3989,48.77348,,10.9768,-0.5867462,48.77348,12.70098
1742842199420,183.1964,10096,,Center,880.4481,787.0217,48.78421,,10.9478,-0.3396791,48.78421,12.65425
1742842199454,183.2287,10098,,Center,868.634,790.516,48.95035,,10.17622,-0.1016018,48.95035,11.74444
1742842199486,183.2601,10100,,Center,871.3405,778.2648,48.9013,,10.35115,-0.9394397,48.9013,11.99932
1742842199518,183.2925,10102,,Center,865.0956,764.135,48.95466,,9.934845,-1.907945,48.95466,11.67572
1742842199551,183.3262,10104,,Center,863.5148,758.3085,48.95539,,9.826751,-2.30693,48.95539,11.65033
1742842199583,183.3579,10106,,Center,859.8162,765.0988,49.01907,,9.585958,-1.844375,49.01907,11.26268
1742842199614,183.3891,10108,,Center,855.8094,770.9476,49.08043,,9.3229,-1.445185,49.08043,10.88068
1742842199646,183.4203,10110,,Center,852.9413,775.0486,49.12028,,9.133422,-1.164608,49.12028,10.61663
1742842199677,183.4518,10112,,Center,858.6004,771.5923,49.04118,,9.506887,-1.399808,49.04118,11.08639
1742842199709,183.4831,10114,,Center,857.8723,773.2344,49.05099,,9.458838,-1.287431,49.05099,11.01296
1742842199740,183.5142,10116,,Center,858.6709,773.2079,49.03907,,9.511312,-1.288934,49.03907,11.07432
1742842199771,183.5452,10118,,Center,858.5044,768.5452,49.02989,,9.498112,-1.608441,49.02989,11.11581
1742842199803,183.5767,10120,,Center,857.9974,766.3793,49.02637,,9.462667,-1.756848,49.02637,11.10651
1742842199818,183.5945,10121,,Center,857.2333,762.7796,49.02293,,9.409613,-2.003541,49.02293,11.10296
1742842199850,183.6253,10123,,Center,854.0402,759.5814,49.05152,,9.196034,-2.224125,49.05152,10.91728
1742842199881,183.6564,10125,,Center,848.546,769.1257,49.14054,,8.835101,-1.572176,49.14054,10.34912
1742842199913,183.6881,10127,,Center,753.2732,783.5111,49.87951,,2.321292,-0.5922235,49.87951,2.749725
1742842199944,183.7191,10129,,Center,725.5391,816.2977,49.90537,,0.3866323,1.696002,49.90537,1.996256
1742842199976,183.7507,10131,,Center,747.1921,825.1843,49.84977,,1.895915,2.313713,49.84977,3.433933
1742842200008,183.7812,10133,Eye Hit,Center,817.743,810.4072,49.46548,SW_Tree_50,6.762396,1.273511,49.46548,7.919734
1742842200028,183.7981,10134,Eye Hit,Center,818.1074,809.4001,49.45841,SW_Tree_50,6.78664,1.203661,49.45841,7.933676
1742842200041,183.8183,10135,,Center,841.3315,777.6788,49.23197,,8.354753,-0.9861453,49.23197,9.697041
1742842200072,183.8456,10137,,Center,843.6016,771.274,49.19834,,8.505258,-1.426194,49.19834,9.942417
1742842200086,183.8624,10138,,Center,844.7864,769.8547,49.17727,,8.583108,-1.523208,49.17727,10.05191
1742842200120,183.8925,10140,,Center,849.2681,756.9185,49.08968,,8.875536,-2.408689,49.08968,10.61092
1742842200137,183.91,10141,,Center,848.3379,750.6411,49.08626,,8.811053,-2.839499,49.08626,10.6801
1742842200151,183.9281,10142,,Center,847.7034,748.4645,49.0814,,8.766626,-2.988639,49.0814,10.68649
1742842200183,183.9582,10144,Eye Hit,Center,849.3336,750.9772,49.07604,SportCar3-Detailed,8.877564,-2.81584,49.07604,10.74554
1742842200219,183.9936,10146,,Center,848.1699,757.5186,49.11255,,8.804234,-2.36859,49.11255,10.51672
1742842200251,184.0257,10148,,Center,850.5943,760.0757,49.09442,,8.967457,-2.192132,49.09442,10.6493
1742842200283,184.0573,10150,,Center,853.0871,764.5379,49.07874,,9.135708,-1.885123,49.07874,10.76158
1742842200316,184.0913,10152,,Center,853.8741,767.799,49.07571,,9.189163,-1.661164,49.07571,10.77342
1742842200348,184.1227,10154,,Center,850.8199,768.4767,49.11652,,8.986989,-1.615992,49.11652,10.53146
1742842200378,184.1541,10156,,Center,843.577,765.2902,49.19618,,8.503194,-1.83787,49.19618,10.02817
1742842200410,184.1843,10158,,Center,848.8795,765.7776,49.13882,,8.857711,-1.802232,49.13882,10.42317
1742842200442,184.2155,10160,,Center,839.3948,764.5183,49.24573,,8.223692,-1.892887,49.24573,9.723767
1742842200456,184.2323,10161,,Center,839.4407,765.0938,49.24526,,8.226776,-1.85323,49.24526,9.717295
1742842200488,184.2628,10163,,Center,841.3704,764.9226,49.22845,,8.356838,-1.864386,49.22845,9.866733
1742842200519,184.2941,10165,,Center,844.6332,765.4671,49.19794,,8.576174,-1.825764,49.19794,10.1055
1742842200551,184.3269,10167,,Center,848.9704,765.855,49.15196,,8.866327,-1.797391,49.15196,10.42887
1742842200583,184.3581,10169,Eye Hit,Center,853.8034,761.6337,49.08545,SportCar3-Detailed,9.186137,-2.084764,49.08545,10.86327
1742842200615,184.3899,10171,,Center,856.5712,760.0352,49.04804,,9.36901,-2.192836,49.04804,11.09929
1742842200648,184.4213,10173,,Center,864.5742,770.1819,48.96943,,9.902136,-1.49436,48.96943,11.55764
1742842200664,184.4385,10174,,Center,869.3123,769.8593,48.90461,,10.21312,-1.514446,48.90461,11.92129
1742842200695,184.4709,10176,,Center,868.5837,768.6094,48.91008,,10.16441,-1.600122,48.91008,11.8805
1742842200727,184.5008,10178,,Center,872.0351,761.0112,48.84182,,10.386,-2.116943,48.84182,12.24436
1742842200758,184.5331,10180,,Center,864.8479,755.7885,48.92014,,9.910891,-2.477691,48.92014,11.79545
1742842200790,184.5648,10182,Eye Hit,Center,863.495,765.9031,48.96275,SportCar3-Detailed,9.826876,-1.787178,48.96275,11.52976
1742842200820,184.5959,10184,Eye Hit,Center,859.8665,773.3165,49.02367,SportCar3-Detailed,9.590306,-1.281081,49.02367,11.16463
1742842200852,184.627,10186,,Center,858.572,775.7545,49.04314,,9.50532,-1.114356,49.04314,11.04208
1742842200883,184.6583,10188,Eye Hit,Center,851.3582,762.5818,49.10383,SportCar3-Detailed,9.021639,-2.020432,49.10383,10.66265
1742842200914,184.6897,10190,Eye Hit,Center,844.124,757.378,49.17024,SportCar3-Detailed,8.536329,-2.381044,49.17024,10.217
1742842200946,184.7213,10192,Eye Hit,Center,832.4034,758.8806,49.30274,SportCar3-Detailed,7.751098,-2.283844,49.30274,9.307848
1742842200977,184.7513,10194,,Center,829.4008,755.8774,49.32378,,7.54727,-2.492002,49.32378,9.153969
1742842201008,184.7821,10196,,Center,817.5977,760.5347,49.45283,,6.750622,-2.176384,49.45283,8.162024
1742842201040,184.814,10198,Eye Hit,Center,808.8954,747.6564,49.47778,SportCar3-Detailed,6.1518,-3.0687,49.47778,7.910335
1742842201056,184.8308,10199,Eye Hit,Center,805.989,742.4977,49.47323,SportCar3-Detailed,5.950128,-3.425379,49.47323,7.900775
1742842201087,184.8617,10201,Eye Hit,Center,799.6437,734.5434,49.48006,SportCar3-Detailed,5.511812,-3.976337,49.48006,7.821022
1742842201119,184.8936,10203,Eye Hit,Center,785.6154,734.2455,49.57291,SportCar3-Detailed,4.549495,-4.004453,49.57291,6.970463
1742842201150,184.9259,10205,Eye Hit,Center,774.2841,728.2779,49.59609,SportCar3-Detailed,3.765592,-4.420288,49.59609,6.67782
1742842201182,184.9575,10207,Eye Hit,Center,749.9379,730.3542,49.706,SportCar3-Detailed,2.081341,-4.285735,49.706,5.475146
1742842201215,184.9887,10209,Eye Hit,Center,738.8713,731.6133,49.74205,SportCar3-Detailed,1.312917,-4.201245,49.74205,5.056871
1742842201247,185.0198,10211,Eye Hit,Center,715.7432,736.6805,49.784,SportCar3-Detailed,-0.2964034,-3.851954,49.784,4.43734
1742842201263,185.0376,10212,,Center,702.5304,735.3329,49.77232,,-1.21614,-3.944864,49.77232,4.741195
1742842201295,185.0693,10214,Eye Hit,Center,700.1382,724.9041,49.71046,SportCar3-Detailed,-1.380956,-4.665053,49.71046,5.589738
1742842201325,185.1,10216,Eye Hit,Center,696.9421,721.9386,49.6899,SportCar3-Detailed,-1.602513,-4.869224,49.6899,5.889925
1742842201356,185.131,10218,Eye Hit,Center,685.0171,722.6898,49.65319,SportCar3-Detailed,-2.429495,-4.813457,49.65319,6.197484
1742842201373,185.1486,10219,Eye Hit,Center,669.6385,724.5089,49.60674,SportCar3-Detailed,-3.494236,-4.682741,49.60674,6.717409
1742842201404,185.1789,10221,Eye Hit,Center,668.9651,721.2493,49.58806,SportCar3-Detailed,-3.539627,-4.907049,49.58806,6.956548
1742842201420,185.1962,10222,Eye Hit,Center,663.2413,721.3289,49.55598,SportCar3-Detailed,-3.934066,-4.898362,49.55598,7.225259
1742842201451,185.2269,10224,Eye Hit,Center,661.6962,720.6086,49.54727,SportCar3-Detailed,-4.040445,-4.94742,49.54727,7.346092
1742842201484,185.2592,10226,Eye Hit,Center,674.2416,719.1378,49.60168,SportCar3-Detailed,-3.174538,-5.054886,49.60168,6.861957
1742842201516,185.291,10228,Eye Hit,Center,668.9508,710.4037,49.51463,SportCar3-Detailed,-3.535372,-5.650893,49.51463,7.667106
1742842201549,185.3239,10230,Eye Hit,Center,667.7457,714.7397,49.54316,SportCar3-Detailed,-3.620916,-5.35369,49.54316,7.432603
1742842201583,185.3583,10232,Eye Hit,Center,673.5477,713.4739,49.56036,SportCar3-Detailed,-3.219987,-5.443292,49.56036,7.272192
1742842201616,185.3908,10234,Eye Hit,Center,676.0588,717.2745,49.60074,SportCar3-Detailed,-3.048409,-5.18406,49.60074,6.913159
1742842201648,185.4227,10236,Eye Hit,Center,673.3748,714.9415,49.57421,SportCar3-Detailed,-3.232879,-5.343049,49.57421,7.179853
1742842201681,185.4558,10238,Eye Hit,Center,672.6284,716.7809,49.58396,SportCar3-Detailed,-3.285277,-5.216537,49.58396,7.087286
1742842201712,185.4872,10240,Eye Hit,Center,672.0286,725.2948,49.64123,SportCar3-Detailed,-3.330716,-4.631431,49.64123,6.555593
1742842201744,185.5182,10242,Eye Hit,Center,670.918,733.751,49.69016,SportCar3-Detailed,-3.411186,-4.048295,49.69016,6.081185
1742842201760,185.5352,10243,Eye Hit,Center,667.3566,732.7338,49.66962,SportCar3-Detailed,-3.657188,-4.117281,49.66962,6.326697
1742842201792,185.5673,10245,Eye Hit,Center,663.7303,732.8459,49.64789,SportCar3-Detailed,-3.907403,-4.107701,49.64789,6.514424
1742842201823,185.5975,10247,,Center,663.7959,784.9211,49.81734,,-3.916167,-0.4932416,49.81734,4.530169
1742842201855,185.6295,10249,,Center,644.3983,784.0903,49.69328,,-5.254629,-0.5497601,49.69328,6.068794
1742842201886,185.6606,10251,Eye Hit,Center,635.8697,734.1351,49.47193,SportCar3-Detailed,-5.821356,-4.003936,49.47193,8.127819
1742842201917,185.6935,10253,Eye Hit,Center,632.327,734.9045,49.44855,SportCar3-Detailed,-6.063622,-3.948832,49.44855,8.32532
1742842201949,185.7251,10255,Eye Hit,Center,630.4418,744.6358,49.48296,SportCar3-Detailed,-6.19832,-3.278075,49.48296,8.065139
1742842201981,185.7566,10257,Eye Hit,Center,628.2268,746.7834,49.47456,SportCar3-Detailed,-6.35054,-3.12891,49.47456,8.143385
1742842202015,185.7892,10259,Eye Hit,Center,630.3517,744.6904,49.48372,SportCar3-Detailed,-6.20465,-3.274342,49.48372,8.069422
1742842202046,185.8215,10261,Eye Hit,Center,627.9891,741.1539,49.44652,SportCar3-Detailed,-6.363383,-3.516469,49.44652,8.364546
1742842202078,185.8521,10263,Eye Hit,Center,626.1614,741.394,49.43162,SportCar3-Detailed,-6.487828,-3.498806,49.43162,8.481305
1742842202110,185.8843,10265,Eye Hit,Center,632.9417,745.4495,49.50801,SportCar3-Detailed,-6.02835,-3.223387,49.50801,7.861649
1742842202126,185.9013,10266,Eye Hit,Center,637.7579,741.7968,49.53078,SportCar3-Detailed,-5.697473,-3.477919,49.53078,7.675318
1742842202157,185.9315,10268,Eye Hit,Center,652.679,746.3857,49.65863,SportCar3-Detailed,-4.675824,-3.168172,49.65863,6.488787
1742842202190,185.9637,10270,Eye Hit,Center,665.8332,743.8423,49.72313,SportCar3-Detailed,-3.767077,-3.349171,49.72313,5.788483
1742842202222,185.9958,10272,Eye Hit,Center,675.2901,750.791,49.79772,SportCar3-Detailed,-3.114053,-2.870213,49.79772,4.861033
1742842202255,186.0291,10274,Eye Hit,Center,678.5524,752.3271,49.81747,SportCar3-Detailed,-2.887975,-2.764321,49.81747,4.587999
1742842202286,186.0608,10276,Eye Hit,Center,692.0956,748.2686,49.84776,SportCar3-Detailed,-1.945501,-3.048959,49.84776,4.14992
1742842202320,186.0944,10278,Eye Hit,Center,699.5412,748.1652,49.86473,SportCar3-Detailed,-1.426878,-3.057211,49.86473,3.8707
1742842202353,186.1278,10280,Eye Hit,Center,695.8495,762.0175,49.90691,SportCar3-Detailed,-1.685777,-2.092866,49.90691,3.082293
1742842202385,186.1606,10282,Eye Hit,Center,706.7657,778.9598,49.96412,SportCar3-Detailed,-0.9248531,-0.9112902,49.96412,1.488589
1742842202419,186.194,10284,Eye Hit,Center,723.0263,788.8113,49.9833,SportCar3-Detailed,0.2115682,-0.2229234,49.9833,0.3527702
1742842202452,186.2272,10286,Eye Hit,Center,720.8894,780.3579,49.97946,SportCar3-Detailed,0.0621714,-0.8138348,49.97946,0.9354453
1742842202489,186.2629,10288,Eye Hit,Center,714.4828,773.9944,49.97127,SportCar3-Detailed,-0.3856131,-1.258464,49.97127,1.508698
1742842202523,186.2958,10290,Eye Hit,Center,720.9222,770.2195,49.96737,SportCar3-Detailed,0.06444778,-1.522184,49.96737,1.746525
1742842202538,186.3132,10291,Eye Hit,Center,719.4101,771.7667,49.97036,SportCar3-Detailed,-0.04123009,-1.414138,49.97036,1.621603
1742842202573,186.3459,10293,Eye Hit,Center,718.804,775.9546,49.98055,SportCar3-Detailed,-0.08360501,-1.12167,49.98055,1.289223
1742842202589,186.3637,10294,Eye Hit,Center,717.5013,776.9423,49.98362,SportCar3-Detailed,-0.1746849,-1.052685,49.98362,1.223014
1742842202621,186.3954,10296,Eye Hit,Center,719.185,781.6203,49.99012,SportCar3-Detailed,-0.0569846,-0.7257419,49.99012,0.8341562
1742842202653,186.4276,10298,Eye Hit,Center,723.339,780.5754,49.99112,SportCar3-Detailed,0.2334642,-0.7988182,49.99112,0.9536759
1742842202687,186.4619,10300,Eye Hit,Center,727.2183,782.1807,49.99107,SportCar3-Detailed,0.5047123,-0.6865693,49.99107,0.9765865
1742842202719,186.4941,10302,Eye Hit,Center,727.1589,785.0742,49.99438,SportCar3-Detailed,0.5005866,-0.4842862,49.99438,0.7979487
1742842202753,186.5287,10304,Eye Hit,Center,725.268,793.6161,50.0028,SportCar3-Detailed,0.3684304,0.1130239,50.0028,0.4414621
1742842202786,186.5611,10306,Eye Hit,Center,727.1398,795.9066,50.0019,SportCar3-Detailed,0.4993232,0.2732148,50.0019,0.651921
1742842202820,186.5936,10308,Eye Hit,Center,732.1097,791.8969,50.00223,SportCar3-Detailed,0.8469055,-0.007210414,50.00223,0.970355
1742842202856,186.6286,10310,Eye Hit,Center,744.3016,794.5336,49.97945,SportCar3-Detailed,1.698787,0.1771093,49.97945,1.957248
1742842202872,186.6463,10311,Eye Hit,Center,747.1394,793.1479,49.96724,SportCar3-Detailed,1.8967,0.08022241,49.96724,2.175739
1742842202908,186.6801,10313,Eye Hit,Center,756.0117,800.3481,49.93724,SportCar3-Detailed,2.515251,0.5830734,49.93724,2.959823
1742842202925,186.6977,10314,Eye Hit,Center,760.0555,804.715,49.92065,SportCar3-Detailed,2.796758,0.8877873,49.92065,3.363888
1742842202941,186.7154,10315,Eye Hit,Center,763.4421,804.9658,49.90203,SportCar3-Detailed,3.032088,0.904965,49.90203,3.628226
1742842202975,186.7471,10317,Eye Hit,Center,773.537,813.2864,49.84451,SportCar3-Detailed,3.732365,1.483991,49.84451,4.607001
1742842202992,186.7652,10318,Eye Hit,Center,774.841,813.4976,49.84108,SportCar3-Detailed,3.823012,1.498618,49.84108,4.709814
1742842203023,186.7974,10320,Eye Hit,Center,764.7549,811.0134,49.89882,SportCar3-Detailed,3.123514,1.326977,49.89882,3.890783
1742842203058,186.8302,10322,Eye Hit,Center,748.6995,813.5304,49.96337,SportCar3-Detailed,2.005579,1.504585,49.96337,2.872762
1742842203075,186.8482,10323,Eye Hit,Center,742.1384,807.8197,49.98705,SportCar3-Detailed,1.547806,1.106033,49.98705,2.179424
1742842203108,186.8807,10325,Eye Hit,Center,733.2898,787.3611,50.01394,SportCar3-Detailed,0.9296539,-0.324505,50.01394,1.127785
1742842203124,186.8977,10326,Eye Hit,Center,726.1578,779.3437,50.02032,SportCar3-Detailed,0.4308058,-0.8854547,50.02032,1.127959
1742842203158,186.9321,10328,Eye Hit,Center,713.4335,768.4834,50.00822,SportCar3-Detailed,-0.4592927,-1.644858,50.00822,1.955847
1742842203191,186.9641,10330,Eye Hit,Center,710.3773,780.9528,50.02509,SportCar3-Detailed,-0.6732826,-0.7729504,50.02509,1.174032
1742842203207,186.9809,10331,Eye Hit,Center,720.3846,790.9277,50.02604,SportCar3-Detailed,0.02691079,-0.07502864,50.02604,0.09065409
1742842203243,187.0148,10333,Eye Hit,Center,714.6458,778.4905,50.01383,SportCar3-Detailed,-0.3745397,-0.9450244,50.01383,1.164325
1742842203258,187.0334,10334,Eye Hit,Center,710.4829,772.2023,50.00475,SportCar3-Detailed,-0.6656222,-1.384648,50.00475,1.759808
1742842203291,187.0654,10336,Eye Hit,Center,705.7241,747.8139,49.91514,SportCar3-Detailed,-0.996662,-3.084828,49.91514,3.715994
1742842203326,187.0987,10338,Eye Hit,Center,693.6844,745.752,49.87699,SportCar3-Detailed,-1.835805,-3.226308,49.87699,4.256344
1742842203343,187.1163,10339,Eye Hit,Center,685.1116,746.2358,49.84278,RoadWest,-2.432184,-3.190373,49.84278,4.601684
1742842203360,187.1334,10340,Eye Hit,Center,677.2147,742.4677,49.79626,RoadWest,-2.979915,-3.449833,49.79626,5.230608
1742842203379,187.1502,10341,Eye Hit,Center,667.4494,741.0988,49.73677,RoadWest,-3.655681,-3.54094,49.73677,5.842612
1742842203395,187.1691,10342,Eye Hit,Center,662.4011,741.4554,49.70502,RoadWest,-4.004305,-3.513888,49.70502,6.117697
1742842203429,187.2022,10344,Eye Hit,Center,643.0326,753.4395,49.62561,RoadWest,-5.342268,-2.676462,49.62561,6.865757
1742842203448,187.2193,10345,Eye Hit,Center,619.8737,767.3864,49.47083,RoadWest,-6.928036,-1.703087,49.47083,8.206166
1742842203465,187.2393,10346,Eye Hit,Center,620.6471,775.2754,49.49306,RoadWest,-6.877612,-1.157745,49.49306,8.021082
1742842203483,187.2563,10347,Eye Hit,Center,605.6649,792.7914,49.35644,RoadWest,-7.892895,0.05463107,49.35644,9.085796
1742842203504,187.2731,10348,Eye Hit,Center,600.9512,808.4756,49.29363,RoadWest,-8.207839,1.135911,49.29363,9.541986
1742842203521,187.2943,10349,Eye Hit,Center,596.5659,808.5411,49.24302,RoadWest,-8.501445,1.139258,49.24302,9.880992
1742842203540,187.3111,10350,Eye Hit,Center,616.1542,777.6605,49.45623,RoadWest,-7.183282,-0.9918978,49.45623,8.341461
1742842203559,187.3303,10351,Eye Hit,Center,598.4205,782.3512,49.27627,RoadWest,-8.379366,-0.6650039,49.27627,9.680523
1742842203577,187.3492,10352,Eye Hit,Center,612.7224,863.2888,49.20009,RoadWest,-7.382234,4.90569,49.20009,10.21253
1742842203593,187.3677,10353,Eye Hit,Center,602.4774,879.4046,48.97824,RoadWest,-8.050772,5.987565,48.97824,11.57692
1742842203628,187.4008,10355,Eye Hit,Center,618.7473,915.8159,48.7983,RoadWest,-6.910735,8.450726,48.7983,12.60999
1742842203647,187.4185,10356,Eye Hit,Center,653.0302,899.8629,49.23352,RoadWest,-4.611611,7.427555,49.23352,10.06945
1742842203662,187.4377,10357,Eye Hit,Center,685.2415,741.4446,49.81638,RoadWest,-2.421841,-3.522513,49.81638,4.904565
1742842203698,187.4688,10359,Eye Hit,Center,696.7758,722.3663,49.73431,RoadWest,-1.61551,-4.843828,49.73431,5.861871
1742842203715,187.4895,10360,Eye Hit,Center,698.5144,724.4108,49.75351,RoadWest,-1.495148,-4.703419,49.75351,5.664966
1742842203748,187.5214,10362,Eye Hit,Center,703.743,732.1716,49.81018,RoadWest,-1.132588,-4.168105,49.81018,4.955985
1742842203763,187.5387,10363,Eye Hit,Center,719.4078,770.2934,49.97462,RoadWest,-0.04139559,-1.517241,49.97462,1.739676
1742842203796,187.5686,10365,Eye Hit,Center,726.2767,813.2029,49.98317,RoadWest,0.4388023,1.482284,49.98317,1.771446
1742842203812,187.5861,10366,Eye Hit,Center,721.295,785.2346,50.00073,RoadWest,0.09056565,-0.4731296,50.00073,0.5517841
1742842203828,187.6028,10367,Eye Hit,Center,719.5385,714.1698,49.70374,RoadWest,-0.03208073,-5.41066,49.70374,6.212745
1742842203858,187.6324,10369,Eye Hit,Center,721.1818,711.2502,49.68962,RoadWest,0.08213412,-5.612032,49.68962,6.444455
1742842203889,187.6637,10371,Eye Hit,Center,718.4664,632.0442,48.79502,RoadCrosswalk,-0.1046663,-10.91663,48.79502,12.61133
1742842203921,187.6952,10373,Eye Hit,Center,714.4869,624.7356,48.68595,RoadCrosswalk,-0.375417,-11.3899,48.68595,13.17424
1742842203952,187.7275,10375,Eye Hit,Center,703.6636,616.1231,48.54641,RoadCrosswalk,-1.109243,-11.94205,48.54641,13.87714
1742842203983,187.758,10377,Eye Hit,Center,692.7109,626.6716,48.68912,RoadCrosswalk,-1.858381,-11.25881,48.68912,13.19021
1742842204015,187.7894,10379,Eye Hit,Center,682.9156,641.4383,48.87562,RoadCrosswalk,-2.535108,-10.29247,48.87562,12.23674
1742842204029,187.8062,10380,Eye Hit,Center,682.9077,660.3674,49.11889,RoadCrosswalk,-2.548268,-9.043262,49.11889,10.82871
1742842204062,187.8365,10382,Eye Hit,Center,668.2612,653.9003,48.98407,RoadCrosswalk,-3.544737,-9.461509,48.98407,11.65469
1742842204093,187.8671,10384,Eye Hit,Center,647.9107,647.5082,48.78446,RoadCrosswalk,-4.918867,-9.859108,48.78446,12.7268
1742842204124,187.8996,10386,Eye Hit,Center,629.7155,638.6241,48.54137,RoadCrosswalk,-6.129684,-10.41315,48.54137,13.97844
1742842204155,187.9313,10388,Eye Hit,Center,636.1384,637.4897,48.5729,RoadCrosswalk,-5.69731,-10.49698,48.5729,13.81425
1742842204189,187.9657,10390,Eye Hit,Center,656.9403,633.3231,48.65283,RoadCrosswalk,-4.291141,-10.79778,48.65283,13.43174
1742842204228,188.0053,10392,Eye Hit,Center,688.4655,614.0056,48.49514,RoadCrosswalk,-2.138932,-12.07306,48.49514,14.18879
1742842204255,188.0276,10393,Eye Hit,Center,689.8655,596.211,48.20105,RoadCrosswalk,-2.031578,-13.19951,48.20105,15.48631
1742842204282,188.056,10394,Eye Hit,Center,673.71,597.1614,48.15977,RoadCrosswalk,-3.11806,-13.12418,48.15977,15.64749
1742842204317,188.0821,10395,Eye Hit,Center,667.0484,596.3492,48.1155,RoadCrosswalk,-3.563503,-13.16678,48.1155,15.82773
1742842204354,188.1106,10396,Eye Hit,Center,654.5062,615.549,48.36397,RoadCrosswalk,-4.430319,-11.936,48.36397,14.74836
1742842204392,188.1465,10397,Eye Hit,Center,654.7379,643.4418,48.77514,RoadCrosswalk,-4.452177,-10.13463,48.77514,12.7866
1742842204420,188.1843,10398,Eye Hit,Center,652.3109,642.7917,48.75164,RoadCrosswalk,-4.615521,-10.17408,48.75164,12.90719
1742842204449,188.2124,10399,Eye Hit,Center,661.3177,628.0944,48.59764,RoadCrosswalk,-3.988736,-11.14094,48.59764,13.6851
1742842204481,188.2431,10400,Eye Hit,Center,671.6234,631.6302,48.70134,RoadCrosswalk,-3.295254,-10.92387,48.70134,13.18579
1742842204509,188.2736,10401,Eye Hit,Center,675.7269,626.8783,48.64889,RoadCrosswalk,-3.012488,-11.23544,48.64889,13.44735
1742842204539,188.3019,10402,Eye Hit,Center,675.2613,612.0804,48.42802,RoadCrosswalk,-3.03035,-12.18676,48.42802,14.53719
1742842204568,188.3318,10403,Eye Hit,Center,672.9377,612.7506,48.42864,RoadCrosswalk,-3.187779,-12.14151,48.42864,14.53161
1742842204609,188.3621,10404,Eye Hit,Center,664.9597,618.9053,48.49294,RoadCrosswalk,-3.733122,-11.74019,48.49294,14.25421
1742842204650,188.4024,10405,Eye Hit,Center,658.1628,618.3725,48.45541,RoadCrosswalk,-4.19088,-11.76722,48.45541,14.45545
1742842204692,188.4446,10406,Eye Hit,Center,651.3671,607.4023,48.23957,RoadCrosswalk,-4.630721,-12.45497,48.23957,15.40063
1742842204734,188.4859,10407,Eye Hit,Center,641.3099,584.4717,47.7963,RoadCrosswalk,-5.260505,-13.87345,47.7963,17.24579
1742842204776,188.5291,10408,Eye Hit,Center,627.8058,553.8961,47.13974,RoadCrosswalk,-6.078603,-15.69881,47.13974,19.65266
1742842204817,188.5693,10409,Eye Hit,Center,610.9785,536.9847,46.67463,RoadCrosswalk,-7.117147,-16.64792,46.67463,21.20165
1742842204859,188.6112,10410,Eye Hit,Center,598.8596,537.5031,46.56441,RoadCrosswalk,-7.889617,-16.57485,46.56441,21.51553
1742842204902,188.6529,10411,Eye Hit,Center,575.3875,513.9444,45.844,RoadCrosswalk,-9.272593,-17.829,45.844,23.67066
1742842204943,188.6967,10412,Eye Hit,Center,552.4979,514.1815,45.58533,RoadCrosswalk,-10.67968,-17.71329,45.58533,24.40552
1742842204984,188.7364,10413,Eye Hit,Center,537.1619,496.1068,45.01467,RoadCrosswalk,-11.51155,-18.62953,45.01467,25.94248
1742842205025,188.7772,10414,Eye Hit,Center,548.061,518.7214,45.60865,RoadCrosswalk,-10.96818,-17.43275,45.60865,24.30319
1742842205068,188.8183,10415,Eye Hit,Center,571.0601,530.0322,46.11423,RoadCrosswalk,-9.60636,-16.89646,46.11423,22.8546
1742842205110,188.8615,10416,Eye Hit,Center,653.8653,574.0339,47.67631,RoadCrosswalk,-4.410064,-14.53465,47.67631,17.67112
1742842205153,188.9033,10417,Eye Hit,Center,750.5215,657.1678,49.11317,RoadCrosswalk,2.096604,-9.261992,49.11317,10.94343
1742842205195,188.9457,10418,Eye Hit,Center,726.2049,667.439,49.28592,RoadCrosswalk,0.4277289,-8.586531,49.28592,9.894814
1742842205237,188.9881,10419,Eye Hit,Center,678.871,673.53,49.28895,RoadCrosswalk,-2.835378,-8.167153,49.28895,9.948526
1742842205265,189.0309,10420,Eye Hit,Center,661.6818,667.2369,49.14155,RoadCrosswalk,-4.00835,-8.575273,49.14155,10.90301
1742842205307,189.0586,10421,Eye Hit,Center,627.7298,650.1783,48.71068,RoadCrosswalk,-6.286351,-9.662287,48.71068,13.31398
1742842205349,189.1001,10422,Eye Hit,Center,597.9772,620.2036,48.02369,RoadCrosswalk,-8.196143,-11.53938,48.02369,16.42173
1742842205377,189.1419,10423,Eye Hit,Center,696.0782,711.5488,49.70428,RoadCrosswalk,-1.663034,-5.592927,49.70428,6.695506
1742842205418,189.1695,10424,Eye Hit,Center,666.3832,690.1352,49.43427,RoadCrosswalk,-3.707165,-7.04312,49.43427,9.146431
1742842205447,189.2111,10425,Eye Hit,Center,751.9652,755.105,49.9324,NorthSidewalk,2.232406,-2.576694,49.9324,3.905903
1742842205488,189.2399,10426,Eye Hit,Center,737.8129,753.5664,49.96787,NorthSidewalk,1.244915,-2.686053,49.96787,3.390671
1742842205530,189.2812,10427,Eye Hit,Center,698.8348,743.7645,49.9279,NorthSidewalk,-1.478014,-3.368393,49.9279,4.213613
1742842205558,189.3241,10428,Eye Hit,Center,690.5327,720.3976,49.77,NorthSidewalk,-2.051261,-4.984346,49.77,6.180886
1742842205599,189.3505,10429,Eye Hit,Center,668.2955,707.0724,49.59032,NorthSidewalk,-3.586233,-5.89059,49.59032,7.917157
1742842205628,189.3946,10430,Eye Hit,Center,649.0912,691.8802,49.34299,NorthSidewalk,-4.893714,-6.909686,49.34299,9.736961
1742842205656,189.4213,10431,Eye Hit,Center,656.2066,697.2188,49.43428,NorthSidewalk,-4.410795,-6.553347,49.43428,9.078917
1742842205683,189.4478,10432,Eye Hit,Center,685.8577,704.5098,49.63274,NorthSidewalk,-2.370139,-6.073519,49.63274,7.48333
1742842205711,189.4758,10433,Eye Hit,Center,807.43,768.0187,49.66266,NorthSidewalk,6.072999,-1.665774,49.66266,7.226644
1742842205741,189.5039,10434,Eye Hit,Center,852.0684,790.7363,49.22403,NorthSidewalk,9.092622,-0.08700166,49.22403,10.46612
1742842205769,189.5336,10435,Eye Hit,Center,836.6254,788.6683,49.42137,NorthSidewalk,8.061596,-0.2303012,49.42137,9.268194
1742842205797,189.562,10436,Eye Hit,Center,843.3142,795.477,49.34094,NorthSidewalk,8.510077,0.2399507,49.34094,9.789604
1742842205824,189.5903,10437,Eye Hit,Center,835.1166,799.5142,49.42459,NorthSidewalk,7.957813,0.5194441,49.42459,9.16579
1742842205852,189.6166,10438,Eye Hit,Center,838.0259,793.7456,49.38974,NorthSidewalk,8.153176,0.1205864,49.38974,9.374734
1742842205880,189.6446,10439,Eye Hit,Center,831.3124,799.762,49.45631,NorthSidewalk,7.699774,0.536921,49.45631,8.870396
1742842205908,189.6721,10440,Eye Hit,Center,830.609,813.1093,49.44249,NorthSidewalk,7.648982,1.45978,49.44249,8.950388
1742842205936,189.7,10441,Eye Hit,Center,824.8764,812.738,49.51905,NorthSidewalk,7.263787,1.436322,49.51905,8.504245
1742842205963,189.7294,10442,Eye Hit,Center,813.1757,806.6573,49.63472,NorthSidewalk,6.468466,1.01754,49.63472,7.51528
1742842205992,189.7568,10443,Eye Hit,Center,788.7686,793.5067,49.82968,NorthSidewalk,4.792819,0.1050127,49.82968,5.495331
1742842206019,189.7839,10444,Eye Hit,Center,765.845,789.1194,49.95109,NorthSidewalk,3.202948,-0.2012531,49.95109,3.676049
1742842206047,189.8112,10445,Eye Hit,Center,738.0402,786.2988,50.03089,NorthSidewalk,1.26239,-0.3989473,50.03089,1.515816
1742842206075,189.8406,10446,Eye Hit,Center,719.3983,787.2459,50.04169,NorthSidewalk,-0.04211196,-0.332747,50.04169,0.3835945
1742842206105,189.8682,10447,Eye Hit,Center,688.7167,778.3121,49.98098,NorthSidewalk,-2.186907,-0.9568746,49.98098,2.734305
1742842206131,189.898,10448,Eye Hit,Center,650.4609,768.5654,49.79144,NorthSidewalk,-4.842803,-1.632017,49.79144,5.860098
1742842206173,189.9245,10449,Eye Hit,Center,598.774,741.0223,49.22977,NorthSidewalk,-8.347118,-3.510113,49.22977,10.42228
1742842206213,189.9662,10450,Eye Hit,Center,536.8908,721.7428,48.27446,NorthSidewalk,-12.36347,-4.743743,48.27446,15.33963
1742842206254,190.0065,10451,Eye Hit,Center,520.1863,722.6126,47.98343,NorthSidewalk,-13.41002,-4.656771,47.98343,16.4805
1742842206296,190.0464,10452,,Center,559.9183,739.9085,48.69892,,-10.9037,-3.548125,48.69892,13.24933
1742842206326,190.0867,10453,,Center,659.2091,745.5543,49.72786,,-4.228157,-3.230412,49.72786,6.107531
1742842206357,190.1173,10454,,Center,792.8022,769.2505,49.70844,,5.061596,-1.581667,49.70844,6.089336
1742842206385,190.1478,10455,,Center,833.4144,776.4993,49.35254,,7.82872,-1.069973,49.35254,9.096042
1742842206405,190.1753,10456,,Center,873.0042,784.4343,48.86696,,10.45759,-0.5171005,48.86696,12.09349
1742842206426,190.1952,10457,,Center,843.5107,780.5215,49.23757,,8.505779,-0.7904865,49.23757,9.842508
1742842206444,190.2157,10458,,Center,872.0221,776.3712,48.86667,,10.3904,-1.068195,48.86667,12.06531
1742842206461,190.2346,10459,,Center,856.9624,774.1146,49.065,,9.399097,-1.22739,49.065,10.93432
1742842206482,190.2513,10460,,Center,835.9068,768.334,49.29818,,7.991949,-1.631809,49.29818,9.394986
1742842206499,190.2727,10461,,Center,816.1088,759.8824,49.47714,,6.650905,-2.222598,49.47714,8.066892
1742842206514,190.2897,10462,,Center,807.416,758.662,49.54784,,6.057989,-2.310348,49.54784,7.455089
1742842206547,190.3216,10464,,Center,795.3457,763.4288,49.65675,,5.232987,-1.984357,49.65675,6.430443
1742842206561,190.3385,10465,,Center,787.5106,766.5176,49.72124,,4.694908,-1.77213,49.72124,5.763236
1742842206593,190.368,10467,,Center,760.7781,767.3776,49.86403,,2.843983,-1.717235,49.86403,3.811719
1742842206609,190.3848,10468,,Center,757.8464,767.3844,49.8741,,2.640049,-1.717111,49.8741,3.613138
1742842206640,190.4138,10470,,Center,752.69,762.7083,49.87965,,2.28061,-2.043528,49.87965,3.513072
1742842206670,190.4466,10472,,Center,747.8343,755.1757,49.8703,,1.94149,-2.568558,49.8703,3.694009
1742842206703,190.4766,10474,,Center,747.2551,755.9344,49.87545,,1.901287,-2.515899,49.87545,3.61785
1742842206719,190.494,10475,,Center,747.4829,756.4643,49.87436,,1.917135,-2.478877,49.87436,3.59532
1742842206750,190.5264,10477,,Center,757.3124,760.3515,49.85618,,2.601867,-2.206911,49.85618,3.914767
1742842206781,190.5564,10479,,Center,771.0581,775.9815,49.83378,,3.558782,-1.116498,49.83378,4.280341
1742842206813,190.5877,10481,,Center,785.2422,784.727,49.76463,,4.541114,-0.5062309,49.76463,5.245981
1742842206846,190.6218,10483,,Center,803.3243,790.8341,49.63739,,5.784866,-0.08094479,49.63739,6.648063
1742842206877,190.6517,10485,,Center,810.9938,792.9976,49.5746,,6.309337,0.06917004,49.5746,7.253417
1742842206909,190.6828,10487,,Center,823.929,813.3265,49.43446,,7.185874,1.474557,49.43446,8.440548
1742842206924,190.7,10488,,Center,836.9283,818.8607,49.28588,,8.060369,1.851625,49.28588,9.525615
1742842206955,190.7306,10490,,Center,864.856,830.7083,48.91152,,9.909702,2.648063,48.91152,11.84407
1742842206988,190.7626,10492,Eye Hit,Center,867.4435,857.6096,48.7515,NE_Tree_50,10.05371,4.473717,48.7515,12.7196
1742842207018,190.7943,10494,,Center,784.3535,921.5524,48.98737,,4.409298,8.876514,48.98737,11.4379
1742842207053,190.827,10496,Eye Hit,Center,710.8454,921.5092,49.17614,NE_Tree_10,-0.6296619,8.907751,49.17614,10.29228
1742842207071,190.8451,10497,,Center,609.7709,896.8787,48.88613,,-7.536938,7.171107,48.88613,12.0138
1742842207102,190.8777,10499,,Center,580.6775,867.6113,48.79649,,-9.508736,5.160461,48.79649,12.50098
1742842207119,190.8975,10500,,Center,607.2745,871.0132,49.07973,,-7.738153,5.423936,49.07973,10.89831
1742842207156,190.9357,10502,,Center,633.3367,852.2173,49.44482,,-5.993342,4.164423,49.44482,8.39632
1742842207193,190.963,10503,,Center,677.4704,868.0574,49.61298,,-2.951207,5.277759,49.61298,6.948959
1742842207229,190.9906,10504,,Center,720.6948,866.0533,49.71352,,0.0483111,5.149102,49.71352,5.913607
1742842207263,191.0231,10505,,Center,766.6368,867.1303,49.60091,,3.235424,5.21216,49.60091,7.0506
1742842207303,191.0562,10506,,Center,807.4884,877.9056,49.25981,,6.027763,5.918709,49.25981,9.731226
1742842207332,191.0969,10507,,Center,880.4342,880.1916,48.42009,,10.86514,5.972632,48.42009,14.36265
1742842207360,191.1254,10508,,Center,893.1337,882.468,48.21461,,11.67544,6.100798,48.21461,15.2815
1742842207390,191.1525,10509,,Center,870.7914,878.4648,48.56372,,10.24239,5.873055,48.56372,13.66458
1742842207419,191.1818,10510,Eye Hit,Center,860.8318,858.4946,48.83184,Truck1-Detailed,9.618706,4.541536,48.83184,12.28867
1742842207449,191.2117,10511,,Center,835.704,857.4186,49.13311,,7.95125,4.495604,49.13311,10.53142
1742842207479,191.2409,10512,,Center,818.8867,845.1883,49.36858,,6.828127,3.672649,49.36858,8.92522
1742842207508,191.2711,10513,,Center,810.5635,826.7427,49.51945,,6.272517,2.406311,49.51945,7.726062
1742842207536,191.3007,10514,,Center,859.4648,831.225,48.97773,,9.553796,2.687039,48.97773,11.45489
1742842207564,191.3289,10515,,Center,830.0555,833.6517,49.30697,,7.589843,2.872458,49.30697,9.346262
1742842207592,191.3581,10516,,Center,815.9436,819.8406,49.48786,,6.64091,1.927033,49.48786,7.954334
1742842207620,191.3848,10517,,Center,793.5351,788.1359,49.70261,,5.111952,-0.2686193,49.70261,5.880333
1742842207647,191.413,10518,,Center,777.8582,779.4166,49.79235,,4.029401,-0.8763398,49.79235,4.734207
1742842207676,191.4404,10519,,Center,761.2772,775.2296,49.86375,,2.878776,-1.16961,49.86375,3.565845
1742842207717,191.4693,10520,,Center,814.5008,780.5768,49.51654,,6.544834,-0.7911367,49.51654,7.583591
1742842207757,191.5101,10521,Eye Hit,Center,735.5093,799.8461,49.93325,NW_Tree_10,1.083163,0.5479741,49.93325,1.392548
1742842207799,191.5498,10522,Eye Hit,Center,718.0901,843.4146,49.8143,NW_Tree_10,-0.1330695,3.582231,49.8143,4.115993
1742842207828,191.5916,10523,,Center,683.8265,849.4606,49.71932,,-2.515526,3.995841,49.71932,5.424986
1742842207858,191.6186,10524,,Center,482.0873,795.2668,47.38075,,-15.7664,0.2164905,47.38075,18.40698
1742842207889,191.6489,10525,,Center,470.5363,762.7872,47.11764,,-16.44007,-1.925175,47.11764,19.35635
1742842207917,191.6796,10526,Eye Hit,Center,521.4807,746.9676,48.03864,Car4-Detailed,-13.33848,-3.025719,48.03864,15.89249
1742842207936,191.707,10527,Eye Hit,Center,532.3599,741.2628,48.20731,Car4-Detailed,-12.65177,-3.420994,48.20731,15.20939
1742842207958,191.7271,10528,Eye Hit,Center,553.4449,743.1918,48.54168,Car4-Detailed,-11.308,-3.313758,48.54168,13.64467
1742842207976,191.7493,10529,Eye Hit,Center,577.8652,750.4518,48.92222,Car4-Detailed,-9.725672,-2.842966,48.92222,11.70153
1742842207993,191.7664,10530,Eye Hit,Center,583.6335,751.8081,48.99979,Car4-Detailed,-9.345764,-2.754518,48.99979,11.24614
1742842208031,191.8037,10532,Eye Hit,Center,634.8105,760.4067,49.57317,NW_Tree_30,-5.906713,-2.19056,49.57317,7.242401
1742842208047,191.8215,10533,Eye Hit,Center,639.395,759.9108,49.60726,NW_Tree_30,-5.59268,-2.226468,49.60726,6.918718
1742842208079,191.8535,10535,Eye Hit,Center,646.7244,762.5981,49.67328,NW_Tree_30,-5.090905,-2.042731,49.67328,6.301669
1742842208113,191.8874,10537,Eye Hit,Center,658.2183,758.1974,49.73797,NW_Tree_30,-4.297942,-2.351535,49.73797,5.625457
1742842208144,191.9186,10539,,Center,652.6285,756.1417,49.69892,,-4.683129,-2.492583,49.69892,6.093005
1742842208176,191.9496,10541,Eye Hit,Center,623.9326,746.3468,49.43919,Car4-Detailed,-6.642938,-3.156861,49.43919,8.461624
1742842208191,191.9668,10542,Eye Hit,Center,627.425,746.9037,49.47364,Car4-Detailed,-6.405906,-3.120525,49.47364,8.195775
1742842208222,191.9966,10544,,Center,552.066,747.0507,48.57149,,-11.40862,-3.053633,48.57149,13.66634
1742842208255,192.0297,10546,,Center,551.5269,749.5435,48.57602,,-11.44631,-2.884556,48.57602,13.65839
1742842208285,192.0621,10548,,Center,558.1158,746.2304,48.66364,,-11.01849,-3.11526,48.66364,13.2407
1742842208320,192.0938,10550,,Center,565.7327,748.6076,48.78755,,-10.52678,-2.960979,48.78755,12.63353
1742842208338,192.1118,10551,,Center,574.2985,749.3307,48.90741,,-9.966702,-2.918792,48.90741,11.98847
1742842208353,192.1292,10552,,Center,576.5004,749.4904,48.94032,,-9.822686,-2.909824,48.94032,11.82295
1742842208390,192.1617,10554,,Center,579.4982,751.2383,48.99192,,-9.627626,-2.793122,48.99192,11.5641
1742842208406,192.1809,10555,,Center,572.6709,751.2369,48.89989,,-10.07649,-2.787972,48.89989,12.06848
1742842208439,192.2129,10557,,Center,556.2458,750.5474,48.66631,,-11.14638,-2.821584,48.66631,13.29302
1742842208459,192.2298,10558,,Center,558.7178,750.0568,48.70841,,-10.98761,-2.857446,48.70841,13.1204
1742842208476,192.2495,10559,,Center,554.0532,752.2346,48.6441,,-11.29047,-2.705504,48.6441,13.4239
1742842208509,192.2829,10561,,Center,555.7979,755.2063,48.67976,,-11.17995,-2.505156,48.67976,13.24401
1742842208525,192.3002,10562,,Center,557.4243,755.3491,48.70804,,-11.07565,-2.496883,48.70804,13.12107
1742842208559,192.3349,10564,,Center,563.2703,753.2266,48.7787,,-10.69287,-2.64531,48.7787,12.72512
1742842208591,192.3657,10566,,Center,561.7165,744.178,48.71886,,-10.78563,-3.258652,48.71886,13.0218
1742842208625,192.3978,10568,,Center,561.0852,738.0412,48.69126,,-10.82252,-3.674736,48.69126,13.20996
1742842208642,192.4155,10569,,Center,559.752,738.1613,48.66653,,-10.90777,-3.664695,48.66653,13.30296
1742842208659,192.4326,10570,,Center,558.3374,743.3171,48.6643,,-11.00355,-3.313601,48.6643,13.2865
1742842208675,192.4495,10571,,Center,554.9268,744.8631,48.62374,,-11.22633,-3.205697,48.62374,13.5017
1742842208710,192.4815,10573,,Center,545.5035,751.3821,48.50618,,-11.8385,-2.755674,48.50618,14.06787
1742842208726,192.5006,10574,,Center,546.4505,754.0074,48.52511,,-11.77884,-2.578568,48.52511,13.95453
1742842208742,192.5178,10575,,Center,542.4599,756.0938,48.47231,,-12.03658,-2.434309,48.47231,14.21654
1742842208775,192.5489,10577,,Center,540.6197,759.9306,48.45274,,-12.15643,-2.173311,48.45274,14.29857
1742842208793,192.5661,10578,,Center,536.1336,759.8312,48.3846,,-12.44292,-2.176986,48.3846,14.6318
1742842208809,192.5833,10579,,Center,529.3561,753.4747,48.24787,,-12.86513,-2.599786,48.24787,15.21827
1742842208842,192.6163,10581,,Center,530.0109,744.5608,48.22256,,-12.81421,-3.199638,48.22256,15.31706
1742842208858,192.6333,10582,,Center,527.7406,744.5563,48.18636,,-12.9576,-3.197538,48.18636,15.48127
1742842208890,192.6651,10584,,Center,527.7292,742.2261,48.17536,,-12.95541,-3.353821,48.17536,15.5246
1742842208924,192.6974,10586,Eye Hit,Center,576.4424,742.386,48.90478,Car4-Detailed,-9.819525,-3.393661,48.90478,11.99372
1742842208940,192.7143,10587,Eye Hit,Center,580.8788,738.6713,48.94117,Car4-Detailed,-9.523149,-3.650464,48.94117,11.7714
1742842208974,192.746,10589,Eye Hit,Center,581.8674,738.6461,48.95269,Car4-Detailed,-9.457705,-3.653049,48.95269,11.70122
1742842208991,192.7643,10590,Eye Hit,Center,581.2011,737.5602,48.93948,Car4-Detailed,-9.500759,-3.726396,48.93948,11.77915
1742842209007,192.7812,10591,Eye Hit,Center,578.3149,737.4694,48.8991,Car4-Detailed,-9.690318,-3.72953,48.8991,11.98813
1742842209040,192.814,10593,Eye Hit,Center,575.9203,736.7381,48.86214,Car4-Detailed,-9.846644,-3.776688,48.86214,12.17952
1742842209059,192.8315,10594,Eye Hit,Center,574.6315,734.5303,48.83429,Car4-Detailed,-9.929061,-3.925338,48.83429,12.33274
1742842209075,192.8498,10595,Eye Hit,Center,573.8141,735.3336,48.82534,Car4-Detailed,-9.983062,-3.869757,48.82534,12.36853
1742842209109,192.8821,10597,Eye Hit,Center,572.7063,727.5673,48.76569,Car4-Detailed,-10.04642,-4.394742,48.76569,12.67292
1742842209127,192.8995,10598,Eye Hit,Center,570.6345,726.1002,48.72829,Car4-Detailed,-10.17992,-4.491361,48.72829,12.86247
1742842209144,192.9186,10599,Eye Hit,Center,568.1418,728.4083,48.70625,Car4-Detailed,-10.34513,-4.332094,48.70625,12.96743
1742842209177,192.9505,10601,Eye Hit,Center,566.6682,729.4913,48.69009,Car4-Detailed,-10.44205,-4.256905,48.69009,13.03958
1742842209196,192.9686,10602,Eye Hit,Center,565.8583,730.3171,48.68119,Car4-Detailed,-10.49529,-4.1999,48.68119,13.07316
1742842209213,192.9875,10603,Eye Hit,Center,566.8893,731.4874,48.70101,Car4-Detailed,-10.42933,-4.12189,48.70101,12.9674
1742842209246,193.0214,10605,Eye Hit,Center,564.6061,734.5428,48.68362,Car4-Detailed,-10.58107,-3.912372,48.68362,13.04662
1742842209280,193.0526,10607,Eye Hit,Center,561.7438,733.7023,48.63518,Car4-Detailed,-10.76525,-3.965655,48.63518,13.27275
1742842209297,193.0705,10608,Eye Hit,Center,563.6311,724.5625,48.6106,Car4-Detailed,-10.63149,-4.585062,48.6106,13.3971
1742842209312,193.0883,10609,Eye Hit,Center,564.3185,722.2338,48.60315,Car4-Detailed,-10.58313,-4.742664,48.60315,13.42044
1742842209345,193.1188,10611,Eye Hit,Center,563.5003,718.4779,48.56546,Car4-Detailed,-10.6305,-4.994113,48.56546,13.59548
1742842209362,193.1357,10612,Eye Hit,Center,566.1766,716.4014,48.59041,Car4-Detailed,-10.45408,-5.137798,48.59041,13.48088
1742842209394,193.1682,10614,Eye Hit,Center,564.1398,720.632,48.58537,Car4-Detailed,-10.59141,-4.849777,48.58537,13.48288
1742842209410,193.1852,10615,Eye Hit,Center,562.4551,721.1326,48.56093,Car4-Detailed,-10.70051,-4.813338,48.56093,13.58341
1742842209442,193.2177,10617,Eye Hit,Center,557.6227,719.8422,48.48177,Car4-Detailed,-11.01075,-4.892993,48.48177,13.95674
1742842209478,193.2511,10619,Eye Hit,Center,556.6744,723.0635,48.48197,Car4-Detailed,-11.0751,-4.674581,48.48197,13.92575
1742842209494,193.2685,10620,Eye Hit,Center,552.0397,724.398,48.42572,Car4-Detailed,-11.37616,-4.578767,48.42572,14.21049
1742842209527,193.3014,10622,Eye Hit,Center,550.7921,726.4515,48.41844,Car4-Detailed,-11.45894,-4.439017,48.41844,14.24109
1742842209559,193.3325,10624,Eye Hit,Center,546.9381,728.7944,48.35574,Car4-Detailed,-11.70475,-4.274808,48.35574,14.45035
1742842209576,193.3495,10625,Eye Hit,Center,549.4061,729.1375,48.40023,Car4-Detailed,-11.54845,-4.255511,48.40023,14.2672
1742842209591,193.3666,10626,Eye Hit,Center,548.8902,730.4429,48.39305,Car4-Detailed,-11.58166,-4.166526,48.39305,14.27008
1742842209623,193.3975,10628,Eye Hit,Center,552.1373,734.7419,48.46339,Car4-Detailed,-11.37839,-3.88118,48.46339,13.93189
1742842209657,193.4297,10630,Eye Hit,Center,543.2412,737.9073,48.33498,Car4-Detailed,-11.94966,-3.656901,48.33498,14.496
1742842209673,193.4475,10631,Eye Hit,Center,514.0333,747.7119,47.89699,Car4-Detailed,-13.79806,-2.966935,47.89699,16.41828
1742842209706,193.4793,10633,,Center,495.4646,761.3224,47.60095,,-14.94904,-2.042445,47.60095,17.5869
1742842209723,193.4974,10634,,Center,497.3948,764.7551,47.63894,,-14.83236,-1.815348,47.63894,17.41523
1742842209756,193.5306,10636,,Center,494.952,770.9493,47.60089,,-14.98315,-1.401506,47.60089,17.54383
1742842209790,193.5638,10638,,Center,492.013,766.012,47.53843,,-15.15891,-1.727945,47.53843,17.79362
1742842209809,193.5811,10639,,Center,489.8637,770.0449,47.50895,,-15.29232,-1.458892,47.50895,17.91832
1742842209825,193.6001,10640,,Center,487.5817,766.1685,47.46725,,-15.4304,-1.714968,47.46725,18.1117
1742842209859,193.6329,10642,,Center,489.4031,764.6021,47.50305,,-15.32103,-1.820335,47.50305,17.99356
1742842209895,193.6684,10644,,Center,483.9285,769.9962,47.40574,,-15.65263,-1.458953,47.40574,18.34632
1742842209912,193.6857,10645,,Center,481.3557,773.2169,47.3551,,-15.80632,-1.244076,47.3551,18.51133
1742842209944,193.7191,10647,,Center,473.7601,779.0672,47.21508,,-16.26118,-0.8540555,47.21508,19.02835
1742842209977,193.7505,10649,,Center,463.2934,782.1818,47.00257,,-16.87608,-0.6454544,47.00257,19.76379
1742842209993,193.7681,10650,,Center,460.5612,784.4836,46.94292,,-17.03405,-0.4935079,46.94292,19.9519
1742842210026,193.8001,10652,Eye Hit,Center,462.908,782.0717,47.00684,Sedan5-Detailed,-16.90295,-0.6527508,47.00684,19.79142
1742842210043,193.8168,10653,Eye Hit,Center,461.1627,783.7323,46.96791,Sedan5-Detailed,-17.0036,-0.5431251,46.96791,19.91091
1742842210060,193.8335,10654,Eye Hit,Center,458.1392,786.8491,46.89889,Sedan5-Detailed,-17.17695,-0.337876,46.89889,20.11909
1742842210077,193.8514,10655,Eye Hit,Center,464.186,787.9656,47.03392,Sedan5-Detailed,-16.82862,-0.265404,47.03392,19.68934
1742842210111,193.8848,10657,Eye Hit,Center,469.3332,783.4359,47.14137,Sedan5-Detailed,-16.52768,-0.5646716,47.14137,19.33102
1742842210129,193.9028,10658,Eye Hit,Center,581.5011,746.465,48.94923,RoadWest,-9.482111,-3.11748,48.94923,11.5254
1742842210146,193.9207,10659,Eye Hit,Center,580.6047,747.2726,48.93771,RoadWest,-9.541238,-3.061473,48.93771,11.5718
1742842210185,193.9553,10661,Eye Hit,Center,619.7239,720.9705,49.22975,RoadWest,-6.904593,-4.890793,49.22975,9.752337
1742842210204,193.9753,10662,Eye Hit,Center,623.6438,720.5761,49.26977,RoadWest,-6.640076,-4.921945,49.26977,9.523118
1742842210219,193.994,10663,Eye Hit,Center,624.8842,722.3307,49.28986,RoadWest,-6.557268,-4.802995,49.28986,9.364057
1742842210258,194.0309,10665,Eye Hit,Center,631.2999,729.8263,49.39395,RoadWest,-6.127887,-4.295301,49.39395,8.615001
1742842210275,194.049,10666,Eye Hit,Center,621.3178,728.3966,49.30471,RoadWest,-6.805189,-4.38613,49.30471,9.325189
1742842210310,194.0817,10668,Eye Hit,Center,628.3599,728.0468,49.37018,RoadWest,-6.327951,-4.416109,49.37018,8.88343
1742842210327,194.1017,10669,Eye Hit,Center,633.2194,725.6999,49.40207,RoadWest,-5.996262,-4.581128,49.40207,8.684576
1742842210361,194.1344,10671,Eye Hit,Center,638.695,719.7813,49.41098,RoadWest,-5.618931,-4.990982,49.41098,8.64845
1742842210380,194.1514,10672,Eye Hit,Center,644.6954,710.1505,49.3861,RoadWest,-5.201628,-5.653712,49.3861,8.842091
1742842210397,194.1705,10673,Eye Hit,Center,642.8039,705.911,49.34212,RoadWest,-5.327533,-5.941255,49.34212,9.18684
1742842210415,194.1896,10674,Eye Hit,Center,646.3077,700.178,49.31978,RoadWest,-5.083425,-6.33404,49.31978,9.35116
1742842210449,194.2221,10676,Eye Hit,Center,653.3431,681.5495,49.19241,RoadWest,-4.586235,-7.599389,49.19241,10.2281
1742842210466,194.2404,10677,Eye Hit,Center,650.8605,682.7937,49.18932,RoadWest,-4.756748,-7.513313,49.18932,10.24732
1742842210484,194.2576,10678,Eye Hit,Center,651.3092,678.9207,49.15273,RoadWest,-4.722361,-7.773982,49.15273,10.48421
1742842210500,194.2745,10679,Eye Hit,Center,654.2614,680.9772,49.19152,RoadWest,-4.522968,-7.63863,49.19152,10.22968
1742842210519,194.2918,10680,Eye Hit,Center,654.9667,674.6774,49.12984,RoadWest,-4.468833,-8.061944,49.12984,10.62621
1742842210538,194.3105,10681,Eye Hit,Center,660.8102,677.9729,49.19749,RoadWest,-4.072892,-7.846282,49.19749,10.18688
1742842210553,194.3287,10682,Eye Hit,Center,661.2829,677.0015,49.18986,RoadWest,-4.039738,-7.911895,49.18986,10.2371
1742842210590,194.3621,10684,Eye Hit,Center,665.1628,664.7125,49.07082,RoadWest,-3.763671,-8.736187,49.07082,10.97074
1742842210607,194.3813,10685,Eye Hit,Center,666.3301,661.7288,49.03992,RoadWest,-3.681236,-8.935338,49.03992,11.14804
1742842210640,194.4144,10687,Eye Hit,Center,666.2242,665.603,49.08421,RoadWest,-3.691829,-8.677436,49.08421,10.87524
1742842210660,194.4317,10688,Eye Hit,Center,667.5202,664.5926,49.07784,RoadWest,-3.602388,-8.745668,49.07784,10.9086
1742842210676,194.4512,10689,Eye Hit,Center,641.3723,671.2383,48.99593,RoadWest,-5.388258,-8.275652,48.99593,11.39537
1742842210715,194.4846,10691,,Center,561.4061,723.3146,48.58482,,-10.77705,-4.667434,48.58482,13.58936
1742842210731,194.5061,10692,,Center,512.3077,742.1484,47.89383,,-13.91275,-3.339427,47.89383,16.6331
1742842210748,194.523,10693,,Center,513.5436,742.8876,47.91879,,-13.83716,-3.291624,47.91879,16.53198
1742842210784,194.5556,10695,,Center,513.7101,744.2148,47.92491,,-13.82777,-3.20308,47.92491,16.4977
1742842210802,194.5749,10696,,Center,514.4908,744.4735,47.93875,,-13.77942,-3.186656,47.93875,16.43734
1742842210819,194.593,10697,,Center,515.1432,743.9297,47.94734,,-13.73814,-3.223697,47.94734,16.3996
1742842210857,194.6303,10699,,Center,515.8151,743.5648,47.95449,,-13.69512,-3.248653,47.95449,16.35752
1742842210875,194.6478,10700,,Center,516.9203,737.6971,47.947,,-13.61886,-3.641644,47.947,16.38435
1742842210891,194.6652,10701,,Center,516.5519,737.2191,47.93682,,-13.64067,-3.672918,47.93682,16.41973
1742842210926,194.6998,10703,,Center,511.8858,740.9913,47.86859,,-13.93366,-3.415137,47.86859,16.68333
1742842210943,194.7171,10704,,Center,508.3755,746.7503,47.82963,,-14.15715,-3.027091,47.82963,16.84013
1742842210979,194.7508,10706,,Center,505.4036,747.9017,47.77684,,-14.34012,-2.946811,47.77684,17.0361
1742842210996,194.7704,10707,,Center,504.196,746.5579,47.75107,,-14.41303,-3.03497,47.75107,17.1427
1742842211031,194.8034,10709,,Center,515.3756,743.4454,47.94011,,-13.72048,-3.255687,47.94011,16.39112
1742842211049,194.8222,10710,,Center,512.478,744.0839,47.8868,,-13.89929,-3.209297,47.8868,16.58827
1742842211066,194.84,10711,Eye Hit,Center,519.4893,731.4658,47.95263,Sedan5-Detailed,-13.44816,-4.059999,47.95263,16.32788
1742842211084,194.8593,10712,Eye Hit,Center,517.6944,729.2606,47.90696,Sedan5-Detailed,-13.55562,-4.203892,47.90696,16.50202
1742842211118,194.8932,10714,Eye Hit,Center,512.5121,720.0933,47.75924,Sedan5-Detailed,-13.86,-4.803299,47.75924,17.07375
1742842211154,194.9289,10716,Eye Hit,Center,505.5486,718.7416,47.62537,Sedan5-Detailed,-14.285,-4.879876,47.62537,17.58671
1742842211192,194.9647,10718,,Center,484.5598,723.707,47.25633,,-15.56157,-4.513871,47.25633,18.92555
1742842211209,194.9834,10719,,Center,477.1553,727.6904,47.13591,,-16.01008,-4.23975,47.13591,19.35973
1742842211247,195.0199,10721,,Center,434.5331,726.0629,46.22763,,-18.45739,-4.263282,46.22763,22.28305
1742842211264,195.0383,10722,,Center,428.3179,729.8647,46.11206,,-18.8121,-4.007429,46.11206,22.64194
1742842211285,195.0556,10723,,Center,379.0557,729.6907,44.95308,,-21.43659,-3.917647,44.95308,25.86244
1742842211302,195.0772,10724,,Center,422.3145,748.7639,46.05062,,-19.1737,-2.784804,46.05062,22.81795
1742842211320,195.0947,10725,,Center,392.1966,746.8838,45.33725,,-20.78651,-2.860888,45.33725,24.8351
1742842211337,195.1139,10726,,Center,485.199,876.5319,47.17025,,-15.49106,5.577016,47.17025,19.24111
1742842211355,195.1326,10727,,Center,428.6931,875.4347,45.99508,,-18.74023,5.367485,45.99508,22.96833
1742842211375,195.1499,10728,,Center,517.2974,905.6581,47.51344,,-13.47065,7.55318,47.51344,18.00619
1742842211399,195.1787,10729,,Center,461.2581,899.8729,46.50783,,-16.83084,7.016999,46.50783,21.40939
1742842211434,195.2069,10730,,Center,527.3587,866.2464,47.99326,,-12.93131,4.983892,47.99326,16.10657
1742842211469,195.2354,10731,,Center,675.2445,806.4239,49.84792,,-3.120373,1.005638,49.84792,3.762807
1742842211505,195.2644,10732,,Center,724.3362,774.4252,49.94428,,0.3029037,-1.227694,49.94428,1.450234
1742842211543,195.2994,10733,,Center,702.8289,800.4156,49.94447,,-1.199493,0.5878735,49.94447,1.532124
1742842211572,195.3377,10734,,Center,596.6129,830.9517,49.1609,,-8.484033,2.678301,49.1609,10.25793
1742842211600,195.3658,10735,,Center,512.1042,802.4044,47.96526,,-13.94715,0.6980018,47.96526,16.2324
1742842211632,195.3936,10736,,Center,473.6736,788.0654,47.23045,,-16.27219,-0.2599143,47.23045,19.01248
1742842211663,195.4261,10737,,Center,471.3164,771.3621,47.16535,,-16.40526,-1.361446,47.16535,19.24001
1742842211693,195.457,10738,,Center,461.7174,787.9421,46.98373,,-16.97288,-0.2666626,46.98373,19.86451
1742842211721,195.4867,10739,,Center,443.0329,802.3774,46.57929,,-18.04405,0.6760737,46.57929,21.18909
1742842211763,195.512,10740,,Center,410.8264,813.6567,45.83528,,-19.82053,1.388371,45.83528,23.43621
1742842211793,195.5577,10741,,Center,371.3772,819.1429,44.87935,,-21.88342,1.70379,44.87935,26.06239
1742842211834,195.5853,10742,,Center,304.5988,829.4259,43.15565,,-25.07369,2.259034,43.15565,30.25754
1742842211864,195.6282,10743,,Center,371.1526,830.6073,44.85192,,-21.88414,2.42194,44.85192,26.14636
1742842211905,195.6572,10744,,Center,540.0482,814.1849,48.43065,,-12.1896,1.502762,48.43065,14.23005
1742842211935,195.6981,10745,,Center,648.094,778.5497,49.7053,,-4.998972,-0.9350792,49.7053,5.842008
1742842211962,195.7274,10746,,Center,633.52,771.2457,49.58466,,-5.997578,-1.439354,49.58466,7.090635
1742842211991,195.7548,10747,,Center,583.7099,779.9968,49.07893,,-9.355615,-0.8239546,49.07893,10.83325
1742842212020,195.7834,10748,,Center,515.7173,787.4449,48.0483,,-13.72848,-0.3061202,48.0483,15.9496
1742842212048,195.8141,10749,,Center,449.1191,793.1001,46.73289,,-17.70573,0.07190702,46.73289,20.75039
1742842212078,195.8428,10750,,Center,442.1915,815.1222,46.56016,,-18.09143,1.505763,46.56016,21.30101
1742842212111,195.8708,10751,,Center,422.5272,867.8848,45.9166,,-19.10425,4.873465,45.9166,23.23813
1742842212152,195.9037,10752,,Center,459.4878,889.2687,46.5619,,-16.96569,6.33456,46.5619,21.25297
1742842212181,195.9448,10753,,Center,513.6393,871.1812,47.72403,,-13.77454,5.285332,47.72403,17.17883
1742842212208,195.9744,10754,,Center,628.6548,930.0674,48.65689,,-6.216459,9.396115,48.65689,13.03696
1742842212239,196.001,10755,,Center,564.4621,954.4176,47.63686,,-10.36316,10.82154,47.63686,17.46006
1742842212268,196.0309,10756,,Center,660.6807,929.7561,48.86618,,-4.054311,9.415256,48.86618,11.84763
1742842212296,196.0614,10757,,Center,714.4516,919.2377,49.15469,,-0.3814568,8.747693,49.15469,10.10024
1742842212324,196.0881,10758,,Center,763.8975,882.9236,49.43759,,3.035359,6.287046,49.43759,8.037976
1742842212354,196.115,10759,,Center,801.3774,863.2921,49.36811,,5.619052,4.922672,49.36811,8.604667
1742842212386,196.1459,10760,Eye Hit,Center,854.8534,849.7744,48.91232,MicroBus2-Detailed,9.225567,3.952453,48.91232,11.59587
1742842212414,196.1766,10761,Eye Hit,Center,890.9594,827.1201,48.5102,MicroBus2-Detailed,11.59949,2.382879,48.5102,13.71806
1742842212442,196.2046,10762,Eye Hit,Center,861.2738,813.3628,48.96977,MicroBus2-Detailed,9.676149,1.463186,48.96977,11.30115
1742842212460,196.2327,10763,Eye Hit,Center,856.1614,810.4393,49.0352,MicroBus2-Detailed,9.338449,1.264634,49.0352,10.87857
1742842212482,196.2502,10764,Eye Hit,Center,822.3652,812.0048,49.41356,MicroBus2-Detailed,7.074754,1.382594,49.41356,8.299904
1742842212500,196.2729,10765,Eye Hit,Center,815.9275,814.2232,49.4788,MicroBus2-Detailed,6.638578,1.537938,49.4788,7.841649
1742842212517,196.2911,10766,Eye Hit,Center,809.6131,809.8547,49.53762,MicroBus2-Detailed,6.208968,1.237087,49.53762,7.283056
1742842212550,196.3245,10768,Eye Hit,Center,796.9794,781.0778,49.65186,MicroBus2-Detailed,5.345926,-0.7585025,49.65186,6.206304
1742842212582,196.3575,10770,Eye Hit,Center,772.2482,778.3661,49.80105,MicroBus2-Detailed,3.639343,-0.9496682,49.80105,4.319014
1742842212614,196.3885,10772,Eye Hit,Center,764.2233,770.3375,49.82772,MicroBus2-Detailed,3.082019,-1.509705,49.82772,3.940046
1742842212645,196.419,10774,Eye Hit,Center,769.1895,766.7592,49.79984,MicroBus2-Detailed,3.426203,-1.758099,49.79984,4.421776
1742842212675,196.4501,10776,Eye Hit,Center,763.1558,768.6147,49.83357,MicroBus2-Detailed,3.007977,-1.629963,49.83357,3.927351
1742842212708,196.4819,10778,Eye Hit,Center,765.5054,767.8594,49.81972,MicroBus2-Detailed,3.170858,-1.682141,49.81972,4.120986
1742842212739,196.5127,10780,Eye Hit,Center,765.1779,774.4261,49.83714,MicroBus2-Detailed,3.149142,-1.224994,49.83714,3.878786
1742842212769,196.5434,10782,Eye Hit,Center,774.1667,773.2685,49.79463,MicroBus2-Detailed,3.772489,-1.304572,49.79463,4.583215
1742842212786,196.5613,10783,Eye Hit,Center,779.712,773.7377,49.76101,MicroBus2-Detailed,4.155885,-1.271036,49.76101,4.991318
1742842212817,196.5916,10785,Eye Hit,Center,798.4103,778.8457,49.64409,MicroBus2-Detailed,5.444443,-0.9133725,49.64409,6.345357
1742842212849,196.6242,10787,Eye Hit,Center,810.2193,784.8198,49.55787,MicroBus2-Detailed,6.253526,-0.4976913,49.55787,7.214417
1742842212880,196.6552,10789,Eye Hit,Center,827.7913,794.674,49.39719,MicroBus2-Detailed,7.447302,0.1847457,49.39719,8.576134
1742842212911,196.6856,10791,Eye Hit,Center,853.2147,801.7733,49.10889,MicroBus2-Detailed,9.150087,0.6712987,49.10889,10.58221
1742842212944,196.7181,10793,Eye Hit,Center,896.4073,829.363,48.4411,MicroBus2-Detailed,11.95208,2.531447,48.4411,14.15523
1742842212976,196.7495,10795,,Center,874.4064,875.2787,48.51653,,10.47775,5.651146,48.51653,13.78637
1742842212991,196.7684,10796,,Center,910.0053,884.2839,47.9065,,12.73131,6.183484,47.9065,16.45926
1742842213022,196.7988,10798,,Center,782.9271,958.8821,48.45489,,4.264699,11.30994,48.45489,14.0068
1742842213044,196.8252,10799,,Center,737.6308,950.0782,48.74103,,1.201933,10.77654,48.74103,12.54228
1742842213081,196.8515,10800,,Center,779.1006,934.3829,48.80111,,4.033988,9.718522,48.80111,12.16782
1742842213118,196.8782,10801,,Center,788.988,933.4127,48.74332,,4.703285,9.640877,48.74332,12.41125
1742842213154,196.9103,10802,,Center,823.7959,943.2205,48.33388,,7.016892,10.22293,48.33388,14.38817
1742842213179,196.9461,10803,,Center,807.7662,938.0715,48.5349,,5.957913,9.915908,48.5349,13.40614
1742842213209,196.9713,10804,Eye Hit,Center,770.9871,927.6223,48.89517,Truck1-Detailed,3.486899,9.274919,48.89517,11.45597
1742842213240,197.0007,10805,Eye Hit,Center,849.3129,931.6683,48.19038,Truck1-Detailed,8.715961,9.41393,48.19038,14.90756
1742842213269,197.0323,10806,,Center,795.457,923.0552,48.77982,,5.148162,8.941436,48.77982,11.94281
1742842213297,197.0622,10807,,Center,702.1833,919.6895,49.05898,,-1.222527,8.761665,49.05898,10.22199
1742842213326,197.0908,10808,,Center,636.7271,941.9253,48.47841,,-5.646313,10.16567,48.47841,13.48866
1742842213355,197.119,10809,,Center,606.2742,954.079,48.0546,,-7.643759,10.89368,48.0546,15.47912
1742842213384,197.1479,10810,Eye Hit,Center,584.9943,965.7283,47.66959,NW_Tree_10,-9.001323,11.5831,47.66959,17.10478
1742842213412,197.1776,10811,Eye Hit,Center,542.7255,939.5515,47.47959,NW_Tree_10,-11.77243,9.79859,47.47959,17.87952
1742842213440,197.2048,10812,,Center,516.0315,907.9933,47.41426,,-13.52649,7.692271,47.41426,18.16918
1742842213481,197.2331,10813,,Center,602.9965,898.1596,48.70274,,-7.970124,7.231452,48.70274,12.4604
1742842213522,197.2736,10814,,Center,490.1939,851.5543,47.37659,,-15.22784,3.946298,47.37659,18.36817
1742842213551,197.3148,10815,,Center,434.5553,778.1053,46.37033,,-18.51293,-0.9011628,46.37033,21.78726
1742842213582,197.3431,10816,Eye Hit,Center,390.3838,777.9082,45.35369,Sedan5-Detailed,-20.90904,-0.8939076,45.35369,24.77062
1742842213612,197.3752,10817,Eye Hit,Center,430.0663,781.1022,46.28743,Sedan5-Detailed,-18.77045,-0.7055321,46.28743,22.08759
1742842213639,197.4022,10818,Eye Hit,Center,461.4484,778.2296,46.97168,Sedan5-Detailed,-16.9862,-0.9046804,46.97168,19.90729
1742842213667,197.4303,10819,Eye Hit,Center,476.5674,781.3224,47.28007,Sedan5-Detailed,-16.09792,-0.7060995,47.28007,18.81949
1742842213687,197.4587,10820,Eye Hit,Center,496.1282,780.1335,47.66802,RoadWest,-14.92586,-0.7911593,47.66802,17.40938
1742842213709,197.4773,10821,Eye Hit,Center,513.1247,779.6591,47.98475,RoadWest,-13.88433,-0.8282508,47.98475,16.16492
1742842213726,197.4996,10822,Eye Hit,Center,520.6842,781.403,48.11766,RoadWest,-13.41403,-0.713182,48.11766,15.5981
1742842213749,197.5177,10823,Eye Hit,Center,528.6927,790.8989,48.26385,Sedan5-Detailed,-12.91417,-0.07432642,48.26385,14.9802
1742842213767,197.5397,10824,Eye Hit,Center,530.2344,790.351,48.2956,Sedan5-Detailed,-12.81853,-0.1113876,48.2956,14.86514
1742842213785,197.5594,10825,Eye Hit,Center,535.4402,788.4447,48.38001,Sedan5-Detailed,-12.48866,-0.240577,48.38001,14.47676
1742842213822,197.5972,10827,Eye Hit,Center,536.1279,796.4368,48.39553,Sedan5-Detailed,-12.44612,0.3003216,48.39553,14.42652
1742842213856,197.6312,10829,Eye Hit,Center,535.9638,798.9785,48.39798,Sedan5-Detailed,-12.45786,0.4723915,48.39798,14.44477
1742842213892,197.6673,10831,Eye Hit,Center,538.15,796.4222,48.44117,Sedan5-Detailed,-12.32085,0.2996134,48.44117,14.27446
1742842213925,197.7001,10833,Eye Hit,Center,535.9909,786.0024,48.41024,Sedan5-Detailed,-12.45918,-0.4060973,48.41024,14.44012
1742842213962,197.7353,10835,Eye Hit,Center,547.7418,780.4842,48.59534,Sedan5-Detailed,-11.70812,-0.7827105,48.59534,13.57528
1742842213979,197.7522,10836,Eye Hit,Center,549.8288,779.1607,48.62788,Sedan5-Detailed,-11.57402,-0.8732506,48.62788,13.42466
1742842213996,197.7692,10837,Eye Hit,Center,559.6545,782.0545,48.77594,Sedan5-Detailed,-10.93894,-0.6784925,48.77594,12.66403
1742842214016,197.7914,10838,Eye Hit,Center,565.2449,778.5724,48.85578,Sedan5-Detailed,-10.57484,-0.9175461,48.85578,12.25778
1742842214048,197.8228,10840,Eye Hit,Center,567.7122,779.7493,48.8921,Sedan5-Detailed,-10.41398,-0.8377434,48.8921,12.06197
1742842214085,197.8559,10842,Eye Hit,Center,568.7285,775.4058,48.90149,Sedan5-Detailed,-10.34647,-1.134986,48.90149,12.01593
1742842214101,197.8761,10843,Eye Hit,Center,568.9529,773.4008,48.89814,Sedan5-Detailed,-10.33041,-1.272035,48.89814,12.0166
1742842214136,197.909,10845,Eye Hit,Center,567.9845,767.8224,48.87152,Sedan5-Detailed,-10.39098,-1.652655,48.87152,12.14981
1742842214154,197.927,10846,Eye Hit,Center,567.9694,763.1976,48.86142,Sedan5-Detailed,-10.38986,-1.968376,48.86142,12.2117
1742842214172,197.9441,10847,Eye Hit,Center,575.3243,761.915,48.95356,Sedan5-Detailed,-9.905875,-2.059907,48.95356,11.67756
1742842214189,197.9625,10848,Eye Hit,Center,576.1619,760.8591,48.96136,Sedan5-Detailed,-9.850091,-2.132543,48.96136,11.63142
1742842214210,197.9792,10849,Eye Hit,Center,576.2953,760.2612,48.95774,Sedan5-Detailed,-9.840229,-2.173325,48.95774,11.6312
1742842214226,198.0004,10850,Eye Hit,Center,577.9991,761.3617,48.98227,Sedan5-Detailed,-9.728434,-2.09902,48.98227,11.48513
1742842214260,198.0342,10852,Eye Hit,Center,583.4026,757.3552,49.03431,Sedan5-Detailed,-9.368183,-2.376025,49.03431,11.15025
1742842214296,198.0693,10854,Eye Hit,Center,588.853,762.5298,49.11208,Sedan5-Detailed,-9.008646,-2.024345,49.11208,10.64756
1742842214313,198.0878,10855,Eye Hit,Center,591.8069,763.7916,49.1484,Sedan5-Detailed,-8.812252,-1.939101,49.1484,10.40299
1742842214348,198.1201,10857,Eye Hit,Center,600.3656,769.9048,49.25629,Sedan5-Detailed,-8.241964,-1.522205,49.25629,9.656855
1742842214365,198.1393,10858,Eye Hit,Center,605.6336,773.5117,49.32172,Sedan5-Detailed,-7.889501,-1.275404,49.32172,9.204022
1742842214382,198.157,10859,Eye Hit,Center,609.6003,774.4736,49.36175,Sedan5-Detailed,-7.622044,-1.210034,49.36175,8.886018
1742842214416,198.19,10861,Eye Hit,Center,612.267,774.7858,49.38785,Sedan5-Detailed,-7.441863,-1.189103,49.38785,8.676023
1742842214448,198.2235,10863,Eye Hit,Center,625.2264,777.3601,49.51004,Sedan5-Detailed,-6.562866,-1.013781,49.51004,7.639386
1742842214482,198.2572,10865,Eye Hit,Center,620.326,781.2089,49.46863,Sedan5-Detailed,-6.896437,-0.7466331,49.46863,7.982271
1742842214515,198.2887,10867,Eye Hit,Center,626.3793,779.6373,49.5158,Sedan5-Detailed,-6.483787,-0.8561883,49.5158,7.524074
1742842214532,198.3061,10868,Eye Hit,Center,636.6784,776.1229,49.60155,Sedan5-Detailed,-5.780504,-1.101486,49.60155,6.765672
1742842214550,198.3231,10869,Eye Hit,Center,637.506,774.0873,49.59886,Sedan5-Detailed,-5.72278,-1.242641,49.59886,6.733739
1742842214565,198.3401,10870,Eye Hit,Center,636.4749,774.9843,49.59719,Sedan5-Detailed,-5.794114,-1.180372,49.59719,6.798898
1742842214582,198.3575,10871,Eye Hit,Center,636.7491,773.2033,49.58998,Sedan5-Detailed,-5.774254,-1.303732,49.58998,6.807259
1742842214618,198.3914,10873,Eye Hit,Center,631.2956,769.6392,49.53046,Sedan5-Detailed,-6.14512,-1.549073,49.53046,7.291296
1742842214632,198.4083,10874,Eye Hit,Center,629.2156,773.9091,49.5271,Sedan5-Detailed,-6.288789,-1.253187,49.5271,7.377249
1742842214669,198.4393,10876,Eye Hit,Center,627.1616,775.0578,49.50336,Sedan5-Detailed,-6.427989,-1.173054,49.50336,7.519248
1742842214687,198.4606,10877,Eye Hit,Center,625.5106,775.2409,49.48172,Sedan5-Detailed,-6.539442,-1.159868,49.48172,7.644624
1742842214702,198.4785,10878,Eye Hit,Center,626.6018,778.6227,49.5058,Sedan5-Detailed,-6.46707,-0.9262695,49.5058,7.51763
1742842214740,198.5099,10880,Eye Hit,Center,629.0192,786.8787,49.53299,Sedan5-Detailed,-6.303143,-0.3548023,49.53299,7.263338
1742842214756,198.531,10881,Eye Hit,Center,629.3348,787.8575,49.53007,Sedan5-Detailed,-6.28091,-0.2869751,49.53007,7.234594
1742842214790,198.5642,10883,Eye Hit,Center,636.3207,774.8011,49.58062,Sedan5-Detailed,-5.802874,-1.192686,49.58062,6.813739
1742842214825,198.5994,10885,Eye Hit,Center,642.3033,779.1737,49.63339,Sedan5-Detailed,-5.393734,-0.8904061,49.63339,6.285376
1742842214858,198.6325,10887,Eye Hit,Center,638.5204,814.1235,49.59429,Sedan5-Detailed,-5.651889,1.534612,49.59429,6.734787
1742842214895,198.6682,10889,,Center,609.0815,868.0731,49.09192,,-7.616001,5.223412,49.09192,10.6539
1742842214911,198.6852,10890,,Center,610.2614,866.9098,49.10818,,-7.537477,5.145235,49.10818,10.52764
1742842214928,198.7021,10891,Eye Hit,Center,636.8787,812.2758,49.60254,Sedan5-Detailed,-5.766722,1.40668,49.60254,6.824007
1742842214964,198.737,10893,Eye Hit,Center,644.9174,806.899,49.67318,Sedan5-Detailed,-5.216438,1.03512,49.67318,6.110964
1742842214980,198.7559,10894,Eye Hit,Center,647.1347,807.2349,49.68556,Sedan5-Detailed,-5.06365,1.058723,49.68556,5.94409
1742842215014,198.7876,10896,Eye Hit,Center,654.2333,800.2431,49.74545,Sedan5-Detailed,-4.575858,0.5735292,49.74545,5.296462
1742842215047,198.824,10898,Eye Hit,Center,664.2414,797.1804,49.80838,Sedan5-Detailed,-3.88443,0.3608923,49.80838,4.478466
1742842215081,198.8548,10900,Eye Hit,Center,672.6793,797.3452,49.8552,Sedan5-Detailed,-3.2997,0.3727264,49.8552,3.810639
1742842215097,198.8722,10901,Eye Hit,Center,677.558,795.9951,49.88255,Sedan5-Detailed,-2.961131,0.2787348,49.88255,3.412141
1742842215131,198.905,10903,Eye Hit,Center,688.1468,811.6171,49.90675,Sedan5-Detailed,-2.223441,1.369327,49.90675,2.99526
1742842215148,198.923,10904,Eye Hit,Center,694.0964,813.973,49.91885,Sedan5-Detailed,-1.808581,1.534147,49.91885,2.720094
1742842215180,198.9548,10906,Eye Hit,Center,705.3643,809.2623,49.95491,Sedan5-Detailed,-1.022596,1.20612,49.95491,1.813157
1742842215215,198.9888,10908,Eye Hit,Center,725.7792,809.9966,49.96461,Sedan5-Detailed,0.4038681,1.257666,49.96461,1.514395
1742842215231,199.006,10909,Eye Hit,Center,729.1696,811.6023,49.96122,Sedan5-Detailed,0.6407639,1.369785,49.96122,1.733591
1742842215267,199.0383,10911,Eye Hit,Center,734.2419,809.4758,49.96315,Sedan5-Detailed,0.9952456,1.221236,49.96315,1.806019
1742842215285,199.059,10912,Eye Hit,Center,735.1003,807.6804,49.96556,Sedan5-Detailed,1.055282,1.095826,49.96556,1.743945
1742842215318,199.093,10914,Eye Hit,Center,733.5332,799.3086,49.97771,Sedan5-Detailed,0.9459957,0.5108832,49.97771,1.232418
1742842215355,199.1293,10916,Eye Hit,Center,726.0585,795.2845,49.98775,Sedan5-Detailed,0.4235822,0.2296367,49.98775,0.5524929
1742842215389,199.1623,10918,Eye Hit,Center,731.3482,784.2406,49.97904,Sedan5-Detailed,0.7932816,-0.5424112,49.97904,1.101451
1742842215407,199.1792,10919,Eye Hit,Center,730.1361,770.5363,49.95989,Sedan5-Detailed,0.7082796,-1.499819,49.95989,1.90156
1742842215423,199.1979,10920,Eye Hit,Center,729.946,770.7395,49.9609,Sedan5-Detailed,0.6950091,-1.485651,49.9609,1.880344
1742842215458,199.2318,10922,Eye Hit,Center,729.4102,776.0231,49.96996,Sedan5-Detailed,0.6576906,-1.116645,49.96996,1.485562
1742842215493,199.2671,10924,Eye Hit,Center,727.603,785.6252,49.98179,Sedan5-Detailed,0.5315117,-0.4456485,49.98179,0.7952467
1742842215511,199.2841,10925,Eye Hit,Center,726.28,791.8214,49.98396,Sedan5-Detailed,0.4390433,-0.0124849,49.98396,0.5035778
1742842215527,199.3011,10926,Eye Hit,Center,720.9187,793.6299,49.98541,Sedan5-Detailed,0.06423102,0.1139483,49.98541,0.1493534
1742842215546,199.3178,10927,Eye Hit,Center,717.4103,797.556,49.9853,Sedan5-Detailed,-0.1810544,0.3884384,49.9853,0.4909863
1742842215563,199.3367,10928,Eye Hit,Center,716.6429,794.2846,49.98558,Sedan5-Detailed,-0.2347045,0.1597248,49.98558,0.3250574
1742842215580,199.3544,10929,Eye Hit,Center,714.7083,795.3637,49.98548,Sedan5-Detailed,-0.369956,0.2351643,49.98548,0.5028
1742842215617,199.3887,10931,Eye Hit,Center,711.8122,793.7905,49.98487,Sedan5-Detailed,-0.5724264,0.1251813,49.98487,0.6714388
1742842215632,199.4077,10932,Eye Hit,Center,711.7205,805.6837,49.97486,Sedan5-Detailed,-0.5787192,0.9564606,49.97486,1.281458
1742842215665,199.4395,10934,Eye Hit,Center,700.8684,799.3912,49.9675,Sedan5-Detailed,-1.337061,0.5165524,49.9675,1.643182
1742842215686,199.4576,10935,Eye Hit,Center,695.767,795.4894,49.96077,Sedan5-Detailed,-1.693357,0.2438292,49.96077,1.961343
1742842215703,199.4774,10936,Eye Hit,Center,694.8943,794.7896,49.95724,Sedan5-Detailed,-1.754221,0.1949216,49.95724,2.023424
1742842215738,199.5105,10938,Eye Hit,Center,691.0086,793.9524,49.94629,Sedan5-Detailed,-2.025279,0.1363895,49.94629,2.327256
1742842215755,199.5292,10939,Eye Hit,Center,685.1688,791.8292,49.92982,Sedan5-Detailed,-2.432433,-0.01192743,49.92982,2.789165
1742842215774,199.5463,10940,Eye Hit,Center,686.6545,794.1246,49.93274,Sedan5-Detailed,-2.32882,0.1483795,49.93274,2.675691
1742842215791,199.5656,10941,Eye Hit,Center,683.8427,793.6237,49.92384,Sedan5-Detailed,-2.524741,0.1133794,49.92384,2.898067
1742842215811,199.5829,10942,Eye Hit,Center,677.314,781.3666,49.89265,Sedan5-Detailed,-2.978753,-0.7420333,49.89265,3.52081
1742842215830,199.6025,10943,Eye Hit,Center,673.0752,781.1046,49.8728,Sedan5-Detailed,-3.273249,-0.7600105,49.8728,3.85463
1742842215853,199.622,10944,Eye Hit,Center,666.0341,783.8564,49.8418,Sedan5-Detailed,-3.762061,-0.5677062,49.8418,4.365159
1742842215880,199.6443,10945,Eye Hit,Center,664.0609,786.1308,49.83304,Sedan5-Detailed,-3.898931,-0.4090798,49.83304,4.498147
1742842215909,199.6716,10946,Eye Hit,Center,665.9716,783.0999,49.84186,Sedan5-Detailed,-3.766424,-0.6204433,49.84186,4.379448
1742842215937,199.7013,10947,Eye Hit,Center,661.3131,782.5341,49.81798,Sedan5-Detailed,-4.089218,-0.6595684,49.81798,4.752832
1742842215965,199.7282,10948,Eye Hit,Center,653.4761,779.7783,49.76815,Sedan5-Detailed,-4.630654,-0.8507364,49.76815,5.404176
1742842215992,199.7563,10949,Eye Hit,Center,646.9825,780.0314,49.72512,Sedan5-Detailed,-5.078269,-0.8324031,49.72512,5.9085
1742842216011,199.7833,10950,Eye Hit,Center,648.8874,782.8414,49.7398,Sedan5-Detailed,-4.947247,-0.6371601,49.7398,5.726697
1742842216034,199.8022,10951,Eye Hit,Center,646.2766,781.3591,49.72203,Sedan5-Detailed,-5.127043,-0.7400178,49.72203,5.947749
1742842216052,199.8256,10952,Eye Hit,Center,647.9045,784.4766,49.73493,Sedan5-Detailed,-5.015134,-0.5233428,49.73493,5.789127
1742842216076,199.8448,10953,Eye Hit,Center,638.3253,785.0621,49.66402,Sedan5-Detailed,-5.673385,-0.481932,49.66402,6.540199
1742842216094,199.8678,10954,Eye Hit,Center,636.2633,784.9857,49.64847,Sedan5-Detailed,-5.814796,-0.4870819,49.64847,6.703176
1742842216117,199.8855,10955,Eye Hit,Center,632.6372,787.5007,49.61858,Sedan5-Detailed,-6.062948,-0.3122523,49.61858,6.975611
1742842216138,199.9081,10956,Eye Hit,Center,631.6151,776.865,49.59801,Sedan5-Detailed,-6.131336,-1.049928,49.59801,7.148691
1742842216158,199.9286,10957,Eye Hit,Center,624.9384,778.3164,49.54253,Sedan5-Detailed,-6.587127,-0.9481797,49.54253,7.650707
1742842216178,199.9499,10958,Eye Hit,Center,622.5164,780.2624,49.52133,Sedan5-Detailed,-6.752066,-0.8129897,49.52133,7.819591
1742842216201,199.9698,10959,Eye Hit,Center,623.9995,777.8472,49.53148,Sedan5-Detailed,-6.650706,-0.9804726,49.53148,7.729135
1742842216220,199.9925,10960,Eye Hit,Center,622.6339,781.2499,49.52369,Sedan5-Detailed,-6.744248,-0.7446291,49.52369,7.801497
1742842216242,200.0112,10961,Eye Hit,Center,621.2181,785.3892,49.51476,Sedan5-Detailed,-6.841087,-0.4578242,49.51476,7.883689
1742842216262,200.0329,10962,Eye Hit,Center,620.434,787.4833,49.50998,Sedan5-Detailed,-6.894718,-0.3127718,49.50998,7.936027
1742842216284,200.0531,10963,Eye Hit,Center,623.8135,790.4882,49.54413,Sedan5-Detailed,-6.665293,-0.104761,49.54413,7.663061
1742842216304,200.075,10964,Eye Hit,Center,622.8669,790.1997,49.53539,Sedan5-Detailed,-6.729703,-0.1247294,49.53539,7.737941
1742842216326,200.0955,10965,Eye Hit,Center,625.7382,793.7235,49.56555,Sedan5-Detailed,-6.534743,0.1194841,49.56555,7.511833
1742842216345,200.1172,10966,Eye Hit,Center,629.6428,788.8559,49.59947,Sedan5-Detailed,-6.268341,-0.2181167,49.59947,7.207126
1742842216369,200.1357,10967,Eye Hit,Center,632.0606,790.4124,49.62176,Sedan5-Detailed,-6.103353,-0.1101837,49.62176,7.013135
1742842216387,200.1607,10968,Eye Hit,Center,632.892,790.3566,49.63134,Sedan5-Detailed,-6.046817,-0.1140783,49.63134,6.947576
1742842216411,200.1782,10969,Eye Hit,Center,632.7289,795.8799,49.63055,Sedan5-Detailed,-6.058044,0.2693244,49.63055,6.966072
1742842216430,200.2016,10970,Eye Hit,Center,633.4088,796.2304,49.63919,Sedan5-Detailed,-6.011894,0.29371,49.63919,6.913755
1742842216450,200.2216,10971,Eye Hit,Center,634.6019,801.7007,49.64654,Sedan5-Detailed,-5.929935,0.6736066,49.64654,6.854721
1742842216479,200.2413,10972,Eye Hit,Center,633.492,799.8685,49.63889,Sedan5-Detailed,-6.00608,0.5462971,49.63889,6.927162
1742842216499,200.2704,10973,Eye Hit,Center,640.5511,790.6584,49.69415,Sedan5-Detailed,-5.522124,-0.09324972,49.69415,6.341679
1742842216520,200.2905,10974,Eye Hit,Center,637.985,785.9521,49.67773,Sedan5-Detailed,-5.698596,-0.4202231,49.67773,6.561513
1742842216540,200.3112,10975,Eye Hit,Center,639.045,777.868,49.67365,Sedan5-Detailed,-5.624485,-0.9818469,49.67365,6.556849
1742842216562,200.331,10976,Eye Hit,Center,633.9166,772.7887,49.62886,Sedan5-Detailed,-5.975393,-1.333534,49.62886,7.032687
1742842216582,200.3533,10977,Eye Hit,Center,632.0147,771.7397,49.60594,Sedan5-Detailed,-6.104593,-1.405699,49.60594,7.197347
1742842216605,200.3734,10978,Eye Hit,Center,626.9772,769.0722,49.55392,Sedan5-Detailed,-6.447339,-1.589109,49.55392,7.632267
1742842216624,200.3962,10979,Eye Hit,Center,622.0056,767.4451,49.50623,Sedan5-Detailed,-6.785377,-1.700242,49.50623,8.042566
1742842216646,200.4148,10980,Eye Hit,Center,615.8469,761.114,49.42715,Sedan5-Detailed,-7.200301,-2.135208,49.42715,8.639724
1742842216664,200.4371,10981,Eye Hit,Center,613.8566,755.967,49.38755,Sedan5-Detailed,-7.332014,-2.489035,49.38755,8.910305
1742842216688,200.4561,10982,Eye Hit,Center,606.3407,753.4974,49.30273,Sedan5-Detailed,-7.837705,-2.65506,49.30273,9.527987
1742842216707,200.4793,10983,Eye Hit,Center,611.6318,756.6886,49.36573,Sedan5-Detailed,-7.482393,-2.438111,49.36573,9.057552
1742842216730,200.4983,10984,Eye Hit,Center,604.8796,754.9797,49.28992,Sedan5-Detailed,-7.936397,-2.552181,49.28992,9.599867
1742842216749,200.5206,10985,Eye Hit,Center,609.4517,760.6647,49.3539,Sedan5-Detailed,-7.631088,-2.163059,49.3539,9.130002
1742842216773,200.5399,10986,Eye Hit,Center,603.8,809.1282,49.32415,Sedan5-Detailed,-8.016389,1.181635,49.32415,9.329276
1742842216791,200.5635,10987,Eye Hit,Center,602.0934,807.3118,49.30823,Sedan5-Detailed,-8.131496,1.055989,49.30823,9.44167
1742842216813,200.5813,10988,Eye Hit,Center,597.8694,808.0688,49.25843,Sedan5-Detailed,-8.414302,1.107071,49.25843,9.775616
1742842216833,200.6044,10989,Eye Hit,Center,599.6098,806.1909,49.27987,Sedan5-Detailed,-8.298003,0.9781243,49.27987,9.623041
1742842216854,200.6247,10990,Eye Hit,Center,594.7935,803.8641,49.22732,Sedan5-Detailed,-8.620767,0.8168672,49.22732,9.976597
1742842216875,200.6459,10991,Eye Hit,Center,587.4037,804.5309,49.13733,Sedan5-Detailed,-9.112885,0.8612038,49.13733,10.55232
1742842216896,200.6659,10992,Eye Hit,Center,582.8148,803.4576,49.08075,Sedan5-Detailed,-9.417404,0.7865331,49.08075,10.89858
1742842216916,200.6884,10993,Eye Hit,Center,584.7109,806.4035,49.10058,Sedan5-Detailed,-9.290998,0.989161,49.10058,10.77419
1742842216939,200.7074,10994,Eye Hit,Center,583.2855,804.9598,49.08404,Sedan5-Detailed,-9.385722,0.8897161,49.08404,10.87263
1742842216958,200.7299,10995,Eye Hit,Center,581.1319,803.8019,49.05758,Sedan5-Detailed,-9.528433,0.8097879,49.05758,11.03034
1742842216981,200.7485,10996,Eye Hit,Center,569.3058,798.8631,48.9042,Sedan5-Detailed,-10.30756,0.4694409,48.9042,11.91401
1742842216999,200.7717,10997,Eye Hit,Center,569.9025,800.0381,48.91157,Sedan5-Detailed,-10.26829,0.549893,48.91157,11.87275
1742842217022,200.7908,10998,Eye Hit,Center,564.5366,799.785,48.83631,Sedan5-Detailed,-10.61901,0.5317571,48.83631,12.28238
1742842217042,200.8136,10999,Eye Hit,Center,560.2028,801.4326,48.7733,Sedan5-Detailed,-10.90094,0.6434669,48.7733,12.6199
1742842217064,200.8328,11000,Eye Hit,Center,554.2687,801.8175,48.68515,Sedan5-Detailed,-11.28532,0.6685151,48.68515,13.07288
1742842217083,200.8557,11001,Eye Hit,Center,553.5489,802.0717,48.67456,Sedan5-Detailed,-11.33187,0.6856729,48.67456,13.12866
1742842217107,200.8745,11002,Eye Hit,Center,547.143,802.1688,48.57675,Sedan5-Detailed,-11.74433,0.6908958,48.57675,13.61413
1742842217126,200.8982,11003,Eye Hit,Center,541.7375,801.0606,48.4926,Sedan5-Detailed,-12.09062,0.6145335,48.4926,14.01741
1742842217148,200.9165,11004,Eye Hit,Center,530.2987,798.4664,48.30807,Sedan5-Detailed,-12.81749,0.4369131,48.30807,14.86804
1742842217167,200.9389,11005,Eye Hit,Center,526.0631,795.2961,48.23843,Sedan5-Detailed,-13.08478,0.222384,48.23843,15.17852
1742842217189,200.9603,11006,Eye Hit,Center,511.5733,794.6913,47.98452,Sedan5-Detailed,-13.98838,0.1806219,47.98452,16.25366
1742842217208,200.9808,11007,Eye Hit,Center,513.6419,790.9118,48.02196,Sedan5-Detailed,-13.86035,-0.07309146,48.02196,16.09969
1742842217231,200.999,11008,Eye Hit,Center,496.848,789.9597,47.71239,Sedan5-Detailed,-14.89172,-0.1361552,47.71239,17.33458
1742842217251,201.0229,11009,Eye Hit,Center,506.7553,786.5797,47.8959,Sedan5-Detailed,-14.2853,-0.3631065,47.8959,16.61267
1742842217274,201.0419,11010,Eye Hit,Center,555.7851,733.1833,48.55513,Sedan5-Detailed,-11.1522,-3.994374,48.55513,13.71056
1742842217291,201.0649,11011,Eye Hit,Center,549.408,732.0375,48.45327,Sedan5-Detailed,-11.56098,-4.063645,48.45327,14.19311
1742842217315,201.0823,11012,Eye Hit,Center,554.203,731.2148,48.52022,Sedan5-Detailed,-11.25155,-4.125093,48.52022,13.87368
1742842217334,201.1061,11013,Eye Hit,Center,541.1956,724.6448,48.28525,Sedan5-Detailed,-12.07551,-4.548821,48.28525,14.96222
1742842217357,201.1255,11014,Eye Hit,Center,528.1593,722.4792,48.06026,Sedan5-Detailed,-12.89555,-4.673195,48.06026,15.9285
1742842217376,201.1482,11015,Eye Hit,Center,514.1689,715.6841,47.77948,Sedan5-Detailed,-13.75515,-5.099991,47.77948,17.06854
1742842217398,201.1668,11016,Eye Hit,Center,501.0463,711.7934,47.51778,Sedan5-Detailed,-14.55196,-5.330639,47.51778,18.06337
1742842217418,201.19,11017,Eye Hit,Center,499.1489,707.4709,47.45384,Sedan5-Detailed,-14.65831,-5.610358,47.45384,18.30157
1742842217440,201.2086,11018,Eye Hit,Center,483.5433,703.0368,47.1282,Sedan5-Detailed,-15.58638,-5.864138,47.1282,19.46117
1742842217459,201.2319,11019,Eye Hit,Center,474.4117,698.9769,46.91974,Sedan5-Detailed,-16.1167,-6.104629,46.91974,20.1688
1742842217481,201.2506,11020,Eye Hit,Center,457.9688,696.8165,46.57163,Sedan5-Detailed,-17.06818,-6.200059,46.57163,21.302
1742842217503,201.2729,11021,Eye Hit,Center,435.658,690.3617,46.05013,Sedan5-Detailed,-18.31406,-6.546379,46.05013,22.89639
1742842217524,201.2955,11022,Eye Hit,Center,411.66,676.7815,45.41034,Sedan5-Detailed,-19.58383,-7.317956,45.41034,24.72084
1742842217544,201.317,11023,Eye Hit,Center,419.3255,683.3792,45.636,Sedan5-Detailed,-19.19186,-6.933197,45.636,24.09146
1742842217567,201.3379,11024,Eye Hit,Center,394.8333,673.1416,44.99607,Sedan5-Detailed,-20.46414,-7.48027,44.99607,25.83764
1742842217595,201.361,11025,Eye Hit,Center,525.9493,677.8157,47.6683,NorthSidewalk,-12.93772,-7.612882,47.6683,17.47987
1742842217621,201.3891,11026,Eye Hit,Center,629.0184,708.1655,49.22894,NorthSidewalk,-6.264511,-5.772394,49.22894,9.817163
1742842217658,201.4156,11027,Eye Hit,Center,700.7142,706.1008,49.56931,NorthSidewalk,-1.337099,-5.955451,49.56931,7.019733
1742842217695,201.4521,11028,Eye Hit,Center,654.5787,691.7014,49.25298,NorthSidewalk,-4.506762,-6.909397,49.25298,9.508099
1742842217734,201.4893,11029,Eye Hit,Center,563.633,661.503,48.0286,NorthSidewalk,-10.50408,-8.766239,48.0286,15.90018
1742842217776,201.5269,11030,Eye Hit,Center,445.2947,654.699,45.88585,NorthSidewalk,-17.63026,-8.811817,45.88585,23.24539
1742842217806,201.5694,11031,Eye Hit,Center,346.9482,649.4399,43.60434,NorthSidewalk,-22.75159,-8.694421,43.60434,29.18661
1742842217847,201.599,11032,Eye Hit,Center,264.8698,664.6673,41.65942,LowFemale2,-26.51928,-7.419354,41.65942,33.46539
1742842217879,201.6397,11033,Eye Hit,Center,568.0994,732.8602,48.66777,NorthSidewalk,-10.33984,-4.025632,48.66777,12.84343
1742842217909,201.6711,11034,Eye Hit,Center,642.3062,742.8833,49.507,NorthSidewalk,-5.379795,-3.401015,49.507,7.325845
1742842217937,201.7009,11035,Eye Hit,Center,560.2891,745.3606,48.60157,NorthSidewalk,-10.8567,-3.170416,48.60157,13.10023
1742842217965,201.7289,11036,Eye Hit,Center,627.698,749.0107,49.40352,NorthSidewalk,-6.377963,-2.970513,49.40352,8.105276
1742842217998,201.758,11037,Eye Hit,Center,685.151,773.5842,49.83091,NorthSidewalk,-2.428859,-1.283518,49.83091,3.155481
1742842218023,201.7909,11038,Eye Hit,Center,726.3463,776.6295,49.89986,NorthSidewalk,0.4429292,-1.072752,49.89986,1.332367
1742842218050,201.8156,11039,Eye Hit,Center,748.4157,773.7099,49.86592,NorthSidewalk,1.98187,-1.275655,49.86592,2.706169
1742842218076,201.8429,11040,Eye Hit,Center,726.7727,772.1493,49.90663,NorthSidewalk,0.4727536,-1.385631,49.90663,1.680395
1742842218105,201.8688,11041,Eye Hit,Center,657.4888,769.1718,49.70149,NorthSidewalk,-4.345505,-1.586917,49.70149,5.317729
1742842218132,201.8975,11042,Eye Hit,Center,580.9171,782.9457,49.0006,NorthSidewalk,-9.532086,-0.6205409,49.0006,11.031
1742842218159,201.9255,11043,Eye Hit,Center,524.1199,787.3034,48.15429,NorthSidewalk,-13.19284,-0.3163243,48.15429,15.32558
1742842218188,201.95,11044,Eye Hit,Center,489.6941,786.6982,47.52976,NorthSidewalk,-15.3103,-0.3524538,47.52976,17.85923
1742842218220,201.9793,11045,Eye Hit,Center,537.6109,781.0099,48.3879,NorthSidewalk,-12.34379,-0.7437912,48.3879,14.33587
1742842218249,202.0112,11046,,Center,698.7461,776.186,49.92222,,-1.48404,-1.104203,49.92222,2.122002
1742842218277,202.0387,11047,,Center,808.4507,775.1253,49.57801,,6.133426,-1.170142,49.57801,7.178268
1742842218295,202.0669,11048,,Center,804.8018,773.11,49.60397,,5.883484,-1.310575,49.60397,6.928379
1742842218318,202.0845,11049,,Center,845.892,773.1942,49.20409,,8.663876,-1.294214,49.20409,10.09485
1742842218335,202.1079,11050,Eye Hit,Center,825.8465,772.0585,49.42177,NE_Tree_30,7.316572,-1.378444,49.42177,8.567082
1742842218352,202.1257,11051,Eye Hit,Center,824.0185,771.9098,49.44011,NE_Tree_30,7.192879,-1.389238,49.44011,8.428488
1742842218387,202.1588,11053,,Center,804.3427,766.0291,49.6059,,5.85186,-1.801908,49.6059,7.036619
1742842218404,202.1786,11054,,Center,802.228,756.6034,49.59738,,5.704158,-2.455463,49.59738,7.136991
1742842218434,202.2094,11056,,Center,792.8155,755.9393,49.66703,,5.058304,-2.505045,49.66703,6.483769
1742842218465,202.24,11058,,Center,797.2324,760.4542,49.65218,,5.363533,-2.190747,49.65218,6.655522
1742842218498,202.2721,11060,,Center,812.3582,765.4246,49.5475,,6.400444,-1.841681,49.5475,7.655758
1742842218513,202.2891,11061,,Center,812.5381,768.0197,49.55417,,6.413774,-1.662063,49.55417,7.61556
1742842218543,202.3182,11063,,Center,853.1568,768.6847,49.12983,,9.150007,-1.602135,49.12983,10.70679
1742842218575,202.3487,11065,,Center,858.9543,758.1025,49.02829,,9.528656,-2.324489,49.02829,11.31266
1742842218605,202.3791,11067,,Center,862.6288,751.7245,48.95593,,9.766196,-2.757776,48.95593,11.71102
1742842218634,202.4099,11069,Eye Hit,Center,868.9274,754.8015,48.87909,MicroBus1-Detailed,10.18147,-2.543088,48.87909,12.11735
1742842218666,202.4413,11071,Eye Hit,Center,873.6862,760.7638,48.82936,NE_Tree_50,10.49612,-2.133303,48.82936,12.37191
1742842218695,202.4701,11073,Eye Hit,Center,872.7083,770.9838,48.86429,NE_Tree_50,10.4368,-1.436343,48.86429,12.16676
1742842218725,202.5003,11075,Eye Hit,Center,875.8951,773.1094,48.82293,NE_Tree_50,10.64557,-1.289981,48.82293,12.38771
1742842218755,202.5304,11077,Eye Hit,Center,880.9453,774.5668,48.75053,NE_Tree_50,10.97414,-1.188693,48.75053,12.75806
1742842218786,202.5621,11079,Eye Hit,Center,894.1821,774.3371,48.54973,NE_Tree_50,11.82778,-1.199395,48.54973,13.75933
1742842218817,202.592,11081,,Center,909.6583,773.8168,48.29773,,12.81184,-1.228318,48.29773,14.92166
1742842218848,202.6249,11083,Eye Hit,Center,939.5128,775.6005,47.76881,NE_Tree_50,14.66619,-1.095689,47.76881,17.11255
1742842218879,202.6534,11085,Eye Hit,Center,960.5511,799.27,47.36694,NE_Tree_30,15.93659,0.4816433,47.36694,18.60341
1742842218909,202.6849,11087,,Center,873.4146,821.1846,48.81038,,10.4735,1.992411,48.81038,12.32122
1742842218940,202.7142,11089,,Center,754.9487,862.2332,49.64328,,2.426636,4.87659,49.64328,6.261593
1742842218955,202.7311,11090,,Center,784.9409,866.4885,49.46423,,4.492859,5.153394,49.46423,7.869509
1742842218973,202.7481,11091,,Center,755.9821,881.4253,49.4771,,2.490026,6.188389,49.4771,7.678386
1742842218987,202.7654,11092,,Center,792.8726,888.9272,49.21389,,5.016088,6.671846,49.21389,9.626288
1742842219006,202.7851,11093,,Center,773.8147,874.4858,49.45416,,3.722347,5.705516,49.45416,7.843201
1742842219042,202.8118,11094,,Center,889.2854,891.8458,48.1092,,11.39097,6.718481,48.1092,15.37033
1742842219066,202.8374,11095,,Center,871.1018,902.1276,48.26054,,10.1994,7.433636,48.26054,14.65554
1742842219102,202.8636,11096,,Center,901.694,890.7404,47.9032,,12.17357,6.615651,47.9032,16.13149
1742842219129,202.8951,11097,Eye Hit,Center,891.4455,881.8572,48.13038,NorthSidewalk,11.5414,6.049018,48.13038,15.14874
1742842219154,202.9221,11098,Eye Hit,Center,873.3643,873.1893,48.45509,NorthSidewalk,10.39386,5.502388,48.45509,13.64238
1742842219181,202.946,11099,Eye Hit,Center,821.8511,817.2714,49.334,NorthSidewalk,7.027888,1.743771,49.334,8.349931
1742842219210,202.9742,11100,Eye Hit,Center,699.3615,785.2764,49.84509,NorthSidewalk,-1.438843,-0.4687442,49.84509,1.739001
1742842219240,203.0019,11101,Eye Hit,Center,778.8768,777.0322,49.66291,NorthSidewalk,4.089677,-1.039687,49.66291,4.856638
1742842219269,203.0322,11102,Eye Hit,Center,709.5544,775.1179,49.83784,NorthSidewalk,-0.7281269,-1.176787,49.83784,1.590532
1742842219298,203.0621,11103,Eye Hit,Center,658.4541,782.7946,49.68585,NorthSidewalk,-4.277053,-0.6397167,49.68585,4.974451
1742842219326,203.0923,11104,Eye Hit,Center,625.3427,774.9105,49.44401,LowFemale2,-6.546072,-1.18183,49.44401,7.662216
1742842219356,203.1201,11105,Eye Hit,Center,567.4222,781.4164,48.8005,NorthSidewalk,-10.41426,-0.7223909,48.8005,12.0746
1742842219384,203.1488,11106,Eye Hit,Center,508.8934,783.376,47.87228,NorthSidewalk,-14.1351,-0.5774409,47.87228,16.46309
1742842219412,203.1768,11107,Eye Hit,Center,478.7453,784.1897,47.30435,LowMale2,-15.96209,-0.5167504,47.30435,18.65523
1742842219441,203.2052,11108,Eye Hit,Center,518.4158,787.0552,48.0531,NorthSidewalk,-13.54849,-0.3323421,48.0531,15.75019
1742842219469,203.2332,11109,Eye Hit,Center,497.8225,792.5181,47.66608,NorthSidewalk,-14.8123,0.03454393,47.66608,17.26274
1742842219496,203.2628,11110,Eye Hit,Center,474.4225,801.2384,47.20848,NorthSidewalk,-16.21517,0.6099989,47.20848,18.96904
1742842219524,203.2885,11111,,Center,437.0693,815.6751,46.39919,,-18.3613,1.536438,46.39919,21.6584
1742842219552,203.3169,11112,,Center,401.2683,811.9501,45.58506,,-20.32173,1.271981,45.58506,24.0689
1742842219581,203.3445,11113,Eye Hit,Center,354.1593,798.4024,44.44444,NorthSidewalk,-22.74167,0.39799,44.44444,27.10183
1742842219610,203.3736,11114,Eye Hit,Center,306.2927,785.8613,43.21251,NorthWalkingPole,-25.00435,-0.3710205,43.21251,30.05799
1742842219639,203.4021,11115,Eye Hit,Center,204.2487,787.3273,40.47954,NorthWalkingPole,-29.2004,-0.2645567,40.47954,35.80636
1742842219665,203.4311,11116,Eye Hit,Center,356.6158,786.8409,44.47419,NorthSidewalk,-22.60409,-0.3209185,44.47419,26.94436
1742842219693,203.4588,11117,Eye Hit,Center,460.4445,791.7603,46.88245,NorthSidewalk,-17.01976,-0.01571577,46.88245,19.95246
1742842219721,203.4869,11118,Eye Hit,Center,535.4899,789.9054,48.28903,NorthSidewalk,-12.46182,-0.1414705,48.28903,14.47134
1742842219749,203.5129,11119,Eye Hit,Center,623.2635,784.9981,49.42084,NorthSidewalk,-6.686724,-0.4839937,49.42084,7.72535
1742842219778,203.5414,11120,Eye Hit,Center,702.2831,811.1434,49.85066,NorthSidewalk,-1.235298,1.334754,49.85066,2.089378
1742842219806,203.5699,11121,Eye Hit,Center,628.8335,806.7298,49.44952,NorthSidewalk,-6.305367,1.018758,49.44952,7.359861
1742842219833,203.5991,11122,,Center,678.5928,835.8264,49.70035,,-2.878381,3.046548,49.70035,4.820401
1742842219861,203.6272,11123,,Center,730.5697,841.6389,49.77032,,0.7357771,3.455456,49.77032,4.06028
1742842219889,203.6535,11124,,Center,770.6314,848.0404,49.63736,,3.515134,3.890657,49.63736,6.030037
1742842219916,203.6816,11125,,Center,827.9695,855.7656,49.18231,,7.427163,4.386403,49.18231,9.947538
1742842219944,203.7088,11126,,Center,881.6284,838.322,48.62276,,10.99184,3.150215,48.62276,13.23348
1742842219972,203.7357,11127,,Center,827.8714,814.0644,49.35596,,7.446615,1.523157,49.35596,8.754748
1742842220001,203.7622,11128,,Center,888.1679,778.9382,48.61749,,11.43533,-0.8881962,48.61749,13.27442
1742842220031,203.7923,11129,Eye Hit,Center,942.2101,777.4329,47.70148,NE_Tree_30,14.82547,-0.9718916,47.70148,17.29994
1742842220058,203.8229,11130,,Center,933.9146,764.9026,47.83579,,14.3122,-1.812982,47.83579,16.78254
1742842220076,203.8484,11131,,Center,917.7452,760.9176,48.1147,,13.3075,-2.091727,48.1147,15.64088
1742842220099,203.866,11132,,Center,903.5574,765.4747,48.35857,,12.41533,-1.794101,48.35857,14.54209
1742842220116,203.8898,11133,,Center,901.1003,770.6705,48.41231,,12.26275,-1.444275,48.41231,14.30819
1742842220133,203.9071,11134,Eye Hit,Center,882.86,778.0843,48.70727,NE_Tree_30,11.09484,-0.9480069,48.70727,12.87743
1742842220168,203.9406,11136,,Center,849.2679,773.4776,49.14687,,8.885858,-1.273229,49.14687,10.35091
1742842220184,203.9591,11137,,Center,843.1917,773.6666,49.21545,,8.479997,-1.261991,49.21545,9.881827
1742842220216,203.9926,11139,,Center,825.645,771.7313,49.40117,,7.299603,-1.400477,49.40117,8.55637
1742842220246,204.0219,11141,,Center,813.4578,773.009,49.51874,,6.472892,-1.31532,49.51874,7.597682
1742842220277,204.0518,11143,,Center,808.3154,772.4562,49.56274,,6.12216,-1.354809,49.56274,7.210337
1742842220310,204.0844,11145,,Center,796.7571,772.8034,49.65059,,5.330351,-1.333095,49.65059,6.314847
1742842220341,204.1149,11147,,Center,788.9663,772.2515,49.70258,,4.794341,-1.372858,49.70258,5.729743
1742842220372,204.1458,11149,,Center,793.0573,777.3174,49.68261,,5.076692,-1.020283,49.68261,5.950188
1742842220388,204.1627,11150,,Center,793.2528,777.1741,49.6755,,5.08955,-1.030095,49.6755,5.967688
1742842220421,204.197,11152,,Center,786.9035,779.8374,49.71424,,4.652029,-0.8457085,49.71424,5.433036
1742842220455,204.2292,11154,,Center,789.306,789.7578,49.70456,,4.81815,-0.1558765,49.70456,5.539552
1742842220471,204.246,11155,,Center,779.6689,792.7831,49.7709,,4.153712,0.05451145,49.7709,4.771097
1742842220506,204.2788,11157,,Center,782.3725,796.1284,49.75271,,4.340328,0.2872861,49.75271,4.996575
1742842220523,204.2969,11158,,Center,783.4734,797.5643,49.74076,,4.41588,0.3871096,49.74076,5.092699
1742842220558,204.3306,11160,,Center,790.8339,792.2883,49.69611,,4.92353,0.02004193,49.69611,5.658008
1742842220575,204.3479,11161,,Center,791.3015,780.5714,49.69681,,4.956102,-0.7943911,49.69681,5.767316
1742842220592,204.3652,11162,,Center,791.7203,779.47,49.68926,,4.984453,-0.8708181,49.68926,5.814498
1742842220609,204.382,11163,,Center,831.9329,775.3438,49.34568,,7.725381,-1.149576,49.34568,8.994162
1742842220628,204.3989,11164,,Center,833.3085,769.8878,49.3163,,7.81566,-1.525228,49.3163,9.172369
1742842220645,204.4187,11165,,Center,835.8505,772.9977,49.30167,,7.988632,-1.310332,49.30167,9.324788
1742842220662,204.4358,11166,,Center,838.7356,772.0744,49.27353,,8.182905,-1.373213,49.27353,9.558536
1742842220698,204.47,11168,,Center,842.7709,772.6978,49.22836,,8.453245,-1.32903,49.22836,9.860871
1742842220714,204.4898,11169,,Center,845.9657,770.2059,49.18401,,8.665412,-1.499259,49.18401,10.13745
1742842220747,204.5214,11171,,Center,852.5884,769.7732,49.10416,,9.106192,-1.526539,49.10416,10.64923
1742842220782,204.554,11173,Eye Hit,Center,863.0861,765.0085,48.95711,NE_Tree_50,9.797746,-1.84823,48.95711,11.51136
1742842220797,204.572,11174,,Center,865.0472,758.889,48.91673,,9.923836,-2.265391,48.91673,11.75497
1742842220831,204.6041,11176,,Center,864.6863,752.6761,48.90054,,9.895866,-2.689571,48.90054,11.84375
1742842220846,204.6218,11177,,Center,865.6332,753.0838,48.88631,,9.957736,-2.660914,48.88631,11.90581
1742842220883,204.6606,11179,,Center,870.4542,760.5338,48.84352,,10.27837,-2.14963,48.84352,12.13322
1742842220914,204.6891,11181,,Center,871.965,760.0272,48.82365,,10.37736,-2.183352,48.82365,12.25437
1742842220952,204.7262,11183,,Center,871.7493,752.08,48.8005,,10.35772,-2.724755,48.8005,12.3783
1742842220968,204.743,11184,,Center,874.3223,747.6395,48.75281,,10.52304,-3.024885,48.75281,12.65778
1742842221009,204.7801,11186,Eye Hit,Center,884.1383,747.8431,48.61662,MicroBus1-Detailed,11.16112,-3.002594,48.61662,13.37304
1742842221024,204.7999,11187,Eye Hit,Center,884.8709,748.5596,48.60791,MicroBus1-Detailed,11.20892,-2.953344,48.60791,13.41276
1742842221063,204.836,11189,Eye Hit,Center,887.3853,752.6801,48.59111,MicroBus1-Detailed,11.37593,-2.67228,48.59111,13.52218
1742842221079,204.8539,11190,Eye Hit,Center,886.8996,757.0133,48.61232,MicroBus1-Detailed,11.34787,-2.378824,48.61232,13.41499
1742842221115,204.8863,11192,,Center,894.4204,765.884,48.52242,,11.8373,-1.772403,48.52242,13.85678
1742842221131,204.9059,11193,Eye Hit,Center,895.173,772.7233,48.52617,NE_Tree_50,11.88929,-1.308342,48.52617,13.84663
1742842221164,204.9396,11195,Eye Hit,Center,878.116,779.9348,48.79,NE_Tree_30,10.78995,-0.8233369,48.79,12.50543
1742842221199,204.9707,11197,Eye Hit,Center,866.9136,764.8646,48.91515,NE_Tree_30,10.05121,-1.856487,48.91515,11.80258
1742842221216,204.9902,11198,Eye Hit,Center,864.5703,762.4569,48.93802,NE_Tree_30,9.895514,-2.022159,48.93802,11.66118
1742842221248,205.0232,11200,Eye Hit,Center,867.726,762.3657,48.89427,NE_Tree_30,10.10248,-2.026586,48.89427,11.90011
1742842221283,205.055,11202,,Center,878.5162,768.3263,48.75636,,10.8098,-1.614396,48.75636,12.63507
1742842221299,205.0742,11203,,Center,882.8051,775.9869,48.70991,,11.0917,-1.090955,48.70991,12.88788
1742842221332,205.1067,11205,Eye Hit,Center,879.1983,777.5865,48.76487,NE_Tree_30,10.85822,-0.9830836,48.76487,12.60268
1742842221353,205.1234,11206,Eye Hit,Center,881.8076,779.4213,48.72448,NE_Tree_30,11.02704,-0.8572269,48.72448,12.78924
1742842221369,205.1436,11207,Eye Hit,Center,879.0378,774.3458,48.76069,NE_Tree_30,10.84633,-1.204011,48.76069,12.61526
1742842221404,205.1763,11209,Eye Hit,Center,886.2327,768.7961,48.6463,NE_Tree_30,11.31044,-1.578789,48.6463,13.21138
1742842221421,205.1943,11210,Eye Hit,Center,887.9205,766.5927,48.6112,NE_Tree_30,11.41702,-1.72746,48.6112,13.36224
1742842221440,205.2124,11211,Eye Hit,Center,886.8705,762.3937,48.61843,NE_Tree_30,11.34732,-2.013252,48.61843,13.3353
1742842221457,205.2303,11212,Eye Hit,Center,888.2305,759.8503,48.58752,NE_Tree_30,11.43254,-2.184816,48.58752,13.47167
1742842221477,205.2477,11213,Eye Hit,Center,893.0719,758.8535,48.50926,NE_Tree_30,11.7426,-2.248926,48.50926,13.84566
1742842221495,205.268,11214,Eye Hit,Center,895.5476,758.9603,48.46713,NE_Tree_30,11.90022,-2.239731,48.46713,14.02775
1742842221512,205.2856,11215,Eye Hit,Center,896.5374,757.2214,48.44815,NE_Tree_30,11.96264,-2.356691,48.44815,14.12583
1742842221529,205.3028,11216,Eye Hit,Center,898.6751,759.9466,48.41775,NE_Tree_30,12.09989,-2.170661,48.41775,14.24612
1742842221547,205.3195,11217,Eye Hit,Center,900.5635,762.0477,48.39015,NE_Tree_30,12.2208,-2.027216,48.39015,14.35925
1742842221565,205.3381,11218,Eye Hit,Center,900.9127,760.3079,48.38213,NE_Tree_30,12.24241,-2.14461,48.38213,14.40714
1742842221581,205.357,11219,Eye Hit,Center,901.3108,763.1641,48.3777,NE_Tree_30,12.26823,-1.951154,48.3777,14.40125
1742842221618,205.3901,11221,Eye Hit,Center,898.508,779.8984,48.44445,NE_Tree_30,12.09524,-0.819975,48.44445,14.04949
1742842221633,205.4087,11222,Eye Hit,Center,904.7117,781.4082,48.35183,NE_Tree_30,12.49166,-0.7163016,48.35183,14.50839
1742842221668,205.4415,11224,Eye Hit,Center,908.5441,777.0039,48.2841,NE_Tree_30,12.73298,-1.012735,48.2841,14.81771
1742842221686,205.4592,11225,Eye Hit,Center,915.9333,770.5953,48.13743,NE_Tree_30,13.1918,-1.441138,48.13743,15.4122
1742842221706,205.4777,11226,Eye Hit,Center,920.793,767.8574,48.05529,NE_Tree_30,13.49593,-1.622699,48.05529,15.79431
1742842221721,205.496,11227,Eye Hit,Center,918.9256,769.2854,48.08454,NE_Tree_30,13.37855,-1.527647,48.08454,15.64425
1742842221759,205.5325,11229,Eye Hit,Center,931.374,758.7488,47.83806,NE_Tree_30,14.14289,-2.224815,47.83806,16.66121
1742842221777,205.5501,11230,,Center,936.9833,771.7842,47.77807,,14.49999,-1.35093,47.77807,16.95125
1742842221793,205.5674,11231,,Center,937.6763,793.5101,47.78105,,14.54721,0.1009162,47.78105,16.93355
1742842221829,205.6021,11233,Eye Hit,Center,908.0768,775.9561,48.30588,NorthSidewalk,12.70715,-1.083982,48.30588,14.78927
1742842221845,205.6197,11234,Eye Hit,Center,909.3969,762.1867,48.25375,NorthSidewalk,12.78253,-2.012122,48.25375,15.01149
1742842221881,205.6515,11236,Eye Hit,Center,901.7921,739.6305,48.30013,NorthSidewalk,12.28107,-3.537853,48.30013,14.82112
1742842221898,205.6711,11237,Eye Hit,Center,901.0139,741.4244,48.32649,NorthSidewalk,12.23517,-3.418529,48.32649,14.72833
1742842221915,205.6896,11238,Eye Hit,Center,902.2983,735.3199,48.27514,NorthSidewalk,12.30889,-3.827077,48.27514,14.94998
1742842221952,205.722,11240,,Center,914.1267,743.2693,48.11855,,13.06504,-3.279656,48.11855,15.63915
1742842221968,205.7427,11241,,Center,915.5626,751.3956,48.12883,,13.16449,-2.733324,48.12883,15.60823
1742842222002,205.7748,11243,,Center,909.3688,753.0869,48.24032,,12.77707,-2.625542,48.24032,15.13077
1742842222020,205.7932,11244,,Center,905.1452,747.5099,48.28636,,12.50402,-3.004699,48.28636,14.91325
1742842222038,205.8109,11245,,Center,905.0752,729.0078,48.20306,,12.47773,-4.246922,48.20306,15.29315
1742842222055,205.8293,11246,,Center,903.799,723.8339,48.19274,,12.38904,-4.59476,48.19274,15.33272
1742842222090,205.8613,11248,Eye Hit,Center,901.6162,726.2892,48.24459,NorthSidewalk,12.25508,-4.434026,48.24459,15.11678
1742842222107,205.8804,11249,Eye Hit,Center,904.5363,730.3489,48.22419,NorthSidewalk,12.44686,-4.15833,48.22419,15.22311
1742842222124,205.8977,11250,Eye Hit,Center,904.6531,729.3731,48.21631,NorthSidewalk,12.45269,-4.223454,48.21631,15.25459
1742842222141,205.9144,11251,Eye Hit,Center,906.4019,726.0311,48.17134,NorthSidewalk,12.55891,-4.444682,48.17134,15.45925
1742842222178,205.951,11253,Eye Hit,Center,903.167,727.3433,48.2329,NorthSidewalk,12.35673,-4.361838,48.2329,15.19934
1742842222193,205.9684,11254,Eye Hit,Center,901.5503,727.7234,48.26023,NorthSidewalk,12.2546,-4.338656,48.26023,15.07605
1742842222230,206.0006,11256,Eye Hit,Center,891.7457,715.3127,48.33249,NorthSidewalk,11.61016,-5.184128,48.33249,14.73902
1742842222247,206.0204,11257,Eye Hit,Center,895.9929,714.2552,48.25968,NorthSidewalk,11.87935,-5.247698,48.25968,15.06163
1742842222263,206.0384,11258,Eye Hit,Center,896.8549,718.7582,48.27566,NorthSidewalk,11.94148,-4.945386,48.27566,14.98847
1742842222300,206.0696,11260,,Center,900.1565,744.5883,48.35802,,12.18516,-3.206761,48.35802,14.60416
1742842222316,206.0912,11261,,Center,898.4555,748.6217,48.39883,,12.0803,-2.936435,48.39883,14.40594
1742842222349,206.1239,11263,,Center,822.3446,755.2236,49.39054,,7.070036,-2.540541,49.39054,8.64879
1742842222386,206.1597,11265,,Center,837.7771,759.1061,49.24167,,8.111602,-2.265487,49.24167,9.705633
1742842222419,206.1937,11267,,Center,858.5133,763.4564,49.00997,,9.494866,-1.956618,49.00997,11.18891
1742842222456,206.2291,11269,,Center,898.9083,764.5706,48.43027,,12.11882,-1.858,48.43027,14.20632
1742842222472,206.2467,11270,,Center,907.1422,775.325,48.32074,,12.6479,-1.126969,48.32074,14.72363
1742842222504,206.2779,11272,,Center,836.9297,783.1472,49.29341,,8.061702,-0.610355,49.29341,9.314328
1742842222523,206.2949,11273,,Center,882.6953,786.3622,48.6972,,11.08133,-0.3839975,48.6972,12.82714
1742842222538,206.3133,11274,,Center,762.0857,799.1976,49.84641,,2.934144,0.5018002,49.84641,3.417645
1742842222553,206.33,11275,,Center,792.7113,800.2332,49.66962,,5.051329,0.5719729,49.66962,5.843786
1742842222581,206.3587,11277,,Center,667.5904,799.6284,49.77987,,-3.64903,0.5311321,49.77987,4.236512
1742842222605,206.3829,11278,,Center,657.9858,752.8646,49.65781,,-4.307167,-2.71813,49.65781,5.85605
1742842222633,206.4099,11279,,Center,721.9797,753.9415,49.83136,,0.1379786,-2.652571,49.83136,3.051141
1742842222657,206.4319,11280,Eye Hit,Center,710.2357,687.7723,49.37826,NorthSidewalk,-0.6743549,-7.198334,49.37826,8.329942
1742842222681,206.4553,11281,Eye Hit,Center,691.8111,676.4326,49.23044,NorthSidewalk,-1.940997,-7.957597,49.23044,9.44627
1742842222706,206.481,11282,Eye Hit,Center,671.7428,672.7695,49.12256,NorthSidewalk,-3.315553,-8.191837,49.12256,10.19866
1742842222732,206.5073,11283,Eye Hit,Center,743.3317,670.337,49.16164,NorthSidewalk,1.6043,-8.365615,49.16164,9.829854
1742842222757,206.5296,11284,Eye Hit,Center,743.8185,666.3347,49.11998,NorthSidewalk,1.636381,-8.63349,49.11998,10.14251
1742842222784,206.5539,11285,Eye Hit,Center,759.6906,670.2231,49.12477,NorthSidewalk,2.7271,-8.367166,49.12477,10.15643
1742842222811,206.5788,11286,Eye Hit,Center,833.0992,679.801,48.7202,NorthSidewalk,7.70693,-7.645589,48.7202,12.56159
1742842222841,206.6035,11287,,Center,882.1016,693.6661,48.25394,,10.9404,-6.636651,48.25394,14.85186
1742842222868,206.6329,11288,,Center,975.0267,696.6025,46.64471,,16.63799,-6.223752,46.64471,20.84859
1742842222897,206.661,11289,,Center,987.4592,718.728,46.54015,,17.40998,-4.769562,46.54015,21.19973
1742842222927,206.6894,11290,,Center,924.8933,731.4763,47.83242,,13.70765,-4.049121,47.83242,16.6371
1742842222957,206.7187,11291,Eye Hit,Center,818.5972,747.9218,49.36645,NorthSidewalk,6.807843,-3.043467,49.36645,8.590022
1742842222988,206.7494,11292,,Center,782.2584,817.0141,49.71441,,4.329056,1.739321,49.71441,5.361181
1742842223018,206.7811,11293,,Center,763.329,844.4339,49.7151,,3.012864,3.645973,49.7151,5.43455
1742842223046,206.8095,11294,Eye Hit,Center,745.3473,843.4984,49.78487,NorthSidewalk,1.764986,3.585952,49.78487,4.589878
1742842223077,206.8365,11295,Eye Hit,Center,723.8289,840.0743,49.83642,NorthSidewalk,0.2668914,3.350984,49.83642,3.858945
1742842223107,206.8678,11296,Eye Hit,Center,822.067,852.0013,49.274,NorthSidewalk,7.034224,4.135149,49.274,9.402702
1742842223135,206.8978,11297,Eye Hit,Center,780.0413,845.7571,49.63344,NorthSidewalk,4.168093,3.731842,49.63344,6.431145
1742842223153,206.9255,11298,Eye Hit,Center,702.7262,850.922,49.76985,NorthSidewalk,-1.202451,4.101634,49.76985,4.908559
1742842223176,206.9427,11299,Eye Hit,Center,638.7408,879.2757,49.2729,MicroBus1-Detailed,-5.600073,6.014705,49.2729,9.469069
1742842223193,206.9663,11300,Eye Hit,Center,681.2485,880.951,49.49702,MicroBus1-Detailed,-2.682754,6.158042,49.49702,7.728144
1742842223210,206.984,11301,Eye Hit,Center,602.3875,870.5296,49.0055,MicroBus1-Detailed,-8.061414,5.382587,49.0055,11.18861
1742842223249,207.0221,11303,Eye Hit,Center,618.4523,863.2567,49.21783,MicroBus1-Detailed,-6.990458,4.90525,49.21783,9.843387
1742842223265,207.0399,11304,Eye Hit,Center,551.828,840.2684,48.52562,MicroBus1-Detailed,-11.414,3.276021,48.52562,13.75076
1742842223305,207.0768,11306,Eye Hit,Center,581.2663,824.1938,48.9917,MicroBus1-Detailed,-9.50643,2.206009,48.9917,11.26572
1742842223321,207.0951,11307,Eye Hit,Center,602.7097,826.858,49.23436,MicroBus1-Detailed,-8.076873,2.400396,49.23436,9.711567
1742842223359,207.1311,11309,Eye Hit,Center,593.5693,817.6898,49.15224,MicroBus1-Detailed,-8.691781,1.766106,49.15224,10.22882
1742842223377,207.1489,11310,Eye Hit,Center,609.6707,811.6593,49.34965,MicroBus1-Detailed,-7.615315,1.356954,49.34965,8.908276
1742842223394,207.1682,11311,Eye Hit,Center,635.157,812.8498,49.58891,MicroBus1-Detailed,-5.884555,1.446101,49.58891,6.966832
1742842223428,207.2008,11313,Eye Hit,Center,675.702,847.3709,49.71006,MicroBus1-Detailed,-3.079933,3.849808,49.71006,5.663997
1742842223447,207.2177,11314,Eye Hit,Center,692.1573,848.5868,49.75649,MicroBus1-Detailed,-1.937644,3.938018,49.75649,5.040883
1742842223463,207.2365,11315,Eye Hit,Center,723.7649,845.9649,49.81342,MicroBus1-Detailed,0.2623071,3.759853,49.81342,4.326898
1742842223499,207.271,11317,,Center,776.4812,840.1166,49.68552,,3.925065,3.343777,49.68552,5.9248
1742842223515,207.2899,11318,,Center,794.9506,842.2698,49.55529,,5.194912,3.484253,49.55529,7.194184
1742842223549,207.3225,11320,Eye Hit,Center,817.871,839.6204,49.38147,SouthSidewalk,6.759749,3.289047,49.38147,8.655805
1742842223565,207.3396,11321,Eye Hit,Center,808.5405,813.1797,49.55145,SouthSidewalk,6.136368,1.467872,49.55145,7.256527
1742842223597,207.371,11323,Eye Hit,Center,750.2886,724.6694,49.68881,RoadWest,2.104989,-4.679333,49.68881,5.895614
1742842223614,207.388,11324,Eye Hit,Center,767.8152,729.2385,49.64809,RoadWest,3.320329,-4.358216,49.64809,6.297405
1742842223629,207.4053,11325,Eye Hit,Center,687.8232,645.0966,48.88556,RoadCrosswalk,-2.20007,-10.04443,48.88556,11.87841
1742842223662,207.4362,11327,Eye Hit,Center,669.426,592.8594,48.01215,RoadCrosswalk,-3.396183,-13.37285,48.01215,16.03318
1742842223695,207.4693,11329,Eye Hit,Center,660.348,533.0842,46.83119,RoadCrosswalk,-3.907266,-16.95925,46.83119,20.3862
1742842223727,207.5011,11331,Eye Hit,Center,661.4619,508.1839,46.30565,RoadCrosswalk,-3.791275,-18.38163,46.30565,22.06363
1742842223763,207.5361,11333,Eye Hit,Center,676.8841,472.6364,45.55275,RoadCrosswalk,-2.747039,-20.34759,45.55275,24.26272
1742842223778,207.554,11334,Eye Hit,Center,691.6093,478.6311,45.73177,RoadCrosswalk,-1.815962,-20.04411,45.73177,23.75393
1742842223811,207.5848,11336,Eye Hit,Center,710.9105,410.8787,44.09322,RoadCrosswalk,-0.5605615,-23.50433,44.09322,28.06705
1742842223843,207.6164,11338,Eye Hit,Center,725.5593,323.6753,41.80184,RoadCrosswalk,0.325036,-27.38138,41.80184,33.22778
1742842223859,207.6339,11339,Eye Hit,Center,719.4362,289.4528,40.88563,RoadCrosswalk,-0.03223981,-28.73826,40.88563,35.10317
1742842223892,207.6657,11341,Eye Hit,Center,698.3679,285.1088,40.7573,RoadCrosswalk,-1.233152,-28.89569,40.7573,35.36009
1742842223924,207.6981,11343,Eye Hit,Center,705.4406,287.2858,40.82199,RoadCrosswalk,-0.8312848,-28.81726,40.82199,35.23045
1742842223956,207.7301,11345,Eye Hit,Center,688.868,265.1953,40.21089,RoadCrosswalk,-1.750911,-29.62827,40.21089,36.43131
1742842223989,207.763,11347,Eye Hit,Center,689.4246,274.366,40.46014,RoadCrosswalk,-1.730263,-29.29295,40.46014,35.95177
1742842224020,207.7945,11349,Eye Hit,Center,704.7074,266.284,40.26376,RoadCrosswalk,-0.861208,-29.60591,40.26376,36.33858
1742842224052,207.8264,11351,Eye Hit,Center,722.4583,237.0513,39.48894,RoadCrosswalk,0.1357748,-30.65076,39.48894,37.81838
1742842224084,207.8588,11353,Eye Hit,Center,735.3614,212.3505,38.82722,RoadCrosswalk,0.8342176,-31.47855,38.82722,39.04269
1742842224115,207.8904,11355,Eye Hit,Center,739.7992,201.9236,38.54854,RoadCrosswalk,1.0675,-31.81479,38.54854,39.54929
1742842224147,207.9212,11357,Eye Hit,Center,733.6197,205.7699,38.65626,RoadCrosswalk,0.7363771,-31.69574,38.65626,39.35721
1742842224179,207.9545,11359,Eye Hit,Center,692.5393,318.7961,41.6727,RoadCrosswalk,-1.600576,-27.58118,41.6727,33.54303
1742842224210,207.985,11361,Eye Hit,Center,618.5591,580.6181,47.51062,RoadCrosswalk,-6.740884,-14.0466,47.51062,18.15605
1742842224243,208.0158,11363,Eye Hit,Center,617.7382,738.3033,49.35768,SouthWalkingPole,-7.059614,-3.70694,49.35768,9.176781
1742842224258,208.0327,11364,Eye Hit,Center,621.7383,733.5833,49.37284,SouthSidewalk,-6.785555,-4.034018,49.37284,9.084002
1742842224289,208.0637,11366,,Center,652.1075,793.536,49.77455,,-4.726526,0.1069341,49.77455,5.425853
1742842224322,208.0956,11368,,Center,639.9609,804.5116,49.68007,,-5.561571,0.8693778,49.68007,6.464475
1742842224353,208.1277,11370,,Center,651.9886,805.901,49.76146,,-4.73356,0.9675031,49.76146,5.545599
1742842224386,208.16,11372,,Center,649.0413,812.3677,49.73053,,-4.935617,1.4167,49.73053,5.895148
1742842224418,208.1939,11374,,Center,655.6467,790.2424,49.79084,,-4.481599,-0.1224007,49.79084,5.145137
1742842224450,208.2249,11376,,Center,664.2664,785.3268,49.83629,,-3.884863,-0.4651505,49.83629,4.489081
1742842224484,208.2569,11378,,Center,674.9514,781.1553,49.88403,,-3.143081,-0.7566476,49.88403,3.708029
1742842224500,208.2738,11379,,Center,678.9149,779.535,49.89689,,-2.867283,-0.8699204,49.89689,3.436498
1742842224531,208.3058,11381,,Center,635.4893,777.6444,49.6318,,-5.866575,-0.9965399,49.6318,6.836871
1742842224563,208.3385,11383,Eye Hit,Center,592.5599,784.5395,49.20928,HighMale2,-8.771343,-0.513487,49.20928,10.12353
1742842224595,208.3689,11385,,Center,602.3715,782.5978,49.31942,,-8.114155,-0.648578,49.31942,9.372028
1742842224627,208.4013,11387,,Center,610.787,781.2303,49.40673,,-7.546985,-0.7442243,49.40673,8.726386
1742842224659,208.4328,11389,Eye Hit,Center,639.9695,782.9703,49.66975,HighMale2,-5.559816,-0.6273064,49.66975,6.427058
1742842224675,208.4506,11390,Eye Hit,Center,651.3116,783.0386,49.75085,HighMale2,-4.779658,-0.6235775,49.75085,5.533889
1742842224709,208.4831,11392,Eye Hit,Center,680.3328,788.0103,49.90527,HighMale2,-2.768793,-0.2784828,49.90527,3.191569
1742842224725,208.5002,11393,Eye Hit,Center,693.8505,789.7685,49.94902,HighMale2,-1.82685,-0.1558978,49.94902,2.102172
1742842224742,208.5172,11394,,Center,698.5901,791.7654,49.95958,,-1.496051,-0.01639432,49.95958,1.715434
1742842224777,208.5504,11396,,Center,736.7769,807.2703,49.95641,,1.172238,1.066968,49.95641,1.817254
1742842224794,208.5686,11397,,Center,754.5362,806.2042,49.91305,,2.411025,0.9916212,49.91305,2.98983
1742842224833,208.6015,11399,,Center,773.907,809.9507,49.82335,,3.756565,1.250913,49.82335,4.54364
1742842224849,208.6245,11400,,Center,790.1185,814.5519,49.71703,,4.875855,1.568196,49.71703,5.881866
1742842224891,208.6638,11402,,Center,731.4776,809.8692,49.95625,,0.8019636,1.248557,49.95625,1.701459
1742842224909,208.6815,11403,,Center,685.2512,797.0649,49.91779,,-2.426094,0.3536233,49.91779,2.811811
1742842224929,208.6998,11404,,Center,707.3549,797.2571,49.96692,,-0.8837256,0.3673988,49.96692,1.097357
1742842224946,208.7205,11405,,Center,681.3275,783.7744,49.89977,,-2.699065,-0.5740861,49.89977,3.165268
1742842224980,208.7558,11407,,Center,708.5029,775.8017,49.95629,,-0.8033226,-1.131806,49.95629,1.591393
1742842225017,208.7899,11409,,Center,752.2525,775.5802,49.91077,,2.251493,-1.146237,49.91077,2.897797
1742842225033,208.8082,11410,Eye Hit,Center,739.0306,783.0093,49.95383,SE_Tree_10,1.329637,-0.6281699,49.95383,1.686208
1742842225069,208.8413,11412,,Center,747.7545,777.9645,49.92661,,1.938114,-0.9801057,49.92661,2.490729
1742842225085,208.8609,11413,,Center,761.3956,776.7723,49.87785,,2.887853,-1.06232,49.87785,3.530252
1742842225120,208.8941,11415,Eye Hit,Center,622.8123,775.3105,49.50251,Jeep5-Detailed,-6.729012,-1.155537,49.50251,7.852805
1742842225156,208.9294,11417,,Center,516.9986,772.6639,48.05237,,-13.64353,-1.299562,48.05237,15.91897
1742842225173,208.9461,11418,,Center,490.0604,760.4415,47.52895,,-15.28568,-2.09791,47.52895,17.98461
1742842225189,208.9628,11419,,Center,497.0343,759.5391,47.65753,,-14.86218,-2.163737,47.65753,17.49179
1742842225208,208.9798,11420,,Center,510.3046,754.0988,47.88584,,-14.04458,-2.538474,47.88584,16.59644
1742842225224,208.9986,11421,,Center,515.3564,753.5801,47.97183,,-13.73085,-2.577839,47.97183,16.23703
1742842225258,209.0328,11423,Eye Hit,Center,546.2277,754.6102,48.48765,Sedan5-Detailed,-11.78486,-2.535695,48.48765,13.96133
1742842225294,209.0673,11425,Eye Hit,Center,554.291,752.6236,48.60475,Sedan5-Detailed,-11.26517,-2.676872,48.60475,13.39951
1742842225312,209.0843,11426,Eye Hit,Center,560.5691,752.8456,48.69416,Sedan5-Detailed,-10.85831,-2.666678,48.69416,12.93187
1742842225328,209.1017,11427,Eye Hit,Center,569.5539,753.9037,48.82704,Sedan5-Detailed,-10.27435,-2.601695,48.82704,12.24691
1742842225364,209.1372,11429,,Center,588.8583,760.2365,49.0935,,-9.004877,-2.181046,49.0935,10.68752
1742842225380,209.1551,11430,,Center,593.4557,761.3068,49.14803,,-8.698845,-2.109894,49.14803,10.32182
1742842225413,209.1864,11432,,Center,594.7914,765.2251,49.17402,,-8.61158,-1.84152,49.17402,10.15313
1742842225431,209.2034,11433,,Center,601.1689,766.9153,49.25122,,-8.185781,-1.72798,49.25122,9.640656
1742842225447,209.2225,11434,,Center,603.1854,768.8232,49.27388,,-8.050571,-1.59729,49.27388,9.456898
1742842225480,209.2544,11436,,Center,615.1766,770.2737,49.40319,,-7.24313,-1.501253,49.40319,8.515576
1742842225514,209.288,11438,,Center,607.9006,768.3842,49.32204,,-7.733167,-1.62913,49.32204,9.103168
1742842225530,209.305,11439,,Center,602.0307,775.7415,49.27757,,-8.130761,-1.120578,49.27757,9.456315
1742842225564,209.3371,11441,Eye Hit,Center,603.5493,771.9418,49.28896,SE_Tree_50,-8.027949,-1.382788,49.28896,9.384666
1742842225580,209.3549,11442,Eye Hit,Center,596.372,771.0193,49.20255,SE_Tree_50,-8.5078,-1.443846,49.20255,9.947717
1742842225615,209.3888,11444,,Center,570.938,770.4913,48.87877,,-10.19061,-1.470442,48.87877,11.89527
1742842225632,209.4057,11445,Eye Hit,Center,563.9255,779.1671,48.80033,SE_Tree_50,-10.6529,-0.8759125,48.80033,12.35452
1742842225649,209.423,11446,Eye Hit,Center,547.3112,778.5191,48.5489,SE_Tree_50,-11.72618,-0.9154017,48.5489,13.61854
1742842225685,209.4581,11448,,Center,524.0745,803.105,48.16977,,-13.20013,0.7481763,48.16977,15.34819
1742842225701,209.4755,11449,Eye Hit,Center,571.1252,840.7071,48.79852,SE_Tree_30,-10.1611,3.32439,48.79852,12.35749
1742842225718,209.4926,11450,Eye Hit,Center,547.8764,841.26,48.45608,SE_Tree_30,-11.66545,3.338532,48.45608,14.05822
1742842225754,209.5289,11452,,Center,517.5356,855.7076,47.88466,,-13.55995,4.266781,47.88466,16.53445
1742842225793,209.5624,11454,,Center,490.499,853.6009,47.39963,,-15.21502,4.083899,47.39963,18.38455
1742842225809,209.5837,11455,Eye Hit,Center,550.1384,864.9754,48.36357,SE_Tree_10,-11.49017,4.936371,48.36357,14.49779
1742842225848,209.6172,11457,Eye Hit,Center,545.5081,873.2043,48.23717,SE_Tree_10,-11.77254,5.478654,48.23717,15.06627
1742842225866,209.6397,11458,,Center,588.7755,871.1839,48.85039,,-8.96594,5.410255,48.85039,12.0991
1742842225884,209.657,11459,,Center,555.631,872.731,48.39587,,-11.12605,5.464642,48.39587,14.36632
1742842225905,209.6737,11460,,Center,582.0275,868.9567,48.78419,,-9.414225,5.25096,48.78419,12.46018
1742842225922,209.6948,11461,,Center,549.6886,868.3493,48.33936,,-11.51483,5.162009,48.33936,14.63049
1742842225939,209.7119,11462,,Center,593.1381,863.6635,48.95824,,-8.687,4.907236,48.95824,11.51859
1742842225955,209.7291,11463,,Center,561.5242,863.5035,48.54816,,-10.7609,4.855266,48.54816,13.66744
1742842225990,209.7629,11465,Eye Hit,Center,593.5861,856.8723,49.0052,SouthWalkingPole,-8.664625,4.446464,49.0052,11.24008
1742842226008,209.7799,11466,,Center,721.1115,845.3353,49.8281,,0.07746394,3.717086,49.8281,4.26719
1742842226023,209.797,11467,,Center,692.6893,843.3733,49.80035,,-1.902298,3.578347,49.80035,4.652317
1742842226055,209.8284,11469,Eye Hit,Center,712.8141,745.7564,49.8599,SouthSidewalk,-0.5011256,-3.224896,49.8599,3.744968
1742842226085,209.8604,11471,Eye Hit,Center,707.0579,739.3832,49.82255,SouthSidewalk,-0.9018669,-3.6666,49.82255,4.333953
1742842226115,209.8915,11473,Eye Hit,Center,729.5645,737.4304,49.81602,SouthSidewalk,0.6664171,-3.80218,49.81602,4.430891
1742842226145,209.9202,11475,Eye Hit,Center,687.8172,732.8139,49.74541,SouthSidewalk,-2.239185,-4.117993,49.74541,5.382995
1742842226185,209.9651,11477,Eye Hit,Center,692.6823,722.5455,49.69161,SouthSidewalk,-1.898627,-4.827214,49.69161,5.959372
1742842226214,209.9897,11479,Eye Hit,Center,683.4915,721.6024,49.65598,SouthSidewalk,-2.535584,-4.88925,49.65598,6.329114
1742842226243,210.0178,11481,Eye Hit,Center,708.4433,724.4197,49.7304,SouthSidewalk,-0.8038393,-4.70062,49.7304,5.477579
1742842226273,210.0474,11483,Eye Hit,Center,691.364,729.9625,49.73124,SouthSidewalk,-1.99184,-4.315155,49.73124,5.459015
1742842226302,210.0764,11485,Eye Hit,Center,662.5184,727.1234,49.59465,SouthSidewalk,-3.98728,-4.500241,49.59465,6.912478
1742842226315,210.0937,11486,Eye Hit,Center,657.2272,727.8319,49.56437,SouthSidewalk,-4.351652,-4.448377,49.56437,7.156206
1742842226346,210.1207,11488,Eye Hit,Center,650.5387,716.7378,49.44846,SouthSidewalk,-4.804063,-5.205263,49.44846,8.151987
1742842226377,210.1531,11490,Eye Hit,Center,629.7736,718.4227,49.30006,SouthSidewalk,-6.221482,-5.073456,49.30006,9.248688
1742842226407,210.1813,11492,Eye Hit,Center,632.4873,714.3759,49.29454,SouthSidewalk,-6.033689,-5.351902,49.29454,9.292019
1742842226436,210.2104,11494,Eye Hit,Center,641.2474,710.7145,49.33657,SouthSidewalk,-5.434341,-5.609125,49.33657,8.995188
1742842226465,210.2402,11496,Eye Hit,Center,651.7324,709.0327,49.39688,SouthSidewalk,-4.716578,-5.732172,49.39688,8.546288
1742842226494,210.2695,11498,Eye Hit,Center,735.4954,721.6594,49.69782,SouthSidewalk,1.077096,-4.889406,49.69782,5.75265
1742842226523,210.2984,11500,Eye Hit,Center,740.3885,715.821,49.63698,SouthSidewalk,1.415478,-5.288757,49.63698,6.294198
1742842226553,210.3281,11502,Eye Hit,Center,749.9971,716.9257,49.62256,SouthSidewalk,2.081952,-5.210546,49.62256,6.451328
1742842226582,210.3572,11504,Eye Hit,Center,752.716,720.9086,49.64384,SouthSidewalk,2.271634,-4.936229,49.64384,6.246514
1742842226611,210.3856,11506,Eye Hit,Center,754.9551,714.0956,49.59002,SouthSidewalk,2.424473,-5.403427,49.59002,6.810485
1742842226641,210.4148,11508,Eye Hit,Center,760.7018,711.6531,49.55312,SouthSidewalk,2.820962,-5.56869,49.55312,7.17999
1742842226669,210.4432,11510,Eye Hit,Center,760.7272,711.7125,49.55602,SouthSidewalk,2.822888,-5.564897,49.55602,7.176738
1742842226698,210.473,11512,Eye Hit,Center,762.204,711.5824,49.54634,SouthSidewalk,2.924677,-5.572829,49.54634,7.239257
1742842226727,210.502,11514,Eye Hit,Center,761.8064,708.7858,49.52882,SouthSidewalk,2.896101,-5.764586,49.52882,7.421084
1742842226756,210.5309,11516,Eye Hit,Center,764.1306,707.0587,49.50793,SouthSidewalk,3.05582,-5.881748,49.50793,7.625501
1742842226785,210.5612,11518,Eye Hit,Center,770.0172,710.9333,49.50156,SouthSidewalk,3.462992,-5.612733,49.50156,7.588817
1742842226814,210.5904,11520,Eye Hit,Center,769.6072,714.7665,49.5354,SouthSidewalk,3.436952,-5.350994,49.5354,7.315983
1742842226843,210.6183,11522,Eye Hit,Center,751.5285,715.657,49.61563,SouthSidewalk,2.187939,-5.297863,49.61563,6.589933
1742842226873,210.648,11524,Eye Hit,Center,709.9333,715.206,49.65962,SouthSidewalk,-0.6992028,-5.333886,49.65962,6.182599
1742842226903,210.6768,11526,Eye Hit,Center,709.9147,714.9514,49.66166,SouthSidewalk,-0.7005253,-5.351786,49.66166,6.202796
1742842226932,210.707,11528,Eye Hit,Center,713.3678,717.5736,49.68748,SouthSidewalk,-0.460913,-5.172339,49.68748,5.966341
1742842226962,210.737,11530,Eye Hit,Center,723.4968,726.2491,49.74833,SouthSidewalk,0.2433132,-4.575023,49.74833,5.26172
1742842226992,210.7664,11532,Eye Hit,Center,725.3762,732.3347,49.78883,SouthSidewalk,0.3743909,-4.154958,49.78883,4.78962
1742842227021,210.7964,11534,Eye Hit,Center,727.9728,734.6819,49.79621,SouthSidewalk,0.5552912,-3.992098,49.79621,4.627492
1742842227052,210.8272,11536,Eye Hit,Center,728.3743,735.1187,49.80291,SouthSidewalk,0.5833344,-3.962205,49.80291,4.597596
1742842227081,210.8581,11538,Eye Hit,Center,732.6938,731.8743,49.78418,SouthSidewalk,0.8838824,-4.186625,49.78418,4.912468
1742842227112,210.8858,11540,Eye Hit,Center,735.0401,741.397,49.83556,SouthSidewalk,1.048343,-3.52719,49.83556,4.222806
1742842227142,210.9164,11542,Eye Hit,Center,735.41,737.7393,49.81913,SouthSidewalk,1.073768,-3.780892,49.81913,4.510931
1742842227174,210.9469,11544,Eye Hit,Center,734.4368,737.3059,49.81966,SouthSidewalk,1.00597,-3.811132,49.81966,4.523723
1742842227188,210.964,11545,Eye Hit,Center,734.7056,735.8519,49.81097,SouthSidewalk,1.024523,-3.911763,49.81097,4.641145
1742842227217,210.9924,11547,Eye Hit,Center,733.0778,733.7574,49.8035,SouthSidewalk,0.9109806,-4.057081,49.8035,4.772575
1742842227247,211.0225,11549,Eye Hit,Center,731.5723,733.3607,49.80449,SouthSidewalk,0.8061221,-4.084794,49.80449,4.778728
1742842227276,211.0513,11551,Eye Hit,Center,729.4244,735.5591,49.81997,SouthSidewalk,0.6567033,-3.932878,49.81997,4.575901
1742842227307,211.0806,11553,Eye Hit,Center,712.1525,741.4452,49.85239,SouthSidewalk,-0.547177,-3.525017,49.85239,4.092899
1742842227338,211.1114,11555,Eye Hit,Center,701.3017,739.3923,49.82839,SouthSidewalk,-1.303142,-3.666395,49.82839,4.46515
1742842227367,211.1415,11557,Eye Hit,Center,692.2458,731.1306,49.76295,SouthSidewalk,-1.931737,-4.236606,49.76295,5.345515
1742842227397,211.1714,11559,Eye Hit,Center,690.8135,724.3265,49.71687,SouthSidewalk,-2.029546,-4.705821,49.71687,5.885331
1742842227426,211.2012,11561,Eye Hit,Center,686.874,721.5985,49.68673,SouthSidewalk,-2.302088,-4.89255,49.68673,6.210662
1742842227456,211.2312,11563,Eye Hit,Center,683.5818,717.5734,49.64684,SouthSidewalk,-2.528851,-5.168118,49.64684,6.610613
1742842227486,211.2609,11565,Eye Hit,Center,682.1771,712.4251,49.60355,SouthSidewalk,-2.624099,-5.520796,49.60355,7.02518
1742842227516,211.2911,11567,Eye Hit,Center,681.9068,706.2877,49.55402,SouthSidewalk,-2.640215,-5.940663,49.55402,7.473911
1742842227545,211.3204,11569,Eye Hit,Center,673.9285,705.0828,49.51184,SouthSidewalk,-3.190465,-6.019044,49.51184,7.834136
1742842227575,211.3504,11571,Eye Hit,Center,666.9222,703.384,49.46429,SouthSidewalk,-3.672128,-6.130798,49.46429,8.221011
1742842227607,211.3798,11573,Eye Hit,Center,668.9278,690.6942,49.36065,SouthSidewalk,-3.525969,-6.994038,49.36065,9.016546
1742842227620,211.3965,11574,Eye Hit,Center,668.3432,689.6674,49.34738,SouthSidewalk,-3.56537,-7.063028,49.34738,9.108757
1742842227650,211.4249,11576,Eye Hit,Center,671.2272,688.1274,49.34631,SouthSidewalk,-3.366243,-7.169165,49.34631,9.118265
1742842227679,211.4543,11578,Eye Hit,Center,664.6561,691.7612,49.34869,SouthSidewalk,-3.819954,-6.918695,49.34869,9.098655
1742842227708,211.484,11580,Eye Hit,Center,637.9202,712.9236,49.35361,SouthSidewalk,-5.665887,-5.45857,49.35361,9.057401
1742842227738,211.5129,11582,Eye Hit,Center,629.4159,718.9113,49.32713,SouthSidewalk,-6.24958,-5.042533,49.32713,9.246371
1742842227768,211.5421,11584,Eye Hit,Center,626.2442,723.3404,49.32907,SouthSidewalk,-6.468653,-4.737151,49.32907,9.231886
1742842227797,211.5719,11586,Eye Hit,Center,627.063,729.8488,49.37558,SouthSidewalk,-6.418207,-4.292148,49.37558,8.887676
1742842227827,211.6023,11588,Eye Hit,Center,627.3196,731.2512,49.38634,SouthSidewalk,-6.401882,-4.196211,49.38634,8.810374
1742842227856,211.6311,11590,Eye Hit,Center,628.0623,735.0701,49.41219,SouthSidewalk,-6.353902,-3.93448,49.41219,8.600626
1742842227886,211.6607,11592,Eye Hit,Center,628.4332,739.7816,49.44034,SouthSidewalk,-6.331872,-3.610918,49.44034,8.386867
1742842227915,211.6906,11594,Eye Hit,Center,632.0983,744.9985,49.4969,SouthSidewalk,-6.085383,-3.25389,49.4969,7.936843
1742842227945,211.7193,11596,Eye Hit,Center,632.495,745.173,49.50202,SouthSidewalk,-6.058549,-3.242143,49.50202,7.902862
1742842227974,211.7484,11598,Eye Hit,Center,632.968,749.5332,49.52555,SouthSidewalk,-6.028664,-2.941654,49.52555,7.713553
1742842228004,211.7781,11600,Eye Hit,Center,638.6968,751.9285,49.58196,SouthSidewalk,-5.638249,-2.778893,49.58196,7.225259
1742842228033,211.8077,11602,Eye Hit,Center,640.0796,750.0709,49.58615,SouthSidewalk,-5.542824,-2.907959,49.58615,7.194484
1742842228063,211.8374,11604,Eye Hit,Center,653.1989,744.1435,49.65347,SouthSidewalk,-4.639231,-3.323559,49.65347,6.55649
1742842228092,211.8665,11606,Eye Hit,Center,654.9536,738.7627,49.63915,SouthSidewalk,-4.516068,-3.696183,49.63915,6.705136
1742842228122,211.8968,11608,Eye Hit,Center,652.9271,734.6578,49.60473,SouthSidewalk,-4.653533,-3.97842,49.60473,7.036006
1742842228151,211.9268,11610,Eye Hit,Center,657.3751,724.7693,49.57438,SouthSidewalk,-4.342271,-4.661631,49.57438,7.322845
1742842228180,211.9557,11612,Eye Hit,Center,656.4449,722.5787,49.55521,SouthSidewalk,-4.40507,-4.81166,49.55521,7.499387
1742842228210,211.9843,11614,Eye Hit,Center,657.3277,721.0551,49.55075,SouthSidewalk,-4.343488,-4.916821,49.55075,7.542153
1742842228240,212.0139,11616,Eye Hit,Center,658.45,717.0344,49.52948,SouthSidewalk,-4.263877,-5.193241,49.52948,7.725883
1742842228269,212.0438,11618,Eye Hit,Center,657.3873,716.9177,49.52226,SouthSidewalk,-4.336862,-5.200567,49.52226,7.786236
1742842228298,212.0724,11620,Eye Hit,Center,656.132,706.9213,49.4389,SouthSidewalk,-4.416365,-5.883049,49.4389,8.463225
1742842228327,212.102,11622,Eye Hit,Center,656.6118,707.2519,49.44416,SouthSidewalk,-4.383654,-5.860813,49.44416,8.419932
1742842228356,212.1308,11624,Eye Hit,Center,703.5753,699.8627,49.55993,SouthSidewalk,-1.13852,-6.38674,49.55993,7.457642
1742842228385,212.1608,11626,Eye Hit,Center,703.2371,698.9459,49.55152,SouthSidewalk,-1.161764,-6.44919,49.55152,7.533405
1742842228415,212.1903,11628,Eye Hit,Center,704.6959,691.1344,49.48158,SouthSidewalk,-1.059165,-6.980711,49.48158,8.120788
1742842228444,212.2185,11630,Eye Hit,Center,706.525,692.2872,49.49497,SouthSidewalk,-0.9328297,-6.902795,49.49497,8.010748
1742842228473,212.2476,11632,Eye Hit,Center,704.1864,694.3344,49.51087,SouthSidewalk,-1.095077,-6.763245,49.51087,7.878583
1742842228503,212.2767,11634,Eye Hit,Center,705.3166,693.8228,49.5077,SouthSidewalk,-1.016745,-6.798236,49.5077,7.904651
1742842228531,212.306,11636,Eye Hit,Center,703.5911,689.749,49.4663,SouthSidewalk,-1.135274,-7.074404,49.4663,8.241645
1742842228561,212.3352,11638,Eye Hit,Center,703.4664,689.6693,49.4653,SouthSidewalk,-1.143885,-7.079775,49.4653,8.249383
1742842228590,212.3643,11640,Eye Hit,Center,702.4726,689.3992,49.46137,SouthSidewalk,-1.212541,-7.097902,49.46137,8.28309
1742842228619,212.3947,11642,Eye Hit,Center,698.2503,689.2423,49.4522,SouthSidewalk,-1.504361,-7.107433,49.4522,8.357407
1742842228649,212.424,11644,Eye Hit,Center,697.8077,688.9883,49.44862,SouthSidewalk,-1.534865,-7.12449,49.44862,8.38415
1742842228678,212.4531,11646,Eye Hit,Center,698.2878,687.8625,49.43852,SouthSidewalk,-1.501351,-7.200881,49.43852,8.462691
1742842228708,212.4833,11648,Eye Hit,Center,698.9334,689.0985,49.45194,SouthSidewalk,-1.457103,-7.117344,49.45194,8.357524
1742842228737,212.5115,11650,Eye Hit,Center,699.7616,690.1245,49.46328,SouthSidewalk,-1.400142,-7.047993,49.46328,8.265742
1742842228767,212.541,11652,Eye Hit,Center,700.1642,690.8623,49.47104,SouthSidewalk,-1.372505,-6.998051,49.47104,8.202792
1742842228796,212.5706,11654,Eye Hit,Center,700.4778,695.1701,49.51214,SouthSidewalk,-1.35193,-6.705545,49.51214,7.866041
1742842228825,212.6002,11656,Eye Hit,Center,701.4719,695.0497,49.51277,SouthSidewalk,-1.283099,-6.71397,49.51277,7.86025
1742842228854,212.6311,11658,Eye Hit,Center,701.5049,695.6553,49.51842,SouthSidewalk,-1.280962,-6.672791,49.51842,7.813012
1742842228883,212.659,11660,Eye Hit,Center,702.8176,696.4676,49.5281,SouthSidewalk,-1.190275,-6.617826,49.5281,7.731293
1742842228912,212.6881,11662,Eye Hit,Center,702.5837,695.0054,49.51419,SouthSidewalk,-1.206144,-6.717233,49.51419,7.847779
1742842228942,212.7168,11664,,Center,629.3784,770.0005,49.56279,,-6.282034,-1.52504,49.56279,7.431178
1742842228971,212.7454,11666,,Center,629.7331,834.2502,49.50394,,-6.250016,2.925371,49.50394,7.935804
1742842229000,212.7747,11668,,Center,668.0616,833.9282,49.76594,,-3.615213,2.918444,49.76594,5.333698
1742842229030,212.8045,11670,,Center,696.0391,753.7189,49.88287,,-1.671734,-2.670849,49.88287,3.614384
1742842229059,212.8333,11672,,Center,696.5761,737.441,49.81075,,-1.631905,-3.801041,49.81075,4.747223
1742842229088,212.863,11674,,Center,697.0697,737.6157,49.81299,,-1.59759,-3.789036,49.81299,4.71908
1742842229118,212.8936,11676,,Center,698.194,737.5315,49.81503,,-1.519321,-3.795062,49.81503,4.691227
1742842229147,212.9236,11678,,Center,697.4658,751.7343,49.87863,,-1.572059,-2.809069,49.87863,3.69263
1742842229178,212.9526,11680,,Center,695.6451,751.9742,49.87539,,-1.698972,-2.792154,49.87539,3.749305
1742842229207,212.9818,11682,,Center,695.1583,747.7119,49.85684,,-1.732282,-3.088336,49.85684,4.062547
1742842229237,213.0114,11684,,Center,695.7248,742.7227,49.83527,,-1.692047,-3.43476,49.83527,4.393513
1742842229267,213.0411,11686,,Center,693.0703,739.5516,49.81284,,-1.876227,-3.654154,49.81284,4.714096
1742842229295,213.0709,11688,,Center,683.652,728.4042,49.72181,,-2.527787,-4.42271,49.72181,5.849687
1742842229325,213.1003,11690,,Center,666.0289,724.7771,49.62267,,-3.745884,-4.665628,49.62267,6.875263
1742842229355,213.1298,11692,,Center,634.4761,718.9501,49.37503,,-5.906197,-5.044754,49.37503,8.940175
1742842229383,213.1601,11694,,Center,593.2075,717.9282,48.96113,,-8.682761,-5.072443,48.96113,11.60626
1742842229413,213.1882,11696,,Center,548.1466,713.4255,48.32496,,-11.61562,-5.310876,48.32496,14.80462
1742842229442,213.2169,11698,,Center,534.3634,712.4551,48.1022,,-12.48939,-5.351681,48.1022,15.77369
1742842229471,213.2461,11700,,Center,639.1166,731.8423,49.49154,,-5.598908,-4.164234,49.49154,8.025145
1742842229499,213.2742,11702,,Center,691.2442,748.1906,49.84553,,-2.004771,-3.054263,49.84553,4.191991
1742842229528,213.3035,11704,,Center,747.6547,754.1625,49.87062,,1.928977,-2.63925,49.87062,3.750402
1742842229557,213.3324,11706,Eye Hit,Center,786.4027,763.9581,49.72459,SW_Tree_10,4.618172,-1.950254,49.72459,5.756941
1742842229587,213.3625,11708,Eye Hit,Center,734.5977,756.0005,49.90143,SW_Tree_10,1.018853,-2.512594,49.90143,3.109987
1742842229615,213.3919,11710,,Center,764.5355,753.3498,49.80455,,3.102331,-2.692364,49.80455,4.714886
1742842229644,213.4209,11712,,Center,822.65,764.4938,49.42912,,7.096671,-1.901633,49.42912,8.454426
1742842229674,213.4491,11714,,Center,864.0856,767.7816,48.95969,,9.866705,-1.65843,48.95969,11.54961
1742842229706,213.4809,11716,,Center,884.4178,763.8563,48.66224,,11.19061,-1.915515,48.66224,13.13273
1742842229736,213.5112,11718,,Center,910.0967,763.1155,48.25485,,12.83005,-1.949481,48.25485,15.05256
1742842229766,213.541,11720,,Center,912.531,753.0004,48.18443,,12.97539,-2.628328,48.18443,15.36319
1742842229796,213.5715,11722,,Center,874.6344,756.7053,48.7846,,10.5512,-2.40827,48.7846,12.50812
1742842229826,213.6008,11724,,Center,864.5117,756.7695,48.92354,,9.88858,-2.410738,48.92354,11.75235
1742842229859,213.6349,11726,,Center,832.3084,754.8209,49.2988,,7.743933,-2.563588,49.2988,9.395341
1742842229889,213.664,11728,,Center,819.9147,751.6956,49.4067,,6.904431,-2.785166,49.4067,8.569328
1742842229921,213.6957,11730,,Center,801.3654,746.0934,49.54354,,5.638192,-3.181084,49.54354,7.444448
1742842229951,213.726,11732,,Center,800.7968,750.248,49.56538,,5.601257,-2.894469,49.56538,7.249305
1742842229983,213.757,11734,,Center,791.6893,748.4501,49.62239,,4.975595,-3.02258,49.62239,6.691404
1742842230015,213.7886,11736,,Center,785.3803,750.706,49.6737,,4.542411,-2.868974,49.6737,6.172983
1742842230044,213.8199,11738,,Center,786.8216,757.7001,49.69059,,4.644125,-2.383856,49.69059,5.997179
1742842230074,213.8484,11740,,Center,796.6893,757.2383,49.62212,,5.322589,-2.412624,49.62212,6.71665
1742842230105,213.8784,11742,,Center,799.5731,759.7487,49.60963,,5.52135,-2.237823,49.60963,6.84785
1742842230134,213.9094,11744,,Center,807.0239,766.6598,49.57081,,6.033614,-1.75691,49.57081,7.224988
1742842230164,213.9384,11746,,Center,821.9009,783.2906,49.46365,,7.049801,-0.6025442,49.46365,8.140613
1742842230194,213.9692,11748,,Center,837.7489,796.811,49.30359,,8.119855,0.3317585,49.30359,9.359816
1742842230224,213.9996,11750,,Center,860.002,796.1436,49.03898,,9.602596,0.2842074,49.03898,11.08395
1742842230256,214.0293,11752,,Center,893.2189,805.5699,48.55628,,11.76396,0.9215841,48.55628,13.65907
1742842230285,214.0608,11754,,Center,908.4586,811.5119,48.30418,,12.7325,1.31825,48.30418,14.84216
1742842230316,214.0918,11756,,Center,879.6964,862.7925,48.54161,,10.84232,4.806336,48.54161,13.72977
1742842230346,214.1211,11758,Eye Hit,Center,748.6111,899.5033,49.3592,SW_Tree_10,1.975218,7.421689,49.3592,8.844024
1742842230377,214.1522,11760,,Center,709.0695,893.7028,49.44415,,-0.7559057,7.033324,49.44415,8.141891
1742842230407,214.1813,11762,,Center,704.8248,832.9384,49.85184,,-1.058102,2.854465,49.85184,3.494464
1742842230437,214.2119,11764,,Center,674.4557,798.4191,49.83818,,-3.174747,0.4474547,49.83818,3.680786
1742842230467,214.2409,11766,Eye Hit,Center,603.6456,727.884,49.09446,SouthSidewalk,-7.989656,-4.402627,49.09446,10.52624
1742842230496,214.272,11768,Eye Hit,Center,592.1046,724.2277,48.9407,SouthSidewalk,-8.754631,-4.639115,48.9407,11.4446
1742842230527,214.3014,11770,Eye Hit,Center,576.5979,727.7025,48.75779,SouthSidewalk,-9.779404,-4.38481,48.75779,12.39701
1742842230556,214.3314,11772,Eye Hit,Center,628.2996,735.2646,49.34501,SouthSidewalk,-6.328887,-3.915707,49.34501,8.576797
1742842230585,214.3609,11774,Eye Hit,Center,593.4482,739.7316,49.01128,SouthSidewalk,-8.675157,-3.583008,49.01128,10.84121
1742842230614,214.3908,11776,Eye Hit,Center,575.1828,745.1782,48.81217,SouthSidewalk,-9.886922,-3.196604,48.81217,12.01741
1742842230643,214.4171,11778,Eye Hit,Center,562.795,742.9924,48.63939,SouthSidewalk,-10.69467,-3.333994,48.63939,12.96982
1742842230672,214.4465,11780,Eye Hit,Center,611.7238,745.5023,49.25772,SouthSidewalk,-7.45968,-3.203454,49.25772,9.35908
1742842230701,214.4752,11782,Eye Hit,Center,632.4042,745.6732,49.45621,SouthSidewalk,-6.059227,-3.204543,49.45621,7.890707
1742842230729,214.505,11784,Eye Hit,Center,672.5457,744.5073,49.71688,SouthSidewalk,-3.299835,-3.302504,49.71688,5.364507
1742842230760,214.5349,11786,Eye Hit,Center,704.738,745.3561,49.80428,SouthSidewalk,-1.063143,-3.249187,49.80428,3.926803
1742842230788,214.5648,11788,Eye Hit,Center,717.9979,753.5624,49.85485,SouthSidewalk,-0.1396057,-2.68026,49.85485,3.081531
1742842230819,214.5937,11790,Eye Hit,Center,715.7833,756.3557,49.86125,SouthSidewalk,-0.294068,-2.485801,49.86125,2.87392
1742842230849,214.6249,11792,Eye Hit,Center,614.148,739.5353,49.25913,SouthSidewalk,-7.292872,-3.614657,49.25913,9.382718
1742842230878,214.654,11794,Eye Hit,Center,599.4027,738.2271,49.10157,SouthSidewalk,-8.282203,-3.692934,49.10157,10.46364
1742842230909,214.6838,11796,Eye Hit,Center,615.5721,737.6086,49.27209,Sedan3-Detailed,-7.196652,-3.748387,49.27209,9.351769
1742842230939,214.7132,11798,Eye Hit,Center,631.3102,738.7978,49.42504,Sedan3-Detailed,-6.131035,-3.677812,49.42504,8.231011
1742842230973,214.7445,11800,Eye Hit,Center,672.4709,735.7115,49.67338,Sedan3-Detailed,-3.302148,-3.910716,49.67338,5.882999
1742842230988,214.7636,11801,Eye Hit,Center,686.8685,733.8773,49.71277,Sedan3-Detailed,-2.303676,-4.041349,49.71277,5.345844
1742842231018,214.795,11803,Eye Hit,Center,726.7637,729.4867,49.74138,Sedan3-Detailed,0.4705552,-4.349136,49.74138,5.025976
1742842231055,214.8269,11805,Eye Hit,Center,791.5216,732.8597,49.51691,Sedan3-Detailed,4.953403,-4.095907,49.51691,7.395871
1742842231072,214.8459,11806,Eye Hit,Center,808.5523,737.9711,49.42538,Sedan3-Detailed,6.121569,-3.734986,49.42538,8.255355
1742842231097,214.8629,11807,Eye Hit,Center,862.2528,740.7241,48.85377,Sedan3-Detailed,9.720123,-3.503677,48.85377,11.94177
1742842231114,214.8869,11808,Eye Hit,Center,886.9144,741.1239,48.52168,Sedan3-Detailed,11.32772,-3.452728,48.52168,13.71553
1742842231138,214.9046,11809,Eye Hit,Center,939.8411,741.3862,47.63795,Sedan3-Detailed,14.64789,-3.372365,47.63795,17.51191
1742842231156,214.9298,11810,Eye Hit,Center,980.6194,736.1288,46.80403,Sedan3-Detailed,17.06094,-3.657501,46.80403,20.44548
1742842231180,214.9467,11811,Eye Hit,Center,995.0182,730.4644,46.47711,Sedan3-Detailed,17.87777,-4.000169,46.47711,21.51281
1742842231198,214.9706,11812,Eye Hit,Center,883.7212,734.8657,48.55663,Sedan3-Detailed,11.11901,-3.880238,48.55663,13.63291
1742842231222,214.9904,11813,Eye Hit,Center,955.6154,726.8184,47.27405,Sedan3-Detailed,15.579,-4.309833,47.27405,18.87679
1742842231240,215.0134,11814,Eye Hit,Center,780.8339,753.8539,49.71779,Sedan3-Detailed,4.230296,-2.652621,49.71779,5.735008
1742842231258,215.0307,11815,Eye Hit,Center,805.5489,754.6688,49.54613,Sedan3-Detailed,5.928395,-2.586989,49.54613,7.437908
1742842231278,215.0495,11816,,Center,699.2458,767.1304,49.92208,,-1.449144,-1.7365,49.92208,2.594048
1742842231296,215.068,11817,,Center,589.478,763.4997,49.1295,,-8.968893,-1.958415,49.1295,10.58409
1742842231319,215.0864,11818,,Center,610.4199,763.4365,49.36392,,-7.565787,-1.97212,49.36392,9.000145
1742842231338,215.1099,11819,,Center,547.7706,756.5036,48.53612,,-11.6919,-2.409697,48.53612,13.81782
1742842231354,215.1288,11820,,Center,551.5046,757.111,48.59453,,-11.45219,-2.371313,48.59453,13.53189
1742842231393,215.1653,11822,Eye Hit,Center,590.7164,745.183,49.07989,SouthSidewalk,-8.87483,-3.213809,49.07989,10.88595
1742842231410,215.1834,11823,Eye Hit,Center,603.1364,743.3336,49.21306,SouthSidewalk,-8.044007,-3.349826,49.21306,10.04068
1742842231430,215.2001,11824,Eye Hit,Center,616.9953,747.008,49.37136,SouthSidewalk,-7.112872,-3.106873,49.37136,8.934504
1742842231448,215.2208,11825,Eye Hit,Center,620.556,749.8029,49.4162,SouthSidewalk,-6.873225,-2.916519,49.4162,8.591966
1742842231465,215.2386,11826,,Center,629.1406,764.5746,49.543,,-6.296004,-1.900414,49.543,7.561512
1742842231482,215.2555,11827,,Center,633.3691,766.5148,49.58287,,-6.007829,-1.767394,49.58287,7.198437
1742842231500,215.273,11828,,Center,643.7407,770.1768,49.67233,,-5.2981,-1.516161,49.67233,6.330663
1742842231517,215.2915,11829,,Center,644.3658,773.1261,49.68204,,-5.255701,-1.311519,49.68204,6.222425
1742842231552,215.3251,11831,Eye Hit,Center,631.2739,758.6681,49.5432,SouthSidewalk,-6.148202,-2.30971,49.5432,7.551436
1742842231570,215.3422,11832,,Center,498.9533,747.5122,47.66248,,-14.73579,-2.965723,47.66248,17.50366
1742842231587,215.3607,11833,,Center,494.8013,747.2062,47.58205,,-14.98725,-2.981082,47.58205,17.80428
1742842231605,215.3778,11834,,Center,378.9689,745.1497,45.02929,,-21.4784,-2.950667,45.02929,25.7093
1742842231621,215.3956,11835,,Center,376.6142,746.1414,44.97371,,-21.60001,-2.884645,44.97371,25.85227
1742842231657,215.4308,11837,,Center,371.6711,753.3322,44.8722,,-21.86149,-2.42683,44.8722,26.1135
1742842231691,215.4645,11839,,Center,375.477,756.5453,44.97449,,-21.67192,-2.230249,44.97449,25.8463
1742842231727,215.4993,11841,,Center,380.58,770.037,45.12712,,-21.42338,-1.386252,45.12712,25.44168
1742842231744,215.5172,11842,,Center,382.3937,773.6868,45.17947,,-21.33362,-1.157223,45.17947,25.30907
1742842231779,215.5504,11844,,Center,389.8998,795.8759,45.37608,,-20.95008,0.2459855,45.37608,24.78422
1742842231795,215.5697,11845,Eye Hit,Center,474.3976,886.3751,46.90759,SE_Tree_30,-16.11345,6.191753,46.90759,20.20377
1742842231829,215.6032,11847,Eye Hit,Center,503.9005,870.2153,47.58659,SE_Tree_30,-14.38306,5.20582,47.58659,17.81941
1742842231862,215.636,11849,,Center,596.7728,832.7675,49.18276,,-8.476806,2.804398,49.18276,10.28945
1742842231879,215.6527,11850,,Center,590.3226,829.8793,49.11827,,-8.908823,2.602301,49.11827,10.70015
1742842231912,215.6869,11852,Eye Hit,Center,694.6323,683.278,49.38887,RoadEast,-1.752358,-7.510335,49.38887,8.875046
1742842231946,215.7188,11854,Eye Hit,Center,726.4448,659.6777,49.14928,RoadEast,0.4430403,-9.096268,49.14928,10.49751
1742842231962,215.7357,11855,Eye Hit,Center,793.2533,658.8923,48.89248,RoadEast,5.00936,-9.102448,48.89248,11.99709
1742842231979,215.7527,11856,Eye Hit,Center,785.3995,664.2174,49.00642,RoadEast,4.482704,-8.758658,49.00642,11.3525
1742842232012,215.7853,11858,Eye Hit,Center,780.8193,660.2913,48.98527,RoadEast,4.166963,-9.023871,48.98527,11.47006
1742842232047,215.8235,11860,Eye Hit,Center,755.0151,660.7566,49.10496,RoadEast,2.404878,-9.013965,49.10496,10.7572
1742842232079,215.8531,11862,Eye Hit,Center,729.623,655.3945,49.09107,RoadEast,0.6607324,-9.379585,49.09107,10.84301
1742842232096,215.8701,11863,Eye Hit,Center,719.108,654.3705,49.08236,RoadEast,-0.06123812,-9.448219,49.08236,10.89621
1742842232114,215.8875,11864,Eye Hit,Center,684.5434,651.2028,48.98418,RoadEast,-2.429215,-9.646341,48.98418,11.47928
1742842232130,215.9047,11865,Eye Hit,Center,671.3154,663.6086,49.08648,RoadEast,-3.34246,-8.814767,49.08648,10.87145
1742842232147,215.9221,11866,Eye Hit,Center,650.1036,661.2707,48.94303,RoadEast,-4.784745,-8.949045,48.94303,11.71375
1742842232183,215.9544,11868,Eye Hit,Center,604.6608,654.7116,48.48196,RoadEast,-7.821139,-9.309513,48.48196,14.07889
1742842232199,215.9736,11869,Eye Hit,Center,621.5547,652.169,48.61004,RoadEast,-6.693201,-9.506972,48.61004,13.45152
1742842232219,215.9906,11870,Eye Hit,Center,597.0936,648.9315,48.32776,RoadEast,-8.30776,-9.670602,48.32776,14.77822
1742842232233,216.0087,11871,Eye Hit,Center,704.9874,653.3023,49.05036,RoadCrosswalk,-1.029935,-9.515341,49.05036,11.04106
1742842232270,216.0423,11873,Eye Hit,Center,701.6783,653.4352,49.04215,RoadCrosswalk,-1.256749,-9.504636,49.04215,11.06137
1742842232285,216.0602,11874,Eye Hit,Center,681.3221,648.9169,48.92804,RoadCrosswalk,-2.646878,-9.791725,48.92804,11.71194
1742842232315,216.0907,11876,Eye Hit,Center,698.1309,644.6713,48.91425,RoadCrosswalk,-1.496161,-10.07942,48.91425,11.7676
1742842232345,216.1203,11878,Eye Hit,Center,649.2306,627.9256,48.47338,RoadCrosswalk,-4.798018,-11.1239,48.47338,14.03202
1742842232375,216.1503,11880,Eye Hit,Center,616.048,618.2359,48.07281,RoadCrosswalk,-6.989489,-11.68349,48.07281,15.81253
1742842232405,216.1812,11882,Eye Hit,Center,620.2272,615.1609,48.0604,RoadCrosswalk,-6.706755,-11.88717,48.0604,15.85399
1742842232435,216.2092,11884,Eye Hit,Center,607.4991,608.3104,47.83086,RoadCrosswalk,-7.526223,-12.28869,47.83086,16.76628
1742842232463,216.238,11886,Eye Hit,Center,693.6682,628.3741,48.65717,RoadCrosswalk,-1.792008,-11.13556,48.65717,13.05078
1742842232492,216.2676,11888,Eye Hit,Center,652.1585,611.1576,48.2084,RoadCrosswalk,-4.574366,-12.19371,48.2084,15.11757
1742842232522,216.2973,11890,Eye Hit,Center,691.6923,621.1229,48.52798,RoadCrosswalk,-1.921364,-11.59815,48.52798,13.61792
1742842232551,216.3266,11892,Eye Hit,Center,694.1998,614.8177,48.43471,RoadCrosswalk,-1.747803,-12.00301,48.43471,14.05952
1742842232581,216.3572,11894,Eye Hit,Center,645.4686,589.5567,47.80473,RoadCrosswalk,-4.983368,-13.5359,47.80473,16.7901
1742842232610,216.3856,11896,Eye Hit,Center,595.4202,578.6639,47.19881,RoadCrosswalk,-8.224158,-14.08343,47.19881,19.06187
1742842232641,216.415,11898,Eye Hit,Center,599.4764,594.9578,47.51963,RoadCrosswalk,-8.010473,-13.0962,47.51963,17.9037
1742842232669,216.4446,11900,Eye Hit,Center,623.741,646.1532,48.51089,RoadCrosswalk,-6.531207,-9.895757,48.51089,13.73463
1742842232699,216.4733,11902,Eye Hit,Center,612.5908,675.6978,48.75384,SouthSidewalk,-7.324248,-7.930665,48.75384,12.48533
1742842232728,216.5027,11904,Eye Hit,Center,595.7538,669.8058,48.51647,SouthSidewalk,-8.431121,-8.291874,48.51647,13.6981
1742842232757,216.5319,11906,Eye Hit,Center,547.978,652.8004,47.70741,SouthSidewalk,-11.47843,-9.28831,47.70741,17.19761
1742842232788,216.5622,11908,Eye Hit,Center,492.5234,639.9082,46.62825,SouthSidewalk,-14.83538,-9.918997,46.62825,20.94317
1742842232816,216.5921,11910,Eye Hit,Center,498.3394,641.6405,46.7551,SouthSidewalk,-14.49541,-9.832699,46.7551,20.53725
1742842232845,216.6226,11912,Eye Hit,Center,525.6315,683.0313,47.66795,SouthSidewalk,-12.95882,-7.265091,47.66795,17.31038
1742842232876,216.6512,11914,Eye Hit,Center,611.8417,739.0038,49.23838,SouthSidewalk,-7.448635,-3.649738,49.23838,9.562298
1742842232909,216.6837,11916,,Center,672.6049,780.6436,49.81581,,-3.302275,-0.7912608,49.81581,3.89958
1742842232939,216.7137,11918,,Center,738.6123,825.065,49.87003,,1.298233,2.306329,49.87003,3.037831
1742842232970,216.7446,11920,,Center,798.1356,835.0252,49.56509,,5.416739,2.982714,49.56509,7.111382
1742842233001,216.7747,11922,Eye Hit,Center,875.742,829.2382,48.75262,SW_Tree_30,10.61981,2.539216,48.75262,12.62423
1742842233019,216.7922,11923,Eye Hit,Center,843.8677,816.9425,49.19237,SW_Tree_30,8.522532,1.716133,49.19237,10.02221
1742842233034,216.8097,11924,,Center,880.1443,799.517,48.7559,,10.92073,0.5126095,48.7559,12.63862
1742842233065,216.8396,11926,,Center,885.9538,782.2457,48.67451,,11.298,-0.6640626,48.67451,13.08948
1742842233096,216.8713,11928,,Center,877.0166,757.5432,48.75961,,10.70825,-2.349891,48.75961,12.6716
1742842233132,216.9058,11930,,Center,841.7352,755.2199,49.20674,,8.378258,-2.53134,49.20674,10.08561
1742842233148,216.923,11931,,Center,839.0099,753.2823,49.23114,,8.194754,-2.666014,49.23114,9.928601
1742842233178,216.9521,11933,,Center,840.6677,752.0947,49.21294,,8.305837,-2.746773,49.21294,10.07978
1742842233209,216.983,11935,,Center,839.9804,761.5789,49.25455,,8.265509,-2.095725,49.25455,9.821809
1742842233243,217.0162,11937,,Center,840.2983,743.4771,49.18637,,8.275938,-3.338137,49.18637,10.28321
1742842233258,217.0329,11938,,Center,845.7717,744.3851,49.12901,,8.642392,-3.271856,49.12901,10.65266
1742842233288,217.0631,11940,,Center,858.174,746.715,48.98983,,9.467715,-3.102938,48.98983,11.49566
1742842233320,217.0949,11942,,Center,873.457,754.9018,48.81666,,10.47774,-2.532991,48.81666,12.45207
1742842233352,217.1264,11944,,Center,881.1322,758.9274,48.7188,,10.97973,-2.253603,48.7188,12.95643
1742842233383,217.1584,11946,,Center,881.2986,753.9731,48.69656,,10.98606,-2.590016,48.69656,13.04997
1742842233415,217.1897,11948,,Center,884.1019,749.16,48.63411,,11.16266,-2.914093,48.63411,13.34479
1742842233446,217.2209,11950,,Center,894.7086,759.8512,48.50694,,11.85308,-2.181129,48.50694,13.95323
1742842233477,217.2511,11952,,Center,906.6296,767.7782,48.33317,,12.61649,-1.637437,48.33317,14.74696
1742842233509,217.2828,11954,,Center,924.3922,768.5499,48.02998,,13.7306,-1.575322,48.02998,16.05323
1742842233524,217.2998,11955,,Center,937.4165,771.8928,47.79911,,14.53534,-1.34426,47.79911,16.98215
1742842233555,217.33,11957,,Center,964.1516,773.0138,47.28178,,16.14605,-1.255583,47.28178,18.90717
1742842233587,217.3619,11959,,Center,990.9366,795.7695,46.73312,,17.70946,0.2463871,46.73312,20.75597
1742842233618,217.3941,11961,,Center,1011.64,809.1524,46.25671,,18.86838,1.10972,46.25671,22.22545
1742842233651,217.4254,11963,,Center,923.5384,849.5562,47.89571,,13.63502,3.855688,47.89571,16.48055
1742842233683,217.4568,11965,,Center,797.0179,900.7927,49.07725,,5.286698,7.467803,49.07725,10.56067
1742842233714,217.4887,11967,,Center,762.282,904.7382,49.20692,,2.910011,7.759082,49.20692,9.559358
1742842233745,217.5193,11969,,Center,760.2092,905.6159,49.20126,,2.767034,7.818587,49.20126,9.56832
1742842233775,217.5498,11971,,Center,765.2429,906.2488,49.17391,,3.111703,7.857768,49.17391,9.752074
1742842233806,217.58,11973,,Center,774.1891,909.6118,49.09659,,3.721142,8.076348,49.09659,10.26612
1742842233836,217.6098,11975,,Center,765.7386,905.1688,49.18545,,3.146532,7.78532,49.18545,9.688358
1742842233865,217.64,11977,,Center,712.4314,881.5732,49.50952,,-0.5241032,6.202682,49.50952,7.166151
1742842233894,217.67,11979,,Center,707.1972,872.1522,49.58533,,-0.8879148,5.558805,49.58533,6.4769
1742842233922,217.6978,11981,,Center,795.8419,873.2117,49.28425,,5.227935,5.598087,49.28425,8.834089
1742842233951,217.7269,11983,,Center,850.3669,872.483,48.7623,,8.891279,5.489101,48.7623,12.09486
1742842233979,217.7545,11985,,Center,839.5063,874.5431,48.88165,,8.170516,5.643384,48.88165,11.48304
1742842234007,217.7823,11987,,Center,738.4907,912.1005,49.18584,,1.272061,8.262242,49.18584,9.645773
1742842234035,217.8114,11989,,Center,688.4446,891.892,49.37522,,-2.179195,6.898469,49.37522,8.335715
1742842234063,217.8403,11991,,Center,627.6592,889.9294,49.05319,,-6.335397,6.71882,49.05319,10.66168
1742842234093,217.8688,11993,,Center,691.8005,890.3099,49.39159,,-1.948085,6.791456,49.39159,8.140757
1742842234122,217.8995,11995,Eye Hit,Center,582.8235,849.4995,48.86671,SE_Tree_10,-9.375744,3.929977,48.86671,11.75204
1742842234153,217.93,11997,Eye Hit,Center,505.6265,844.7512,47.70626,SE_Tree_30,-14.30406,3.519824,47.70626,17.15967
1742842234188,217.9637,11999,,Center,467.6006,849.0815,46.95747,,-16.577,3.74898,46.95747,19.89707
1742842234217,217.9938,12001,Eye Hit,Center,461.3999,829.3318,46.91311,SE_Tree_50,-16.9682,2.449546,46.91311,20.07451
1742842234248,218.0248,12003,,Center,512.4981,798.1801,47.96653,,-13.92109,0.414619,47.96653,16.19086
1742842234286,218.0562,12005,,Center,555.2242,777.4644,48.65891,,-11.21421,-0.9892525,48.65891,13.02678
1742842234301,218.0767,12006,Eye Hit,Center,550.8802,787.5251,48.60934,SE_Tree_50,-11.49813,-0.3042417,48.60934,13.3127
1742842234333,218.1071,12008,Eye Hit,Center,563.0312,801.5383,48.7867,SE_Tree_50,-10.71094,0.6508592,48.7867,12.40477
1742842234355,218.1245,12009,Eye Hit,Center,573.3615,804.3295,48.91732,SE_Tree_50,-10.03283,0.8435693,48.91732,11.63029
1742842234371,218.1457,12010,Eye Hit,Center,582.081,815.3169,49.01796,SE_Tree_50,-9.455669,1.598596,49.01796,11.0695
1742842234402,218.1766,12012,Eye Hit,Center,574.0999,818.5295,48.90569,SE_Tree_50,-9.979937,1.814686,48.90569,11.71763
1742842234418,218.1933,12013,Eye Hit,Center,570.2531,818.7005,48.84695,SE_Tree_50,-10.23076,1.824188,48.84695,12.01052
1742842234452,218.225,12015,,Center,567.1208,820.9149,48.79105,,-10.43282,1.973215,48.79105,12.27713
1742842234468,218.2421,12016,Eye Hit,Center,564.6194,825.1664,48.75106,SE_Tree_50,-10.59483,2.261495,48.75106,12.52875
1742842234498,218.2729,12018,,Center,559.857,828.6102,48.67281,,-10.90203,2.49231,48.67281,12.93993
1742842234529,218.3037,12020,,Center,493.0622,787.5927,47.60627,,-15.11068,-0.2934593,47.60627,17.61304
1742842234560,218.3348,12022,,Center,446.6733,789.7982,46.66038,,-17.83788,-0.1436926,46.66038,20.92207
1742842234591,218.3658,12024,,Center,382.6117,799.1067,45.16523,,-21.31313,0.4489375,45.16523,25.26718
1742842234623,218.3983,12026,,Center,325.0269,793.6748,43.72299,,-24.15407,0.1024206,43.72299,28.91797
1742842234655,218.4293,12028,,Center,244.5401,783.0291,41.59893,,-27.66361,-0.5219505,41.59893,33.62893
1742842234686,218.4606,12030,,Center,145.0196,772.1042,38.92968,,-31.30738,-1.083317,38.92968,38.8231
1742842234718,218.494,12032,Eye Hit,Center,-8.998575,777.3537,34.98654,SouthSidewalk,-35.67308,-0.7167079,34.98654,45.56245
1742842234749,218.5255,12034,,Center,-15.95241,836.1779,34.78262,,-35.80346,2.149217,34.78262,45.88007
1742842234779,218.5554,12036,,Center,187.9101,907.6408,39.72721,,-29.56555,6.425576,39.72721,37.29244
1742842234810,218.584,12038,,Center,257.4989,905.0424,41.55707,,-26.88256,6.570515,41.55707,33.66062
1742842234839,218.6129,12040,,Center,345.3864,924.0929,43.63815,,-22.86455,8.062294,43.63815,29.05554
1742842234854,218.6297,12041,,Center,282.8344,923.0652,42.07167,,-25.7246,7.712408,42.07167,32.55154
1742842234881,218.657,12043,,Center,378.7654,934.3705,44.33032,,-21.15762,8.827418,44.33032,27.3456
1742842234909,218.6843,12045,,Center,555.7576,951.6178,47.52496,,-10.91742,10.61001,47.52496,17.76192
1742842234938,218.7126,12047,,Center,634.2007,962.8164,48.21526,,-5.786037,11.51932,48.21526,14.96847
1742842234965,218.7403,12049,,Center,690.0177,946.9893,48.74087,,-2.043953,10.56594,48.74087,12.45094
1742842234993,218.768,12051,,Center,745.7554,940.2041,48.85216,,1.759806,10.12644,48.85216,11.88143
1742842235020,218.7963,12053,,Center,687.0025,926.8162,48.98459,,-2.260753,9.236651,48.98459,10.98607
1742842235049,218.8251,12055,,Center,715.9288,909.3148,49.2476,,-0.2804278,8.080738,49.2476,9.323797
1742842235077,218.8527,12057,,Center,808.6959,900.123,48.99123,,6.077637,7.408826,48.99123,11.06735
1742842235107,218.8823,12059,,Center,864.9845,889.3603,48.50585,,9.836229,6.605247,48.50585,13.72653
1742842235135,218.9112,12061,,Center,887.5962,862.8466,48.39422,,11.34411,4.795405,48.39422,14.27832
1742842235165,218.9417,12063,,Center,937.5834,838.6484,47.69363,,14.5144,3.11179,47.69363,17.2883
1742842235194,218.9731,12065,,Center,1002.482,794.1418,46.47049,,18.36035,0.139208,46.47049,21.55939
1742842235231,219.0076,12067,,Center,975.7248,805.9195,47.03596,,16.82348,0.9157291,47.03596,19.70762
1742842235262,219.0374,12069,Eye Hit,Center,1009.851,770.773,46.30132,MicroBus3-Detailed,18.77073,-1.374659,46.30132,22.12121
1742842235301,219.0697,12071,Eye Hit,Center,984.686,755.1788,46.81987,MicroBus3-Detailed,17.33301,-2.411245,46.81987,20.49431
1742842235317,219.0927,12072,Eye Hit,Center,978.8508,751.7774,46.9332,MicroBus3-Detailed,16.99193,-2.640359,46.9332,20.12233
1742842235349,219.1236,12074,,Center,949.5938,749.6243,47.51471,,15.25813,-2.816162,47.51471,18.08436
1742842235384,219.1545,12076,,Center,921.0481,751.224,48.04585,,13.51042,-2.740143,48.04585,16.00944
1742842235400,219.1742,12077,,Center,925.2408,752.2743,47.9771,,13.77243,-2.665745,47.9771,16.29841
1742842235416,219.1912,12078,,Center,917.7742,750.7066,48.10281,,13.30616,-2.778204,48.10281,15.77947
1742842235447,219.2212,12080,,Center,902.4859,751.9623,48.36282,,12.34394,-2.708281,48.36282,14.64436
1742842235478,219.2523,12082,,Center,896.0715,741.6811,48.42402,,11.92512,-3.408041,48.42402,14.36599
1742842235509,219.2847,12084,,Center,880.3896,736.869,48.63826,,10.91106,-3.750478,48.63826,13.34467
1742842235541,219.3152,12086,,Center,866.4016,735.215,48.82495,,9.997708,-3.877824,48.82495,12.38717
1742842235573,219.3459,12088,,Center,855.2502,737.24,48.9809,,9.265686,-3.751486,48.9809,11.53488
1742842235589,219.3632,12089,,Center,848.5859,735.9567,49.05747,,8.822899,-3.845399,49.05747,11.09975
1742842235619,219.3937,12091,,Center,826.6512,737.2853,49.30637,,7.35498,-3.773289,49.30637,9.517336
1742842235651,219.4256,12093,,Center,824.316,737.8209,49.34006,,7.198854,-3.738904,49.34006,9.336372
1742842235682,219.4578,12095,Eye Hit,Center,833.692,742.632,49.27336,MicroBus3-Detailed,7.835289,-3.402282,49.27336,9.835114
1742842235714,219.4882,12097,,Center,844.5483,742.066,49.15439,,8.562745,-3.432984,49.15439,10.62962
1742842235746,219.5193,12099,,Center,840.2151,742.9044,49.21192,,8.274508,-3.379291,49.21192,10.29394
1742842235762,219.536,12100,,Center,843.2957,734.4384,49.12943,,8.472323,-3.955371,49.12943,10.77547
1742842235793,219.5665,12102,,Center,854.6282,737.8137,49.02023,,9.230478,-3.71516,49.02023,11.47396
1742842235823,219.5984,12104,Eye Hit,Center,857.0079,736.2507,48.97862,MicroBus3-Detailed,9.385661,-3.819083,48.97862,11.68871
1742842235855,219.6291,12106,,Center,854.4009,740.8648,49.02948,,9.216634,-3.506632,49.02948,11.37203
1742842235885,219.66,12108,Eye Hit,Center,845.0125,729.8791,49.0794,MicroBus3-Detailed,8.581546,-4.264321,49.0794,11.04789
1742842235915,219.691,12110,Eye Hit,Center,835.6104,725.3322,49.15408,MicroBus3-Detailed,7.948212,-4.583406,49.15408,10.57312
1742842235945,219.72,12112,Eye Hit,Center,831.9902,730.6307,49.21922,MicroBus3-Detailed,7.709523,-4.22473,49.21922,10.12697
1742842235975,219.7506,12114,Eye Hit,Center,833.0692,733.488,49.22071,MicroBus3-Detailed,7.784043,-4.028153,49.22071,10.09662
1742842236006,219.7796,12116,,Center,836.3892,740.3854,49.2183,,8.01221,-3.55314,49.2183,10.0973
1742842236035,219.8096,12118,Eye Hit,Center,842.5701,742.7228,49.15919,MicroBus3-Detailed,8.42757,-3.38816,49.15919,10.46847
1742842236065,219.8401,12120,Eye Hit,Center,839.069,746.0737,49.21123,MicroBus3-Detailed,8.195505,-3.161099,49.21123,10.12051
1742842236094,219.8699,12122,Eye Hit,Center,838.3834,739.5991,49.188,MicroBus3-Detailed,8.144473,-3.605043,49.188,10.26357
1742842236125,219.8999,12124,Eye Hit,Center,839.9543,738.0706,49.16389,MicroBus3-Detailed,8.248501,-3.708383,49.16389,10.42313
1742842236154,219.9297,12126,Eye Hit,Center,841.908,736.5291,49.13192,MicroBus3-Detailed,8.377391,-3.811901,49.13192,10.61024
1742842236185,219.96,12128,Eye Hit,Center,843.749,735.8053,49.10468,MicroBus3-Detailed,8.499193,-3.8595,49.10468,10.76311
1742842236215,219.9896,12130,Eye Hit,Center,846.5327,736.8461,49.0749,MicroBus3-Detailed,8.685106,-3.785719,49.0749,10.92699
1742842236244,220.0191,12132,Eye Hit,Center,851.3409,741.5859,49.03766,MicroBus3-Detailed,9.008293,-3.457759,49.03766,11.13185
1742842236275,220.0495,12134,Eye Hit,Center,859.5342,743.3254,48.94007,MicroBus3-Detailed,9.551204,-3.33181,48.94007,11.67828
1742842236306,220.0795,12136,Eye Hit,Center,873.8765,753.7077,48.78425,MicroBus3-Detailed,10.49941,-2.612786,48.78425,12.50495
1742842236335,220.1102,12138,Eye Hit,Center,882.7392,756.2932,48.66275,MicroBus3-Detailed,11.07648,-2.430301,48.66275,13.11764
1742842236366,220.1404,12140,Eye Hit,Center,899.9998,760.5592,48.40901,MicroBus3-Detailed,12.1874,-2.128788,48.40901,14.33625
1742842236396,220.1705,12142,Eye Hit,Center,910.4724,775.6193,48.26848,SW_Tree_50,12.85904,-1.105882,48.26848,14.97009
1742842236425,220.2009,12144,Eye Hit,Center,930.0641,787.3415,47.93097,SW_Tree_50,14.08254,-0.3123035,47.93097,16.37707
1742842236455,220.232,12146,Eye Hit,Center,950.3602,803.306,47.54594,SW_Tree_50,15.31912,0.7518603,47.54594,17.87886
1742842236485,220.2612,12148,Eye Hit,Center,982.9455,805.1557,46.8808,SW_Tree_50,17.24144,0.8626251,46.8808,20.21532
1742842236516,220.291,12150,,Center,975.4464,801.6622,47.04138,,16.8071,0.6357252,47.04138,19.67393
1742842236545,220.3206,12152,Eye Hit,Center,968.267,798.7926,47.19313,SW_Tree_30,16.38743,0.4483607,47.19313,19.15578
1742842236575,220.3503,12154,,Center,949.0587,794.3531,47.57883,,15.24311,0.1565894,47.57883,17.76508
1742842236606,220.3799,12156,,Center,950.5865,802.6202,47.54743,,15.33465,0.7062685,47.54743,17.89291
1742842236635,220.4094,12158,,Center,955.3235,785.5554,47.46135,,15.62134,-0.4278073,47.46135,18.22473
1742842236665,220.4397,12160,,Center,966.8647,776.8004,47.22536,,16.30599,-1.003968,47.22536,19.08225
1742842236695,220.4703,12162,,Center,967.5841,771.0023,47.20151,,16.34525,-1.386245,47.20151,19.16385
1742842236724,220.4995,12164,,Center,963.5965,767.8763,47.27212,,16.10605,-1.595005,47.27212,18.89997
1742842236753,220.5296,12166,,Center,955.9684,770.7472,47.43,,15.6538,-1.409881,47.43,18.33395
1742842236783,220.5597,12168,,Center,943.7974,757.9597,47.63641,,14.91101,-2.268009,47.63641,17.56867
1742842236814,220.5881,12170,Eye Hit,Center,933.5586,759.6324,47.83418,SW_Tree_30,14.2879,-2.16552,47.83418,16.80997
1742842236843,220.6178,12172,,Center,923.9318,762.744,48.01912,,13.69658,-1.964907,48.01912,16.07443
1742842236874,220.6483,12174,,Center,911.5866,764.7065,48.24067,,12.92681,-1.841559,48.24067,15.14537
1742842236903,220.6781,12176,,Center,881.9874,770.7269,48.72399,,11.03918,-1.449726,48.72399,12.87173
1742842236934,220.7085,12178,,Center,882.5063,772.9615,48.72567,,11.07492,-1.297491,48.72567,12.88993
1742842236948,220.726,12179,,Center,874.2806,770.3635,48.84006,,10.53902,-1.478004,48.84006,12.29251
1742842236979,220.7534,12181,Eye Hit,Center,869.8462,773.1542,48.90998,MicroBus3-Detailed,10.25076,-1.289216,48.90998,11.92754
1742842237010,220.7841,12183,Eye Hit,Center,865.4448,775.0582,48.97333,MicroBus3-Detailed,9.962557,-1.160465,48.97333,11.57434
1742842237040,220.814,12185,Eye Hit,Center,859.4042,768.892,49.03903,MicroBus3-Detailed,9.561598,-1.584953,49.03903,11.17986
1742842237071,220.8464,12187,Eye Hit,Center,834.5629,758.145,49.29999,MicroBus3-Detailed,7.899579,-2.334438,49.29999,9.485641
1742842237101,220.876,12189,Eye Hit,Center,825.3086,746.6341,49.35015,MicroBus3-Detailed,7.268841,-3.131346,49.35015,9.111345
1742842237132,220.9067,12191,Eye Hit,Center,801.155,759.4827,49.60896,MicroBus3-Detailed,5.63104,-2.25625,49.60896,6.97156
1742842237162,220.9375,12193,Eye Hit,Center,790.3414,759.4966,49.68803,MicroBus3-Detailed,4.888496,-2.258882,49.68803,6.185579
1742842237192,220.9671,12195,Eye Hit,Center,763.4043,743.5328,49.77366,MicroBus3-Detailed,3.021659,-3.37412,49.77366,5.199535
1742842237223,220.9989,12197,Eye Hit,Center,731.2944,735.3125,49.81563,MicroBus3-Detailed,0.7869384,-3.949714,49.81563,4.621986
1742842237254,221.0296,12199,Eye Hit,Center,708.0378,726.0634,49.76073,MicroBus3-Detailed,-0.8325523,-4.589086,49.76073,5.354561
1742842237284,221.0598,12201,Eye Hit,Center,694.5223,719.3902,49.6929,MicroBus3-Detailed,-1.770793,-5.046642,49.6929,6.142929
1742842237314,221.0897,12203,Eye Hit,Center,678.701,722.6689,49.66418,MicroBus3-Detailed,-2.868771,-4.815978,49.66418,6.439828
1742842237345,221.1195,12205,Eye Hit,Center,656.8422,723.7013,49.56102,MicroBus3-Detailed,-4.378043,-4.734408,49.56102,7.413121
1742842237376,221.1499,12207,Eye Hit,Center,650.8394,721.5164,49.50851,MicroBus3-Detailed,-4.789071,-4.880685,49.50851,7.863621
1742842237406,221.1802,12209,Eye Hit,Center,644.3083,719.4776,49.44812,MicroBus3-Detailed,-5.234932,-5.015739,49.44812,8.341155
1742842237436,221.2108,12211,,Center,658.8951,831.7758,49.71776,,-4.249136,2.765948,49.71776,5.822718
1742842237466,221.241,12213,,Center,643.0887,843.5075,49.56129,,-5.331457,3.570476,49.56129,7.37693
1742842237496,221.2714,12215,Eye Hit,Center,653.8242,729.9539,49.5769,MicroBus3-Detailed,-4.588717,-4.302359,49.5769,7.230933
1742842237527,221.3013,12217,Eye Hit,Center,655.4622,730.1275,49.58445,MicroBus3-Detailed,-4.475817,-4.290976,49.58445,7.127694
1742842237555,221.3306,12219,Eye Hit,Center,656.5029,727.0679,49.57098,MicroBus3-Detailed,-4.402447,-4.501943,49.57098,7.239203
1742842237587,221.3621,12221,Eye Hit,Center,661.0175,722.3975,49.56494,MicroBus3-Detailed,-4.088937,-4.825166,49.56494,7.271895
1742842237617,221.3926,12223,Eye Hit,Center,665.6039,715.8353,49.54318,MicroBus3-Detailed,-3.769333,-5.277768,49.54318,7.458063
1742842237648,221.4225,12225,Eye Hit,Center,663.3129,714.7328,49.52227,MicroBus3-Detailed,-3.926428,-5.35191,49.52227,7.634195
1742842237678,221.4527,12227,Eye Hit,Center,656.3131,712.188,49.46346,MicroBus3-Detailed,-4.406029,-5.521609,49.46346,8.127699
1742842237711,221.4839,12229,Eye Hit,Center,645.9297,710.1395,49.37873,MicroBus3-Detailed,-5.115604,-5.653625,49.37873,8.777627
1742842237742,221.5154,12231,Eye Hit,Center,636.9373,707.5969,49.2929,MicroBus3-Detailed,-5.726685,-5.819096,49.2929,9.404479
1742842237773,221.5466,12233,Eye Hit,Center,628.2169,697.5201,49.13836,MicroBus3-Detailed,-6.308066,-6.493415,49.13836,10.43877
1742842237803,221.5779,12235,Eye Hit,Center,623.1954,695.4805,49.07711,MicroBus3-Detailed,-6.644892,-6.625319,49.07711,10.82424
1742842237836,221.6091,12237,Eye Hit,Center,616.1078,695.8278,49.01291,MicroBus3-Detailed,-7.122072,-6.592844,49.01291,11.20034
1742842237852,221.6265,12238,Eye Hit,Center,610.6118,695.3315,48.95223,MicroBus3-Detailed,-7.489549,-6.618664,48.95223,11.53995
1742842237884,221.659,12240,Eye Hit,Center,605.0128,701.3405,48.94735,MicroBus3-Detailed,-7.872118,-6.206623,48.94735,11.57434
1742842237914,221.6886,12242,Eye Hit,Center,601.4891,700.6907,48.90541,MicroBus3-Detailed,-8.106404,-6.245756,48.90541,11.81858
1742842237947,221.7206,12244,Eye Hit,Center,588.2389,702.7777,48.77088,MicroBus3-Detailed,-8.987951,-6.086208,48.77088,12.54756
1742842237978,221.7527,12246,Eye Hit,Center,584.4019,697.3831,48.68148,MicroBus3-Detailed,-9.23273,-6.442366,48.68148,13.02145
1742842238009,221.7837,12248,Eye Hit,Center,584.5263,696.2068,48.67446,MicroBus3-Detailed,-9.222934,-6.521518,48.67446,13.06514
1742842238040,221.8143,12250,Eye Hit,Center,580.5887,702.6113,48.6806,MicroBus3-Detailed,-9.492199,-6.086272,48.6806,13.04138
1742842238073,221.8461,12252,Eye Hit,Center,571.5336,709.1971,48.61413,MicroBus3-Detailed,-10.09493,-5.630163,48.61413,13.3747
1742842238088,221.8635,12253,Eye Hit,Center,570.936,712.2802,48.62714,MicroBus3-Detailed,-10.13829,-5.421977,48.62714,13.30235
1742842238120,221.8945,12255,Eye Hit,Center,572.3473,719.214,48.69562,MicroBus3-Detailed,-10.05644,-4.957364,48.69562,12.9661
1742842238152,221.9267,12257,Eye Hit,Center,568.8419,724.8918,48.6852,MicroBus3-Detailed,-10.29298,-4.569677,48.6852,13.02447
1742842238184,221.9587,12259,Eye Hit,Center,572.588,730.6557,48.76838,MicroBus3-Detailed,-10.05505,-4.184326,48.76838,12.58871
1742842238217,221.9912,12261,Eye Hit,Center,573.7496,734.1434,48.80397,MicroBus3-Detailed,-9.983095,-3.949308,48.80397,12.40631
1742842238248,222.0237,12263,Eye Hit,Center,575.9368,742.5436,48.87546,MicroBus3-Detailed,-9.848196,-3.380855,48.87546,12.02643
1742842238284,222.0578,12265,Eye Hit,Center,580.2679,745.1669,48.9447,MicroBus3-Detailed,-9.565656,-3.206061,48.9447,11.64686
1742842238314,222.0893,12267,Eye Hit,Center,579.5967,748.4836,48.95287,MicroBus3-Detailed,-9.613209,-2.979507,48.95287,11.61773
1742842238348,222.1222,12269,Eye Hit,Center,581.0777,751.1353,48.98514,MicroBus3-Detailed,-9.518077,-2.79979,48.98514,11.44966
1742842238381,222.1562,12271,Eye Hit,Center,582.8333,762.3382,49.04774,MicroBus3-Detailed,-9.409802,-2.034835,49.04774,11.10505
1742842238413,222.1873,12273,Eye Hit,Center,584.4063,758.9136,49.06115,MicroBus3-Detailed,-9.304437,-2.270389,49.06115,11.04603
1742842238448,222.221,12275,Eye Hit,Center,595.9137,759.9745,49.20794,MicroBus3-Detailed,-8.540275,-2.204166,49.20794,10.16191
1742842238465,222.2379,12276,Eye Hit,Center,596.6492,761.3458,49.22109,MicroBus3-Detailed,-8.491926,-2.110346,49.22109,10.08038
1742842238482,222.2567,12277,Eye Hit,Center,596.6528,760.561,49.22144,MicroBus3-Detailed,-8.491739,-2.164394,49.22144,10.09496
1742842238514,222.2888,12279,Eye Hit,Center,600.683,757.389,49.26053,MicroBus3-Detailed,-8.220805,-2.384661,49.26053,9.85752
1742842238549,222.3225,12281,Eye Hit,Center,600.7709,755.0452,49.25988,MicroBus3-Detailed,-8.214642,-2.546108,49.25988,9.903316
1742842238565,222.3402,12282,Eye Hit,Center,602.3998,750.9573,49.26148,MicroBus3-Detailed,-8.102677,-2.827852,49.26148,9.882464
1742842238602,222.373,12284,Eye Hit,Center,598.5839,746.2597,49.20617,MicroBus3-Detailed,-8.356197,-3.147977,49.20617,10.28559
1742842238619,222.3934,12285,Eye Hit,Center,595.4857,744.252,49.16684,MicroBus3-Detailed,-8.562574,-3.283523,49.16684,10.56533
1742842238638,222.4108,12286,Eye Hit,Center,594.102,749.3006,49.16871,MicroBus3-Detailed,-8.658059,-2.936458,49.16871,10.53332
1742842238658,222.4284,12287,Eye Hit,Center,586.952,748.2595,49.08852,MicroBus3-Detailed,-9.134842,-3.003146,49.08852,11.08319
1742842238676,222.4496,12288,Eye Hit,Center,588.9836,753.5687,49.129,MicroBus3-Detailed,-9.002779,-2.6408,49.129,10.81154
1742842238698,222.4669,12289,Eye Hit,Center,585.4907,755.8157,49.1031,MicroBus3-Detailed,-9.237916,-2.48509,49.1031,11.02436
1742842238717,222.4893,12290,Eye Hit,Center,591.8658,752.5366,49.16351,MicroBus3-Detailed,-8.810914,-2.713627,49.16351,10.62097
1742842238741,222.5076,12291,Eye Hit,Center,603.4199,754.5742,49.30053,MicroBus3-Detailed,-8.038757,-2.580688,49.30053,9.71776
1742842238758,222.5314,12292,Eye Hit,Center,604.1187,754.7749,49.31286,MicroBus3-Detailed,-7.992569,-2.56749,49.31286,9.66119
1742842238783,222.5491,12293,Eye Hit,Center,604.3534,751.059,49.29793,MicroBus3-Detailed,-7.973967,-2.822927,49.29793,9.736437
1742842238800,222.5739,12294,Eye Hit,Center,606.0128,748.7316,49.2991,MicroBus3-Detailed,-7.859735,-2.983475,49.2991,9.677496
1742842238824,222.5908,12295,Eye Hit,Center,601.6851,747.9666,49.25592,MicroBus3-Detailed,-8.150998,-3.033566,49.25592,10.01359
1742842238842,222.6149,12296,Eye Hit,Center,595.1155,748.0079,49.17326,MicroBus3-Detailed,-8.589155,-3.025638,49.17326,10.49184
1742842238860,222.6326,12297,Eye Hit,Center,592.3594,749.5508,49.14958,MicroBus3-Detailed,-8.774485,-2.918116,49.14958,10.65508
1742842238879,222.6514,12298,Eye Hit,Center,589.4617,755.0073,49.13012,MicroBus3-Detailed,-8.970132,-2.542006,49.13012,10.74518
1742842238898,222.6693,12299,Eye Hit,Center,587.4175,760.2789,49.11544,MicroBus3-Detailed,-9.107879,-2.179112,49.11544,10.7951
1742842238921,222.6885,12300,Eye Hit,Center,583.2877,768.6187,49.08998,MicroBus3-Detailed,-9.386707,-1.605366,49.08998,10.97849
1742842238941,222.7119,12301,Eye Hit,Center,586.0579,770.0151,49.12292,MicroBus3-Detailed,-9.202677,-1.510503,49.12292,10.7495
1742842238958,222.7314,12302,Eye Hit,Center,583.9779,767.8198,49.09422,MicroBus3-Detailed,-9.340127,-1.660361,49.09422,10.93655
1742842238978,222.7487,12303,Eye Hit,Center,580.1318,759.7834,49.02172,MicroBus3-Detailed,-9.590042,-2.208927,49.02172,11.35128
1742842238995,222.7679,12304,Eye Hit,Center,583.2137,752.7507,49.03393,MicroBus3-Detailed,-9.381067,-2.691793,49.03393,11.25694
1742842239013,222.786,12305,Eye Hit,Center,581.473,747.0386,48.99118,MicroBus3-Detailed,-9.492164,-3.080853,48.99118,11.51375
1742842239033,222.8032,12306,Eye Hit,Center,584.3,743.8795,49.01086,MicroBus3-Detailed,-9.302186,-3.298642,49.01086,11.38585
1742842239050,222.824,12307,Eye Hit,Center,584.054,738.5844,48.98373,MicroBus3-Detailed,-9.31389,-3.659592,48.98373,11.54625
1742842239069,222.8409,12308,Eye Hit,Center,584.4178,740.2784,48.99211,MicroBus3-Detailed,-9.290559,-3.544142,48.99211,11.4731
1742842239089,222.8592,12309,Eye Hit,Center,583.6418,736.2722,48.96352,MicroBus3-Detailed,-9.33828,-3.816429,48.96352,11.64185
1742842239107,222.8789,12310,Eye Hit,Center,586.0243,743.9113,49.02568,MicroBus3-Detailed,-9.186764,-3.297461,49.02568,11.25989
1742842239124,222.8976,12311,Eye Hit,Center,586.6468,745.5955,49.04033,MicroBus3-Detailed,-9.146811,-3.182925,49.04033,11.17137
1742842239144,222.9146,12312,Eye Hit,Center,589.3516,750.5577,49.08995,MicroBus3-Detailed,-8.970353,-2.84544,49.08995,10.85226
1742842239161,222.9345,12313,Eye Hit,Center,591.5229,751.8426,49.11863,MicroBus3-Detailed,-8.826427,-2.758831,49.11863,10.66225
1742842239180,222.9519,12314,Eye Hit,Center,589.943,755.2081,49.11068,MicroBus3-Detailed,-8.93352,-2.527206,49.11068,10.70511
1742842239200,222.9705,12315,Eye Hit,Center,587.6658,756.9148,49.08596,MicroBus3-Detailed,-9.085365,-2.408763,49.08596,10.8401
1742842239219,222.9913,12316,Eye Hit,Center,584.1097,758.6594,49.04619,MicroBus3-Detailed,-9.321948,-2.287132,49.04619,11.07293
1742842239236,223.009,12317,Eye Hit,Center,582.8293,762.6582,49.04159,MicroBus3-Detailed,-9.408899,-2.012632,49.04159,11.10021
1742842239256,223.0276,12318,Eye Hit,Center,580.0342,774.9738,49.03012,MicroBus3-Detailed,-9.598378,-1.167599,49.03012,11.15604
1742842239275,223.0471,12319,Eye Hit,Center,584.0245,775.8384,49.0831,MicroBus3-Detailed,-9.334812,-1.109505,49.0831,10.84214
1742842239291,223.0658,12320,Eye Hit,Center,585.2849,774.7541,49.09664,MicroBus3-Detailed,-9.250834,-1.18427,49.09664,10.75567
1742842239329,223.1023,12322,Eye Hit,Center,601.8594,771.5374,49.29375,MicroBus3-Detailed,-8.145243,-1.410799,49.29375,9.519897
1742842239347,223.1195,12323,Eye Hit,Center,601.9304,775.0913,49.30181,MicroBus3-Detailed,-8.141677,-1.165966,49.30181,9.471104
1742842239367,223.1376,12324,Eye Hit,Center,608.5455,785.7279,49.38807,MicroBus3-Detailed,-7.698971,-0.433259,49.38807,8.874183
1742842239385,223.1588,12325,Eye Hit,Center,614.3603,790.112,49.45268,MicroBus3-Detailed,-7.306847,-0.1305879,49.45268,8.406208
1742842239403,223.176,12326,Eye Hit,Center,620.4504,789.183,49.51488,MicroBus3-Detailed,-6.894268,-0.1950918,49.51488,7.929841
1742842239422,223.194,12327,Eye Hit,Center,630.7368,792.165,49.61468,MicroBus3-Detailed,-6.194346,0.01144594,49.61468,7.116511
1742842239441,223.2128,12328,Eye Hit,Center,642.9426,792.3947,49.71469,MicroBus3-Detailed,-5.358113,0.02744815,49.71469,6.15154
1742842239459,223.2314,12329,Eye Hit,Center,647.9143,784.0552,49.75146,MicroBus3-Detailed,-5.016118,-0.5528445,49.75146,5.791936
1742842239478,223.2489,12330,Eye Hit,Center,651.4628,775.4017,49.76874,MicroBus3-Detailed,-4.77085,-1.155403,49.76874,5.632943
1742842239496,223.2693,12331,Eye Hit,Center,670.3874,802.1804,49.88369,MicroBus3-Detailed,-3.461495,0.7102943,49.88369,4.051879
1742842239514,223.2871,12332,Eye Hit,Center,674.8293,796.0334,49.91329,MicroBus3-Detailed,-3.153451,0.281576,49.91329,3.629359
1742842239534,223.3046,12333,,Center,729.2573,881.8736,49.62202,,0.6425017,6.237628,49.62202,7.20217
1742842239552,223.3255,12334,,Center,732.2294,875.3436,49.67823,,0.8497313,5.790973,49.67823,6.719481
1742842239569,223.3427,12335,,Center,742.3695,880.2174,49.61557,,1.552344,6.121883,49.61557,7.254256
1742842239590,223.3603,12336,,Center,747.8997,863.5245,49.74151,,1.941026,4.97607,49.74151,6.128903
1742842239608,223.3805,12337,,Center,754.511,870.4828,49.6641,,2.397247,5.451672,49.6641,6.837962
1742842239625,223.3985,12338,,Center,757.1314,863.4943,49.71063,,2.581685,4.970887,49.71063,6.428888
1742842239663,223.4364,12340,Eye Hit,Center,788.748,891.8654,49.31488,NorthCarSignal,4.741882,6.888202,49.31488,9.624389
1742842239680,223.4541,12341,Eye Hit,Center,790.4114,889.3052,49.33412,NorthCarSignal,4.85851,6.714231,49.33412,9.536134
1742842239719,223.4928,12343,,Center,787.6352,897.1866,49.28005,,4.661833,7.250105,49.28005,9.92121
1742842239737,223.5097,12344,,Center,783.0958,886.5684,49.39898,,4.35945,6.533967,49.39898,9.034789
1742842239757,223.5284,12345,,Center,781.2405,876.029,49.51109,,4.240859,5.81895,49.51109,8.274456
1742842239775,223.5474,12346,,Center,775.5961,863.5842,49.626,,3.858929,4.968663,49.626,7.224934
1742842239792,223.565,12347,,Center,769.7747,858.8706,49.69123,,3.459408,4.647592,49.69123,6.650423
1742842239813,223.5824,12348,,Center,759.3088,842.9075,49.82211,,2.739202,3.547449,49.82211,5.140451
1742842239831,223.604,12349,,Center,756.8358,833.4327,49.86518,,2.569096,2.889707,49.86518,4.433896
1742842239847,223.6217,12350,,Center,749.4596,835.4622,49.88572,,2.055491,3.032503,49.88572,4.200159
1742842239882,223.6539,12352,Eye Hit,Center,736.5678,843.2612,49.87956,NorthCarSignal,1.155848,3.57622,49.87956,4.30898
1742842239900,223.673,12353,Eye Hit,Center,735.2993,849.4298,49.84108,NorthCarSignal,1.066528,4.003481,49.84108,4.751843
1742842239917,223.6925,12354,Eye Hit,Center,726.4366,851.8908,49.84096,NorthCarSignal,0.4487008,4.175028,49.84096,4.815766
1742842239952,223.7259,12356,Eye Hit,Center,711.973,864.7231,49.76146,NorthCarSignal,-0.5586731,5.061486,49.76146,5.842914
1742842239969,223.743,12357,Eye Hit,Center,707.1967,866.7715,49.73617,NorthCarSignal,-0.8906486,5.201409,49.73617,6.056539
1742842239986,223.7608,12358,Eye Hit,Center,701.2655,869.0981,49.7158,NorthCarSignal,-1.302714,5.361063,49.7158,6.332304
1742842240022,223.7941,12360,Eye Hit,Center,695.8901,872.079,49.68793,NorthCarSignal,-1.675559,5.565223,49.68793,6.671562
1742842240040,223.8124,12361,Eye Hit,Center,703.5005,872.234,49.69669,NorthCarSignal,-1.146861,5.576979,49.69669,6.53582
1742842240056,223.8301,12362,Eye Hit,Center,703.1589,874.6118,49.68396,NorthCarSignal,-1.170309,5.740788,49.68396,6.725374
1742842240091,223.8638,12364,Eye Hit,Center,701.9954,879.1116,49.65055,NorthCarSignal,-1.250316,6.04941,49.65055,7.092018
1742842240110,223.8817,12365,Eye Hit,Center,697.4971,870.3226,49.70309,NorthCarSignal,-1.564354,5.444814,49.70309,6.502432
1742842240126,223.8999,12366,Eye Hit,Center,697.009,866.8875,49.73338,NorthCarSignal,-1.599261,5.209189,49.73338,6.25282
1742842240147,223.9166,12367,Eye Hit,Center,692.5667,859.7128,49.76947,NorthCarSignal,-1.90965,4.713534,49.76947,5.834487
1742842240165,223.9375,12368,Eye Hit,Center,696.4175,860.5965,49.76456,NorthCarSignal,-1.641435,4.774579,49.76456,5.793121
1742842240181,223.9556,12369,Eye Hit,Center,696.6876,862.4211,49.75808,NorthCarSignal,-1.62242,4.900936,49.75808,5.923344
1742842240220,223.993,12371,Eye Hit,Center,699.4875,870.5768,49.70627,NorthCarSignal,-1.426076,5.462839,49.70627,6.480169
1742842240237,224.0102,12372,Eye Hit,Center,701.8299,870.8425,49.69978,NorthCarSignal,-1.263062,5.4806,49.69978,6.456402
1742842240254,224.028,12373,Eye Hit,Center,703.3319,875.8491,49.66804,NorthCarSignal,-1.157914,5.824901,49.66804,6.818544
1742842240289,224.0628,12375,Eye Hit,Center,704.7963,882.329,49.61703,NorthCarSignal,-1.055096,6.268601,49.61703,7.300787
1742842240307,224.0797,12376,Eye Hit,Center,692.5392,879.4994,49.60781,NorthCarSignal,-1.905356,6.071107,49.60781,7.309302
1742842240324,224.0978,12377,Eye Hit,Center,690.6261,886.4272,49.54732,NorthCarSignal,-2.035612,6.5438,49.54732,7.87487
1742842240342,224.1146,12378,Eye Hit,Center,657.4613,760.234,49.77778,MicroBus3-Detailed,-4.354087,-2.211621,49.77778,5.603256
1742842240359,224.1332,12379,Eye Hit,Center,656.2177,762.8723,49.78233,MicroBus3-Detailed,-4.441076,-2.028122,49.78233,5.601192
1742842240377,224.15,12380,Eye Hit,Center,643.6723,710.5416,49.41561,MicroBus3-Detailed,-5.275446,-5.630059,49.41561,8.874138
1742842240393,224.1676,12381,Eye Hit,Center,639.3595,713.7976,49.41298,MicroBus3-Detailed,-5.573233,-5.40473,49.41298,8.929004
1742842240430,224.2023,12383,Eye Hit,Center,625.537,726.619,49.37936,MicroBus3-Detailed,-6.524094,-4.51554,49.37936,9.128345
1742842240446,224.2204,12384,Eye Hit,Center,617.4584,732.2156,49.34264,MicroBus3-Detailed,-7.076777,-4.125945,49.34264,9.426127
1742842240486,224.258,12386,Eye Hit,Center,588.1071,742.6478,49.08097,MicroBus3-Detailed,-9.054144,-3.387915,49.08097,11.14265
1742842240503,224.2762,12387,Eye Hit,Center,574.5598,744.5583,48.91162,MicroBus3-Detailed,-9.949687,-3.245529,48.91162,12.07751
1742842240523,224.2942,12388,Eye Hit,Center,535.209,752.944,48.37317,MicroBus3-Detailed,-12.50254,-2.642443,48.37317,14.79778
1742842240542,224.3152,12389,Eye Hit,Center,519.6107,755.5575,48.11347,MicroBus3-Detailed,-13.4851,-2.452379,48.11347,15.90087
1742842240558,224.3351,12390,Eye Hit,Center,492.9702,756.7606,47.63613,MicroBus3-Detailed,-15.12628,-2.347889,47.63613,17.81431
1742842240579,224.3526,12391,Eye Hit,Center,473.5451,764.4968,47.2739,MicroBus3-Detailed,-16.29565,-1.818515,47.2739,19.12894
1742842240607,224.3773,12392,Eye Hit,Center,454.9915,770.8326,46.89916,MicroBus3-Detailed,-17.38352,-1.3885,46.89916,20.39704
1742842240633,224.4066,12393,Eye Hit,Center,404.4605,766.2175,45.76573,MicroBus3-Detailed,-20.19794,-1.650356,45.76573,23.88396
1742842240668,224.4352,12394,Eye Hit,Center,368.986,757.5312,44.89213,MicroBus3-Detailed,-22.03979,-2.16426,44.89213,26.25765
1742842240704,224.4672,12395,Eye Hit,Center,307.9032,758.5187,43.33667,MicroBus3-Detailed,-24.97858,-2.029417,43.33667,30.04009
1742842240742,224.4971,12396,Eye Hit,Center,307.2527,756.8143,43.3198,MicroBus3-Detailed,-25.00827,-2.131896,43.3198,30.08748
1742842240781,224.5347,12397,,Center,366.4932,743.2316,44.80103,,-22.15127,-3.055901,44.80103,26.52469
1742842240822,224.573,12398,,Center,695.5269,770.6237,50.00697,,-1.711717,-1.495117,50.00697,2.602184
1742842240858,224.6154,12399,,Center,746.2584,798.4983,50.01668,,1.836947,0.4545987,50.01668,2.166724
1742842240898,224.6499,12400,,Center,759.2525,798.7354,49.9757,,2.743717,0.4707974,49.9757,3.188254
1742842240932,224.6923,12401,,Center,752.0709,760.9675,49.95277,,2.240699,-2.168148,49.95277,3.571716
1742842240962,224.725,12402,,Center,736.6538,771.9189,50.01232,,1.16494,-1.40468,50.01232,2.089753
1742842240989,224.755,12403,,Center,726.5081,785.3903,50.03622,,0.4554623,-0.4625698,50.03622,0.7433581
1742842241018,224.7816,12404,Eye Hit,Center,705.5587,804.8313,50.01719,NorthWalkingSignal,-1.01027,0.8976414,50.01719,1.547755
1742842241046,224.8109,12405,Eye Hit,Center,689.3937,816.5157,49.95601,NorthWalkingSignal,-2.138513,1.712949,49.95601,3.139309
1742842241075,224.8383,12406,Eye Hit,Center,680.3304,827.8615,49.88777,NorthWalkingSignal,-2.767993,2.502281,49.88777,4.277504
1742842241104,224.8668,12407,Eye Hit,Center,679.031,829.5197,49.88818,NorthWalkingSignal,-2.858683,2.618005,49.88818,4.442986
1742842241132,224.8958,12408,Eye Hit,Center,683.2547,833.368,49.88674,NorthWalkingSignal,-2.563894,2.886437,49.88674,4.425273
1742842241159,224.9248,12409,Eye Hit,Center,688.1263,839.7078,49.87274,NorthWalkingSignal,-2.223354,3.327866,49.87274,4.588085
1742842241187,224.9511,12410,Eye Hit,Center,689.3202,845.1926,49.84738,NorthWalkingSignal,-2.138985,3.708571,49.84738,4.908917
1742842241215,224.9794,12411,Eye Hit,Center,685.0244,858.6137,49.75333,NorthWalkingSignal,-2.433884,4.635523,49.75333,6.007238
1742842241243,225.0074,12412,Eye Hit,Center,692.779,860.7738,49.75963,NorthWalkingSignal,-1.894497,4.786446,49.75963,5.906376
1742842241271,225.0353,12413,Eye Hit,Center,699.8456,864.4046,49.76217,NorthWalkingSignal,-1.402757,5.039394,49.76217,6.000871
1742842241298,225.0632,12414,Eye Hit,Center,714.1451,898.2064,49.48972,NorthWalkingSignal,-0.4052755,7.351545,49.48972,8.461948
1742842241326,225.0911,12415,Eye Hit,Center,736.8722,898.4324,49.47358,NorthWalkingSignal,1.1675,7.364782,49.47358,8.571185
1742842241354,225.1181,12416,Eye Hit,Center,741.8562,893.4724,49.51005,NorthWalkingSignal,1.513494,7.026746,49.51005,8.260514
1742842241382,225.1466,12417,,Center,758.439,818.6559,49.91958,,2.683837,1.861134,49.91958,3.743242
1742842241411,225.174,12418,,Center,751.3528,732.8934,49.80248,,2.183934,-4.117183,49.80248,5.346211
1742842241439,225.2031,12419,,Center,741.8175,745.2807,49.89949,,1.522697,-3.260657,49.89949,4.124928
1742842241466,225.2309,12420,,Center,772.0229,740.2096,49.76614,,3.621109,-3.604923,49.76614,5.862138
1742842241494,225.2602,12421,,Center,791.1194,740.5137,49.65338,,4.939123,-3.575639,49.65338,7.001014
1742842241522,225.2863,12422,Eye Hit,Center,832.5907,716.4609,49.14973,NorthSidewalk,7.739923,-5.192852,49.14973,10.73781
1742842241550,225.3139,12423,Eye Hit,Center,827.3457,693.2601,49.01359,NorthSidewalk,7.35892,-6.768965,49.01359,11.52996
1742842241578,225.3431,12424,Eye Hit,Center,820.5563,691.1709,49.05837,NorthSidewalk,6.899782,-6.918501,49.05837,11.26425
1742842241606,225.3717,12425,Eye Hit,Center,791.7603,703.0992,49.40627,NorthSidewalk,4.958829,-6.143284,49.40627,9.078895
1742842241633,225.3992,12426,Eye Hit,Center,773.1736,721.5673,49.65701,NorthSidewalk,3.693085,-4.891788,49.65701,7.036592
1742842241676,225.4262,12427,Eye Hit,Center,737.79,721.618,49.78468,NorthSidewalk,1.23875,-4.900837,49.78468,5.797754
1742842241717,225.4691,12428,Eye Hit,Center,721.5185,704.7669,49.67859,NorthSidewalk,0.105512,-6.061265,49.67859,6.957309
1742842241757,225.5096,12429,Eye Hit,Center,689.2966,715.2739,49.70724,NorthSidewalk,-2.134615,-5.334279,49.70724,6.593444
1742842241799,225.55,12430,Eye Hit,Center,674.1669,719.04,49.68277,NorthSidewalk,-3.184917,-5.06995,49.68277,6.87164
1742842241827,225.593,12431,Eye Hit,Center,651.6512,718.2432,49.55133,NorthSidewalk,-4.736955,-5.111757,49.55133,8.005845
1742842241855,225.6196,12432,Eye Hit,Center,639.9693,717.1483,49.45726,NorthSidewalk,-5.536043,-5.177792,49.45726,8.713614
1742842241882,225.6472,12433,Eye Hit,Center,652.6238,720.9956,49.56783,NorthSidewalk,-4.671104,-4.922639,49.56783,7.795683
1742842241910,225.6737,12434,Eye Hit,Center,709.0634,717.5308,49.74965,NorthSidewalk,-0.7610003,-5.181787,49.74965,6.009652
1742842241938,225.7029,12435,Eye Hit,Center,706.1469,717.9841,49.75832,NorthSidewalk,-0.964106,-5.151147,49.75832,6.012293
1742842241967,225.7312,12436,Eye Hit,Center,721.0752,720.692,49.78002,NorthSidewalk,0.07486135,-4.964849,49.78002,5.696225
1742842241994,225.7598,12437,Eye Hit,Center,729.2614,710.8976,49.69797,NorthSidewalk,0.6437655,-5.637484,49.69797,6.51337
1742842242022,225.7872,12438,Eye Hit,Center,724.0508,710.24,49.6906,NorthSidewalk,0.2815307,-5.682351,49.6906,6.531649
1742842242051,225.8151,12439,Eye Hit,Center,726.3148,715.7832,49.72634,NorthSidewalk,0.4391981,-5.300905,49.72634,6.105508
1742842242078,225.8437,12440,Eye Hit,Center,720.257,719.9751,49.75431,NorthSidewalk,0.0178829,-5.012176,49.75431,5.752547
1742842242106,225.8715,12441,Eye Hit,Center,719.8372,722.4833,49.77609,NorthSidewalk,-0.01133259,-4.839749,49.77609,5.553438
1742842242134,225.899,12442,Eye Hit,Center,715.481,722.5189,49.77118,NorthSidewalk,-0.3145805,-4.836791,49.77118,5.562254
1742842242162,225.9275,12443,Eye Hit,Center,714.1977,715.0902,49.71521,NorthSidewalk,-0.4034636,-5.347906,49.71521,6.157051
1742842242190,225.9539,12444,Eye Hit,Center,713.6761,713.1692,49.69871,NorthSidewalk,-0.4395865,-5.479665,49.69871,6.311929
1742842242218,225.9826,12445,Eye Hit,Center,716.046,712.1451,49.68929,NorthSidewalk,-0.2747946,-5.5498,49.68929,6.380702
1742842242246,226.0122,12446,Eye Hit,Center,721.8935,718.797,49.73571,NorthSidewalk,0.1317192,-5.092254,49.73571,5.847877
1742842242274,226.039,12447,Eye Hit,Center,725.5751,720.6394,49.7448,NorthSidewalk,0.3878905,-4.964999,49.7448,5.717038
1742842242301,226.0674,12448,Eye Hit,Center,729.7527,720.1884,49.74078,NorthSidewalk,0.6784997,-4.995972,49.74078,5.78784
1742842242343,226.0937,12449,Eye Hit,Center,734.6699,717.5103,49.71523,NorthSidewalk,1.020071,-5.179626,49.71523,6.06136
1742842242385,226.1356,12450,Eye Hit,Center,740.658,714.4874,49.68195,NorthSidewalk,1.435488,-5.386214,49.68195,6.401747
1742842242413,226.1778,12451,Eye Hit,Center,741.0219,713.704,49.67083,NorthSidewalk,1.460449,-5.439437,49.67083,6.469054
1742842242452,226.2051,12452,Eye Hit,Center,747.6731,715.3928,49.66982,NorthSidewalk,1.922487,-5.322001,49.66982,6.499295
1742842242493,226.2448,12453,Eye Hit,Center,757.304,712.9374,49.61817,NorthSidewalk,2.588862,-5.486871,49.61817,6.97111
1742842242533,226.2848,12454,Eye Hit,Center,758.0626,716.8153,49.64322,NorthSidewalk,2.642846,-5.220382,49.64322,6.722224
1742842242576,226.326,12455,Eye Hit,Center,754.1511,715.5954,49.64702,NorthSidewalk,2.371431,-5.305492,49.64702,6.676322
1742842242617,226.3689,12456,Eye Hit,Center,757.2663,720.2244,49.66894,NorthSidewalk,2.588894,-4.986254,49.66894,6.453577
1742842242659,226.4094,12457,Eye Hit,Center,764.1934,726.6147,49.68307,NorthSidewalk,3.070996,-4.543614,49.68307,6.2989
1742842242701,226.4515,12458,Eye Hit,Center,766.9556,723.3802,49.6507,NorthSidewalk,3.260815,-4.765274,49.6507,6.633445
1742842242744,226.4947,12459,Eye Hit,Center,772.3991,723.8476,49.62866,NorthSidewalk,3.637219,-4.730711,49.62866,6.856266
1742842242785,226.537,12460,Eye Hit,Center,775.974,716.7029,49.56156,NorthSidewalk,3.880109,-5.219587,49.56156,7.476011
1742842242826,226.5772,12461,Eye Hit,Center,783.8443,712.6949,49.48698,NorthSidewalk,4.41902,-5.489148,49.48698,8.104356
1742842242868,226.6187,12462,Eye Hit,Center,785.9969,712.6019,49.47373,NorthSidewalk,4.566787,-5.494111,49.47373,8.217022
1742842242911,226.662,12463,Eye Hit,Center,786.469,717.1893,49.50429,NorthSidewalk,4.6023,-5.179879,49.50429,7.967896
1742842242952,226.7037,12464,Eye Hit,Center,784.6972,719.3423,49.53026,NorthSidewalk,4.48197,-5.033443,49.53026,7.748789
1742842242994,226.7441,12465,Eye Hit,Center,790.9482,710.2145,49.42216,NorthSidewalk,4.904286,-5.653419,49.42216,8.6111
1742842243036,226.7862,12466,Eye Hit,Center,795.2352,710.8311,49.39731,NorthSidewalk,5.198014,-5.607971,49.39731,8.799286
1742842243065,226.8288,12467,Eye Hit,Center,794.3248,704.9188,49.35632,NorthSidewalk,5.130853,-6.011459,49.35632,9.097467
1742842243106,226.858,12468,Eye Hit,Center,797.804,708.467,49.35952,NorthSidewalk,5.371377,-5.766893,49.35952,9.071469
1742842243147,226.8978,12469,Eye Hit,Center,799.1654,704.6652,49.31836,NorthSidewalk,5.46081,-6.024328,49.31836,9.362
1742842243188,226.9397,12470,Eye Hit,Center,801.8283,709.4846,49.33467,NorthSidewalk,5.646363,-5.69377,49.33467,9.232015
1742842243231,226.9804,12471,Eye Hit,Center,802.6863,714.4269,49.36452,NorthSidewalk,5.709016,-5.355982,49.36452,9.010814
1742842243272,227.0238,12472,Eye Hit,Center,802.9956,715.5915,49.36966,NorthSidewalk,5.73097,-5.27612,49.36966,8.966551
1742842243312,227.0652,12473,Eye Hit,Center,803.463,718.7715,49.38711,NorthSidewalk,5.765285,-5.058327,49.38711,8.827437
1742842243355,227.105,12474,Eye Hit,Center,805.963,720.6985,49.37975,NorthSidewalk,5.937089,-4.924481,49.37975,8.878409
1742842243397,227.1471,12475,Eye Hit,Center,805.5543,721.0528,49.38468,NorthSidewalk,5.90945,-4.900501,49.38468,8.836113
1742842243440,227.1906,12476,Eye Hit,Center,806.6177,723.8985,49.39429,NorthSidewalk,5.984063,-4.704856,49.39429,8.760894
1742842243481,227.2326,12477,Eye Hit,Center,808.0893,722.4987,49.37253,NorthSidewalk,6.083053,-4.799445,49.37253,8.91912
1742842243523,227.2733,12478,Eye Hit,Center,810.1915,720.9593,49.34523,NorthSidewalk,6.224775,-4.903038,49.34523,9.122703
1742842243564,227.3148,12479,Eye Hit,Center,812.683,721.4457,49.32691,NorthSidewalk,6.394356,-4.867661,49.32691,9.253277
1742842243607,227.3575,12480,Eye Hit,Center,812.3209,722.129,49.33424,NorthSidewalk,6.370325,-4.821231,49.33424,9.198491
1742842243648,227.4003,12481,Eye Hit,Center,812.7559,722.0082,49.32936,NorthSidewalk,6.399708,-4.829093,49.32936,9.23129
1742842243689,227.4408,12482,Eye Hit,Center,809.7327,722.2621,49.35783,NorthSidewalk,6.194694,-4.814353,49.35783,9.031722
1742842243732,227.4819,12483,Eye Hit,Center,805.7073,724.2925,49.40406,NorthSidewalk,5.922338,-4.678561,49.40406,8.685865
1742842243760,227.5261,12484,Eye Hit,Center,802.4344,727.7712,49.4521,NorthSidewalk,5.701721,-4.442502,49.4521,8.315668
1742842243802,227.5531,12485,Eye Hit,Center,759.9547,734.2738,49.73793,NorthSidewalk,2.779511,-4.015812,49.73793,5.60808
1742842243840,227.5942,12486,Eye Hit,Center,752.5024,734.0569,49.7625,NorthSidewalk,2.262195,-4.032894,49.7625,5.308805
1742842243895,227.6488,12487,Eye Hit,Center,750.5878,733.3595,49.76414,NorthSidewalk,2.129012,-4.08157,49.76414,5.285166
1742842243919,227.6949,12488,Eye Hit,Center,752.4044,739.8524,49.79431,NorthSidewalk,2.256821,-3.631842,49.79431,4.90804
1742842243958,227.7129,12489,Eye Hit,Center,751.6521,732.8986,49.75893,NorthSidewalk,2.20286,-4.113215,49.75893,5.357049
1742842244007,227.7516,12490,Eye Hit,Center,753.3644,732.8882,49.75269,NorthSidewalk,2.321733,-4.113428,49.75269,5.423288
1742842244044,227.7993,12491,Eye Hit,Center,752.932,734.5497,49.76294,NorthSidewalk,2.292121,-3.99863,49.76294,5.291539
1742842244086,227.8503,12492,Eye Hit,Center,753.0416,736.3278,49.77213,NorthSidewalk,2.300174,-3.875584,49.77213,5.173923
1742842244126,227.8827,12493,Eye Hit,Center,752.8249,735.0554,49.76694,NorthSidewalk,2.284849,-3.963749,49.76694,5.252476
1742842244167,227.9193,12494,Eye Hit,Center,755.4377,736.41,49.76567,NorthSidewalk,2.466654,-3.869364,49.76567,5.268159
1742842244212,227.9614,12495,Eye Hit,Center,757.2227,735.1505,49.75243,NorthSidewalk,2.590211,-3.955978,49.75243,5.429139
1742842244258,228.0065,12496,Eye Hit,Center,758.045,735.8203,49.75301,NorthSidewalk,2.64746,-3.909413,49.75301,5.421083
1742842244303,228.0514,12497,Eye Hit,Center,759.9594,737.1391,49.75162,NorthSidewalk,2.780605,-3.817536,49.75162,5.422782
1742842244348,228.0962,12498,Eye Hit,Center,762.0685,737.787,49.74555,NorthSidewalk,2.927006,-3.77199,49.74555,5.482264
1742842244390,228.1399,12499,Eye Hit,Center,763.8287,738.2799,49.73981,NorthSidewalk,3.049125,-3.737265,49.73981,5.538703
1742842244434,228.1857,12500,Eye Hit,Center,765.574,737.6877,49.72834,NorthSidewalk,3.169812,-3.777593,49.72834,5.663201
1742842244472,228.2361,12501,Eye Hit,Center,767.0866,736.8267,49.71618,NorthSidewalk,3.274223,-3.836537,49.71618,5.792917
1742842244514,228.2685,12502,Eye Hit,Center,769.037,734.7107,49.69478,NorthSidewalk,3.408374,-3.981964,49.69478,6.020895
1742842244563,228.3067,12503,Eye Hit,Center,772.412,733.2186,49.66879,NorthSidewalk,3.641055,-4.083536,49.66879,6.285844
1742842244615,228.3547,12504,Eye Hit,Center,774.9931,735.6865,49.66827,NorthSidewalk,3.820323,-3.912048,49.66827,6.282412
1742842244655,228.4061,12505,Eye Hit,Center,776.4416,735.8569,49.66111,NorthSidewalk,3.920382,-3.899654,49.66111,6.35354
1742842244712,228.4448,12506,Eye Hit,Center,779.7735,733.7737,49.6307,NorthSidewalk,4.149274,-4.041873,49.6307,6.657025
1742842244764,228.5047,12507,Eye Hit,Center,781.3823,733.4058,49.61924,NorthSidewalk,4.259969,-4.066469,49.61924,6.768744
1742842244809,228.5564,12508,Eye Hit,Center,782.144,731.4326,49.60319,NorthSidewalk,4.311433,-4.20205,49.60319,6.920277
1742842244847,228.6013,12509,Eye Hit,Center,783.1653,730.5848,49.59179,NorthSidewalk,4.381282,-4.259892,49.59179,7.024734
1742842244901,228.6378,12510,Eye Hit,Center,784.845,729.7073,49.57586,NorthSidewalk,4.496345,-4.319372,49.57586,7.168176
1742842244947,228.6964,12511,Eye Hit,Center,786.2951,729.5631,49.56564,NorthSidewalk,4.595948,-4.328475,49.56564,7.258906
1742842244987,228.7403,12512,Eye Hit,Center,786.9988,729.3556,49.55976,NorthSidewalk,4.644177,-4.342347,49.55976,7.310537
1742842245031,228.78,12513,Eye Hit,Center,787.8168,729.6281,49.55596,NorthSidewalk,4.700522,-4.323125,49.55596,7.343234
1742842245070,228.8245,12514,Eye Hit,Center,789.0487,727.4118,49.53426,NorthSidewalk,4.783814,-4.474782,49.53426,7.533144
1742842245112,228.8651,12515,Eye Hit,Center,790.074,727.6884,49.52893,NorthSidewalk,4.854322,-4.455137,49.52893,7.577559
1742842245154,228.9044,12516,Eye Hit,Center,791.4654,729.1531,49.52828,NorthSidewalk,4.950645,-4.353618,49.52828,7.581986
1742842245194,228.9459,12517,Eye Hit,Center,792.5786,729.2787,49.52114,NorthSidewalk,5.027038,-4.344289,49.52114,7.641569
1742842245235,228.9872,12518,Eye Hit,Center,793.4734,730.3578,49.52117,NorthSidewalk,5.089016,-4.26955,49.52117,7.640105
1742842245288,229.0277,12519,Eye Hit,Center,795.191,730.7985,49.51126,NorthSidewalk,5.206939,-4.238176,49.51126,7.722225
1742842245342,229.081,12520,Eye Hit,Center,797.5819,730.9767,49.49481,NorthSidewalk,5.370728,-4.224431,49.49481,7.860325
1742842245386,229.1362,12521,Eye Hit,Center,798.5878,732.2463,49.49459,NorthSidewalk,5.440341,-4.136524,49.49459,7.861848
1742842245440,229.1774,12522,Eye Hit,Center,798.1978,731.7056,49.49424,NorthSidewalk,5.413303,-4.173922,49.49424,7.863346
1742842245484,229.2354,12523,Eye Hit,Center,798.229,731.4625,49.49234,NorthSidewalk,5.415252,-4.190591,49.49234,7.876939
1742842245529,229.2771,12524,Eye Hit,Center,797.9754,733.376,49.50476,NorthSidewalk,5.39905,-4.059153,49.50476,7.769809
1742842245581,229.321,12525,Eye Hit,Center,797.4779,733.7431,49.51009,NorthSidewalk,5.365182,-4.034166,49.51009,7.721157
1742842245626,229.3761,12526,Eye Hit,Center,796.9767,733.3353,49.51111,NorthSidewalk,5.330581,-4.06249,49.51111,7.709073
1742842245667,229.4196,12527,Eye Hit,Center,795.5232,733.8383,49.52412,NorthSidewalk,5.231305,-4.028714,49.52412,7.594194
1742842245708,229.4601,12528,Eye Hit,Center,793.5651,734.0304,49.53862,NorthSidewalk,5.097167,-4.016588,49.53862,7.463243
1742842245749,229.5002,12529,Eye Hit,Center,791.7304,734.6532,49.55422,NorthSidewalk,4.971608,-3.974686,49.55422,7.319468
1742842245791,229.5421,12530,Eye Hit,Center,790.2531,735.5314,49.56841,NorthSidewalk,4.87061,-3.914941,49.56841,7.185207
1742842245833,229.5837,12531,Eye Hit,Center,789.7585,735.8367,49.57271,NorthSidewalk,4.836737,-3.894113,49.57271,7.139739
1742842245875,229.6274,12532,Eye Hit,Center,790.2907,736.4155,49.5718,NorthSidewalk,4.87355,-3.853908,49.5718,7.144079
1742842245917,229.6671,12533,Eye Hit,Center,790.7236,736.4324,49.56856,NorthSidewalk,4.903241,-3.852487,49.56856,7.170092
1742842245959,229.7099,12534,Eye Hit,Center,791.491,735.8248,49.55962,NorthSidewalk,4.955557,-3.893906,49.55962,7.247247
1742842246001,229.7511,12535,Eye Hit,Center,792.7526,736.9247,49.55627,NorthSidewalk,5.042668,-3.817408,49.55627,7.273109
1742842246043,229.7949,12536,Eye Hit,Center,794.3625,738.3096,49.55168,NorthSidewalk,5.153773,-3.721072,49.55168,7.310215
1742842246087,229.8357,12537,Eye Hit,Center,796.5054,739.1851,49.54031,NorthSidewalk,5.301069,-3.659551,49.54031,7.408408
1742842246128,229.8797,12538,Eye Hit,Center,798.215,738.6487,49.52465,NorthSidewalk,5.417819,-3.695554,49.52465,7.54335
1742842246171,229.9207,12539,Eye Hit,Center,799.1664,738.6525,49.51722,NorthSidewalk,5.482894,-3.694731,49.51722,7.60522
1742842246223,229.965,12540,Eye Hit,Center,801.9048,739.3332,49.49947,NorthSidewalk,5.670518,-3.646285,49.49947,7.755776
1742842246265,230.0168,12541,Eye Hit,Center,803.8912,740.5557,49.48993,NorthSidewalk,5.806922,-3.560957,49.48993,7.836967
1742842246306,230.0613,12542,Eye Hit,Center,806.1981,739.9471,49.46847,NorthSidewalk,5.964022,-3.601524,49.46847,8.016774
