unix_ms,rel_timestamp,frame,event,side,screen_pos_x,screen_pos_y,screen_pos_z,target_name,local_direction_x,local_direction_y,local_direction_z,angular_diff
1742844904966,0,263,,Center,0,0,0,,0,0,0,0
1742844905239,0.01999998,265,Eye Hit,Center,622.6136,656.0743,48.66792,RoadCrosswalk,-32.28092,-17.06787,48.66792,36.88074
1742844905291,0.07194686,266,Eye Hit,Center,634.6092,668.243,48.90895,RoadCrosswalk,-32.11689,-16.46563,48.90895,36.42498
1742844905343,0.1027176,267,Eye Hit,Center,655.504,688.3788,49.26331,RoadCrosswalk,-31.78126,-15.44028,49.26331,35.64946
1742844905392,0.1709566,268,Eye Hit,Center,677.6706,728.4556,49.69122,RoadCrosswalk,-31.4492,-13.27639,49.69122,34.48816
1742844905446,0.2016134,269,Eye Hit,Center,650.9537,683.8893,49.18742,RoadCrosswalk,-31.85589,-15.6713,49.18742,35.82057
1742844905493,0.2396193,270,Eye Hit,Center,632.6912,545.964,46.94491,RoadCrosswalk,-30.87687,-22.42825,46.94491,39.10868
1742844905527,0.2850442,271,Eye Hit,Center,656.0484,622.804,48.45389,RoadCrosswalk,-31.24452,-18.85282,48.45389,36.98426
1742844905558,0.3198123,272,Eye Hit,Center,679.1376,734.2414,49.73776,RoadCrosswalk,-31.43836,-12.9568,49.73776,34.35882
1742844905588,0.360069,273,Eye Hit,Center,682.4095,743.4962,49.79833,RoadCrosswalk,-31.3867,-12.44086,49.79833,34.13658
1742844905617,0.3875501,274,Eye Hit,Center,680.9245,742.943,49.79042,RoadCrosswalk,-31.42253,-12.47061,49.79042,34.1757
1742844905646,0.4157827,275,Eye Hit,Center,683.0061,742.212,49.79496,RoadCrosswalk,-31.36816,-12.51372,49.79496,34.14603
1742844905679,0.439769,276,Eye Hit,Center,694.2084,734.5278,49.78929,RoadCrosswalk,-31.05667,-12.9537,49.78929,34.05263
1742844905709,0.4729273,277,Eye Hit,Center,701.6438,732.8115,49.79541,RoadCrosswalk,-30.85606,-13.05406,49.79541,33.93382
1742844905740,0.5043995,278,Eye Hit,Center,707.3124,734.1248,49.8111,RoadCrosswalk,-30.70989,-12.98256,49.8111,33.79659
1742844905775,0.5348327,279,Eye Hit,Center,713.6076,737.0521,49.83245,RoadCrosswalk,-30.54986,-12.81988,49.83245,33.61763
1742844905805,0.5678866,280,Eye Hit,Center,714.9109,740.6794,49.85157,RoadCrosswalk,-30.5257,-12.61618,49.85157,33.5272
1742844905837,0.5998495,281,Eye Hit,Center,718.0195,737.8267,49.83798,RoadCrosswalk,-30.43185,-12.77681,49.83798,33.51454
1742844905870,0.6304557,282,Eye Hit,Center,723.6863,736.2184,49.82908,RoadCrosswalk,-30.27051,-12.86692,49.82908,33.4284
1742844905901,0.662863,283,Eye Hit,Center,737.3417,729.9896,49.78019,RoadCrosswalk,-29.86551,-13.21205,49.78019,33.26618
1742844905934,0.6939189,284,Eye Hit,Center,758.0193,719.279,49.6563,RoadCrosswalk,-29.22431,-13.79291,49.6563,33.05558
1742844905964,0.7264659,285,Eye Hit,Center,774.4434,707.4398,49.49568,RoadCrosswalk,-28.68095,-14.42443,49.49569,32.96827
1742844905998,0.7564161,286,Eye Hit,Center,808.6686,690.6654,49.12055,RoadCrosswalk,-27.5354,-15.26587,49.12054,32.65804
1742844906030,0.798559,287,Eye Hit,Center,825.6322,684.9319,48.91441,RoadCrosswalk,-26.96174,-15.52554,48.91441,32.45868
1742844906060,0.8230932,288,Eye Hit,Center,732.1395,759.6227,49.9243,NorthSidewalk,-30.09537,-11.54334,49.9243,32.84797
1742844906094,0.8521016,289,Eye Hit,Center,714.6182,771.7213,49.96048,NorthSidewalk,-30.60046,-10.85416,49.96048,33.01916
1742844906138,0.8871543,290,Eye Hit,Center,739.3746,771.0663,49.94236,NorthSidewalk,-29.90675,-10.88795,49.94236,32.50838
1742844906184,0.9312341,291,Eye Hit,Center,791.7553,761.3999,49.68824,NorthSidewalk,-28.31762,-11.38678,49.68824,31.56053
1742844906227,0.9838293,292,Eye Hit,Center,834.6849,748.2719,49.26391,NorthSidewalk,-26.90815,-12.0358,49.26391,30.89436
1742844906268,1.03217,293,,Center,762.8174,775.3232,49.88002,,-29.22383,-10.62929,49.88002,31.94077
1742844906309,1.060446,294,Eye Hit,Center,745.4974,787.0082,49.94962,NW_Tree_10,-29.74225,-9.970732,49.94962,32.12939
1742844906353,1.103557,295,,Center,742.5162,790.5205,49.95765,,-29.82925,-9.769756,49.95765,32.14116
1742844906395,1.146421,296,,Center,772.4126,780.4879,49.84295,,-28.93806,-10.32439,49.84295,31.6509
1742844906437,1.186079,297,,Center,774.0054,775.9763,49.82864,,-28.88595,-10.58088,49.82864,31.69006
1742844906469,1.226923,298,,Center,649.471,766.9278,49.70986,,-32.23493,-11.07468,49.70987,34.43705
1742844906500,1.259364,299,,Center,637.5298,767.4144,49.62346,,-32.50607,-11.0276,49.62346,34.6725
1742844906529,1.290097,300,,Center,633.1002,758.6546,49.56358,,-32.58805,-11.51514,49.56358,34.88963
1742844906547,1.319363,301,,Center,648.6433,756.0362,49.67277,,-32.23359,-11.69059,49.67277,34.61652
1742844906564,1.33756,302,,Center,657.421,756.5853,49.73117,,-32.03046,-11.67284,49.73117,34.43097
1742844906601,1.379971,304,,Center,683.6675,757.1956,49.85885,,-31.39021,-11.6678,49.85885,33.88796
1742844906633,1.407975,306,,Center,707.7046,758.2043,49.91922,,-30.76574,-11.62386,49.91922,33.37815
1742844906667,1.440495,308,,Center,715.8114,759.2517,49.9293,,-30.54848,-11.56583,49.9293,33.19342
1742844906699,1.47437,310,Eye Hit,Center,580.4794,761.1097,49.01264,SW_Tree_10,-33.64973,-11.24841,49.01264,35.90059
1742844906731,1.506523,312,Eye Hit,Center,572.3233,759.9244,48.9019,SW_Tree_10,-33.79391,-11.28978,48.9019,36.07703
1742844906764,1.537813,314,,Center,588.2003,761.6454,49.11146,,-33.50822,-11.24073,49.11146,35.74093
1742844906780,1.554489,315,Eye Hit,Center,600.8931,755.6927,49.24136,SW_Tree_10,-33.25178,-11.60858,49.24136,35.57425
1742844906812,1.587018,317,Eye Hit,Center,618.5707,749.3694,49.40096,SW_Tree_10,-32.87741,-12.00671,49.40096,35.31806
1742844906845,1.618809,319,Eye Hit,Center,629.2532,748.1197,49.49303,SW_Tree_10,-32.64678,-12.10046,49.49303,35.12546
1742844906862,1.635837,320,Eye Hit,Center,641.3657,748.6749,49.59314,SW_Tree_10,-32.38116,-12.09315,49.59314,34.8759
1742844906894,1.669472,322,Eye Hit,Center,653.5397,757.3659,49.71036,SW_Tree_10,-32.12359,-11.6232,49.71036,34.49745
1742844906925,1.700277,324,Eye Hit,Center,664.0264,758.9843,49.77734,SW_Tree_10,-31.87867,-11.546,49.77734,34.2602
1742844906959,1.732401,326,Eye Hit,Center,669.0102,759.2805,49.80389,SW_Tree_10,-31.75863,-11.53507,49.80389,34.15425
1742844906974,1.749239,327,,Center,659.1861,754.4666,49.73437,,-31.98407,-11.79519,49.73437,34.42812
1742844907005,1.780194,329,,Center,663.0693,754.1274,49.75515,,-31.89076,-11.81967,49.75515,34.35498
1742844907037,1.812,331,,Center,609.8698,742.7545,49.28566,,-33.03744,-12.3549,49.28566,35.58998
1742844907068,1.842877,333,,Center,613.5975,742.795,49.32364,,-32.96138,-12.36216,49.32364,35.51627
1742844907100,1.874222,335,,Center,616.7953,744.6873,49.36346,,-32.90084,-12.26425,49.36346,35.42434
1742844907132,1.907212,337,,Center,626.1249,748.7437,49.46732,,-32.71526,-12.0585,49.46732,35.17793
1742844907164,1.93943,339,,Center,627.4034,750.3611,49.48491,,-32.69196,-11.97049,49.48491,35.12791
1742844907198,1.972427,341,,Center,677.458,754.3912,49.82376,,-31.53893,-11.82078,49.82376,34.05909
1742844907213,1.989357,342,,Center,675.0682,758.1594,49.82684,,-31.60662,-11.60481,49.82684,34.04826
1742844907246,2.020214,344,,Center,673.2318,762.1238,49.83094,,-31.65974,-11.37785,49.83094,34.02431
1742844907265,2.036926,345,,Center,673.1605,763.5322,49.83424,,-31.6638,-11.29762,49.83424,34.0042
1742844907281,2.055213,346,,Center,674.9042,765.3484,49.84708,,-31.62398,-11.19614,49.84708,33.94081
1742844907313,2.086414,348,,Center,675.3309,764.9179,49.84802,,-31.61282,-11.22106,49.84802,33.93858
1742844907329,2.103411,349,,Center,675.5737,765.3833,49.8502,,-31.60752,-11.19475,49.8502,33.92652
1742844907345,2.120125,350,,Center,675.6678,762.0688,49.84179,,-31.59959,-11.38357,49.84179,33.97533
1742844907378,2.152155,352,,Center,660.626,759.0192,49.75716,,-31.95916,-11.53924,49.75716,34.32869
1742844907394,2.16887,353,,Center,660.4767,759.5543,49.75793,,-31.96376,-11.50867,49.75793,34.32353
1742844907425,2.200336,355,,Center,659.5007,759.682,49.75288,,-31.98733,-11.50029,49.75288,34.34142
1742844907456,2.230982,357,,Center,658.6685,760.3244,49.75004,,-32.00835,-11.46263,49.75004,34.3485
1742844907487,2.262534,359,,Center,656.9984,762.748,49.74712,,-32.05235,-11.32285,49.74712,34.34584
1742844907519,2.294709,361,,Center,653.9762,758.4504,49.7157,,-32.11505,-11.56223,49.7157,34.47209
1742844907552,2.326133,363,Eye Hit,Center,628.6471,755.5151,49.51558,SW_Tree_30,-32.67823,-11.68343,49.51558,35.02549
1742844907584,2.357387,365,,Center,562.5764,749.3964,48.73116,,-33.93814,-11.84244,48.73116,36.41314
1742844907600,2.374843,366,,Center,553.9271,748.9279,48.60326,,-34.08117,-11.83769,48.60326,36.58672
1742844907631,2.406624,368,,Center,536.3531,745.9022,48.31779,,-34.34981,-11.9368,48.31779,36.96572
1742844907665,2.439007,370,,Center,523.7123,746.2446,48.10844,,-34.53673,-11.86599,48.10844,37.20152
1742844907699,2.473809,372,,Center,505.8497,747.799,47.79834,,-34.78549,-11.70381,47.79834,37.5186
1742844907733,2.507193,374,Eye Hit,Center,523.6667,748.3777,48.11637,SW_Tree_50,-34.54363,-11.74957,48.11637,37.17345
1742844907766,2.538741,376,Eye Hit,Center,703.9437,746.7007,49.86889,NorthSidewalk,-30.83826,-12.27396,49.86889,33.64643
1742844907784,2.556449,377,Eye Hit,Center,791.6042,747.1877,49.63591,NorthSidewalk,-28.29194,-12.18879,49.63591,31.82524
1742844907799,2.574088,378,Eye Hit,Center,778.0269,747.5107,49.72171,NorthSidewalk,-28.71356,-12.19127,49.72171,32.1034
1742844907830,2.605741,380,,Center,774.7742,761.201,49.78929,,-28.842,-11.42134,49.78929,31.92486
1742844907863,2.636497,382,,Center,744.6337,761.5056,49.90655,,-29.7404,-11.43072,49.90655,32.55508
1742844907878,2.653903,383,,Center,723.2821,770.0402,49.95766,,-30.35978,-10.95036,49.95766,32.86375
1742844907911,2.685149,385,,Center,703.5804,770.0163,49.94535,,-30.89557,-10.94918,49.94535,33.27626
1742844907927,2.702035,386,,Center,692.0571,770.0605,49.92068,,-31.1979,-10.94111,49.92068,33.51518
1742844907962,2.735697,388,,Center,658.3411,770.0547,49.7743,,-32.03296,-10.90941,49.7743,34.21034
1742844907978,2.753026,389,,Center,645.3202,771.0758,49.69065,,-32.33635,-10.8325,49.69065,34.46168
1742844908013,2.786667,391,,Center,625.6371,773.7612,49.53672,,-32.77451,-10.64551,49.53672,34.82428
1742844908031,2.807835,392,,Center,602.6126,774.7758,49.30808,,-33.25003,-10.53863,49.30808,35.27532
1742844908073,2.846875,394,,Center,544.4373,781.1955,48.53581,,-34.28816,-10.01401,48.5358,36.3517
1742844908100,2.880066,395,,Center,534.8333,784.4199,48.38406,,-34.43752,-9.802749,48.38406,36.50247
1742844908133,2.91036,396,Eye Hit,Center,622.2299,743.8721,49.41024,NorthSidewalk,-32.78376,-12.32242,49.41024,35.32988
1742844908167,2.939553,397,Eye Hit,Center,632.8461,738.134,49.47493,NorthSidewalk,-32.5367,-12.66619,49.47493,35.21117
1742844908204,2.96975,398,Eye Hit,Center,626.3824,740.7352,49.43299,NorthSidewalk,-32.68553,-12.50705,49.43299,35.29707
1742844908241,2.999838,399,,Center,779.9496,755.5454,49.73886,,-28.67066,-11.7344,49.73886,31.91607
1742844908281,3.035882,400,,Center,772.7285,783.0541,49.83883,,-28.92698,-10.176,49.83883,31.60301
1742844908323,3.075087,401,,Center,745.8157,780.9344,49.94021,,-29.72787,-10.31882,49.94021,32.21545
1742844908358,3.116507,402,,Center,710.0027,779.3942,49.96795,,-30.73237,-10.41337,49.96795,32.99929
1742844908399,3.151438,403,,Center,656.225,776.2136,49.772,,-32.08963,-10.55519,49.772,34.16533
1742844908436,3.1924,404,,Center,627.8384,772.6274,49.55441,,-32.72598,-10.71414,49.55441,34.79531
1742844908467,3.230041,405,,Center,635.7382,770.3922,49.61634,,-32.55047,-10.85549,49.61634,34.66635
1742844908508,3.259301,406,,Center,708.9635,769.1989,49.94887,,-30.7493,-10.99703,49.94887,33.17669
1742844908539,3.301645,407,,Center,715.5106,768.8241,49.95259,,-30.57103,-11.01938,49.95259,33.0458
1742844908581,3.332356,408,,Center,670.1227,769.7853,49.83524,,-31.74802,-10.93816,49.83524,33.97247
1742844908621,3.374525,409,,Center,628.3268,764.8406,49.53985,,-32.703,-11.15605,49.53985,34.89535
1742844908651,3.414235,410,,Center,596.1663,765.6422,49.21603,,-33.36311,-11.03769,49.21603,35.52782
1742844908692,3.443338,411,,Center,546.1324,764.4213,48.53303,,-34.24078,-10.95284,48.53304,36.52848
1742844908735,3.484597,412,Eye Hit,Center,560.4919,763.9092,48.74728,Truck1-Detailed,-34.00549,-11.03001,48.74728,36.25505
1742844908778,3.527918,413,,Center,727.4031,748.3682,49.88358,,-30.20126,-12.18167,49.88358,33.13768
1742844908821,3.571034,414,,Center,728.7177,739.7531,49.8423,,-30.1401,-12.66708,49.8423,33.26262
1742844908862,3.613525,415,,Center,694.3609,736.5359,49.79757,,-31.05763,-12.84054,49.79757,34.01462
1742844908903,3.655119,416,,Center,655.7081,723.9982,49.55727,,-31.96534,-13.49545,49.55727,34.9977
1742844908945,3.696326,417,,Center,647.7357,725.1472,49.51269,,-32.15451,-13.41776,49.51269,35.13381
1742844908987,3.739403,418,,Center,740.1929,729.1384,49.76634,,-29.77886,-13.25735,49.76634,33.22451
1742844909029,3.780241,419,,Center,781.8533,727.4846,49.59245,,-28.53415,-13.30563,49.59245,32.40956
1742844909070,3.821991,420,,Center,746.2656,729.5621,49.75567,,-29.60566,-13.23004,49.75567,33.09351
1742844909112,3.863159,421,,Center,717.6919,727.0681,49.77388,,-30.40171,-13.37823,49.77388,33.71595
1742844909153,3.905871,422,,Center,717.4007,719.981,49.7272,,-30.38119,-13.77238,49.7272,33.85378
1742844909194,3.954921,423,Eye Hit,Center,847.8841,719.2924,48.95306,NorthSidewalk,-26.38163,-13.59683,48.95306,31.22768
1742844909235,3.987275,424,Eye Hit,Center,807.4041,721.1941,49.37112,NorthSidewalk,-27.71033,-13.60465,49.37112,32.01616
1742844909278,4.028047,425,Eye Hit,Center,768.8517,721.5173,49.62243,NorthSidewalk,-28.90759,-13.65535,49.62243,32.79274
1742844909320,4.071724,426,Eye Hit,Center,763.0588,721.254,49.64532,NorthSidewalk,-29.07971,-13.67679,49.64532,32.91497
1742844909362,4.113358,427,Eye Hit,Center,839.5074,746.4608,49.19645,LowFemale2,-26.74033,-12.12216,49.19645,30.82812
1742844909404,4.154319,428,Eye Hit,Center,825.5537,746.8463,49.34438,NorthSidewalk,-27.20087,-12.13659,49.34438,31.11634
1742844909434,4.194523,429,,Center,800.2571,746.5146,49.56562,,-28.01509,-12.2101,49.56562,31.65642
1742844909467,4.224518,430,,Center,787.9995,746.842,49.65367,,-28.40088,-12.21303,49.65367,31.90733
1742844909494,4.257301,431,Eye Hit,Center,775.819,743.9716,49.71321,NorthSidewalk,-28.76925,-12.39228,49.71321,32.21539
1742844909522,4.284034,432,Eye Hit,Center,758.3226,743.1806,49.78914,NorthSidewalk,-29.29414,-12.4566,49.78914,32.59274
1742844909541,4.312547,433,Eye Hit,Center,752.6528,744.2176,49.81275,NorthSidewalk,-29.46396,-12.40285,49.81276,32.69089
1742844909559,4.33107,434,Eye Hit,Center,745.6774,744.2741,49.83371,LowFemale2,-29.66829,-12.40483,49.83371,32.83377
1742844909577,4.349751,435,Eye Hit,Center,732.6055,743.7384,49.85586,LowFemale2,-30.04128,-12.44116,49.85586,33.11204
1742844909594,4.367735,436,Eye Hit,Center,727.903,744.2302,49.86217,LowFemale2,-30.17453,-12.41458,49.86217,33.19975
1742844909611,4.384437,437,Eye Hit,Center,721.5762,743.3468,49.86223,LowFemale2,-30.34874,-12.46539,49.86223,33.34466
1742844909627,4.402502,438,Eye Hit,Center,716.7875,743.4287,49.86166,LowFemale2,-30.48022,-12.46049,49.86166,33.44093
1742844909664,4.438312,440,Eye Hit,Center,710.2045,749.0136,49.88247,NorthSidewalk,-30.67425,-12.14429,49.88247,33.47949
1742844909679,4.455874,441,,Center,707.3175,754.5698,49.90223,,-30.76593,-11.82911,49.90223,33.44575
1742844909712,4.487411,443,,Center,693.0758,759.4966,49.89228,,-31.1521,-11.54316,49.89228,33.6586
1742844909731,4.504524,444,,Center,680.5214,760.4619,49.8542,,-31.47387,-11.47882,49.8542,33.90089
1742844909746,4.521441,445,,Center,676.4066,759.8275,49.83664,,-31.57602,-11.51129,49.83664,33.99495
1742844909778,4.552793,447,,Center,658.7984,760.4548,49.75016,,-32.00487,-11.45525,49.75016,34.34391
1742844909794,4.569657,448,,Center,650.9458,760.4104,49.70066,,-32.1885,-11.44632,49.70066,34.50375
1742844909826,4.601255,450,,Center,651.93,764.7797,49.71987,,-32.17392,-11.20019,49.71988,34.41863
1742844909858,4.63336,452,Eye Hit,Center,753.5552,765.8375,49.89137,Sedan1-Detailed,-29.48561,-11.17791,49.89137,32.29447
1742844909891,4.664984,454,Eye Hit,Center,758.7909,767.4094,49.87689,SouthWalkingPole,-29.33288,-11.08411,49.87688,32.15726
1742844909922,4.697063,456,Eye Hit,Center,747.5207,766.5582,49.91175,SouthWalkingPole,-29.66394,-11.14098,49.91174,32.40992
1742844909955,4.729439,458,Eye Hit,Center,728.2761,765.9591,49.9439,SouthWalkingPole,-30.21371,-11.18264,49.9439,32.8244
1742844909987,4.762151,460,Eye Hit,Center,721.9124,766.0331,49.9473,SouthWalkingPole,-30.39125,-11.17902,49.9473,32.95634
1742844910019,4.793622,462,Eye Hit,Center,714.6874,764.9709,49.9434,Sedan1-Detailed,-30.5881,-11.2395,49.9434,33.12415
1742844910052,4.826561,464,Eye Hit,Center,709.2394,764.9655,49.93876,Sedan1-Detailed,-30.73547,-11.23863,49.93876,33.23755
1742844910085,4.860042,466,Eye Hit,Center,706.1399,767.1252,49.94048,Sedan1-Detailed,-30.82198,-11.11462,49.94048,33.26793
1742844910118,4.89209,468,Eye Hit,Center,708.3633,769.4505,49.94843,Sedan1-Detailed,-30.76558,-10.98244,49.94843,33.1853
1742844910133,4.908915,469,Eye Hit,Center,712.0744,770.1371,49.95277,Sedan1-Detailed,-30.66591,-10.94377,49.95277,33.09707
1742844910165,4.940487,471,Eye Hit,Center,710.3788,772.5939,49.95638,Sedan1-Detailed,-30.71489,-10.80296,49.95638,33.09448
1742844910198,4.972242,473,Eye Hit,Center,716.2867,771.413,49.95811,Sedan1-Detailed,-30.553,-10.87137,49.95811,32.98896
1742844910231,5.005268,475,Eye Hit,Center,724.0906,769.801,49.95437,Sedan1-Detailed,-30.33549,-10.96355,49.95437,32.8506
1742844910264,5.037883,477,Eye Hit,Center,725.9026,771.6797,49.95774,Sedan1-Detailed,-30.28755,-10.85586,49.95774,32.78276
1742844910296,5.071196,479,Eye Hit,Center,732.4081,769.7602,49.94837,Sedan1-Detailed,-30.10247,-10.96453,49.94837,32.67634
1742844910328,5.102941,481,Eye Hit,Center,744.5942,771.4402,49.93008,Sedan1-Detailed,-29.75551,-10.86375,49.93008,32.39188
1742844910361,5.136452,483,Eye Hit,Center,746.4988,771.3935,49.92544,Sedan1-Detailed,-29.70025,-10.86541,49.92544,32.35227
1742844910378,5.157483,484,Eye Hit,Center,750.694,770.2307,49.91164,Sedan1-Detailed,-29.57644,-10.92943,49.91164,32.28227
1742844910409,5.182609,486,Eye Hit,Center,758.6815,766.3307,49.87564,Sedan1-Detailed,-29.33516,-11.14586,49.87564,32.17767
1742844910426,5.199302,487,Eye Hit,Center,771.8821,767.492,49.82014,Sedan1-Detailed,-28.93942,-11.06675,49.82014,31.87759
1742844910443,5.217733,488,Eye Hit,Center,768.3563,767.3072,49.83689,Sedan1-Detailed,-29.04616,-11.08112,49.83689,31.95579
1742844910474,5.24937,490,Eye Hit,Center,784.7324,768.1837,49.74867,Sedan1-Detailed,-28.54494,-11.01121,49.74866,31.59124
1742844910510,5.282185,492,Eye Hit,Center,798.8229,767.0987,49.64951,Sedan1-Detailed,-28.10181,-11.05139,49.64951,31.30792
1742844910526,5.301583,493,Eye Hit,Center,807.2684,768.1837,49.58482,Sedan1-Detailed,-27.83399,-10.97494,49.58482,31.10685
1742844910560,5.340902,495,Eye Hit,Center,817.3325,771.5479,49.50376,Sedan1-Detailed,-27.51343,-10.76477,49.50376,30.82919
1742844910596,5.37003,497,Eye Hit,Center,837.0616,772.6023,49.30621,Sedan1-Detailed,-26.86656,-10.6618,49.30621,30.38012
1742844910612,5.388062,498,Eye Hit,Center,841.272,772.9193,49.26009,Sedan1-Detailed,-26.72693,-10.63379,49.26009,30.28214
1742844910648,5.418404,500,Eye Hit,Center,860.2216,774.9279,49.03337,Sedan1-Detailed,-26.09092,-10.47131,49.03337,29.82824
1742844910664,5.4393,501,Eye Hit,Center,867.4774,775.6373,48.93813,Sedan1-Detailed,-25.84419,-10.41083,48.93813,29.65447
1742844910696,5.470973,503,Eye Hit,Center,871.8223,779.5873,48.88393,Sedan1-Detailed,-25.69831,-10.17665,48.88393,29.48469
1742844910727,5.502062,505,Eye Hit,Center,877.3141,780.1324,48.80771,Sedan1-Detailed,-25.51026,-10.13006,48.80771,29.35208
1742844910758,5.535606,507,Eye Hit,Center,884.8744,773.6612,48.6888,Sedan1-Detailed,-25.24488,-10.46887,48.6888,29.30591
1742844910789,5.568928,509,Eye Hit,Center,894.0085,774.9359,48.55187,Sedan1-Detailed,-24.92903,-10.36793,48.55187,29.07788
1742844910830,5.610486,511,Eye Hit,Center,921.8448,779.2374,48.09607,Sedan1-Detailed,-23.95583,-10.03189,48.09607,28.36873
1742844910871,5.639161,512,Eye Hit,Center,943.8057,781.5062,47.69678,Sedan1-Detailed,-23.17865,-9.823795,47.69678,27.82524
1742844910903,5.668397,513,Eye Hit,Center,961.6571,784.8718,47.35072,Sedan1-Detailed,-22.5438,-9.568643,47.35072,27.34864
1742844910938,5.696845,514,Eye Hit,Center,983.7919,790.7809,46.89516,Sedan1-Detailed,-21.75381,-9.1569,46.89516,26.71625
1742844910979,5.731094,515,Eye Hit,Center,1002.408,792.152,46.49055,Sedan1-Detailed,-21.08829,-9.004296,46.49055,26.25354
1742844911006,5.771882,516,Eye Hit,Center,1014.958,794.6129,46.20825,Sedan1-Detailed,-20.64006,-8.8183,46.20825,25.90744
1742844911035,5.79963,517,Eye Hit,Center,1025.539,795.0782,45.9651,Sedan1-Detailed,-20.26294,-8.747355,45.9651,25.64826
1742844911069,5.836619,518,Eye Hit,Center,1041.27,796.3826,45.59476,Sedan1-Detailed,-19.70368,-8.608175,45.59476,25.24806
1742844911109,5.861493,519,Eye Hit,Center,1053.89,800.4124,45.28999,Sedan1-Detailed,-19.25641,-8.340031,45.28999,24.86041
1742844911141,5.902686,520,Eye Hit,Center,1067.373,800.5814,44.96014,Sedan1-Detailed,-18.78149,-8.270538,44.96014,24.53409
1742844911183,5.934316,521,Eye Hit,Center,1088.36,802.6743,44.43477,Sedan1-Detailed,-18.04716,-8.066602,44.43477,23.98306
1742844911212,5.976543,522,Eye Hit,Center,1081.171,802.8074,44.61591,Sedan1-Detailed,-18.2978,-8.092675,44.61591,24.15334
1742844911253,6.006052,523,Eye Hit,Center,1102.206,801.6223,44.08384,Sedan1-Detailed,-17.56763,-8.056373,44.08384,23.67317
1742844911295,6.055553,524,Eye Hit,Center,1107.501,799.6465,43.94919,Sedan1-Detailed,-17.38548,-8.132017,43.94919,23.59172
1742844911335,6.087942,525,Eye Hit,Center,1096.226,801.5759,44.23553,Sedan1-Detailed,-17.77412,-8.086455,44.23553,23.81841
1742844911379,6.128703,526,Eye Hit,Center,1084.474,806.7131,44.52861,Sedan1-Detailed,-18.1808,-7.876058,44.52861,23.98717
1742844911422,6.181168,527,Eye Hit,Center,1068.951,807.7614,44.91469,Sedan1-Detailed,-18.72337,-7.890034,44.91469,24.34041
1742844911462,6.216861,528,Eye Hit,Center,1049.386,805.6361,45.39514,Sedan1-Detailed,-19.414,-8.085776,45.39514,24.85722
1742844911503,6.2561,529,Eye Hit,Center,1019.491,796.607,46.10531,Sedan1-Detailed,-20.4787,-8.692608,46.10531,25.75872
1742844911546,6.296431,530,Eye Hit,Center,998.2435,788.5921,46.58414,Sedan1-Detailed,-21.23785,-9.213806,46.58414,26.42547
1742844911588,6.340291,531,Eye Hit,Center,965.941,779.932,47.26309,Sedan1-Detailed,-22.39029,-9.820283,47.26309,27.35252
1742844911630,6.381267,532,Eye Hit,Center,927.3472,773.7557,47.99463,Sedan1-Detailed,-23.7595,-10.3143,47.99463,28.35483
1742844911673,6.424448,533,Eye Hit,Center,884.7573,769.7867,48.68691,Sedan1-Detailed,-25.24704,-10.68612,48.68691,29.38372
1742844911715,6.467621,534,Eye Hit,Center,854.5339,755.481,49.06187,Sedan1-Detailed,-26.26016,-11.57825,49.06187,30.32601
1742844911756,6.508158,535,Eye Hit,Center,846.058,756.4134,49.1676,Sedan1-Detailed,-26.54683,-11.55031,49.1676,30.49029
1742844911798,6.54833,536,Eye Hit,Center,873.0347,775.0469,48.86513,Sedan1-Detailed,-25.65572,-10.42866,48.86513,29.54236
1742844911841,6.591152,537,Eye Hit,Center,872.4504,777.9359,48.8778,Sedan1-Detailed,-25.67814,-10.26842,48.8778,29.50126
1742844911884,6.641667,538,Eye Hit,Center,866.8001,766.0844,48.93343,Sedan1-Detailed,-25.86001,-10.9493,48.93343,29.85117
1742844911923,6.676787,539,Eye Hit,Center,863.4818,761.1384,48.96453,Sedan1-Detailed,-25.96616,-11.23569,48.96453,30.02028
1742844911965,6.715739,540,Eye Hit,Center,843.7545,756.4274,49.1927,Sedan1-Detailed,-26.62294,-11.55546,49.1927,30.53963
1742844912009,6.758254,541,Eye Hit,Center,845.0917,754.6821,49.17075,Sedan1-Detailed,-26.57476,-11.64934,49.17075,30.5451
1742844912050,6.802621,542,Eye Hit,Center,854.9854,752.6166,49.04348,Sedan1-Detailed,-26.23808,-11.73611,49.04348,30.37356
1742844912090,6.843323,543,Eye Hit,Center,875.7545,754.6421,48.77341,Sedan1-Detailed,-25.53432,-11.55743,48.77341,29.88425
1742844912132,6.883771,544,Eye Hit,Center,912.99,763.4426,48.22005,Sedan1-Detailed,-24.25332,-10.93665,48.22005,28.88747
1742844912174,6.925323,545,Eye Hit,Center,939.5805,766.7273,47.75309,Sedan1-Detailed,-23.3174,-10.64967,47.75309,28.2273
1742844912217,6.968555,546,Eye Hit,Center,965.6141,764.2796,47.24002,Sedan1-Detailed,-22.38789,-10.66878,47.24002,27.69852
1742844912258,7.010409,547,Eye Hit,Center,972.993,764.2037,47.08887,Sedan1-Detailed,-22.12442,-10.63877,47.08887,27.53493
1742844912298,7.051239,548,Eye Hit,Center,960.363,758.4525,47.33109,Sedan1-Detailed,-22.56826,-11.00765,47.33109,27.94644
1742844912339,7.090753,549,Eye Hit,Center,973.485,758.3489,47.0648,Sedan1-Detailed,-22.10032,-10.95129,47.0648,27.65731
1742844912381,7.132154,550,Eye Hit,Center,986.6006,753.6373,46.77583,Sedan1-Detailed,-21.62593,-11.13833,46.77583,27.47669
1742844912423,7.173829,551,Eye Hit,Center,998.3992,748.3157,46.50365,Sedan1-Detailed,-21.19715,-11.35913,46.50365,27.34529
1742844912465,7.217024,552,Eye Hit,Center,864.1074,736.775,48.8571,SportCar5-Detailed,-25.89231,-12.58462,48.8571,30.50835
1742844912507,7.258771,553,Eye Hit,Center,878.025,737.9567,48.67218,SportCar5-Detailed,-25.42031,-12.47051,48.67218,30.18815
1742844912550,7.301162,554,Eye Hit,Center,895.2047,738.743,48.4199,SportCar5-Detailed,-24.82929,-12.36192,48.4199,29.80545
1742844912590,7.344759,555,Eye Hit,Center,904.3035,741.0834,48.28565,SportCar5-Detailed,-24.51788,-12.19723,48.28565,29.55891
1742844912631,7.383542,556,Eye Hit,Center,714.9105,722.4481,49.74326,SportCar5-Detailed,-30.45939,-13.63509,49.74326,33.85706
1742844912671,7.42452,557,Eye Hit,Center,714.147,725.0992,49.76004,Sedan1-Detailed,-30.49065,-13.48745,49.76004,33.82312
1742844912714,7.466022,558,Eye Hit,Center,727.1983,727.7775,49.77607,Sedan1-Detailed,-30.1418,-13.33799,49.77607,33.51199
1742844912756,7.508948,559,Eye Hit,Center,746.7386,730.4961,49.76067,Sedan1-Detailed,-29.59564,-13.17784,49.76067,33.06629
1742844912797,7.549677,560,Eye Hit,Center,773.4812,733.2606,49.67352,Sedan1-Detailed,-28.81038,-12.99634,49.67352,32.46761
1742844912840,7.591033,561,Eye Hit,Center,798.9761,726.7739,49.47459,Sedan1-Detailed,-27.99862,-13.31459,49.47459,32.07331
1742844912881,7.633874,562,Eye Hit,Center,825.3686,728.2357,49.25413,Sedan1-Detailed,-27.15616,-13.1722,49.25413,31.49933
1742844912923,7.67472,563,,Center,838.451,734.4385,49.15228,,-26.74498,-12.79302,49.15228,31.09712
1742844912966,7.716914,564,Eye Hit,Center,785.3222,736.5278,49.62314,Sedan1-Detailed,-28.45677,-12.79595,49.62314,32.16029
1742844913008,7.757702,565,Eye Hit,Center,814.9619,737.9328,49.40401,Sedan1-Detailed,-27.52265,-12.65934,49.40401,31.51657
1742844913051,7.80223,566,,Center,860.2054,738.6375,48.91243,,-26.027,-12.49364,48.91243,30.55102
1742844913093,7.844669,567,,Center,918.2089,740.5234,48.04638,,-24.02753,-12.16794,48.04638,29.27327
1742844913135,7.885874,568,Eye Hit,Center,936.5203,736.8419,47.70504,Sedan1-Detailed,-23.37453,-12.28404,47.70504,28.96551
1742844913178,7.92814,569,Eye Hit,Center,836.4656,738.6044,49.19415,Sedan1-Detailed,-26.82169,-12.56748,49.19415,31.05233
1742844913206,7.971071,570,Eye Hit,Center,835.8863,742.8705,49.22155,Sedan1-Detailed,-26.85236,-12.33225,49.22155,30.97737
1742844913248,7.998469,571,Eye Hit,Center,904.6481,745.8729,48.29913,Sedan1-Detailed,-24.51554,-11.93385,48.29913,29.44565
1742844913277,8.038732,572,Eye Hit,Center,931.0621,746.0941,47.84694,Sedan1-Detailed,-23.58826,-11.80989,47.84694,28.86934
1742844913308,8.068456,573,Eye Hit,Center,904.4518,747.0126,48.30882,Sedan1-Detailed,-24.5257,-11.87267,48.30882,29.42491
1742844913337,8.099285,574,,Center,747.0145,747.6476,49.84995,,-29.64115,-12.21491,49.84995,32.74576
1742844913355,8.127276,575,,Center,702.3329,746.7493,49.8668,,-30.88132,-12.27079,49.8668,33.67845
1742844913378,8.145251,576,,Center,726.3716,746.5515,49.88,,-30.2275,-12.28525,49.88,33.19042
1742844913395,8.168883,577,,Center,733.4992,747.8691,49.87937,,-30.03083,-12.20937,49.87937,33.02088
1742844913429,8.203432,579,,Center,746.6014,739.4439,49.81536,,-29.63194,-12.67791,49.81536,32.90254
1742844913464,8.237789,581,,Center,733.5472,735.257,49.81955,,-29.99349,-12.91976,49.81955,33.24569
1742844913494,8.269862,583,Eye Hit,Center,676.1113,735.7277,49.73844,SW_Tree_10,-31.52191,-12.87159,49.73844,34.39373
1742844913526,8.302503,585,,Center,642.6541,736.1326,49.54664,,-32.31556,-12.7989,49.54664,35.05033
1742844913557,8.331044,587,Eye Hit,Center,607.2582,726.8907,49.17747,HighFemale2,-33.03582,-13.22806,49.17747,35.89022
1742844913587,8.361822,589,,Center,600.9855,728.3476,49.11936,,-33.16689,-13.12979,49.11936,35.98769
1742844913617,8.392185,591,Eye Hit,Center,612.1716,728.8622,49.24046,HighFemale2,-32.94455,-13.13286,49.24046,35.76351
1742844913649,8.42328,593,,Center,611.9733,734.8898,49.27259,,-32.97145,-12.79878,49.27259,35.67122
1742844913679,8.453627,595,Eye Hit,Center,617.5073,732.3364,49.31335,HighFemale2,-32.84805,-12.95459,49.31335,35.60414
1742844913709,8.484164,597,Eye Hit,Center,612.995,733.439,49.27514,HighFemale2,-32.94535,-12.88196,49.27514,35.67432
1742844913740,8.51447,599,Eye Hit,Center,614.2456,735.4775,49.29869,HighFemale2,-32.92708,-12.77209,49.29869,35.61768
1742844913769,8.545145,601,,Center,611.0789,735.6154,49.26877,,-32.99323,-12.75644,49.26877,35.67716
1742844913799,8.574522,603,,Center,599.5448,735.8393,49.14913,,-33.22608,-12.7129,49.14913,35.89778
1742844913829,8.605018,605,Eye Hit,Center,606.1975,732.8905,49.20597,SW_Tree_30,-33.08378,-12.89503,49.20597,35.81496
1742844913859,8.634295,607,,Center,605.5721,730.7486,49.18765,,-33.08844,-13.01182,49.18764,35.861
1742844913889,8.664077,609,Eye Hit,Center,590.6953,731.1652,49.02257,SW_Tree_10,-33.38004,-12.94459,49.02257,36.14135
1742844913919,8.693377,611,Eye Hit,Center,558.5004,734.4349,48.61452,SW_Tree_10,-33.96631,-12.65343,48.61452,36.70795
1742844913948,8.723646,613,Eye Hit,Center,525.8523,729.3548,48.07521,SW_Tree_10,-34.45607,-12.79475,48.07521,37.399
1742844913978,8.754004,615,,Center,479.1235,716.5217,47.14539,,-35.00598,-13.24545,47.14539,38.44558
1742844913994,8.770791,616,,Center,440.9419,710.6418,46.31926,,-35.36898,-13.32768,46.31926,39.21459
1742844914024,8.8001,618,Eye Hit,Center,456.6461,702.7533,46.59875,Sedan1-Detailed,-35.17837,-13.83224,46.59875,39.04837
1742844914039,8.817769,619,Eye Hit,Center,589.622,712.6261,48.88783,NorthSidewalk,-33.31727,-13.95468,48.88783,36.45951
1742844914076,8.85761,621,Eye Hit,Center,466.9045,701.752,46.80132,NorthSidewalk,-35.06622,-13.94647,46.80132,38.88066
1742844914116,8.887477,622,,Center,456.001,726.7986,46.72898,,-35.29333,-12.57425,46.72898,38.72197
1742844914151,8.914565,623,,Center,422.8794,726.3779,46.00033,,-35.58418,-12.40065,46.00033,39.324
1742844914185,8.944227,624,,Center,376.5211,722.8429,44.89046,,-35.87457,-12.28451,44.89046,40.18822
1742844914223,8.977635,625,,Center,206.0469,724.6622,40.47928,,-36.15923,-10.99244,40.47928,43.03453
1742844914252,9.015752,626,,Center,430.8453,757.4326,46.28566,,-35.60133,-10.81891,46.28566,38.79571
1742844914281,9.043881,627,,Center,333.5759,760.9319,43.93719,,-36.15453,-10.09264,43.93719,40.50821
1742844914311,9.073609,628,,Center,357.4965,773.4805,44.56281,,-36.08079,-9.591052,44.56281,39.95557
1742844914341,9.10481,629,,Center,269.1922,781.5756,42.27525,,-36.28969,-8.703767,42.27525,41.43675
1742844914370,9.134901,630,,Center,302.5524,778.0486,43.15416,,-36.24934,-9.06038,43.15416,40.88724
1742844914400,9.163172,631,,Center,379.2611,769.2831,45.09503,,-35.96984,-9.923902,45.09504,39.60593
1742844914429,9.192261,632,Eye Hit,Center,413.6522,762.0818,45.90132,NorthSidewalk,-35.74142,-10.48288,45.90133,39.0579
1742844914458,9.221546,633,,Center,385.3491,771.6143,45.2489,,-35.94049,-9.836079,45.2489,39.47121
1742844914500,9.251508,634,,Center,398.911,771.6019,45.5758,,-35.85888,-9.90783,45.57581,39.22397
1742844914529,9.293676,635,Eye Hit,Center,534.6081,771.6488,48.35975,NorthSidewalk,-34.42622,-10.51046,48.35975,36.66088
1742844914570,9.321568,636,,Center,701.4931,782.8171,49.9623,,-30.96363,-10.21493,49.9623,33.1282
1742844914599,9.362494,637,,Center,734.6287,788.2281,49.97639,,-30.05808,-9.905734,49.97639,32.3446
1742844914640,9.389716,638,,Center,728.3016,789.2518,49.98743,,-30.23934,-9.8488,49.98743,32.46515
1742844914674,9.430085,639,,Center,704.637,794.204,49.9808,,-30.88834,-9.561895,49.9808,32.90037
1742844914701,9.464544,640,,Center,725.9471,796.3029,49.99211,,-30.30716,-9.442959,49.99211,32.41489
1742844914720,9.491889,641,,Center,825.0247,791.4614,49.4655,,-27.28209,-9.61992,49.4655,30.31997
1742844914742,9.510206,642,,Center,803.775,791.2921,49.66107,,-27.97257,-9.66762,49.66108,30.7933
1742844914760,9.533167,643,,Center,826.1223,789.1815,49.45734,,-27.24762,-9.748325,49.45734,30.33316
1742844914777,9.550914,644,,Center,803.6829,785.936,49.65599,,-27.97223,-9.973497,49.65599,30.8818
1742844914793,9.568087,645,,Center,793.3426,785.5848,49.73609,,-28.3013,-10.0097,49.73609,31.11399
1742844914828,9.603553,647,,Center,791.2686,783.795,49.75134,,-28.36696,-10.11563,49.75134,31.18831
1742844914860,9.635438,649,Eye Hit,Center,838.69,792.0521,49.32713,SportCar5-Detailed,-26.83362,-9.559331,49.32713,30.00564
1742844914891,9.667503,651,Eye Hit,Center,853.572,795.1664,49.15147,SE_Tree_10,-26.33421,-9.348663,49.15147,29.61979
1742844914924,9.697661,653,Eye Hit,Center,845.8688,790.7944,49.24715,SportCar5-Detailed,-26.59492,-9.61541,49.24715,29.86625
1742844914939,9.715016,654,Eye Hit,Center,837.2513,785.4392,49.33943,SE_Tree_10,-26.8795,-9.938145,49.33944,30.14936
1742844914969,9.74501,656,Eye Hit,Center,829.8328,782.4162,49.42256,SE_Tree_10,-27.12721,-10.12739,49.42256,30.36544
1742844915000,9.775668,658,Eye Hit,Center,825.7159,782.5065,49.46353,SportCar5-Detailed,-27.26212,-10.13051,49.46353,30.45463
1742844915030,9.806186,660,Eye Hit,Center,817.9948,780.0771,49.534,SE_Tree_10,-27.51212,-10.28382,49.534,30.66592
1742844915062,9.837727,662,Eye Hit,Center,813.546,780.2592,49.57334,SE_Tree_10,-27.65573,-10.28159,49.57334,30.7603
1742844915092,9.867998,664,Eye Hit,Center,807.8722,780.5623,49.62434,SE_Tree_10,-27.83963,-10.27494,49.62434,30.87931
1742844915123,9.898096,666,Eye Hit,Center,807.972,781.241,49.62256,SE_Tree_10,-27.8359,-10.23558,49.62256,30.86568
1742844915154,9.929406,668,Eye Hit,Center,806.7874,782.8703,49.63239,SE_Tree_10,-27.87387,-10.14427,49.63239,30.86433
1742844915185,9.960141,670,Eye Hit,Center,804.3589,781.3942,49.64941,SE_Tree_10,-27.95,-10.2324,49.64941,30.94212
1742844915217,9.99264,672,Eye Hit,Center,802.2369,780.1395,49.6661,SportCar5-Detailed,-28.01759,-10.30764,49.6661,31.00942
1742844915248,10.02294,674,Eye Hit,Center,797.0096,779.3463,49.70345,SportCar5-Detailed,-28.1821,-10.3609,49.70345,31.13657
1742844915278,10.05339,676,Eye Hit,Center,798.6298,778.5732,49.68895,SportCar5-Detailed,-28.12943,-10.40224,49.68895,31.11428
1742844915309,10.08374,678,Eye Hit,Center,799.7747,777.7411,49.67747,SportCar5-Detailed,-28.09153,-10.4476,49.67747,31.10343
1742844915340,10.11496,680,Eye Hit,Center,803.6529,776.2388,49.64521,SportCar5-Detailed,-27.967,-10.52678,49.64521,31.04465
1742844915372,10.14637,682,Eye Hit,Center,809.0851,775.7274,49.5977,SportCar5-Detailed,-27.79148,-10.54604,49.5977,30.93533
1742844915403,10.17735,684,,Center,816.9691,777.1537,49.52861,,-27.53718,-10.44991,49.52861,30.73878
1742844915433,10.20816,686,,Center,831.7974,780.9411,49.39035,,-27.05595,-10.20483,49.39035,30.34762
1742844915464,10.23972,688,Eye Hit,Center,857.2951,787.1505,49.09778,SouthWalkingPole,-26.20452,-9.79264,49.09778,29.67324
1742844915495,10.27101,690,Eye Hit,Center,905.9045,785.8968,48.38764,SouthWalkingPole,-24.52691,-9.720955,48.38764,28.60116
1742844915526,10.30165,692,Eye Hit,Center,950.0109,781.1382,47.59155,SouthWalkingPole,-22.96447,-9.822269,47.59155,27.69126
1742844915557,10.3339,694,,Center,896.0064,820.4044,48.50679,,-24.85239,-7.813459,48.50679,28.23906
1742844915589,10.36303,696,Eye Hit,Center,794.8914,871.8878,49.40607,NE_Tree_10,-28.07127,-5.023288,49.40607,29.99353
1742844915620,10.39974,698,Eye Hit,Center,821.3501,876.3563,49.1499,NE_Tree_10,-27.20773,-4.743751,49.1499,29.33238
1742844915661,10.43993,700,Eye Hit,Center,890.6074,879.3755,48.27279,NE_Tree_10,-24.87638,-4.490967,48.27279,27.63923
1742844915689,10.46866,701,,Center,882.5988,879.2277,48.3877,,-25.14954,-4.509967,48.3877,27.83593
1742844915723,10.49679,702,,Center,816.4073,872.2115,49.20954,,-27.37504,-4.984909,49.20955,29.4857
1742844915758,10.52439,703,,Center,833.2869,869.4299,49.05743,,-26.83324,-5.126889,49.05743,29.11215
1742844915795,10.55268,704,,Center,879.022,842.8709,48.63718,,-25.37527,-6.573569,48.63718,28.32234
1742844915836,10.58766,705,,Center,872.1708,814.5821,48.81836,,-25.65445,-8.191592,48.81836,28.88322
1742844915867,10.6292,706,,Center,803.8973,804.2797,49.58342,,-27.92549,-8.909343,49.58342,30.59035
1742844915894,10.65949,707,,Center,774.066,806.7382,49.77763,,-28.85471,-8.803164,49.77763,31.21791
1742844915927,10.68633,708,,Center,777.5345,814.0221,49.74772,,-28.7421,-8.379619,49.74772,31.03998
1742844915958,10.71917,709,,Center,793.8163,810.556,49.65273,,-28.24088,-8.56231,49.65273,30.7245
1742844915988,10.75004,710,,Center,769.6005,797.0187,49.81316,,-28.99812,-9.368108,49.81316,31.45671
1742844916017,10.77996,711,,Center,752.7527,790.6721,49.88274,,-29.50261,-9.746362,49.88274,31.91783
1742844916046,10.80968,712,,Center,775.5167,781.5439,49.76587,,-28.80803,-10.24786,49.76587,31.56684
1742844916075,10.83931,713,,Center,767.4605,769.7506,49.78709,,-29.04176,-10.92969,49.78709,31.93367
1742844916103,10.86871,714,,Center,754.2501,772.5696,49.8444,,-29.43873,-10.78008,49.8444,32.16849
1742844916132,10.89597,715,Eye Hit,Center,637.8053,774.8802,49.5845,NorthWalkingSignal,-32.47299,-10.59165,49.5845,34.56131
1742844916160,10.92502,716,Eye Hit,Center,621.6616,780.0605,49.4523,NorthWalkingSignal,-32.82719,-10.2678,49.4523,34.81974
1742844916188,10.95221,717,Eye Hit,Center,632.0585,779.641,49.54098,NorthWalkingSignal,-32.60168,-10.31021,49.54098,34.6134
1742844916216,10.98016,718,Eye Hit,Center,638.8596,795.1526,49.58414,NorthWalkingSignal,-32.4439,-9.431712,49.58414,34.27084
1742844916244,11.00869,719,Eye Hit,Center,642.4537,805.3568,49.59905,NorthWalkingSignal,-32.35524,-8.850667,49.59905,34.07057
1742844916272,11.037,720,Eye Hit,Center,650.2003,833.7982,49.57576,NorthWalkingSignal,-32.12801,-7.219352,49.57576,33.59284
1742844916300,11.0648,721,Eye Hit,Center,677.8365,854.8411,49.61628,NorthWalkingSignal,-31.39723,-6.020544,49.61628,32.79488
1742844916328,11.09206,722,Eye Hit,Center,705.5467,888.0427,49.44035,NorthWalkingSignal,-30.52951,-4.105087,49.44035,31.92535
1742844916356,11.12093,723,Eye Hit,Center,730.2582,878.2697,49.52892,NorthWalkingSignal,-29.90846,-4.670941,49.52892,31.43237
1742844916384,11.1491,724,Eye Hit,Center,752.9508,865.7214,49.57865,NorthWalkingSignal,-29.31734,-5.393563,49.57865,31.01654
1742844916412,11.17712,725,Eye Hit,Center,791.9961,878.5492,49.26239,NorthWalkingSignal,-28.06837,-4.630017,49.26239,30.00525
1742844916439,11.20508,726,,Center,810.417,877.0484,49.13677,,-27.49706,-4.70331,49.13677,29.58487
1742844916467,11.23189,727,,Center,828.6234,888.4199,48.87735,,-26.86059,-4.037079,48.87735,29.06195
1742844916494,11.25942,728,,Center,817.3027,879.9562,49.06232,,-27.26889,-4.531478,49.06232,29.39791
1742844916535,11.28697,729,,Center,848.7401,865.1948,48.83626,,-26.2956,-5.342415,48.83626,28.78636
1742844916576,11.32837,730,,Center,810.2047,833.8393,49.39501,,-27.64737,-7.190763,49.39501,30.04258
1742844916605,11.37071,731,Eye Hit,Center,808.4973,820.2059,49.46071,NW_Tree_10,-27.73077,-7.97844,49.46071,30.25956
1742844916632,11.39734,732,,Center,852.1187,819.2285,49.01351,,-26.29962,-7.961642,49.01351,29.27619
1742844916673,11.42394,733,Eye Hit,Center,858.2241,820.9749,48.92655,NW_Tree_10,-26.08804,-7.848794,48.92655,29.10981
1742844916703,11.46434,734,,Center,759.7935,800.5582,49.8062,,-29.26373,-9.163321,49.8062,31.6199
1742844916734,11.49413,735,,Center,696.8312,792.3953,49.87364,,-31.03705,-9.64545,49.87364,33.09118
1742844916762,11.52454,736,,Center,672.1328,794.7196,49.79533,,-31.66733,-9.49678,49.79533,33.58143
1742844916781,11.55228,737,,Center,654.1617,789.9454,49.71018,,-32.1064,-9.754352,49.71018,34.02021
1742844916803,11.57175,738,,Center,676.9668,788.209,49.80908,,-31.54314,-9.873713,49.80908,33.56752
1742844916820,11.59333,739,,Center,635.2352,770.2264,49.54794,,-32.51936,-10.84998,49.54794,34.6789
1742844916838,11.61015,740,,Center,642.4059,765.3726,49.58389,,-32.34666,-11.13552,49.58389,34.60321
1742844916854,11.62797,741,,Center,603.9995,767.7789,49.25666,,-33.17763,-10.92523,49.25666,35.3422
1742844916888,11.66237,743,,Center,623.2739,773.5638,49.45885,,-32.78751,-10.64009,49.45885,34.87488
1742844916920,11.69517,745,,Center,625.7613,780.8254,49.49843,,-32.74578,-10.23377,49.49843,34.72607
1742844916951,11.72551,747,Eye Hit,Center,623.6547,792.1771,49.49304,Sedan1-Detailed,-32.79976,-9.584311,49.49303,34.62229
1742844916966,11.74239,748,Eye Hit,Center,621.7802,795.7227,49.46984,Sedan1-Detailed,-32.83559,-9.377522,49.46984,34.61683
1742844916997,11.7736,750,Eye Hit,Center,613.5598,787.0074,49.39788,Sedan1-Detailed,-33.01202,-9.860597,49.39788,34.89437
1742844917028,11.80379,752,Eye Hit,Center,594.6269,784.9734,49.19505,RoadWest,-33.39069,-9.935522,49.19505,35.30426
1742844917059,11.83449,754,Eye Hit,Center,583.4403,779.5485,49.06026,RoadWest,-33.60222,-10.21542,49.06026,35.5977
1742844917091,11.86523,756,Eye Hit,Center,578.3801,780.6699,48.99932,RoadWest,-33.69738,-10.13936,48.99932,35.68472
1742844917122,11.89584,758,Eye Hit,Center,563.9725,773.0884,48.79555,RoadWest,-33.94537,-10.52401,48.79555,36.06702
1742844917153,11.9275,760,,Center,540.2098,772.6182,48.43476,,-34.32983,-10.47263,48.43476,36.53962
1742844917185,11.95957,762,,Center,519.687,771.3994,48.09075,,-34.63091,-10.46575,48.09076,36.95346
1742844917216,11.99022,764,Eye Hit,Center,482.5374,772.8076,47.4021,Sedan1-Detailed,-35.10723,-10.23886,47.4021,37.64951
1742844917249,12.02226,766,Eye Hit,Center,413.9053,769.054,45.9129,Sedan1-Detailed,-35.74403,-10.11615,45.9129,38.97621
1742844917266,12.03979,767,Eye Hit,Center,372.3187,767.0826,44.91183,Sedan1-Detailed,-35.99586,-9.997694,44.91183,39.7543
1742844917296,12.07218,769,,Center,311.1035,769.3768,43.35622,,-36.21438,-9.53662,43.35622,40.81887
1742844917313,12.09061,770,Eye Hit,Center,336.9451,759.4911,44.00171,NorthSidewalk,-36.12576,-10.18048,44.00171,40.4637
1742844917351,12.13158,772,Eye Hit,Center,469.6775,751.751,47.03697,NorthSidewalk,-35.17076,-11.30297,47.03697,38.14575
1742844917389,12.15946,773,Eye Hit,Center,252.1228,755.9724,41.70462,NorthSidewalk,-36.19288,-9.818448,41.70462,41.96206
1742844917422,12.18856,774,Eye Hit,Center,531.9061,762.2568,48.15252,NorthWalkingPole,-34.35054,-10.98727,48.15252,36.83222
1742844917457,12.21493,775,Eye Hit,Center,495.8972,764.6704,47.50394,NorthSidewalk,-34.83226,-10.707,47.50394,37.49215
1742844917484,12.25037,776,,Center,373.8337,762.7482,44.82159,,-35.88604,-10.20176,44.82159,39.77284
1742844917511,12.27651,777,,Center,228.4895,748.3119,40.98867,,-36.10638,-10.01217,40.98867,42.43127
1742844917541,12.30361,778,,Center,270.1691,764.6321,42.13484,,-36.14643,-9.498616,42.13484,41.57305
1742844917570,12.33388,779,,Center,333.4758,784.0734,43.82094,,-36.06129,-8.895794,43.82094,40.28437
1742844917600,12.36304,780,,Center,400.6748,803.3003,45.49707,,-35.75264,-8.226651,45.49707,38.88123
1742844917630,12.39275,781,,Center,465.7767,818.705,46.94321,,-35.20177,-7.653648,46.94321,37.50262
1742844917660,12.42306,782,,Center,555.023,823.0582,48.55535,,-34.01819,-7.672551,48.55535,35.6861
1742844917688,12.45255,783,,Center,699.3688,818.741,49.8519,,-30.95367,-8.125784,49.8519,32.69847
1742844917717,12.4803,784,,Center,746.2842,812.4672,49.87231,,-29.67455,-8.490204,49.87231,31.75275
1742844917745,12.5086,785,,Center,712.5173,818.2789,49.87693,,-30.60715,-8.156498,49.87693,32.41838
1742844917776,12.53587,786,,Center,718.5692,812.7742,49.90312,,-30.45647,-8.477744,49.90311,32.35488
1742844917806,12.56776,787,Eye Hit,Center,769.4006,801.4587,49.81957,NorthSidewalk,-29.00735,-9.114077,49.81956,31.39622
1742844917833,12.59624,788,Eye Hit,Center,797.3712,790.1871,49.66391,NorthSidewalk,-28.14977,-9.731444,49.66391,30.95193
1742844917853,12.62401,789,Eye Hit,Center,835.6647,783.3002,49.32269,NorthSidewalk,-26.91359,-10.0565,49.32269,30.22132
1742844917875,12.64334,790,Eye Hit,Center,825.2338,776.3978,49.42024,NorthSidewalk,-27.25142,-10.47003,49.42023,30.57119
1742844917893,12.66561,791,Eye Hit,Center,817.3031,783.445,49.5081,NorthSidewalk,-27.51664,-10.08619,49.5081,30.62394
1742844917912,12.68302,792,,Center,831.9927,790.9243,49.37304,,-27.04115,-9.632452,49.37304,30.17377
1742844917926,12.70305,793,,Center,826.0512,792.4554,49.43374,,-27.23655,-9.556984,49.43374,30.28086
1742844917961,12.73631,795,,Center,875.3712,804.6407,48.84195,,-25.58054,-8.755814,48.84195,28.96768
1742844917992,12.76706,797,,Center,878.9117,810.3158,48.78684,,-25.45632,-8.426578,48.78684,28.79457
1742844918024,12.79828,799,,Center,872.673,810.2327,48.87437,,-25.67034,-8.446344,48.87437,28.9396
1742844918055,12.82968,801,,Center,880.8751,797.527,48.7724,,-25.3959,-9.143732,48.7724,28.96122
1742844918086,12.86116,803,Eye Hit,Center,946.7145,777.8851,47.65417,MicroBus1-Detailed,-23.08141,-10.01408,47.65417,27.83288
1742844918117,12.89263,805,,Center,950.7939,776.4988,47.56762,,-22.93235,-10.07209,47.56762,27.76906
1742844918148,12.92262,807,,Center,951.2198,795.7623,47.56513,,-22.91997,-9.014281,47.56513,27.37481
1742844918178,12.95357,809,Eye Hit,Center,942.3248,807.5776,47.72243,MicroBus1-Detailed,-23.23013,-8.393463,47.72243,27.36499
1742844918209,12.98335,811,Eye Hit,Center,942.5778,804.0399,47.72018,MicroBus1-Detailed,-23.22237,-8.587838,47.72018,27.42237
1742844918223,13.00016,812,Eye Hit,Center,945.4794,801.5405,47.66748,MicroBus1-Detailed,-23.12037,-8.715822,47.66748,27.40015
1742844918254,13.0299,814,Eye Hit,Center,930.5842,786.9476,47.94262,MicroBus1-Detailed,-23.64808,-9.573405,47.94262,28.01942
1742844918285,13.05982,816,Eye Hit,Center,939.6179,793.0563,47.77541,MicroBus1-Detailed,-23.32732,-9.203207,47.77541,27.69483
1742844918315,13.09052,818,Eye Hit,Center,954.1453,797.1442,47.49353,MicroBus1-Detailed,-22.80876,-8.924986,47.49353,27.28049
1742844918345,13.12015,820,Eye Hit,Center,980.2067,806.0735,46.95346,MicroBus1-Detailed,-21.87379,-8.339714,46.95346,26.49957
1742844918376,13.15067,822,,Center,1025.003,810.62,45.94926,,-20.26955,-7.920326,45.94926,25.34272
1742844918392,13.16791,823,,Center,1058.73,814.2822,45.13854,,-19.07141,-7.589808,45.13854,24.45306
1742844918422,13.20015,825,Eye Hit,Center,1013.265,794.5632,46.20849,NorthSidewalk,-20.68336,-8.820991,46.20848,25.94831
1742844918453,13.2312,827,Eye Hit,Center,828.9126,750.7454,49.24837,NorthSidewalk,-27.05662,-11.89147,49.24837,30.96844
1742844918474,13.25437,828,Eye Hit,Center,887.25,757.3425,48.50645,NorthSidewalk,-25.08671,-11.343,48.50645,29.57893
1742844918502,13.28282,829,Eye Hit,Center,778.9809,758.1816,49.61546,NorthSidewalk,-28.62606,-11.55426,49.61546,31.88919
1742844918537,13.31024,830,Eye Hit,Center,805.5324,777.5918,49.45111,NorthSidewalk,-27.80632,-10.40847,49.45111,30.98068
1742844918574,13.33717,831,Eye Hit,Center,851.3553,768.1765,48.95231,NorthSidewalk,-26.28741,-10.83531,48.95231,30.14928
1742844918609,13.36748,832,Eye Hit,Center,942.4764,780.2224,47.53945,NorthSidewalk,-23.13708,-9.861761,47.53946,27.88143
1742844918637,13.40232,833,Eye Hit,Center,936.3917,787.103,47.66428,NorthSidewalk,-23.35795,-9.50927,47.66428,27.88356
1742844918665,13.42875,834,Eye Hit,Center,885.9307,797.449,48.51996,NorthSidewalk,-25.12903,-9.100847,48.51996,28.84731
1742844918695,13.45676,835,Eye Hit,Center,807.6218,764.2647,49.41322,NorthSidewalk,-27.72802,-11.16033,49.41322,31.16946
1742844918726,13.48766,836,Eye Hit,Center,764.0698,750.9817,49.65585,NorthSidewalk,-29.05816,-11.97622,49.65585,32.33154
1742844918756,13.51894,837,Eye Hit,Center,790.1015,744.9612,49.50216,NorthSidewalk,-28.25676,-12.28303,49.50216,31.89884
1742844918786,13.54867,838,Eye Hit,Center,769.8283,735.3035,49.57615,NorthSidewalk,-28.8539,-12.85399,49.57615,32.50333
1742844918816,13.57834,839,Eye Hit,Center,785.018,742.7545,49.49672,NorthSidewalk,-28.39258,-12.40781,49.49672,32.04691
1742844918844,13.60862,840,Eye Hit,Center,710.0341,684.0787,49.25726,NorthSidewalk,-30.29441,-15.68284,49.25726,34.70452
1742844918873,13.6375,841,Eye Hit,Center,696.495,684.0663,49.23848,NorthSidewalk,-30.65092,-15.67742,49.23848,34.9613
1742844918902,13.66591,842,Eye Hit,Center,709.0886,685.4769,49.27778,NorthSidewalk,-30.33277,-15.60987,49.27778,34.69383
1742844918930,13.69385,843,Eye Hit,Center,726.1771,687.236,49.30431,NorthSidewalk,-29.88393,-15.51821,49.30431,34.33153
1742844918959,13.72322,844,Eye Hit,Center,727.0716,689.9974,49.33591,NorthSidewalk,-29.87871,-15.37081,49.33591,34.2571
1742844918987,13.75117,845,Eye Hit,Center,690.5776,662.3298,49.00288,NorthSidewalk,-30.66435,-16.83148,49.00288,35.5206
1742844919015,13.77977,846,Eye Hit,Center,704.6949,670.8361,49.0962,NorthSidewalk,-30.34008,-16.38165,49.0962,35.08026
1742844919042,13.80743,847,Eye Hit,Center,695.9135,666.873,49.04237,RoadCrosswalk,-30.54458,-16.58799,49.04237,35.32667
1742844919070,13.83543,848,Eye Hit,Center,695.4046,672.6762,49.11673,NorthSidewalk,-30.60471,-16.28433,49.11673,35.21506
1742844919098,13.86366,849,Eye Hit,Center,705.9917,660.8206,49.00866,RoadCrosswalk,-30.25091,-16.91891,49.00866,35.26937
1742844919126,13.89126,850,Eye Hit,Center,714.3231,655.7415,48.96564,NorthSidewalk,-29.99912,-17.19097,48.96564,35.22672
1742844919153,13.91888,851,Eye Hit,Center,729.9294,666.1978,49.10075,NorthSidewalk,-29.65882,-16.64595,49.10075,34.70932
1742844919182,13.94788,852,Eye Hit,Center,731.7636,664.533,49.0522,NorthSidewalk,-29.57982,-16.7238,49.0522,34.7117
1742844919210,13.97632,853,Eye Hit,Center,740.8956,661.8533,49.01974,NorthSidewalk,-29.3131,-16.8644,49.01974,34.60133
1742844919237,14.00298,854,Eye Hit,Center,747.2342,656.9492,48.95896,NorthSidewalk,-29.10542,-17.12045,48.95896,34.59432
1742844919265,14.02897,855,Eye Hit,Center,757.8406,656.6558,48.93608,NorthSidewalk,-28.80526,-17.12906,48.93608,34.40491
1742844919293,14.05668,856,Eye Hit,Center,754.2648,639.9319,48.73812,NorthSidewalk,-28.78495,-18.00015,48.73812,34.86003
1742844919321,14.08451,857,Eye Hit,Center,752.19,627.7117,48.57494,NorthSidewalk,-28.74422,-18.62494,48.57494,35.18816
1742844919350,14.11371,858,Eye Hit,Center,730.9251,625.2625,48.58326,NorthSidewalk,-29.31953,-18.76546,48.58326,35.62214
1742844919377,14.14256,859,Eye Hit,Center,730.3505,624.7448,48.54971,NorthSidewalk,-29.31469,-18.78139,48.54971,35.6444
1742844919406,14.17002,860,Eye Hit,Center,726.7042,635.2332,48.70593,NorthSidewalk,-29.50706,-18.25248,48.70593,35.46451
1742844919433,14.19792,861,Eye Hit,Center,728.4875,636.3217,48.72058,NorthSidewalk,-29.46798,-18.19665,48.72058,35.40749
1742844919461,14.22499,862,Eye Hit,Center,729.5397,624.3751,48.54625,NorthSidewalk,-29.33432,-18.8008,48.54625,35.66737
1742844919489,14.25306,863,Eye Hit,Center,733.484,607.1938,48.2737,NorthSidewalk,-29.06452,-19.65227,48.2737,36.00941
1742844919517,14.2809,864,Eye Hit,Center,738.8973,601.4993,48.17337,NorthSidewalk,-28.86014,-19.92806,48.17337,36.0559
1742844919545,14.30917,865,Eye Hit,Center,743.3903,598.4605,48.0827,NorthSidewalk,-28.68654,-20.05911,48.0827,36.05453
1742844919573,14.3386,866,Eye Hit,Center,747.1924,594.0007,48.00134,NorthSidewalk,-28.53724,-20.27219,48.00134,36.10126
1742844919601,14.36539,867,Eye Hit,Center,751.2986,596.579,48.03839,NorthSidewalk,-28.45036,-20.1449,48.03839,35.96749
1742844919629,14.39365,868,Eye Hit,Center,760.7858,593.5179,47.96149,NorthSidewalk,-28.15359,-20.28207,47.96149,35.88447
1742844919656,14.42147,869,Eye Hit,Center,764.5999,593.4988,47.95339,NorthSidewalk,-28.04786,-20.27974,47.95339,35.82069
1742844919684,14.44884,870,Eye Hit,Center,772.5015,589.9899,47.82898,NorthSidewalk,-27.76644,-20.42071,47.82898,35.77773
1742844919712,14.47695,871,Eye Hit,Center,780.4363,597.4684,47.9258,NorthSidewalk,-27.6127,-20.04851,47.9258,35.45102
1742844919739,14.50525,872,Eye Hit,Center,779.4869,594.4564,47.88645,NorthSidewalk,-27.61513,-20.19845,47.88645,35.54483
1742844919767,14.53097,873,Eye Hit,Center,779.2617,601.1682,48.00718,NorthSidewalk,-27.69071,-19.87762,48.00718,35.37593
1742844919795,14.55924,874,Eye Hit,Center,788.4734,610.9652,48.12147,NorthSidewalk,-27.51189,-19.38103,48.12147,34.96647
1742844919823,14.58774,875,Eye Hit,Center,781.0557,618.8987,48.29509,NorthSidewalk,-27.80895,-19.0088,48.29509,34.89503
1742844919851,14.61607,876,Eye Hit,Center,773.3397,624.2137,48.42293,NorthSidewalk,-28.08884,-18.76209,48.42293,34.8987
1742844919879,14.64352,877,Eye Hit,Center,770.1324,636.3763,48.58462,NorthSidewalk,-28.26867,-18.14289,48.58462,34.65878
1742844919907,14.6725,878,Eye Hit,Center,754.4138,633.9432,48.61742,NorthSidewalk,-28.70966,-18.29164,48.61742,34.99943
1742844919935,14.69981,879,Eye Hit,Center,738.2715,629.1319,48.59076,NorthSidewalk,-29.12698,-18.55131,48.59076,35.4011
1742844919962,14.72745,880,Eye Hit,Center,735.053,625.0563,48.5372,NorthSidewalk,-29.18113,-18.75916,48.5372,35.55429
1742844919991,14.7537,881,Eye Hit,Center,733.1908,624.9584,48.54034,NorthSidewalk,-29.23292,-18.76592,48.54034,35.58942
1742844920019,14.78382,882,Eye Hit,Center,730.695,620.7755,48.48328,NorthSidewalk,-29.26535,-18.97782,48.48328,35.73217
1742844920046,14.81087,883,Eye Hit,Center,726.7788,623.3213,48.4919,NorthSidewalk,-29.3754,-18.83876,48.4919,35.74066
1742844920074,14.83922,884,Eye Hit,Center,725.9194,617.278,48.40415,NorthSidewalk,-29.34521,-19.14221,48.40415,35.89835
1742844920101,14.86723,885,Eye Hit,Center,716.7677,600.133,48.1331,NorthSidewalk,-29.42409,-19.98723,48.1331,36.46457
1742844920129,14.89437,886,Eye Hit,Center,711.2455,574.321,47.6796,NorthSidewalk,-29.29223,-21.21906,47.6796,37.1843
1742844920156,14.92122,887,Eye Hit,Center,703.3806,543.2709,47.07381,NorthSidewalk,-29.12447,-22.63601,47.07381,38.08194
1742844920184,14.94827,888,Eye Hit,Center,699.3826,522.6116,46.64214,NorthSidewalk,-28.96034,-23.54029,46.64214,38.66516
1742844920213,14.97708,889,Eye Hit,Center,688.5144,501.647,46.1312,NorthSidewalk,-28.9199,-24.39846,46.1312,39.35881
1742844920240,15.00616,890,Eye Hit,Center,681.7349,703.1918,49.36989,NorthSidewalk,-31.13504,-14.62976,49.36989,34.86874
1742844920268,15.03356,891,Eye Hit,Center,663.4831,770.4755,49.64705,NorthSidewalk,-31.81012,-10.85747,49.64705,34.09878
1742844920295,15.06018,892,Eye Hit,Center,641.1618,784.1301,49.53058,NorthSidewalk,-32.3459,-10.05147,49.53058,34.36641
1742844920323,15.08787,893,Eye Hit,Center,613.3718,777.5375,49.28978,NorthSidewalk,-32.94489,-10.37772,49.28978,35.02158
1742844920352,15.11606,894,Eye Hit,Center,603.1261,769.4555,49.18057,NorthSidewalk,-33.15009,-10.81324,49.18057,35.3367
1742844920381,15.14431,895,Eye Hit,Center,581.4827,782.5422,48.91173,NorthSidewalk,-33.55336,-10.01563,48.91173,35.59918
1742844920408,15.17345,896,Eye Hit,Center,604.0125,786.1794,49.19065,NorthSidewalk,-33.13282,-9.866147,49.19065,35.09908
1742844920436,15.20123,897,Eye Hit,Center,660.4545,792.8773,49.67288,NorthSidewalk,-31.90972,-9.578958,49.67288,33.85045
1742844920464,15.22908,898,Eye Hit,Center,685.6909,797.7253,49.79405,NorthSidewalk,-31.29379,-9.323867,49.79405,33.25551
1742844920491,15.25755,899,Eye Hit,Center,704.3935,800.4025,49.84409,NorthSidewalk,-30.81055,-9.179223,49.84409,32.82154
1742844920519,15.2841,900,Eye Hit,Center,703.9874,802.3963,49.84563,NorthSidewalk,-30.82268,-9.064854,49.84563,32.8038
1742844920547,15.31242,901,Eye Hit,Center,707.136,810.2019,49.80483,NorthSidewalk,-30.71087,-8.608867,49.80483,32.63522
1742844920574,15.34076,902,Eye Hit,Center,720.7216,819.3139,49.79338,NorthSidewalk,-30.33033,-8.083394,49.79338,32.22673
1742844920602,15.36657,903,Eye Hit,Center,750.6202,724.0997,49.56579,NorthSidewalk,-29.37352,-13.49209,49.56579,33.1101
1742844920630,15.39584,904,Eye Hit,Center,763.6356,663.0468,48.95815,NorthSidewalk,-28.66161,-16.77559,48.95815,34.15044
1742844920658,15.4234,905,Eye Hit,Center,768.8836,658.3726,48.87973,NorthSidewalk,-28.47408,-17.01238,48.87973,34.16032
1742844920686,15.45062,906,Eye Hit,Center,784.3517,664.0075,48.87075,NorthSidewalk,-28.05149,-16.69158,48.87075,33.73989
1742844920714,15.47874,907,Eye Hit,Center,795.8423,682.8046,48.96547,NorthSidewalk,-27.79523,-15.66185,48.96547,33.08674
1742844920744,15.50779,908,Eye Hit,Center,807.9023,695.3538,48.99949,NorthSidewalk,-27.48827,-14.96319,48.99949,32.56722
1742844920770,15.53684,909,Eye Hit,Center,813.5258,702.5984,49.02196,NorthSidewalk,-27.34868,-14.56034,49.02196,32.29392
1742844920798,15.56293,910,Eye Hit,Center,815.4575,696.6948,48.96508,NorthSidewalk,-27.26472,-14.87686,48.96508,32.38766
1742844920825,15.59095,911,Eye Hit,Center,764.0728,687.6694,49.2272,NorthSidewalk,-28.80724,-15.46915,49.2272,33.59306
1742844920854,15.61784,912,Eye Hit,Center,756.2929,694.2188,49.33376,NorthSidewalk,-29.0815,-15.12982,49.33376,33.60363
1742844920882,15.64807,913,Eye Hit,Center,760.0883,723.9821,49.52716,NorthSidewalk,-29.09173,-13.48819,49.52716,32.92114
1742844920910,15.67658,914,Eye Hit,Center,757.0541,724.4362,49.55605,NorthSidewalk,-29.19172,-13.47016,49.55605,32.97364
1742844920936,15.70365,915,Eye Hit,Center,767.7709,724.8511,49.52881,NorthSidewalk,-28.88262,-13.43895,49.52881,32.74844
1742844920962,15.72822,916,Eye Hit,Center,782.8984,738.886,49.53887,NorthSidewalk,-28.47474,-12.63947,49.53887,32.16491
1742844920991,15.75338,917,Eye Hit,Center,781.342,734.6282,49.53381,NorthSidewalk,-28.51439,-12.88156,49.53381,32.27941
1742844921020,15.78306,918,Eye Hit,Center,734.476,705.255,49.5097,NorthSidewalk,-29.78157,-14.55335,49.5097,33.80273
1742844921050,15.81334,919,Eye Hit,Center,740.2664,697.4754,49.40467,NorthSidewalk,-29.56045,-14.96593,49.40467,33.84763
1742844921076,15.84171,920,Eye Hit,Center,707.7127,644.1591,48.82171,NorthSidewalk,-30.08913,-17.79301,48.82171,35.60268
1742844921103,15.86865,921,Eye Hit,Center,704.3841,624.6027,48.54179,NorthSidewalk,-30.0058,-18.78629,48.54179,36.10332
1742844921131,15.8955,922,Eye Hit,Center,710.9365,616.5657,48.42864,NorthSidewalk,-29.76067,-19.19161,48.42864,36.17509
1742844921160,15.92245,923,Eye Hit,Center,712.6541,605.6334,48.25851,NorthSidewalk,-29.61035,-19.73298,48.25851,36.40303
1742844921188,15.95257,924,Eye Hit,Center,719.3607,577.7717,47.78136,NorthSidewalk,-29.14067,-21.07405,47.78136,36.96676
1742844921217,15.98077,925,Eye Hit,Center,723.4932,550.1027,47.22416,NorthSidewalk,-28.6931,-22.33612,47.22416,37.59583
1742844921245,16.0103,926,Eye Hit,Center,723.264,523.0378,46.66877,NorthSidewalk,-28.36155,-23.53076,46.66877,38.29643
1742844921271,16.03804,927,Eye Hit,Center,723.9576,486.0705,45.85014,NorthSidewalk,-27.8465,-25.07396,45.85014,39.25794
1742844921298,16.06293,928,Eye Hit,Center,727.5183,474.0659,45.57341,NorthSidewalk,-27.58883,-25.55387,45.57341,39.52789
1742844921327,16.09026,929,Eye Hit,Center,730.2944,485.2354,45.83968,NorthSidewalk,-27.67977,-25.11231,45.83968,39.19087
1742844921355,16.11942,930,Eye Hit,Center,723.1094,638.9212,48.77258,NorthSidewalk,-29.64423,-18.06982,48.77258,35.44411
1742844921384,16.14699,931,Eye Hit,Center,720.9586,646.9381,48.89076,NorthSidewalk,-29.77412,-17.66133,48.89075,35.30127
1742844921411,16.1771,932,Eye Hit,Center,728.5234,616.9107,48.42982,NorthSidewalk,-29.29114,-19.17286,48.42982,35.86179
1742844921439,16.20419,933,Eye Hit,Center,739.752,590.9907,47.99825,NorthSidewalk,-28.73257,-20.43769,47.99825,36.30129
1742844921466,16.23114,934,Eye Hit,Center,752.2747,582.1441,47.8231,NorthSidewalk,-28.29707,-20.85129,47.8231,36.31567
1742844921495,16.25842,935,Eye Hit,Center,755.8852,590.5187,47.96782,NorthSidewalk,-28.2871,-20.45071,47.96782,36.04283
1742844921523,16.2875,936,Eye Hit,Center,753.3891,618.6626,48.44091,NorthSidewalk,-28.63284,-19.07932,48.44091,35.38593
1742844921552,16.31604,937,Eye Hit,Center,761.958,622.6353,48.44876,NorthSidewalk,-28.40828,-18.86026,48.44876,35.13846
1742844921578,16.34456,938,Eye Hit,Center,761.058,674.6144,49.12943,NorthSidewalk,-28.83181,-16.17852,49.12943,33.93791
1742844921609,16.37081,939,Eye Hit,Center,762.0048,676.8984,49.15114,NorthSidewalk,-28.81885,-16.0563,49.15113,33.86921
1742844921632,16.40114,940,Eye Hit,Center,763.9808,666.0293,49.02143,NorthSidewalk,-28.6893,-16.6286,49.02143,34.07597
1742844921660,16.42402,941,Eye Hit,Center,769.3951,662.0638,48.95213,NorthSidewalk,-28.50243,-16.82918,48.95213,34.06541
1742844921687,16.45233,942,Eye Hit,Center,768.5815,667.196,49.01868,NorthSidewalk,-28.56319,-16.56166,49.01868,33.96288
1742844921714,16.4784,943,Eye Hit,Center,767.3746,670.4251,49.0308,NorthSidewalk,-28.60293,-16.3832,49.0308,33.91234
1742844921743,16.50667,944,Eye Hit,Center,767.3808,669.0554,49.0176,NorthSidewalk,-28.59506,-16.4562,49.0176,33.94324
1742844921771,16.53658,945,Eye Hit,Center,768.5876,665.722,48.97706,NorthSidewalk,-28.53877,-16.63093,48.97706,33.99645
1742844921799,16.56381,946,Eye Hit,Center,773.7645,658.8572,48.8754,NorthSidewalk,-28.33985,-16.98365,48.8754,34.05827
1742844921827,16.592,947,Eye Hit,Center,773.6099,655.1757,48.83628,NorthSidewalk,-28.32133,-17.17741,48.83628,34.14727
1742844921855,16.61921,948,Eye Hit,Center,773.9236,649.2659,48.76516,NorthSidewalk,-28.27164,-17.485,48.76516,34.28105
1742844921884,16.64706,949,Eye Hit,Center,778.1282,644.9495,48.65651,NorthSidewalk,-28.0957,-17.68844,48.65651,34.30717
1742844921912,16.6762,950,Eye Hit,Center,740.0798,690.149,49.3203,NorthSidewalk,-29.51504,-15.3573,49.3203,34.00353
1742844921941,16.70479,951,Eye Hit,Center,698.047,748.63,49.72649,NorthSidewalk,-30.91209,-12.12832,49.72649,33.73411
1742844921968,16.73379,952,Eye Hit,Center,697.0453,756.8727,49.76369,NorthSidewalk,-30.96274,-11.66394,49.76369,33.61911
1742844921996,16.75973,953,Eye Hit,Center,691.6887,747.498,49.72246,NorthSidewalk,-31.08414,-12.19221,49.72246,33.88222
1742844922023,16.78772,954,Eye Hit,Center,689.9564,744.443,49.71107,NorthSidewalk,-31.12456,-12.36464,49.71107,33.96838
1742844922052,16.81567,955,Eye Hit,Center,693.1679,727.2987,49.63407,NorthSidewalk,-30.98835,-13.32739,49.63407,34.20115
1742844922079,16.84567,956,Eye Hit,Center,698.8708,725.9601,49.60975,NorthSidewalk,-30.81697,-13.3975,49.60975,34.11182
1742844922106,16.87187,957,Eye Hit,Center,704.7336,729.2172,49.64653,NorthSidewalk,-30.67911,-13.22089,49.64653,33.93616
1742844922133,16.89788,958,Eye Hit,Center,713.6315,731.07,49.67318,NorthSidewalk,-30.45156,-13.12169,49.67317,33.72432
1742844922161,16.92477,959,Eye Hit,Center,719.622,732.6594,49.69117,NorthSidewalk,-30.29825,-13.03546,49.69117,33.57495
1742844922189,16.95241,960,Eye Hit,Center,734.1957,726.3396,49.65063,NorthSidewalk,-29.87402,-13.38677,49.65063,33.39816
1742844922218,16.98147,961,Eye Hit,Center,744.0068,725.0413,49.63221,NorthSidewalk,-29.5941,-13.45621,49.63221,33.22528
1742844922247,17.01037,962,Eye Hit,Center,761.2494,728.7877,49.57541,NorthSidewalk,-29.08828,-13.22655,49.57541,32.80409
1742844922274,17.03891,963,Eye Hit,Center,774.1149,721.5114,49.47958,NorthSidewalk,-28.68059,-13.61641,49.47958,32.6864
1742844922302,17.06646,964,Eye Hit,Center,774.1645,714.6462,49.4398,NorthSidewalk,-28.65619,-13.997,49.4398,32.82466
1742844922329,17.09421,965,Eye Hit,Center,684.1639,723.2071,49.58488,NorthSidewalk,-31.20413,-13.54837,49.58488,34.45267
1742844922356,17.12105,966,Eye Hit,Center,642.4666,722.6091,49.36376,NorthSidewalk,-32.2014,-13.52202,49.36376,35.27973
1742844922385,17.1483,967,Eye Hit,Center,637.0504,723.2923,49.33338,NorthSidewalk,-32.32909,-13.47475,49.33338,35.37331
1742844922414,17.17688,968,Eye Hit,Center,649.6912,720.6928,49.38374,NorthSidewalk,-32.01744,-13.63657,49.38374,35.17216
1742844922442,17.2066,969,Eye Hit,Center,661.351,723.0377,49.48028,NorthSidewalk,-31.76152,-13.5294,49.48029,34.90396
1742844922469,17.23454,970,Eye Hit,Center,681.5398,735.3359,49.65913,NorthSidewalk,-31.32281,-12.87362,49.65913,34.29211
1742844922496,17.261,971,Eye Hit,Center,704.6141,724.8228,49.66592,NorthSidewalk,-30.69436,-13.47785,49.66592,34.01822
1742844922524,17.28829,972,Eye Hit,Center,711.4238,721.1922,49.65874,NorthSidewalk,-30.50323,-13.68391,49.65874,33.94979
1742844922552,17.31618,973,Eye Hit,Center,662.0287,736.0583,49.60099,NorthSidewalk,-31.82044,-12.81711,49.60099,34.66832
1742844922582,17.34497,974,Eye Hit,Center,688.9878,746.9548,49.75387,NorthSidewalk,-31.17797,-12.23103,49.75387,33.94603
1742844922608,17.37367,975,,Center,600.4672,785.2206,49.22566,,-33.25275,-9.927805,49.22566,35.18308
1742844922636,17.40146,976,,Center,606.5842,785.0912,49.30114,,-33.13724,-9.950363,49.30114,35.06071
1742844922663,17.42809,977,,Center,638.459,780.1842,49.59785,,-32.46383,-10.29103,49.59785,34.47509
1742844922692,17.45587,978,Eye Hit,Center,668.7259,774.493,49.78804,NorthSidewalk,-31.75634,-10.65735,49.78804,33.93229
1742844922719,17.48395,979,Eye Hit,Center,686.4358,775.754,49.86772,NorthSidewalk,-31.31958,-10.60193,49.86772,33.54681
1742844922748,17.51177,980,Eye Hit,Center,729.1609,779.8696,49.91363,NorthSidewalk,-30.17101,-10.37464,49.91363,32.58681
1742844922775,17.53923,981,Eye Hit,Center,737.6295,787.4248,49.9157,NorthSidewalk,-29.93889,-9.939972,49.9157,32.29216
1742844922804,17.56585,982,Eye Hit,Center,669.8693,798.6688,49.8191,NorthSidewalk,-31.7447,-9.274387,49.8191,33.57766
1742844922833,17.59484,983,Eye Hit,Center,676.7407,797.4327,49.85763,NorthSidewalk,-31.58011,-9.352704,49.85763,33.44875
1742844922861,17.62325,984,Eye Hit,Center,722.5089,786.6116,49.95116,NorthSidewalk,-30.37715,-9.993915,49.95116,32.62751
1742844922878,17.65145,985,Eye Hit,Center,741.2442,793.2798,49.9377,NorthSidewalk,-29.85242,-9.606978,49.93769,32.12825
1742844922895,17.66911,986,Eye Hit,Center,768.6906,795.3293,49.84034,NorthSidewalk,-29.03898,-9.470371,49.84034,31.5017
1742844922929,17.703,988,Eye Hit,Center,784.2415,806.2544,49.75163,NorthWalkingPole,-28.56014,-8.826274,49.75163,30.99922
1742844922946,17.72019,989,Eye Hit,Center,740.3334,809.1417,49.93525,NorthSidewalk,-29.87607,-8.692554,49.93525,31.92728
1742844922961,17.73815,990,Eye Hit,Center,759.2782,809.2183,49.87888,NorthSidewalk,-29.32063,-8.678368,49.87888,31.51016
1742844922990,17.76897,992,Eye Hit,Center,730.5386,814.6104,49.94332,NorthSidewalk,-30.15097,-8.378647,49.94333,32.07044
1742844923020,17.79568,994,Eye Hit,Center,707.9468,809.2475,49.95574,RoadWest,-30.78156,-8.690015,49.95575,32.62984
1742844923049,17.82513,996,Eye Hit,Center,740.1415,802.5472,49.95146,NorthSidewalk,-29.89105,-9.07533,49.95147,32.02082
1742844923077,17.85328,998,Eye Hit,Center,770.7056,801.165,49.84724,RoadWest,-28.98753,-9.136066,49.84724,31.37177
1742844923106,17.88255,1000,Eye Hit,Center,760.05,803.4123,49.89354,RoadWest,-29.30798,-9.015138,49.89354,31.57373
1742844923135,17.91021,1002,Eye Hit,Center,791.8742,809.2627,49.71289,RoadWest,-28.3284,-8.646821,49.71289,30.78625
1742844923164,17.94055,1004,Eye Hit,Center,739.6213,800.5897,49.95874,RoadWest,-29.90976,-9.189657,49.95874,32.05933
1742844923193,17.96957,1006,Eye Hit,Center,731.6187,797.7231,49.97469,SouthSidewalk,-30.14011,-9.357886,49.97469,32.27273
1742844923223,17.99928,1008,Eye Hit,Center,774.1942,796.9681,49.84034,SouthSidewalk,-28.88753,-9.376073,49.84034,31.35674
1742844923253,18.0283,1010,Eye Hit,Center,800.8243,792.3412,49.66903,SouthSidewalk,-28.05798,-9.609108,49.66903,30.84179
1742844923282,18.05719,1012,Eye Hit,Center,799.4669,786.4062,49.67778,SouthSidewalk,-28.10015,-9.950964,49.67778,30.96664
1742844923311,18.08619,1014,Eye Hit,Center,795.5385,779.243,49.70002,SouthSidewalk,-28.22052,-10.36626,49.70002,31.17031
1742844923341,18.11563,1016,,Center,633.2056,783.361,49.6133,,-32.61785,-10.11235,49.6133,34.54011
1742844923370,18.14573,1018,,Center,663.4965,781.6461,49.81992,,-31.92052,-10.25311,49.81992,33.93896
1742844923400,18.17554,1020,Eye Hit,Center,658.1934,782.4909,49.78875,SW_Tree_10,-32.04632,-10.19806,49.78875,34.03709
1742844923431,18.2079,1022,Eye Hit,Center,711.657,773.8227,49.95824,SW_Tree_10,-30.68078,-10.73248,49.95824,33.0488
1742844923462,18.23697,1024,Eye Hit,Center,741.5833,773.478,49.93809,SW_Tree_10,-29.84331,-10.74795,49.9381,32.42294
1742844923491,18.26632,1026,Eye Hit,Center,780.5679,767.8502,49.77133,SW_Tree_10,-28.67239,-11.0354,49.77133,31.6861
1742844923520,18.29522,1028,,Center,777.6189,760.9371,49.76772,,-28.75134,-11.43157,49.76772,31.86922
1742844923549,18.32481,1030,,Center,681.1329,758.9002,49.84407,,-31.45066,-11.56623,49.84407,33.91282
1742844923579,18.35474,1032,,Center,673.7933,762.7234,49.82476,,-31.64037,-11.34204,49.82476,34.00364
1742844923607,18.38362,1034,,Center,696.9507,754.5173,49.87756,,-31.0362,-11.8263,49.87756,33.65932
1742844923637,18.41197,1036,,Center,725.0154,754.4977,49.90404,,-30.27943,-11.83372,49.90404,33.08201
1742844923666,18.44219,1038,,Center,756.0481,754.1951,49.83898,,-29.38606,-11.83559,49.83898,32.44195
1742844923694,18.47081,1040,,Center,749.3142,752.9313,49.85571,,-29.58128,-11.91241,49.85571,32.60466
1742844923723,18.49877,1042,,Center,737.7113,741.4405,49.82985,,-29.88515,-12.56677,49.82985,33.04847
1742844923752,18.52652,1044,,Center,683.7753,741.5878,49.78004,,-31.33763,-12.54585,49.78004,34.14105
1742844923780,18.55452,1046,,Center,673.1135,740.5825,49.73249,,-31.60044,-12.59155,49.73249,34.37186
1742844923809,18.58416,1048,,Center,689.9007,742.1439,49.80378,,-31.18414,-12.51993,49.80378,34.00829
1742844923838,18.61351,1050,,Center,724.9642,736.5583,49.81882,,-30.22914,-12.8447,49.81882,33.39634
1742844923867,18.64296,1052,,Center,750.7697,736.748,49.77111,,-29.49109,-12.82156,49.77111,32.86696
1742844923896,18.67267,1054,,Center,744.8256,737.2374,49.78892,,-29.66503,-12.79805,49.78892,32.97949
1742844923913,18.693,1055,,Center,716.7,727.3977,49.76395,,-30.42289,-13.35658,49.76395,33.72973
1742844923945,18.72162,1057,,Center,669.7738,724.2209,49.62196,,-31.62171,-13.50038,49.62196,34.71807
1742844923977,18.75245,1059,,Center,664.6924,723.3293,49.59235,,-31.74196,-13.5434,49.59235,34.83344
1742844924017,18.78641,1061,,Center,706.2711,721.0306,49.71473,,-30.67905,-13.70863,49.71473,34.05503
1742844924032,18.80766,1062,Eye Hit,Center,719.5622,719.8768,49.71414,MicroBus1-Detailed,-30.31389,-13.77465,49.71415,33.81275
1742844924074,18.84751,1064,Eye Hit,Center,733.1484,723.4411,49.73436,MicroBus1-Detailed,-29.95316,-13.57573,49.73436,33.47403
1742844924099,18.86446,1065,Eye Hit,Center,763.7315,726.0804,49.66451,MicroBus1-Detailed,-29.0725,-13.40548,49.66451,32.80631
1742844924116,18.88949,1066,Eye Hit,Center,707.1977,728.0179,49.76483,MicroBus1-Detailed,-30.68451,-13.32131,49.76483,33.90859
1742844924132,18.90676,1067,Eye Hit,Center,722.9702,728.7496,49.77558,MicroBus1-Detailed,-30.2577,-13.28203,49.77558,33.579
1742844924167,18.93878,1069,Eye Hit,Center,691.1304,734.8853,49.77285,MicroBus1-Detailed,-31.13099,-12.92892,49.77285,34.10808
1742844924185,18.95785,1070,Eye Hit,Center,671.3119,738.1274,49.71989,MicroBus1-Detailed,-31.64189,-12.72929,49.71989,34.44896
1742844924201,18.9754,1071,Eye Hit,Center,687.3152,744.8766,49.81518,MicroBus1-Detailed,-31.2624,-12.36563,49.81518,34.01451
1742844924237,19.00778,1073,Eye Hit,Center,730.9584,747.4445,49.87394,MicroBus1-Detailed,-30.09752,-12.2324,49.87394,33.08059
1742844924255,19.0273,1074,Eye Hit,Center,749.9952,746.491,49.83391,MicroBus1-Detailed,-29.54961,-12.27753,49.83392,32.7048
1742844924271,19.04498,1075,Eye Hit,Center,761.8197,749.3599,49.80643,MicroBus1-Detailed,-29.20815,-12.10583,49.80643,32.40771
1742844924307,19.07838,1077,Eye Hit,Center,802.1691,750.6939,49.57146,MicroBus1-Detailed,-27.96605,-11.97232,49.57146,31.53659
1742844924324,19.09759,1078,Eye Hit,Center,823.816,750.5134,49.38102,MicroBus1-Detailed,-27.26845,-11.93669,49.38102,31.08137
1742844924341,19.11505,1079,Eye Hit,Center,803.0089,750.6525,49.56686,MicroBus1-Detailed,-27.94047,-11.97368,49.56687,31.51965
1742844924376,19.14856,1081,Eye Hit,Center,801.4783,751.1449,49.58077,MicroBus1-Detailed,-27.99021,-11.94885,49.58077,31.5427
1742844924394,19.16859,1082,Eye Hit,Center,807.9603,751.2166,49.52865,MicroBus1-Detailed,-27.78354,-11.93213,49.52865,31.40421
1742844924427,19.20223,1084,Eye Hit,Center,758.0499,759.032,49.85917,MicroBus1-Detailed,-29.34285,-11.56213,49.85917,32.31557
1742844924463,19.23713,1086,Eye Hit,Center,751.8794,760.8469,49.88513,MicroBus1-Detailed,-29.52808,-11.46368,49.88513,32.4141
1742844924496,19.271,1088,Eye Hit,Center,772.8878,763.7312,49.80524,MicroBus1-Detailed,-28.90311,-11.27965,49.80524,31.9208
1742844924530,19.30472,1090,Eye Hit,Center,799.6751,763.243,49.6327,MicroBus1-Detailed,-28.06895,-11.26841,49.6327,31.35831
1742844924563,19.33755,1092,Eye Hit,Center,796.4114,763.2133,49.65746,MicroBus1-Detailed,-28.17243,-11.27573,49.65746,31.42866
1742844924597,19.37132,1094,Eye Hit,Center,768.9477,761.5859,49.81858,MicroBus1-Detailed,-29.01923,-11.40601,49.81858,32.04153
1742844924614,19.38875,1095,,Center,661.7365,783.526,49.81129,,-31.96339,-10.1432,49.81129,33.94943
1742844924647,19.42067,1097,,Center,667.2111,783.8788,49.84004,,-31.8312,-10.12871,49.84004,33.83081
1742844924663,19.43783,1098,,Center,680.1771,782.9499,49.89697,,-31.51036,-10.19378,49.89697,33.5735
1742844924696,19.47087,1100,,Center,730.5296,789.4973,49.9718,,-30.16841,-9.831626,49.9718,32.41385
1742844924730,19.50444,1102,,Center,780.5013,790.1229,49.79979,,-28.69061,-9.761869,49.79979,31.32277
1742844924760,19.53538,1104,,Center,797.7346,790.2927,49.68467,,-28.15156,-9.729451,49.68467,30.94225
1742844924791,19.56643,1106,Eye Hit,Center,710.5121,761.4749,49.92437,SouthSidewalk,-30.69152,-11.43651,49.92437,33.26703
1742844924824,19.59783,1108,Eye Hit,Center,739.0231,768.1592,49.92764,SouthSidewalk,-29.90762,-11.05215,49.92764,32.56281
1742844924838,19.61478,1109,Eye Hit,Center,765.1099,762.8441,49.83492,SouthSidewalk,-29.13433,-11.33732,49.83492,32.10092
1742844924869,19.64355,1111,Eye Hit,Center,817.1533,769.0029,49.49449,SouthSidewalk,-27.51317,-10.90813,49.49449,30.87853
1742844924899,19.67452,1113,Eye Hit,Center,858.3174,774.639,49.05328,SouthSidewalk,-26.15308,-10.49184,49.05328,29.87561
1742844924930,19.70514,1115,Eye Hit,Center,844.4489,780.1682,49.2312,SouthSidewalk,-26.62491,-10.21589,49.2312,30.08188
1742844924961,19.73639,1117,Eye Hit,Center,844.3124,782.0656,49.23543,SouthSidewalk,-26.6309,-10.10896,49.23543,30.0514
1742844924992,19.76687,1119,Eye Hit,Center,665.0709,811.1557,49.81148,Sedan5-Detailed,-31.87181,-8.555099,49.81148,33.52442
1742844925023,19.79775,1121,,Center,629.2841,818.0009,49.54823,,-32.68235,-8.118626,49.54823,34.20213
1742844925053,19.82761,1123,Eye Hit,Center,599.9203,819.7684,49.253,NE_Tree_10,-33.2861,-7.969738,49.253,34.79622
1742844925084,19.85852,1125,,Center,630.6572,817.0178,49.56506,,-32.65587,-8.177536,49.56506,34.18403
1742844925113,19.88827,1127,,Center,644.5603,814.9661,49.68001,,-32.35027,-8.314196,49.68001,33.9143
1742844925143,19.91871,1129,,Center,665.5079,812.2513,49.81725,,-31.86349,-8.49319,49.81725,33.50213
1742844925173,19.94866,1131,,Center,674.0714,802.4193,49.87394,,-31.66395,-9.068665,49.87394,33.44099
1742844925202,19.97786,1133,,Center,683.5829,801.7971,49.91237,,-31.42624,-9.111442,49.91237,33.24715
1742844925232,20.00813,1135,,Center,685.7244,801.7101,49.91968,,-31.37182,-9.117924,49.91968,33.20277
1742844925263,20.03782,1137,,Center,689.7258,799.1301,49.93418,,-31.27062,-9.269149,49.93418,33.15133
1742844925292,20.06831,1139,,Center,702.317,794.6034,49.96538,,-30.94282,-9.535872,49.96539,32.94428
1742844925321,20.09715,1141,,Center,701.3754,794.2291,49.9635,,-30.96762,-9.557245,49.9635,32.96948
1742844925352,20.12686,1143,,Center,701.0221,792.7379,49.9626,,-30.97681,-9.643037,49.9626,32.99754
1742844925383,20.15723,1145,,Center,706.2921,789.4424,49.97021,,-30.83614,-9.834353,49.97021,32.93167
1742844925411,20.18681,1147,,Center,698.0647,786.8273,49.95466,,-31.05344,-9.982222,49.95466,33.14295
1742844925441,20.21681,1149,,Center,689.1072,791.1873,49.93291,,-31.28688,-9.726628,49.93291,33.27125
1742844925471,20.24704,1151,,Center,677.9749,794.0227,49.89319,,-31.56863,-9.555592,49.89319,33.4677
1742844925501,20.27633,1153,,Center,655.2708,796.6363,49.77429,,-32.11734,-9.382628,49.77429,33.91019
1742844925531,20.30958,1155,,Center,627.1774,796.7581,49.56239,,-32.74932,-9.335886,49.56239,34.49274
1742844925561,20.33725,1157,,Center,568.4044,795.6694,48.8927,,-33.89333,-9.271092,48.8927,35.70424
1742844925590,20.36709,1159,Eye Hit,Center,534.3856,794.5984,48.37712,Sedan5-Detailed,-34.44453,-9.233127,48.37712,36.39531
1742844925621,20.39692,1161,Eye Hit,Center,568.8172,730.5604,48.72739,RoadEast,-33.76764,-12.90048,48.72739,36.56954
1742844925651,20.42673,1163,Eye Hit,Center,566.2854,662.7008,48.11776,RoadEast,-33.41242,-16.5069,48.11776,37.75802
1742844925682,20.45738,1165,Eye Hit,Center,554.6564,660.6111,47.93391,RoadEast,-33.59251,-16.5594,47.93391,38.00161
1742844925715,20.48956,1167,Eye Hit,Center,444.9198,651.5427,45.88589,RoadEast,-34.93728,-16.33201,45.88589,40.04636
1742844925731,20.50692,1168,Eye Hit,Center,399.0588,646.4547,44.83561,RoadEast,-35.27284,-16.22142,44.83561,40.88995
1742844925760,20.53643,1170,Eye Hit,Center,384.9164,638.5388,44.43104,RoadEast,-35.30148,-16.48098,44.43104,41.24577
1742844925791,20.56682,1172,Eye Hit,Center,396.6302,638.9144,44.70231,RoadEast,-35.22791,-16.56216,44.70231,41.04951
1742844925825,20.59666,1174,Eye Hit,Center,494.3908,644.7207,46.77095,RoadEast,-34.3337,-17.01529,46.77095,39.32722
1742844925840,20.61488,1175,Eye Hit,Center,599.3497,681.9805,48.72428,SouthSidewalk,-32.94412,-15.63099,48.72428,36.81044
1742844925870,20.64433,1177,Eye Hit,Center,615.2844,682.8463,48.89678,SouthSidewalk,-32.63058,-15.63746,48.89677,36.50176
1742844925900,20.67458,1179,Eye Hit,Center,538.5372,676.3321,47.85978,SouthSidewalk,-33.9665,-15.66567,47.85978,38.00957
1742844925929,20.70569,1181,Eye Hit,Center,465.0065,674.0451,46.52185,SouthSidewalk,-34.90557,-15.35054,46.52185,39.33992
1742844925959,20.73474,1183,Eye Hit,Center,482.9149,673.7994,46.87062,SouthSidewalk,-34.70383,-15.47885,46.87062,39.03267
1742844925989,20.76352,1185,Eye Hit,Center,514.9102,698.3629,47.66969,SouthSidewalk,-34.45341,-14.39163,47.66969,38.07065
1742844926018,20.79286,1187,Eye Hit,Center,639.2744,736.8687,49.51849,SouthSidewalk,-32.3896,-12.7495,49.51849,35.10495
1742844926047,20.82301,1189,,Center,704.8578,764.1726,49.9286,,-30.84999,-11.28206,49.9286,33.34109
1742844926076,20.85271,1191,,Center,693.9755,765.9917,49.91093,,-31.13895,-11.17335,49.91093,33.53796
1742844926105,20.88125,1193,,Center,635.5382,758.0494,49.57933,,-32.53168,-11.5534,49.57933,34.84969
1742844926135,20.91146,1195,,Center,579.8058,753.3047,48.97713,,-33.64356,-11.68137,48.97713,36.02285
1742844926164,20.94019,1197,,Center,605.9803,753.2387,49.28524,,-33.14298,-11.75862,49.28524,35.50944
1742844926195,20.97093,1199,,Center,638.1826,756.1548,49.59379,,-32.46874,-11.66537,49.59379,34.82504
1742844926228,21.0049,1201,,Center,669.6124,775.1837,49.84202,,-31.76638,-10.62936,49.84202,33.90405
1742844926260,21.03682,1203,,Center,693.0383,776.2788,49.93224,,-31.17808,-10.58536,49.93224,33.40142
1742844926276,21.05435,1204,,Center,732.1034,774.4144,49.9579,,-30.11662,-10.69828,49.9579,32.60891
1742844926314,21.08875,1206,,Center,737.8729,774.6592,49.9502,,-29.95285,-10.68253,49.9502,32.48285
1742844926340,21.10571,1207,,Center,706.0671,774.1248,49.95546,,-30.83324,-10.71453,49.95546,33.16136
1742844926356,21.13036,1208,,Center,739.4323,777.522,49.95227,,-29.9111,-10.51796,49.95227,32.40475
1742844926395,21.16249,1210,,Center,742.7128,774.3917,49.94115,,-29.81399,-10.69603,49.94115,32.38443
1742844926412,21.18612,1211,Eye Hit,Center,787.3773,773.6478,49.74519,MicroBus1-Detailed,-28.47031,-10.69676,49.74519,31.441
1742844926443,21.21747,1213,Eye Hit,Center,805.0827,773.4511,49.61599,MicroBus1-Detailed,-27.91136,-10.68033,49.61599,31.06165
1742844926459,21.23481,1214,Eye Hit,Center,795.9392,774.3577,49.68834,MicroBus1-Detailed,-28.20289,-10.64378,49.68834,31.24403
1742844926493,21.26471,1216,Eye Hit,Center,764.6911,775.0976,49.87257,MicroBus1-Detailed,-29.16787,-10.64083,49.87257,31.90437
1742844926509,21.28403,1217,Eye Hit,Center,756.704,772.2109,49.89912,MicroBus1-Detailed,-29.40345,-10.81267,49.89912,32.12213
1742844926541,21.31596,1219,Eye Hit,Center,767.6967,769.2437,49.84807,MicroBus1-Detailed,-29.07083,-10.97217,49.84807,31.93713
1742844926573,21.34823,1221,Eye Hit,Center,802.8075,773.5678,49.6362,MicroBus1-Detailed,-27.98508,-10.67787,49.6362,31.1089
1742844926606,21.38165,1223,Eye Hit,Center,805.4685,772.6225,49.61347,MicroBus1-Detailed,-27.89938,-10.7271,49.61347,31.06765
1742844926639,21.41496,1225,Eye Hit,Center,796.9956,767.7512,49.66885,MicroBus1-Detailed,-28.16286,-11.01836,49.66885,31.33571
1742844926674,21.44689,1227,Eye Hit,Center,786.2682,768.9854,49.74534,MicroBus1-Detailed,-28.50087,-10.96436,49.74534,31.54449
1742844926690,21.46525,1228,Eye Hit,Center,783.7449,768.3632,49.76007,MicroBus1-Detailed,-28.57862,-11.00348,49.76007,31.60931
1742844926723,21.49709,1230,Eye Hit,Center,783.704,768.9547,49.76166,MicroBus1-Detailed,-28.58066,-10.96986,49.76166,31.60001
1742844926760,21.53391,1232,Eye Hit,Center,776.0377,767.9489,49.8035,MicroBus1-Detailed,-28.81548,-11.03683,49.8035,31.78119
1742844926792,21.56738,1234,Eye Hit,Center,770.1633,770.5212,49.83903,MicroBus1-Detailed,-28.99769,-10.8968,49.83904,31.86307
1742844926827,21.59931,1236,Eye Hit,Center,764.1779,768.9684,49.86321,MicroBus1-Detailed,-29.17652,-10.99147,49.86321,32.01671
1742844926843,21.61833,1237,Eye Hit,Center,766.0989,770.0809,49.85668,MicroBus1-Detailed,-29.11983,-10.92595,49.85668,31.95716
1742844926876,21.64961,1239,Eye Hit,Center,766.0828,767.6764,49.85116,MicroBus1-Detailed,-29.11705,-11.06298,49.85116,31.99789
1742844926893,21.66639,1240,Eye Hit,Center,767.1278,767.5689,49.84654,MicroBus1-Detailed,-29.0856,-11.06824,49.84654,31.97752
1742844926910,21.68335,1241,Eye Hit,Center,769.958,767.8627,49.83402,MicroBus1-Detailed,-29.00043,-11.04854,49.83402,31.91229
1742844926927,21.70089,1242,Eye Hit,Center,770.7864,767.972,49.83054,MicroBus1-Detailed,-28.9756,-11.0415,49.83054,31.89278
1742844926959,21.73424,1244,Eye Hit,Center,778.916,763.479,49.77628,MicroBus1-Detailed,-28.72064,-11.28752,49.77628,31.79707
1742844926991,21.76566,1246,Eye Hit,Center,784.8202,762.0528,49.73706,MicroBus1-Detailed,-28.53588,-11.3604,49.73706,31.69654
1742844927025,21.798,1248,Eye Hit,Center,788.1568,762.0264,49.71553,MicroBus1-Detailed,-28.43195,-11.357,49.71553,31.62599
1742844927041,21.81533,1249,Eye Hit,Center,788.0561,763.0821,49.71861,MicroBus1-Detailed,-28.43646,-11.29721,49.71861,31.60942
1742844927073,21.84681,1251,Eye Hit,Center,780.6253,762.7435,49.7633,MicroBus1-Detailed,-28.66619,-11.3269,49.7633,31.77364
1742844927092,21.86356,1252,Eye Hit,Center,789.2186,762.5048,49.70932,MicroBus1-Detailed,-28.39925,-11.32828,49.70932,31.59489
1742844927108,21.88261,1253,Eye Hit,Center,724.9371,752.4592,49.90558,Car2-Detailed,-30.28253,-11.95136,49.90557,33.11817
1742844927140,21.91446,1255,Eye Hit,Center,736.2305,753.4288,49.89709,HighFemale2,-29.96626,-11.89356,49.89709,32.8679
1742844927175,21.94741,1257,Eye Hit,Center,769.939,755.8155,49.79713,HighFemale2,-28.97947,-11.73258,49.79713,32.12206
1742844927191,21.96618,1258,Eye Hit,Center,790.8391,757.0423,49.67989,HighFemale2,-28.33799,-11.63465,49.67989,31.65866
1742844927224,22.0003,1260,,Center,838.1208,758.8342,49.26274,,-26.81407,-11.4351,49.26274,30.61435
1742844927258,22.03103,1262,,Center,914.5271,754.8192,48.17029,,-24.18741,-11.40478,48.17029,29.03649
1742844927275,22.04916,1263,Eye Hit,Center,920.9769,751.1329,48.04667,SouthSidewalk,-23.95425,-11.57986,48.04667,28.97598
1742844927308,22.08257,1265,Eye Hit,Center,931.8781,727.1664,47.74446,SouthSidewalk,-23.51622,-12.82729,47.74446,29.29473
1742844927325,22.09928,1266,Eye Hit,Center,968.1385,728.4763,47.05726,SouthSidewalk,-22.23569,-12.57158,47.05725,28.49388
1742844927358,22.13406,1268,Eye Hit,Center,987.0419,715.8083,46.59489,SouthSidewalk,-21.53092,-13.12918,46.59489,28.42321
1742844927391,22.16567,1270,Eye Hit,Center,968.4838,734.4992,47.07945,SouthSidewalk,-22.2372,-12.25029,47.07945,28.33637
1742844927425,22.19866,1272,,Center,935.5422,772.5103,47.83985,,-23.46643,-10.34983,47.83985,28.19624
1742844927442,22.21672,1273,,Center,846.1019,770.0662,49.19869,,-26.56242,-10.78268,49.19869,30.2289
1742844927474,22.24865,1275,,Center,815.5821,787.4074,49.53841,,-27.58056,-9.865786,49.53841,30.59577
1742844927505,22.27845,1277,,Center,804.9778,774.9793,49.61655,,-27.91456,-10.59282,49.61655,31.03749
1742844927519,22.29554,1278,,Center,845.3441,775.4793,49.21667,,-26.59271,-10.4791,49.21667,30.14618
1742844927550,22.32438,1280,,Center,724.3187,785.0215,49.97335,,-30.34071,-10.09004,49.97335,32.61236
1742844927579,22.35473,1282,,Center,677.7637,795.5875,49.88657,,-31.57027,-9.464313,49.88657,33.4514
1742844927608,22.38432,1284,,Center,638.9738,798.0751,49.65395,,-32.48645,-9.27756,49.65395,34.23192
1742844927638,22.41318,1286,,Center,617.9056,814.8841,49.44738,,-32.92646,-8.279981,49.44738,34.47429
1742844927667,22.44217,1288,,Center,688.9626,817.0143,49.89507,,-31.26715,-8.232176,49.89507,32.9438
1742844927696,22.4723,1290,,Center,740.7841,818.3953,49.92026,,-29.85467,-8.156933,49.92026,31.79757
1742844927726,22.50182,1292,,Center,813.3948,828.5875,49.49402,,-27.61562,-7.505198,49.49401,30.03639
1742844927755,22.53335,1294,,Center,787.3175,829.0826,49.69193,,-28.44147,-7.506763,49.69193,30.62369
1742844927785,22.56174,1296,,Center,728.3034,815.7489,49.94608,,-30.21428,-8.313574,49.94607,32.10498
1742844927816,22.59121,1298,,Center,700.7889,804.7314,49.95123,,-30.97619,-8.949519,49.95123,32.84192
1742844927845,22.62108,1300,,Center,773.2891,804.7018,49.8324,,-28.90783,-8.92994,49.8324,31.26398
1742844927875,22.65211,1302,,Center,745.2759,803.5239,49.94067,,-29.74303,-9.017161,49.94067,31.89547
1742844927906,22.6813,1304,,Center,668.256,785.7333,49.84506,,-31.80564,-10.02306,49.84506,33.7835
1742844927940,22.71287,1306,Eye Hit,Center,583.7538,773.6238,49.07745,SouthSidewalk,-33.60549,-10.55448,49.07745,35.66782
1742844927957,22.73067,1307,Eye Hit,Center,596.252,775.2913,49.23059,SouthSidewalk,-33.37066,-10.49277,49.23059,35.39617
1742844927986,22.76122,1309,Eye Hit,Center,577.8672,771.2195,48.99721,SouthSidewalk,-33.7098,-10.6733,48.99722,35.81635
1742844928018,22.79193,1311,Eye Hit,Center,602.4236,769.2511,49.29018,SouthSidewalk,-33.2431,-10.84899,49.29018,35.35356
1742844928047,22.82296,1313,,Center,590.7623,773.4911,49.16421,,-33.47468,-10.58084,49.16421,35.52981
1742844928080,22.85331,1315,,Center,574.2661,775.804,48.95812,,-33.78024,-10.40574,48.95812,35.82841
1742844928094,22.87023,1316,,Center,582.3506,777.5692,49.0657,,-33.63548,-10.32867,49.0657,35.64476
1742844928125,22.90028,1318,,Center,569.2548,782.2045,48.89784,,-33.87393,-10.03181,48.89784,35.84772
1742844928154,22.9296,1320,,Center,584.1678,782.4705,49.09589,,-33.60691,-10.05727,49.09589,35.5462
1742844928184,22.95889,1322,,Center,579.481,782.9112,49.03724,,-33.69365,-10.02038,49.03724,35.63465
1742844928212,22.98828,1324,,Center,569.6043,786.9909,48.90815,,-33.87164,-9.763771,48.90815,35.78237
1742844928242,23.01707,1326,,Center,560.2243,786.7519,48.77597,,-34.0327,-9.750777,48.77597,35.97246
1742844928271,23.04678,1328,,Center,554.7988,787.5122,48.69719,,-34.12359,-9.692314,48.69719,36.0714
1742844928300,23.07619,1330,,Center,558.886,788.1698,48.75751,,-34.05585,-9.667296,48.75751,35.98229
1742844928329,23.10572,1332,,Center,568.522,789.4315,48.89536,,-33.892,-9.623562,48.89536,35.77483
1742844928359,23.13485,1334,,Center,574.6776,791.0557,48.97993,,-33.78415,-9.548281,48.97993,35.63196
1742844928388,23.16338,1336,,Center,584.0915,789.8177,49.10262,,-33.61359,-9.64244,49.10262,35.45722
1742844928417,23.19269,1338,,Center,587.1297,784.71,49.13866,,-33.55583,-9.939137,49.13866,35.4587
1742844928447,23.22196,1340,,Center,585.1374,785.2376,49.11493,,-33.59365,-9.904362,49.11493,35.49223
1742844928476,23.25249,1342,,Center,582.8427,791.6027,49.08849,,-33.63774,-9.538548,49.08849,35.46094
1742844928506,23.28139,1344,,Center,611.1545,792.3151,49.41401,,-33.08842,-9.561274,49.41401,34.87695
1742844928535,23.31046,1346,,Center,605.5276,791.8832,49.35528,,-33.20242,-9.574395,49.35529,34.99718
1742844928564,23.34064,1348,,Center,639.0213,793.2355,49.66598,,-32.49301,-9.557165,49.66598,34.29177
1742844928594,23.36983,1350,,Center,630.966,794.3626,49.60035,,-32.67067,-9.480017,49.60035,34.44418
1742844928624,23.39904,1352,,Center,612.0226,791.4702,49.42343,,-33.07105,-9.611178,49.42343,34.86965
1742844928653,23.42821,1354,,Center,560.6432,788.5286,48.78731,,-34.02932,-9.653115,48.78731,35.94302
1742844928683,23.45759,1356,,Center,506.3808,778.1915,47.8862,,-34.83539,-10.04602,47.8862,37.12966
1742844928712,23.48702,1358,,Center,463.6758,778.4161,47.04776,,-35.33474,-9.857924,47.04776,37.94427
1742844928742,23.51673,1360,,Center,409.8816,777.4008,45.85343,,-35.79959,-9.661373,45.85343,38.96148
1742844928771,23.54564,1362,,Center,383.7787,777.8787,45.23133,,-35.96574,-9.505281,45.23133,39.43566
1742844928800,23.57524,1364,,Center,295.8124,778.1562,42.9922,,-36.27327,-9.020952,42.9922,41.00426
1742844928829,23.60483,1366,,Center,334.6312,776.5637,44.00151,,-36.18181,-9.313651,44.00151,40.3343
1742844928859,23.63432,1368,Eye Hit,Center,448.5818,754.2728,46.67922,SouthSidewalk,-35.44695,-11.08113,46.67922,38.50624
1742844928889,23.66544,1370,Eye Hit,Center,496.919,742.7723,47.61551,SouthSidewalk,-34.88722,-11.93532,47.61551,37.75337
1742844928918,23.6934,1372,Eye Hit,Center,488.798,738.235,47.44083,SouthSidewalk,-34.97193,-12.13983,47.44083,37.96566
1742844928948,23.72555,1374,Eye Hit,Center,437.0422,733.4293,46.34736,SouthSidewalk,-35.49022,-12.11707,46.34736,38.97787
1742844928978,23.75809,1376,Eye Hit,Center,452.8661,740.7831,46.7215,SouthSidewalk,-35.36853,-11.81835,46.7215,38.59517
1742844929008,23.78899,1378,,Center,575.3123,751.1104,48.91179,,-33.72002,-11.78949,48.91179,36.14166
1742844929037,23.81227,1380,,Center,602.3073,751.2206,49.23889,,-33.21167,-11.86214,49.2389,35.61145
1742844929054,23.83076,1381,,Center,516.0546,743.9954,47.965,,-34.63654,-11.95522,47.965,37.37717
1742844929084,23.8604,1383,,Center,449.2562,747.2889,46.6667,,-35.42006,-11.45413,46.6667,38.57937
1742844929117,23.89106,1385,,Center,489.0429,754.2098,47.50397,,-35.01205,-11.28036,47.50397,37.75216
1742844929131,23.90803,1386,,Center,453.9961,754.0803,46.79022,,-35.39137,-11.11783,46.79022,38.40834
1742844929165,23.93877,1388,Eye Hit,Center,511.0502,770.9045,47.95603,Car2-Detailed,-34.76256,-10.46388,47.95603,37.12615
1742844929182,23.95731,1389,Eye Hit,Center,578.6714,774.7375,49.0178,Car2-Detailed,-33.7022,-10.47883,49.0178,35.75455
1742844929214,23.98969,1391,Eye Hit,Center,605.621,775.6875,49.33973,Car2-Detailed,-33.18942,-10.49344,49.33973,35.20265
1742844929235,24.0081,1392,Eye Hit,Center,558.8072,775.9065,48.74467,Car2-Detailed,-34.04899,-10.35462,48.74467,36.13331
1742844929253,24.02717,1393,Eye Hit,Center,615.0917,779.7101,49.44284,Car2-Detailed,-33.00025,-10.28584,49.44284,34.95787
1742844929277,24.04467,1394,Eye Hit,Center,581.9855,778.7878,49.06565,Car2-Detailed,-33.64532,-10.25959,49.06565,35.63646
1742844929305,24.06915,1395,Eye Hit,Center,575.9163,773.4611,48.97976,Car2-Detailed,-33.75055,-10.54282,48.97976,35.82581
1742844929333,24.09609,1396,Eye Hit,Center,610.4932,775.5898,49.39133,Car2-Detailed,-33.09126,-10.51007,49.39133,35.10574
1742844929351,24.12432,1397,,Center,648.5535,777.5031,49.72217,,-32.2681,-10.47065,49.72217,34.3049
1742844929374,24.14202,1398,,Center,629.7205,773.6627,49.56987,,-32.68468,-10.65831,49.56987,34.74278
1742844929394,24.1649,1399,Eye Hit,Center,797.2441,778.9731,49.6805,SouthSidewalk,-28.16265,-10.37754,49.6805,31.1377
1742844929417,24.18438,1400,Eye Hit,Center,809.8431,785.3534,49.58614,SouthSidewalk,-27.76424,-9.992761,49.58614,30.75607
1742844929434,24.20762,1401,Eye Hit,Center,800.3363,784.947,49.66274,SouthSidewalk,-28.0678,-10.03149,49.66274,30.97134
1742844929458,24.22457,1402,,Center,775.7761,786.2239,49.82505,,-28.83515,-9.990921,49.82505,31.48672
1742844929476,24.24896,1403,,Center,789.1085,788.8735,49.74625,,-28.42337,-9.823114,49.74625,31.15409
1742844929500,24.26683,1404,,Center,770.7532,789.0549,49.85151,,-28.98871,-9.833435,49.85151,31.55186
1742844929519,24.29073,1405,Eye Hit,Center,851.6771,799.6743,49.1485,Sedan2-Detailed,-26.38403,-9.092372,49.1485,29.58815
1742844929535,24.30984,1406,Eye Hit,Center,845.0411,800.6109,49.22659,Sedan2-Detailed,-26.60631,-9.053675,49.22659,29.72298
1742844929573,24.34532,1408,Eye Hit,Center,871.5076,798.9056,48.89091,Sedan2-Detailed,-25.71048,-9.088172,48.89091,29.1511
1742844929590,24.36427,1409,Eye Hit,Center,866.1336,799.0498,48.96373,Sedan2-Detailed,-25.89405,-9.09349,48.96373,29.2708
1742844929611,24.38118,1410,Eye Hit,Center,841.7127,796.5528,49.26884,Sedan2-Detailed,-26.71968,-9.292239,49.26884,29.86373
1742844929629,24.40189,1411,Eye Hit,Center,836.1351,795.6047,49.33093,Sedan2-Detailed,-26.90527,-9.357764,49.33092,30.0043
1742844929645,24.41897,1412,Eye Hit,Center,848.2874,793.7576,49.1932,SouthSidewalk,-26.50009,-9.436547,49.1932,29.76218
1742844929663,24.4368,1413,Eye Hit,Center,843.8546,793.1469,49.24505,SouthSidewalk,-26.64855,-9.481246,49.24504,29.87184
1742844929697,24.47212,1415,Eye Hit,Center,898.0146,804.024,48.49165,Sedan4-Detailed,-24.79086,-8.727599,48.49165,28.45751
1742844929732,24.50558,1417,Eye Hit,Center,905.0549,807.2067,48.3744,MicroBus1-Detailed,-24.54289,-8.528797,48.3744,28.24087
1742844929751,24.52309,1418,Eye Hit,Center,896.8445,806.4598,48.50799,MicroBus1-Detailed,-24.83055,-8.594174,48.50799,28.44348
1742844929767,24.54114,1419,Eye Hit,Center,894.1979,806.9003,48.54868,MicroBus1-Detailed,-24.92232,-8.57675,48.54868,28.4973
1742844929801,24.57594,1421,Eye Hit,Center,888.0887,807.87,48.64162,MicroBus1-Detailed,-25.13409,-8.53861,48.64162,28.62234
1742844929837,24.61038,1423,Eye Hit,Center,874.1039,807.9199,48.8467,Sedan4-Detailed,-25.6172,-8.571815,48.8467,28.94353
1742844929854,24.62759,1424,Eye Hit,Center,872.1565,808.2168,48.87323,Sedan4-Detailed,-25.68367,-8.5597,48.87323,28.98351
1742844929870,24.64467,1425,Eye Hit,Center,870.2642,808.102,48.89933,Sedan4-Detailed,-25.74847,-8.570787,48.89933,29.02878
1742844929889,24.66156,1426,Eye Hit,Center,870.6926,808.4523,48.8932,Sedan4-Detailed,-25.73368,-8.549948,48.8932,29.01337
1742844929907,24.67946,1427,Eye Hit,Center,861.3417,807.3379,49.02063,Sedan4-Detailed,-26.05382,-8.63525,49.02063,29.24529
1742844929923,24.69781,1428,Eye Hit,Center,859.6115,807.2267,49.04299,Sedan4-Detailed,-26.11255,-8.64555,49.04299,29.2866
1742844929959,24.73208,1430,Eye Hit,Center,856.0126,808.3256,49.08745,Sedan4-Detailed,-26.23376,-8.591216,49.08745,29.35155
1742844929976,24.7504,1431,Eye Hit,Center,856.2156,812.2576,49.07866,Sedan4-Detailed,-26.22357,-8.366887,49.07866,29.28609
1742844929993,24.76758,1432,Eye Hit,Center,855.1625,812.0809,49.092,Sedan4-Detailed,-26.25924,-8.379276,49.092,29.31295
1742844930028,24.80198,1434,Eye Hit,Center,851.9933,814.5567,49.12606,Sedan4-Detailed,-26.36341,-8.244733,49.12606,29.34813
1742844930046,24.81911,1435,Eye Hit,Center,854.8336,814.7327,49.09092,Sedan4-Detailed,-26.26757,-8.228723,49.09092,29.28026
1742844930064,24.83743,1436,Eye Hit,Center,854.6689,814.434,49.0933,Sedan4-Detailed,-26.27331,-8.246159,49.0933,29.28857
1742844930081,24.85435,1437,Eye Hit,Center,854.4386,817.8002,49.08889,Sedan4-Detailed,-26.2772,-8.054791,49.08889,29.2437
1742844930098,24.87154,1438,Eye Hit,Center,854.2382,817.1973,49.09241,Sedan4-Detailed,-26.28451,-8.089441,49.09241,29.25719
1742844930134,24.90689,1440,Eye Hit,Center,852.8906,816.5874,49.1108,Sedan4-Detailed,-26.33089,-8.126956,49.1108,29.2972
1742844930151,24.9244,1441,Eye Hit,Center,852.1304,816.9949,49.11968,Sedan4-Detailed,-26.35628,-8.105373,49.11968,29.30868
1742844930168,24.94173,1442,Eye Hit,Center,853.6609,817.0566,49.10038,Sedan4-Detailed,-26.30442,-8.098822,49.10038,29.27259
1742844930203,24.97638,1444,Eye Hit,Center,854.111,818.239,49.0923,Sedan4-Detailed,-26.2879,-8.03044,49.0923,29.24476
1742844930220,24.99383,1445,Eye Hit,Center,854.131,815.6722,49.09833,Sedan4-Detailed,-26.29059,-8.176769,49.09833,29.28233
1742844930255,25.02847,1447,Eye Hit,Center,854.8224,816.0848,49.08884,Sedan4-Detailed,-26.26677,-8.151786,49.08884,29.26026
1742844930272,25.04547,1448,Eye Hit,Center,852.2619,816.1423,49.12064,Sedan4-Detailed,-26.35322,-8.153874,49.12064,29.31828
1742844930290,25.06289,1449,Eye Hit,Center,852.2045,816.2788,49.12094,Sedan4-Detailed,-26.35494,-8.146236,49.12094,29.31758
1742844930308,25.08036,1450,Eye Hit,Center,828.4023,802.4409,49.41141,Sedan4-Detailed,-27.1601,-8.983427,49.41141,30.06911
1742844930325,25.09891,1451,Eye Hit,Center,828.0186,802.4142,49.41524,Sedan4-Detailed,-27.17269,-8.985642,49.41524,30.07817
1742844930342,25.11609,1452,Eye Hit,Center,826.4962,795.8704,49.43526,Sedan4-Detailed,-27.22525,-9.362477,49.43526,30.21566
1742844930359,25.13347,1453,Eye Hit,Center,825.9205,796.7833,49.44057,Sedan4-Detailed,-27.24389,-9.311422,49.44057,30.21391
1742844930377,25.15034,1454,Eye Hit,Center,829.2183,796.9571,49.40718,Sedan4-Detailed,-27.13553,-9.295147,49.40718,30.13735
1742844930394,25.16815,1455,Eye Hit,Center,829.1667,797.8686,49.40723,Sedan4-Detailed,-27.13697,-9.243335,49.40723,30.12398
1742844930428,25.20274,1457,Eye Hit,Center,831.2644,799.5141,49.38468,Sedan4-Detailed,-27.06738,-9.145297,49.38468,30.05075
1742844930464,25.23777,1459,Eye Hit,Center,834.3294,796.8141,49.3539,Sedan4-Detailed,-26.967,-9.293406,49.3539,30.0252
1742844930482,25.25561,1460,Eye Hit,Center,831.3132,771.0373,49.36655,RoadWest,-27.05612,-10.76412,49.36656,30.53411
1742844930498,25.27231,1461,Eye Hit,Center,831.2681,770.4166,49.36592,RoadWest,-27.05699,-10.79937,49.36592,30.54637
1742844930534,25.30738,1463,Eye Hit,Center,834.9495,753.9399,49.2812,RoadWest,-26.9104,-11.71779,49.2812,30.7772
1742844930551,25.32522,1464,Eye Hit,Center,834.9734,767.5193,49.32084,RoadWest,-26.93139,-10.95434,49.32084,30.5188
1742844930571,25.34213,1465,Eye Hit,Center,832.145,767.1452,49.35052,RoadWest,-27.02467,-10.98219,49.35052,30.58717
1742844930590,25.36216,1466,Eye Hit,Center,828.7811,801.0717,49.41082,Sedan4-Detailed,-27.14945,-9.061353,49.41082,30.08198
1742844930607,25.38115,1467,Eye Hit,Center,825.1465,801.7144,49.44711,Sedan4-Detailed,-27.26862,-9.031226,49.44711,30.15354
1742844930628,25.39793,1468,Eye Hit,Center,820.0314,801.6288,49.49747,Sedan4-Detailed,-27.43617,-9.045337,49.49747,30.26961
1742844930644,25.41891,1469,Eye Hit,Center,817.7067,803.8847,49.51672,Sedan4-Detailed,-27.5104,-8.920033,49.51672,30.28719
1742844930679,25.45189,1471,Eye Hit,Center,815.4279,803.0445,49.53849,Sedan4-Detailed,-27.58482,-8.971956,49.53849,30.35107
1742844930697,25.46982,1472,Eye Hit,Center,809.7391,802.3004,49.5901,Sedan4-Detailed,-27.76931,-9.02387,49.5901,30.48963
1742844930714,25.48685,1473,Eye Hit,Center,812.7177,806.7321,49.55862,Sedan4-Detailed,-27.67018,-8.764802,49.55862,30.35638
1742844930731,25.50513,1474,Eye Hit,Center,810.7084,806.4495,49.5769,Sedan4-Detailed,-27.73539,-8.784116,49.5769,30.40565
1742844930762,25.53712,1476,Eye Hit,Center,816.8092,816.311,49.50428,Jeep4-Detailed,-27.52801,-8.207919,49.50428,30.12511
1742844930795,25.56949,1478,Eye Hit,Center,818.399,816.0818,49.49042,Jeep4-Detailed,-27.47688,-8.218652,49.49042,30.09231
1742844930826,25.60231,1480,Eye Hit,Center,815.7838,811.3744,49.52428,Jeep4-Detailed,-27.56718,-8.493295,49.52428,30.21907
1742844930859,25.63302,1482,Eye Hit,Center,811.5995,810.2202,49.56346,Jeep4-Detailed,-27.70349,-8.566008,49.56347,30.33018
1742844930890,25.66574,1484,Eye Hit,Center,808.486,811.0393,49.58859,Jeep4-Detailed,-27.80276,-8.523616,49.58858,30.38842
1742844930922,25.69656,1486,Eye Hit,Center,804.7258,808.4155,49.62442,Jeep4-Detailed,-27.92589,-8.6799,49.62442,30.51089
1742844930954,25.72805,1488,Eye Hit,Center,801.2038,809.7492,49.64996,Jeep4-Detailed,-28.0368,-8.608047,49.64996,30.57057
1742844930986,25.76109,1490,Eye Hit,Center,793.507,807.7479,49.71013,Jeep4-Detailed,-28.28202,-8.733191,49.71013,30.77149
1742844931018,25.79173,1492,Eye Hit,Center,787.0695,808.9863,49.75195,Jeep4-Detailed,-28.48264,-8.66956,49.75195,30.89738
1742844931051,25.82377,1494,Eye Hit,Center,787.7723,807.8212,49.749,Jeep4-Detailed,-28.46165,-8.73585,49.749,30.89829
1742844931066,25.84067,1495,Eye Hit,Center,786.4896,807.2131,49.75851,Jeep4-Detailed,-28.50232,-8.772442,49.75851,30.93553
1742844931098,25.87291,1497,Eye Hit,Center,781.49,803.9429,49.79355,Jeep4-Detailed,-28.65984,-8.966488,49.79355,31.09352
1742844931132,25.90566,1499,Eye Hit,Center,782.2881,803.4281,49.78952,Jeep4-Detailed,-28.63557,-8.995391,49.78952,31.08334
1742844931147,25.9224,1500,Eye Hit,Center,779.1353,803.2986,49.80766,Jeep4-Detailed,-28.73271,-9.006079,49.80766,31.15496
1742844931180,25.95374,1502,Eye Hit,Center,776.196,803.48,49.8237,Jeep4-Detailed,-28.82282,-8.998522,49.8237,31.21727
1742844931199,25.97072,1503,Eye Hit,Center,776.3535,801.818,49.8251,Jeep4-Detailed,-28.8193,-9.09438,49.8251,31.23787
1742844931215,25.98958,1504,Eye Hit,Center,777.5008,798.799,49.82066,Jeep4-Detailed,-28.78517,-9.267089,49.82066,31.25689
1742844931247,26.02074,1506,Eye Hit,Center,784.9459,792.9005,49.77855,Jeep4-Detailed,-28.55623,-9.598016,49.77855,31.18241
1742844931263,26.03762,1507,Eye Hit,Center,785.6019,792.5557,49.77459,Jeep4-Detailed,-28.53594,-9.617183,49.77459,31.17337
1742844931296,26.07072,1509,Eye Hit,Center,790.3907,789.5093,49.74283,Jeep4-Detailed,-28.3862,-9.785806,49.74282,31.1159
1742844931328,26.10237,1511,Eye Hit,Center,791.6215,789.4951,49.73417,Jeep4-Detailed,-28.34747,-9.785052,49.73417,31.08919
1742844931361,26.13545,1513,Eye Hit,Center,792.2667,789.6779,49.72942,Jeep4-Detailed,-28.32705,-9.773502,49.72942,31.07211
1742844931392,26.1669,1515,Eye Hit,Center,794.0255,789.8392,49.71679,Jeep4-Detailed,-28.27157,-9.761726,49.71679,31.03094
1742844931425,26.19918,1517,,Center,798.7606,789.8873,49.68174,,-28.12176,-9.752192,49.68174,30.92616
1742844931456,26.23146,1519,,Center,825.6282,791.7156,49.44559,,-27.25463,-9.601526,49.44559,30.30239
1742844931488,26.26231,1521,,Center,828.8912,791.2968,49.41227,,-27.14725,-9.618995,49.41227,30.2367
1742844931520,26.29534,1523,,Center,831.7138,794.8462,49.38228,,-27.05381,-9.410834,49.38228,30.11561
1742844931552,26.32644,1525,,Center,832.8698,794.3592,49.37,,-27.01558,-9.436182,49.37,30.09769
1742844931585,26.35766,1527,,Center,837.3264,796.9106,49.3208,,-26.8673,-9.281528,49.3208,29.95636
1742844931600,26.37511,1528,,Center,838.5214,797.5596,49.30715,,-26.82734,-9.242105,49.30715,29.91905
1742844931633,26.40712,1530,,Center,842.1633,798.9848,49.26505,,-26.70536,-9.153208,49.26505,29.81407
1742844931666,26.43971,1532,,Center,840.5195,798.8454,49.28378,,-26.76026,-9.16458,49.28378,29.85335
1742844931681,26.4572,1533,,Center,834.3555,798.5547,49.35205,,-26.96527,-9.193843,49.35205,29.9966
1742844931717,26.48985,1535,Eye Hit,Center,807.3519,799.1415,49.60984,Jeep4-Detailed,-27.84575,-9.208381,49.60984,30.59115
1742844931733,26.50819,1536,Eye Hit,Center,807.8458,799.5217,49.60533,Jeep4-Detailed,-27.82969,-9.185775,49.60534,30.57429
1742844931765,26.54042,1538,Eye Hit,Center,806.1025,799.0246,49.6202,Jeep4-Detailed,-27.88579,-9.216915,49.6202,30.62073
1742844931800,26.57347,1540,Eye Hit,Center,805.2598,800.2206,49.6262,Jeep4-Detailed,-27.91225,-9.149512,49.6262,30.62115
1742844931817,26.59081,1541,Eye Hit,Center,810.8315,799.6476,49.57997,Jeep4-Detailed,-27.73374,-9.173895,49.57997,30.50585
1742844931832,26.60763,1542,Eye Hit,Center,811.0297,800.1378,49.57779,Jeep4-Detailed,-27.72708,-9.145316,49.57779,30.49384
1742844931867,26.63883,1544,Eye Hit,Center,810.9516,799.9244,49.57854,Jeep4-Detailed,-27.72965,-9.15774,49.57854,30.49889
1742844931884,26.65735,1545,Eye Hit,Center,810.296,799.2539,49.58486,Jeep4-Detailed,-27.75113,-9.197313,49.58486,30.52385
1742844931917,26.68977,1547,Eye Hit,Center,783.9911,807.6537,49.77049,Jeep4-Detailed,-28.57784,-8.749312,49.77049,30.98481
1742844931931,26.70716,1548,Eye Hit,Center,784.2195,807.9376,49.76859,Jeep4-Detailed,-28.57047,-8.732642,49.76859,30.9757
1742844931964,26.73882,1550,Eye Hit,Center,780.8575,811.0673,49.78357,Jeep4-Detailed,-28.67148,-8.555426,49.78357,31.00653
1742844931998,26.77173,1552,Eye Hit,Center,780.3409,810.6757,49.78746,Jeep4-Detailed,-28.68793,-8.578701,49.78746,31.0235
1742844932029,26.80442,1554,Eye Hit,Center,780.4515,810.1461,49.78795,Jeep4-Detailed,-28.68516,-8.609169,49.78795,31.02841
1742844932062,26.83677,1556,Eye Hit,Center,780.5603,810.037,49.78756,Jeep4-Detailed,-28.68194,-8.615367,49.78756,31.02751
1742844932095,26.86959,1558,Eye Hit,Center,779.0834,809.27,49.79749,Jeep4-Detailed,-28.72827,-8.661163,49.79749,31.07108
1742844932127,26.90289,1560,Eye Hit,Center,778.6402,809.7289,49.7994,Jeep4-Detailed,-28.74156,-8.635083,49.7994,31.0745
1742844932161,26.93707,1562,Eye Hit,Center,777.7529,807.6293,49.8078,Jeep4-Detailed,-28.77081,-8.757194,49.8078,31.12365
1742844932194,26.96877,1564,Eye Hit,Center,778.9873,808.0991,49.80014,Jeep4-Detailed,-28.73245,-8.72887,49.80014,31.08965
1742844932226,27.00085,1566,Eye Hit,Center,778.9556,808.7257,49.79934,Jeep4-Detailed,-28.73286,-8.692829,49.79934,31.08158
1742844932259,27.03348,1568,Eye Hit,Center,780.9847,809.1998,49.78669,Jeep4-Detailed,-28.66978,-8.663263,49.78669,31.02979
1742844932291,27.0662,1570,Eye Hit,Center,794.875,809.1097,49.69593,Jeep4-Detailed,-28.2364,-8.652598,49.69593,30.7214
1742844932324,27.0979,1572,Eye Hit,Center,798.0482,808.8099,49.6732,Jeep4-Detailed,-28.13647,-8.665878,49.6732,30.65476
1742844932357,27.13011,1574,Eye Hit,Center,798.5225,808.4543,49.67014,Jeep4-Detailed,-28.12173,-8.685811,49.67014,30.64929
1742844932373,27.14721,1575,,Center,816.072,809.3003,49.52254,,-27.55833,-8.611646,49.52254,30.24293
1742844932406,27.17967,1577,,Center,856.7893,815.0701,49.06725,,-26.20193,-8.205664,49.06725,29.23025
1742844932440,27.21367,1579,,Center,860.3493,816.0546,49.01947,,-26.08007,-8.142122,49.01947,29.13354
1742844932456,27.23085,1580,,Center,860.811,816.0865,49.01331,,-26.0643,-8.139243,49.01331,29.12243
1742844932488,27.26244,1582,,Center,863.257,816.6561,48.97999,,-25.98043,-8.101569,48.97999,29.05746
1742844932521,27.29744,1584,,Center,866.2616,817.4463,48.9381,,-25.87703,-8.050022,48.9381,28.97619
1742844932553,27.3277,1586,,Center,870.238,817.4014,48.88415,,-25.74118,-8.043568,48.88415,28.88484
1742844932586,27.36041,1588,,Center,872.0419,819.5775,48.85402,,-25.67667,-7.915985,48.85402,28.81035
1742844932602,27.3772,1589,,Center,873.4891,820.2538,48.83211,,-25.62613,-7.874247,48.83212,28.76661
1742844932636,27.41032,1591,,Center,878.3422,820.2669,48.76336,,-25.4594,-7.86242,48.76336,28.65355
1742844932668,27.44226,1593,,Center,883.5059,822.3469,48.68279,,-25.27855,-7.732618,48.68279,28.502
1742844932688,27.45909,1594,,Center,886.2421,821.1149,48.6456,,-25.18573,-7.795918,48.6456,28.4566
1742844932705,27.47881,1595,,Center,848.5565,807.0259,49.18283,,-26.48721,-8.681653,49.18283,29.54181
1742844932722,27.49592,1596,,Center,854.1266,806.8203,49.11524,,-26.29976,-8.681334,49.11524,29.41816
1742844932758,27.52799,1598,Eye Hit,Center,827.2997,806.1011,49.41925,Jeep4-Detailed,-27.19451,-8.775971,49.41925,30.03762
1742844932775,27.54806,1599,Eye Hit,Center,825.2998,806.1087,49.43954,Jeep4-Detailed,-27.26026,-8.779204,49.43954,30.08261
1742844932791,27.56709,1600,Eye Hit,Center,833.3052,805.3745,49.35812,Jeep4-Detailed,-26.99722,-8.80654,49.35812,29.91317
1742844932828,27.60074,1602,Eye Hit,Center,857.0243,800.7155,49.08638,Jeep4-Detailed,-26.20578,-9.021891,49.08638,29.45007
1742844932844,27.61935,1603,Eye Hit,Center,853.7902,798.654,49.12839,Jeep4-Detailed,-26.31594,-9.146554,49.12839,29.55708
1742844932879,27.65187,1605,Eye Hit,Center,880.8818,795.5899,48.76389,Jeep4-Detailed,-25.3913,-9.251132,48.76389,28.99445
1742844932897,27.67135,1606,Eye Hit,Center,907.8157,795.505,48.34405,Jeep4-Detailed,-24.4538,-9.176282,48.34405,28.381
1742844932931,27.70525,1608,Eye Hit,Center,936.7476,798.6906,47.834,Jeep4-Detailed,-23.43173,-8.903571,47.834,27.65573
1742844932949,27.722,1609,Eye Hit,Center,947.559,799.3024,47.62944,Jeep4-Detailed,-23.04723,-8.831883,47.62944,27.39313
1742844932966,27.73995,1610,Eye Hit,Center,997.0211,799.9042,46.60947,Jeep4-Detailed,-21.28085,-8.610387,46.60947,26.22183
1742844932984,27.75724,1611,Eye Hit,Center,1028.29,794.6656,45.9036,Jeep4-Detailed,-20.1661,-8.757533,45.9036,25.59214
1742844933001,27.77522,1612,Eye Hit,Center,1070.755,792.6333,44.88163,Jeep4-Detailed,-18.66489,-8.667683,44.88163,24.63256
1742844933018,27.79212,1613,Eye Hit,Center,1106.591,790.9622,43.97579,Jeep4-Detailed,-17.4181,-8.577623,43.97579,23.82179
1742844933054,27.82664,1615,Eye Hit,Center,1209.82,794.3204,41.24671,Sedan4-Detailed,-13.98638,-7.885457,41.24671,21.2695
1742844933070,27.84471,1616,Eye Hit,Center,1290.603,797.6157,39.0814,Sedan4-Detailed,-11.50909,-7.322856,39.0814,19.24138
1742844933106,27.87747,1618,Eye Hit,Center,1281.851,806.8265,39.30977,Sedan4-Detailed,-11.76629,-6.94787,39.30977,19.16799
1742844933122,27.89676,1619,,Center,1011.308,798.6268,46.28934,,-20.76956,-8.619409,46.28934,25.91021
1742844933155,27.92886,1621,,Center,949.8955,799.7779,47.5803,,-22.96207,-8.796627,47.5803,27.32981
1742844933187,27.96138,1623,,Center,831.1973,800.0758,49.37886,,-27.06603,-9.1122,49.37886,30.04337
1742844933219,27.99341,1625,,Center,800.1769,797.9565,49.65831,,-28.06967,-9.285186,49.65831,30.7687
1742844933251,28.02441,1627,,Center,765.3484,806.9389,49.86047,,-29.14271,-8.806205,49.86047,31.4077
1742844933281,28.05677,1629,,Center,764.0822,809.0603,49.86421,,-29.17975,-8.684751,49.86421,31.40628
1742844933310,28.08567,1631,,Center,843.8469,815.5816,49.21838,,-26.63432,-8.202015,49.21838,29.51958
1742844933340,28.11627,1633,,Center,806.9719,815.645,49.5849,,-27.84215,-8.259501,49.5849,30.35712
1742844933371,28.14688,1635,,Center,710.7681,785.9438,49.9695,,-30.71222,-10.03608,49.96951,32.88683
1742844933401,28.17684,1637,,Center,798.2117,795.4501,49.67636,,-28.13378,-9.432208,49.67636,30.85083
1742844933432,28.20802,1639,,Center,756.455,792.8116,49.90819,,-29.41566,-9.628147,49.90819,31.80572
1742844933463,28.2386,1641,,Center,718.4155,783.9229,49.96969,,-30.50135,-10.15259,49.96969,32.75411
1742844933495,28.27042,1643,,Center,677.42,766.6335,49.85221,,-31.55797,-11.12332,49.85221,33.86961
1742844933527,28.30301,1645,,Center,646.0825,765.2523,49.67359,,-32.30434,-11.16267,49.67359,34.53044
1742844933558,28.3349,1647,,Center,676.2803,765.6001,49.8473,,-31.58624,-11.18155,49.8473,33.90869
1742844933596,28.37055,1649,,Center,665.6938,765.3264,49.79644,,-31.84506,-11.18591,49.79644,34.12981
1742844933627,28.40189,1651,,Center,618.5121,768.654,49.45357,,-32.91402,-10.9191,49.45357,35.03899
1742844933643,28.41864,1652,Eye Hit,Center,593.1194,769.5667,49.18492,Sedan2-Detailed,-33.42476,-10.80801,49.18492,35.53509
1742844933679,28.45533,1654,,Center,622.9175,774.7872,49.50879,,-32.83035,-10.58076,49.50879,34.8653
1742844933710,28.48506,1656,Eye Hit,Center,606.5255,772.6626,49.34312,Sedan2-Detailed,-33.16706,-10.6664,49.34312,35.225
1742844933726,28.50185,1657,Eye Hit,Center,608.4164,773.0425,49.36346,Sedan2-Detailed,-33.1292,-10.64913,49.36346,35.18185
1742844933760,28.53423,1659,Eye Hit,Center,612.923,773.8251,49.41206,Sedan2-Detailed,-33.03886,-10.61514,49.41206,35.08051
1742844933792,28.56699,1661,Eye Hit,Center,600.527,772.4896,49.27845,Sedan2-Detailed,-33.28679,-10.66219,49.27845,35.34771
1742844933825,28.59898,1663,Eye Hit,Center,600.5154,773.1855,49.28003,Sedan2-Detailed,-33.28817,-10.62305,49.28003,35.33864
1742844933843,28.61644,1664,Eye Hit,Center,606.5997,777.9199,49.35434,Sedan2-Detailed,-33.17257,-10.36947,49.35434,35.15335
1742844933859,28.63476,1665,Eye Hit,Center,607.0298,778.239,49.35923,Sedan2-Detailed,-33.16415,-10.35224,49.35923,35.14045
1742844933891,28.66764,1667,Eye Hit,Center,606.4475,777.6454,49.35267,Sedan2-Detailed,-33.17559,-10.38475,49.35267,35.16004
1742844933923,28.69829,1669,Eye Hit,Center,601.4059,778.3386,49.29919,Sedan2-Detailed,-33.27689,-10.334,49.2992,35.25257
1742844933957,28.73191,1671,Eye Hit,Center,587.5964,777.9221,49.13711,Sedan2-Detailed,-33.5421,-10.32364,49.13712,35.53532
1742844933990,28.76416,1673,,Center,551.5196,779.1792,48.64278,,-34.17354,-10.14927,48.64278,36.23656
1742844934025,28.79957,1675,,Center,526.2683,778.991,48.23648,,-34.56059,-10.07498,48.23648,36.73419
1742844934042,28.8163,1676,,Center,518.895,779.1093,48.10949,,-34.66543,-10.04185,48.10949,36.87636
1742844934059,28.83334,1677,,Center,499.2531,777.9634,47.75171,,-34.92548,-10.03038,47.75171,37.26978
1742844934095,28.8668,1679,,Center,423.1167,774.3594,46.15366,,-35.69674,-9.886618,46.15366,38.74874
1742844934111,28.88595,1680,Eye Hit,Center,391.7506,773.3583,45.41679,Sedan2-Detailed,-35.91332,-9.781269,45.41679,39.33646
1742844934129,28.90295,1681,Eye Hit,Center,337.5375,771.1642,44.06583,Sedan2-Detailed,-36.16399,-9.601766,44.06583,40.33508
1742844934151,28.91972,1682,,Center,273.1819,771.6573,42.38312,,-36.28894,-9.211013,42.38313,41.45619
1742844934167,28.94142,1683,,Center,187.1583,770.252,40.07705,,-36.21787,-8.774817,40.07705,42.91825
1742844934205,28.97659,1685,,Center,93.78221,776.6489,37.60826,,-35.92563,-7.956678,37.60826,44.37468
1742844934223,28.99587,1686,Eye Hit,Center,394.3766,752.24,45.43061,Sedan4-Detailed,-35.85839,-10.89131,45.43061,39.51938
1742844934241,29.01323,1687,Eye Hit,Center,559.9993,757.5394,48.71633,Sedan4-Detailed,-33.99714,-11.38112,48.71633,36.35029
1742844934261,29.03123,1688,Eye Hit,Center,427.1417,755.7345,46.19855,Sedan4-Detailed,-35.62879,-10.88913,46.19855,38.88356
1742844934279,29.0516,1689,Eye Hit,Center,543.7461,775.0174,48.5087,SouthSidewalk,-34.28753,-10.35427,48.50871,36.44064
1742844934295,29.07,1690,Eye Hit,Center,479.4977,773.0728,47.35275,SouthSidewalk,-35.15015,-10.21374,47.35275,37.70428
1742844934328,29.10255,1692,Eye Hit,Center,501.9521,767.232,47.77534,SouthSidewalk,-34.87156,-10.62693,47.77534,37.34536
1742844934361,29.13657,1694,Eye Hit,Center,407.8291,766.3962,45.7791,SouthSidewalk,-35.79343,-10.22707,45.7791,39.1167
1742844934394,29.1685,1696,Eye Hit,Center,446.3775,767.3353,46.65383,SouthSidewalk,-35.48445,-10.37194,46.65383,38.39385
1742844934411,29.18547,1697,Eye Hit,Center,548.8023,775.1238,48.59171,Jeep4-Detailed,-34.21056,-10.36605,48.59171,36.34013
1742844934444,29.21866,1699,Eye Hit,Center,557.8721,776.3665,48.73072,Jeep4-Detailed,-34.06441,-10.32581,48.73072,36.14602
1742844934477,29.25043,1701,Eye Hit,Center,641.8885,791.3149,49.68339,Jeep4-Detailed,-32.42576,-9.670633,49.68339,34.25701
1742844934491,29.26749,1702,Eye Hit,Center,615.7279,790.003,49.45602,Jeep4-Detailed,-32.99168,-9.70128,49.45602,34.8122
1742844934523,29.29844,1704,Eye Hit,Center,595.2972,794.829,49.23817,Jeep4-Detailed,-33.40176,-9.384313,49.23817,35.16991
1742844934556,29.32971,1706,Eye Hit,Center,638.6771,803.9144,49.65549,Jeep4-Detailed,-32.49559,-8.943331,49.65549,34.16682
1742844934588,29.36314,1708,,Center,665.9925,807.6485,49.82959,,-31.85805,-8.75988,49.82959,33.54711
1742844934620,29.39513,1710,,Center,673.5289,807.1597,49.86754,,-31.67481,-8.79471,49.86754,33.3932
1742844934638,29.41185,1711,,Center,647.2964,804.0031,49.72147,,-32.30215,-8.950086,49.72147,33.98542
1742844934654,29.42929,1712,,Center,682.6104,807.3241,49.90517,,-31.44849,-8.791825,49.90517,33.19782
1742844934687,29.46166,1714,,Center,801.6523,817.4093,49.63321,,-28.01505,-8.16645,49.63321,30.45273
1742844934724,29.4983,1716,,Center,804.3055,820.1305,49.6063,,-27.9272,-8.006275,49.6063,30.35559
1742844934762,29.53214,1718,,Center,804.7692,816.6243,49.61257,,-27.91803,-8.207902,49.61257,30.39319
1742844934779,29.55247,1719,,Center,821.6616,812.5239,49.47085,,-27.3769,-8.418661,49.47085,30.06949
1742844934796,29.57079,1720,,Center,813.3588,811.765,49.55006,,-27.64787,-8.475425,49.55006,30.26813
1742844934828,29.60239,1722,,Center,896.5361,812.517,48.51468,,-24.84224,-8.256307,48.51468,28.3511
1742844934862,29.63655,1724,,Center,902.3211,813.9663,48.42052,,-24.63937,-8.159194,48.42052,28.19294
1742844934878,29.65325,1725,,Center,896.6971,814.3775,48.50756,,-24.83427,-8.150925,48.50756,28.31745
1742844934908,29.68283,1727,,Center,889.6706,813.0505,48.61755,,-25.07919,-8.243765,48.61755,28.50198
1742844934939,29.71357,1729,,Center,898.7178,812.3065,48.47672,,-24.7644,-8.261495,48.47672,28.30372
1742844934970,29.74404,1731,,Center,902.1983,810.8135,48.4241,,-24.64447,-8.336031,48.4241,28.24717
1742844935000,29.7743,1733,,Center,909.0848,808.9669,48.31265,,-24.40407,-8.419864,48.31265,28.1177
1742844935030,29.80557,1735,,Center,921.5184,806.4191,48.1022,,-23.96756,-8.524476,48.1022,27.87168
1742844935061,29.83593,1737,,Center,923.0721,803.3608,48.07645,,-23.91349,-8.689549,48.07645,27.88898
1742844935090,29.8663,1739,,Center,928.7432,798.4348,47.97757,,-23.71408,-8.944384,47.97757,27.84586
1742844935121,29.895,1741,,Center,935.4203,798.2482,47.85405,,-23.47662,-8.931757,47.85405,27.69469
1742844935151,29.92596,1743,,Center,952.0139,800.4144,47.53637,,-22.88527,-8.753698,47.53637,27.26855
1742844935182,29.95726,1745,,Center,986.4365,801.053,46.82895,,-21.65472,-8.588762,46.82896,26.44876
1742844935212,29.98679,1747,,Center,1019.47,802.3323,46.09332,,-20.4739,-8.385804,46.09332,25.64091
1742844935242,30.01802,1749,,Center,1044.802,802.5526,45.49622,,-19.57238,-8.265711,45.49622,25.032
1742844935273,30.04782,1751,,Center,1019.54,796.9989,46.08463,,-20.46826,-8.66796,46.08463,25.74939
1742844935303,30.07824,1753,Eye Hit,Center,832.7844,757.5828,49.27453,SouthSidewalk,-26.96566,-11.50907,49.27453,30.75323
1742844935333,30.10859,1755,Eye Hit,Center,917.1313,750.2073,48.04352,SouthSidewalk,-24.05469,-11.63043,48.04353,29.08008
1742844935363,30.1388,1757,Eye Hit,Center,746.4406,743.5765,49.73797,SouthSidewalk,-29.59032,-12.42104,49.73796,32.83064
1742844935393,30.16905,1759,,Center,709.0845,772.1031,49.85401,,-30.68756,-10.80897,49.85401,33.12911
1742844935423,30.199,1761,,Center,695.8303,770.0407,49.82408,,-31.03375,-10.92108,49.82408,33.43715
1742844935452,30.22747,1763,,Center,744.3877,755.5187,49.78746,,-29.6762,-11.74739,49.78746,32.66231
1742844935482,30.25658,1765,,Center,791.2117,762.8068,49.59983,,-28.28212,-11.28591,49.59983,31.54697
1742844935511,30.28557,1767,,Center,777.4609,763.1052,49.69032,,-28.71096,-11.28945,49.69032,31.83454
1742844935539,30.31484,1769,Eye Hit,Center,681.2493,726.9504,49.61678,SouthSidewalk,-31.30404,-13.34263,49.61678,34.44371
1742844935569,30.34474,1771,Eye Hit,Center,709.7729,722.4019,49.62323,SouthSidewalk,-30.52665,-13.60484,49.62323,33.96013
1742844935597,30.37256,1773,Eye Hit,Center,686.8198,723.2317,49.5851,SouthSidewalk,-31.13156,-13.5469,49.58509,34.39976
1742844935625,30.40112,1775,Eye Hit,Center,708.2578,727.3503,49.66261,SouthSidewalk,-30.59241,-13.33221,49.66261,33.89953
1742844935654,30.42907,1777,Eye Hit,Center,754.5013,731.4382,49.62523,SouthSidewalk,-29.30239,-13.08801,49.62523,32.89062
1742844935683,30.45789,1779,Eye Hit,Center,743.4244,732.3985,49.66435,SouthSidewalk,-29.62922,-13.04339,49.66434,33.09787
1742844935712,30.48762,1781,Eye Hit,Center,674.5562,658.7234,48.92639,SouthSidewalk,-31.04927,-17.00884,48.92639,35.88923
1742844935742,30.51789,1783,Eye Hit,Center,654.9167,654.4567,48.7768,SouthSidewalk,-31.48323,-17.19704,48.7768,36.33334
1742844935770,30.54595,1785,Eye Hit,Center,668.9949,658.9736,48.91159,SouthSidewalk,-31.19005,-16.98969,48.91159,35.98529
1742844935800,30.57538,1787,Eye Hit,Center,672.5965,664.5086,48.95576,SouthSidewalk,-31.12089,-16.69224,48.95576,35.80528
1742844935829,30.6047,1789,Eye Hit,Center,679.3832,672.0657,49.0742,SouthSidewalk,-31.01229,-16.30466,49.0742,35.52544
1742844935858,30.6342,1791,Eye Hit,Center,680.5776,681.7286,49.18785,SouthSidewalk,-31.05168,-15.79415,49.18785,35.30831
1742844935887,30.6624,1793,Eye Hit,Center,684.5651,687.3505,49.26553,SouthSidewalk,-30.99225,-15.49942,49.26553,35.12139
1742844935918,30.69323,1795,Eye Hit,Center,694.7889,697.1254,49.39343,SouthSidewalk,-30.7939,-14.98249,49.39342,34.7342
1742844935944,30.71976,1797,Eye Hit,Center,704.8664,700.5805,49.44954,SouthSidewalk,-30.55375,-14.80239,49.44954,34.47234
1742844935973,30.74777,1799,Eye Hit,Center,659.1173,694.4688,49.23506,SouthSidewalk,-31.66483,-15.08546,49.23506,35.46577
1742844936002,30.7764,1801,Eye Hit,Center,669.6688,705.4297,49.32532,SouthSidewalk,-31.43554,-14.48918,49.32532,35.05923
1742844936030,30.80651,1803,Eye Hit,Center,668.4411,724.3593,49.47028,SouthSidewalk,-31.56145,-13.45118,49.47028,34.74183
1742844936060,30.83588,1805,Eye Hit,Center,679.1301,744.9226,49.64574,SouthSidewalk,-31.38041,-12.32092,49.64574,34.17894
1742844936088,30.86374,1807,Eye Hit,Center,686.9863,745.7115,49.69251,SouthSidewalk,-31.19444,-12.28722,49.69251,34.00722
1742844936117,30.89268,1809,Eye Hit,Center,697.4241,741.0587,49.71193,SouthSidewalk,-30.92014,-12.55904,49.71193,33.87489
1742844936145,30.92165,1811,Eye Hit,Center,703.5361,759.985,49.80988,SouthSidewalk,-30.81299,-11.49597,49.80988,33.43533
1742844936174,30.95014,1813,Eye Hit,Center,710.495,755.0037,49.81227,SouthSidewalk,-30.62309,-11.78288,49.81227,33.37321
1742844936202,30.97857,1815,Eye Hit,Center,712.1473,755.006,49.82025,SouthSidewalk,-30.58255,-11.78459,49.82025,33.33913
1742844936230,31.00738,1817,Eye Hit,Center,714.9844,755.111,49.79017,SouthSidewalk,-30.48609,-11.77139,49.79017,33.27889
1742844936260,31.03667,1819,Eye Hit,Center,720.8612,756.1171,49.80087,SouthSidewalk,-30.33105,-11.71618,49.80087,33.14073
1742844936287,31.06349,1821,Eye Hit,Center,720.1908,756.9055,49.80822,SouthSidewalk,-30.35397,-11.6725,49.80822,33.14144
1742844936315,31.09171,1823,Eye Hit,Center,695.1622,742.3401,49.72225,RoadCrosswalk,-30.98866,-12.48805,49.72226,33.89868
1742844936343,31.11864,1825,Eye Hit,Center,693.2572,735.0865,49.68279,RoadCrosswalk,-31.01632,-12.89395,49.68279,34.06195
1742844936371,31.14701,1827,Eye Hit,Center,691.764,730.7734,49.65786,RoadCrosswalk,-31.04169,-13.13469,49.65786,34.16742
1742844936399,31.17518,1829,Eye Hit,Center,694.4503,732.594,49.6386,RoadCrosswalk,-30.95604,-13.02527,49.6386,34.08168
1742844936427,31.20349,1831,Eye Hit,Center,702.8289,734.7416,49.67237,RoadCrosswalk,-30.74732,-12.91115,49.67237,33.87588
1742844936456,31.23244,1833,Eye Hit,Center,710.3047,734.5645,49.68735,RoadCrosswalk,-30.55152,-12.92509,49.68736,33.7285
1742844936484,31.25924,1835,Eye Hit,Center,716.978,726.559,49.65081,SouthSidewalk,-30.3461,-13.37431,49.65081,33.73962
1742844936511,31.28753,1837,Eye Hit,Center,720.1019,717.2814,49.59613,SouthSidewalk,-30.22715,-13.89046,49.59613,33.85124
1742844936540,31.31602,1839,Eye Hit,Center,734.9735,693.3076,49.39445,RoadCrosswalk,-29.69867,-15.20043,49.39445,34.03637
1742844936567,31.34521,1841,Eye Hit,Center,747.3804,690.3735,49.30944,SouthSidewalk,-29.3098,-15.34131,49.30944,33.85791
1742844936596,31.3735,1843,Eye Hit,Center,746.6884,690.9963,49.3287,SouthSidewalk,-29.34009,-15.31174,49.3287,33.8581
1742844936625,31.4003,1845,Eye Hit,Center,741.3126,686.1335,49.30589,SouthSidewalk,-29.47286,-15.58134,49.30589,34.06452
1742844936651,31.42698,1847,Eye Hit,Center,741.6283,668.1153,49.12492,SouthSidewalk,-29.35613,-16.54546,49.12492,34.44852
1742844936679,31.45533,1849,Eye Hit,Center,748.7647,665.338,49.08536,SouthSidewalk,-29.13909,-16.68942,49.08537,34.37667
1742844936707,31.48327,1851,Eye Hit,Center,758.3831,647.7415,48.84415,SouthSidewalk,-28.73652,-17.59922,48.84415,34.60172
1742844936735,31.51141,1853,Eye Hit,Center,760.2761,636.0258,48.68239,SouthSidewalk,-28.59047,-18.19908,48.68239,34.84456
1742844936763,31.53957,1855,Eye Hit,Center,760.0881,626.9696,48.52074,SouthSidewalk,-28.50056,-18.64563,48.52074,35.06598
1742844936791,31.56715,1857,Eye Hit,Center,766.5715,614.9448,48.31355,SouthSidewalk,-28.20593,-19.23649,48.31355,35.24723
1742844936819,31.59544,1859,Eye Hit,Center,771.6106,606.8694,48.16342,RoadCrosswalk,-27.98429,-19.62538,48.16342,35.36212
1742844936846,31.62148,1861,Eye Hit,Center,774.591,594.5612,47.9458,RoadCrosswalk,-27.77895,-20.21782,47.9458,35.62493
1742844936874,31.65094,1863,Eye Hit,Center,772.7642,591.9871,47.91241,SouthSidewalk,-27.80793,-20.34594,47.91241,35.72188
1742844936901,31.67714,1865,Eye Hit,Center,775.1064,589.2457,47.81834,SouthSidewalk,-27.69149,-20.45721,47.81834,35.75327
1742844936929,31.70612,1867,Eye Hit,Center,781.3321,579.4255,47.61731,SouthSidewalk,-27.41141,-20.91088,47.61731,35.90602
1742844936957,31.73222,1869,Eye Hit,Center,781.5397,572.2999,47.49112,SouthSidewalk,-27.33332,-21.24587,47.49112,36.09071
1742844936985,31.76111,1871,Eye Hit,Center,777.9545,574.5709,47.55751,SouthSidewalk,-27.46567,-21.15094,47.55751,36.08928
1742844937013,31.78827,1873,Eye Hit,Center,774.2413,587.7183,47.81868,SouthSidewalk,-27.71453,-20.54164,47.81868,35.80728
1742844937040,31.81631,1875,Eye Hit,Center,763.155,584.5883,47.81758,SouthSidewalk,-28.00657,-20.7139,47.81758,36.07276
1742844937068,31.84447,1877,Eye Hit,Center,764.2117,572.9293,47.6098,SouthSidewalk,-27.8571,-21.26446,47.6098,36.35682
1742844937096,31.87267,1879,Eye Hit,Center,761.6274,561.1761,47.36346,SouthSidewalk,-27.78054,-21.79674,47.36346,36.70561
1742844937125,31.9007,1881,Eye Hit,Center,761.8195,555.4991,47.26201,SouthSidewalk,-27.71602,-22.05961,47.262,36.85183
1742844937153,31.92867,1883,Eye Hit,Center,760.6509,578.2098,47.70666,SouthSidewalk,-28.00756,-21.01708,47.70666,36.27837
1742844937180,31.95672,1885,Eye Hit,Center,760.052,577.6599,47.70952,SouthSidewalk,-28.02502,-21.04856,47.70952,36.30236
1742844937209,31.98432,1887,Eye Hit,Center,759.501,591.4858,47.96796,SouthSidewalk,-28.19142,-20.39734,47.96796,35.95768
1742844937237,32.01214,1889,Eye Hit,Center,749.8903,582.5835,47.84922,SouthSidewalk,-28.37553,-20.83841,47.84922,36.34392
1742844937264,32.04,1891,Eye Hit,Center,745.5965,584.639,47.86841,SouthSidewalk,-28.50039,-20.73318,47.8684,36.36301
1742844937292,32.06801,1893,Eye Hit,Center,743.2675,571.2762,47.63526,SouthSidewalk,-28.42283,-21.36669,47.63526,36.74024
1742844937321,32.09657,1895,Eye Hit,Center,735.6697,571.0054,47.64663,SouthSidewalk,-28.62948,-21.38669,47.64663,36.87043
1742844937350,32.12633,1897,Eye Hit,Center,728.7115,569.5293,47.62876,SouthSidewalk,-28.80171,-21.4597,47.62876,37.02034
1742844937377,32.1536,1899,Eye Hit,Center,725.0506,568.6454,47.61631,SouthSidewalk,-28.89042,-21.50277,47.61631,37.10176
1742844937406,32.18249,1901,Eye Hit,Center,716.1403,561.1472,47.47612,SouthSidewalk,-29.03892,-21.85022,47.47612,37.43279
1742844937435,32.21066,1903,Eye Hit,Center,708.3253,563.2336,47.4774,SouthSidewalk,-29.24455,-21.73652,47.4774,37.50547
1742844937463,32.23971,1905,Eye Hit,Center,698.14,564.3947,47.48722,SouthSidewalk,-29.51764,-21.67726,47.48722,37.63953
1742844937491,32.26704,1907,Eye Hit,Center,699.0461,574.3,47.66014,SouthSidewalk,-29.60128,-21.21149,47.66014,37.383
1742844937519,32.2953,1909,Eye Hit,Center,714.1612,597.9973,48.10144,SouthSidewalk,-29.47395,-20.09262,48.10144,36.55993
1742844937549,32.32372,1911,Eye Hit,Center,719.8957,612.793,48.35152,SouthSidewalk,-29.47411,-19.37168,48.35152,36.10901
1742844937576,32.35241,1913,Eye Hit,Center,711.4766,635.7386,48.70103,SouthSidewalk,-29.91354,-18.22221,48.70103,35.72438
1742844937604,32.37972,1915,Eye Hit,Center,703.6817,642.8159,48.79979,SouthSidewalk,-30.18421,-17.8606,48.79979,35.70496
1742844937633,32.40867,1917,Eye Hit,Center,700.5215,655.1718,48.92115,SouthSidewalk,-30.34464,-17.20763,48.92115,35.49144
1742844937662,32.43761,1919,Eye Hit,Center,705.3552,661.2654,49.01647,SouthSidewalk,-30.27295,-16.89635,49.01648,35.27147
1742844937689,32.46556,1921,Eye Hit,Center,728.2292,653.4456,48.93867,SouthSidewalk,-29.60685,-17.31124,48.93867,35.02293
1742844937718,32.49273,1923,Eye Hit,Center,728.1596,664.7521,49.08917,SouthSidewalk,-29.6998,-16.72404,49.08917,34.77396
1742844937745,32.52088,1925,Eye Hit,Center,725.6241,662.8141,49.08092,SouthSidewalk,-29.76351,-16.83095,49.08092,34.86345
1742844937773,32.54839,1927,Eye Hit,Center,723.249,682.5505,49.31206,SouthSidewalk,-29.96834,-15.78719,49.31207,34.48509
1742844937800,32.57612,1929,Eye Hit,Center,724.1086,685.9233,49.31642,SouthSidewalk,-29.94758,-15.5967,49.31643,34.39836
1742844937827,32.60423,1931,Eye Hit,Center,722.9082,682.4778,49.28986,SouthSidewalk,-29.96413,-15.78423,49.28986,34.49311
1742844937854,32.62979,1933,Eye Hit,Center,723.7675,672.3623,49.18744,SouthSidewalk,-29.87852,-16.32558,49.18744,34.69116
1742844937881,32.65685,1935,Eye Hit,Center,720.2915,670.1201,49.16626,SouthSidewalk,-29.96001,-16.44572,49.16626,34.80433
1742844937909,32.68506,1937,Eye Hit,Center,718.9944,656.6866,49.00898,SouthSidewalk,-29.89927,-17.1527,49.00898,35.12028
1742844937937,32.71305,1939,Eye Hit,Center,720.9461,648.2986,48.90414,SouthSidewalk,-29.78262,-17.58949,48.90414,35.27101
1742844937964,32.74015,1941,Eye Hit,Center,721.1545,642.2377,48.79012,SouthSidewalk,-29.70756,-17.88963,48.79012,35.4038
1742844937992,32.76867,1943,Eye Hit,Center,719.3246,633.0108,48.66312,SouthSidewalk,-29.6794,-18.36118,48.66312,35.64705
1742844938021,32.79691,1945,Eye Hit,Center,717.5396,689.0733,49.34144,SouthSidewalk,-30.14173,-15.42524,49.34144,34.45898
1742844938049,32.82384,1947,Eye Hit,Center,711.143,767.2555,49.81723,SouthSidewalk,-30.60831,-11.07978,49.81723,33.16172
1742844938076,32.85153,1949,Eye Hit,Center,710.653,762.5673,49.81042,SouthSidewalk,-30.6176,-11.34771,49.81042,33.24654
1742844938104,32.87917,1951,Eye Hit,Center,711.0314,750.0427,49.77404,SouthSidewalk,-30.58484,-12.05866,49.77404,33.44511
1742844938131,32.90749,1953,Eye Hit,Center,708.9906,737.5424,49.67538,SouthSidewalk,-30.5802,-12.75144,49.67538,33.70232
1742844938159,32.93578,1955,Eye Hit,Center,708.9365,723.1401,49.5982,SouthSidewalk,-30.53416,-13.55578,49.5982,33.96313
1742844938187,32.96254,1957,Eye Hit,Center,705.6979,718.2793,49.56948,SouthSidewalk,-30.60512,-13.8259,49.56948,34.11751
1742844938216,32.99086,1959,Eye Hit,Center,704.4166,695.6739,49.39475,SouthSidewalk,-30.53217,-15.06561,49.39475,34.57773
1742844938243,33.01889,1961,Eye Hit,Center,702.2284,674.6774,49.19043,SouthSidewalk,-30.46531,-16.19504,49.19043,35.04599
1742844938271,33.04712,1963,Eye Hit,Center,704.2241,660.8677,49.04421,SouthSidewalk,-30.3207,-16.92856,49.04421,35.30089
1742844938299,33.07457,1965,Eye Hit,Center,706.6293,653.1572,48.921,SouthSidewalk,-30.17958,-17.32122,48.921,35.42385
1742844938326,33.10262,1967,Eye Hit,Center,709.3633,653.6523,48.9409,SouthSidewalk,-30.11798,-17.30026,48.9409,35.36316
1742844938355,33.13198,1969,Eye Hit,Center,712.9922,650.711,48.91603,SouthSidewalk,-30.00467,-17.45755,48.91603,35.36182
1742844938383,33.15784,1971,Eye Hit,Center,715.4632,630.9642,48.65667,SouthSidewalk,-29.7792,-18.47364,48.65667,35.76251
1742844938410,33.18626,1973,Eye Hit,Center,723.6008,607.4996,48.30086,SouthSidewalk,-29.34442,-19.64638,48.30086,36.17146
1742844938438,33.21445,1975,Eye Hit,Center,708.8575,714.525,49.58322,SouthSidewalk,-30.5271,-14.0446,49.58322,34.12577
1742844938466,33.24169,1977,Eye Hit,Center,722.5151,697.0657,49.41277,SouthSidewalk,-30.04957,-14.99177,49.41277,34.20063
1742844938493,33.27018,1979,,Center,677.6945,822.3223,49.71661,,-31.4646,-7.898337,49.71661,33.12502
1742844938521,33.29785,1981,,Center,676.1744,844.9025,49.62622,,-31.44905,-6.590817,49.62622,32.92247
1742844938549,33.32549,1983,,Center,684.7629,836.1859,49.70437,,-31.2629,-7.101184,49.70437,32.82197
1742844938577,33.35225,1985,,Center,685.1338,835.8052,49.71151,,-31.25721,-7.124005,49.71151,32.81783
1742844938605,33.38084,1987,,Center,701.7242,826.6504,49.79328,,-30.85252,-7.661887,49.79328,32.5555
1742844938633,33.40843,1989,,Center,724.2504,809.9584,49.81368,,-30.24565,-8.624446,49.81367,32.26741
1742844938661,33.4368,1991,,Center,754.0769,785.2294,49.77681,,-29.40357,-10.0384,49.77681,31.97178
1742844938688,33.46647,1993,,Center,776.9473,770.0023,49.66272,,-28.70908,-10.88799,49.66272,31.72677
1742844938717,33.49228,1995,,Center,776.4697,769.1552,49.67499,,-28.72928,-10.93919,49.67499,31.75137
1742844938744,33.52178,1997,,Center,663.0034,833.6648,49.63348,,-31.81458,-7.235527,49.63348,33.31925
1742844938772,33.54812,1999,,Center,648.9919,836.5134,49.54488,,-32.14105,-7.059683,49.54488,33.59174
1742844938800,33.57603,2001,,Center,667.248,855.4293,49.52613,,-31.6297,-5.975968,49.52613,33.02168
1742844938828,33.6047,2003,,Center,671.4847,865.0278,49.48912,,-31.4903,-5.42347,49.48912,32.84935
1742844938855,33.63106,2005,,Center,669.1295,865.6925,49.4768,,-31.5468,-5.384179,49.4768,32.89591
1742844938885,33.65956,2007,,Center,667.2358,883.5737,49.3285,,-31.50381,-4.350212,49.3285,32.81042
1742844938911,33.68778,2009,,Center,695.9467,830.7952,49.76394,,-30.99309,-7.41932,49.76394,32.63545
1742844938939,33.71547,2011,,Center,757.0896,774.1321,49.78458,,-29.32536,-10.67751,49.78458,32.0826
1742844938968,33.74328,2013,,Center,732.4378,804.2355,49.81583,,-30.02177,-8.953776,49.81583,32.16525
1742844938995,33.77205,2015,Eye Hit,Center,777.7442,691.119,49.19189,SouthSidewalk,-28.41528,-15.26234,49.19189,33.25253
1742844939030,33.80094,2017,Eye Hit,Center,796.377,635.6998,48.43015,SouthSidewalk,-27.47704,-18.12308,48.43015,34.20199
1742844939044,33.82031,2018,Eye Hit,Center,808.8089,612.0039,48.01115,SouthSidewalk,-26.9098,-19.27891,48.01115,34.58577
1742844939072,33.84742,2020,Eye Hit,Center,786.6389,633.6999,48.492,SouthSidewalk,-27.77285,-18.25814,48.492,34.42712
1742844939100,33.87497,2022,Eye Hit,Center,763.3743,661.9993,48.94287,SouthSidewalk,-28.65973,-16.82954,48.94287,34.17932
1742844939129,33.904,2024,Eye Hit,Center,737.8492,684.17,49.26835,SouthSidewalk,-29.54463,-15.68111,49.26835,34.17252
1742844939157,33.93182,2026,Eye Hit,Center,743.3561,666.8989,49.07726,SouthSidewalk,-29.28084,-16.59831,49.07726,34.44309
1742844939184,33.95864,2028,Eye Hit,Center,767.0405,646.1971,48.75167,SouthSidewalk,-28.44908,-17.65275,48.75167,34.47987
1742844939213,33.98827,2030,Eye Hit,Center,779.2847,632.4124,48.51283,SouthSidewalk,-27.98175,-18.33797,48.51283,34.59086
1742844939241,34.01611,2032,Eye Hit,Center,768.0764,644.732,48.74726,SouthSidewalk,-28.41862,-17.73353,48.74726,34.49573
1742844939269,34.0445,2034,Eye Hit,Center,749.6506,639.4184,48.74821,SouthSidewalk,-28.91509,-18.03289,48.74821,34.95543
1742844939297,34.07306,2036,Eye Hit,Center,742.8625,640.4185,48.74636,SouthSidewalk,-29.09669,-17.97588,48.74636,35.05441
1742844939325,34.10182,2038,Eye Hit,Center,733.0614,625.745,48.56134,SouthSidewalk,-29.24903,-18.72994,48.56134,35.57312
1742844939354,34.12985,2040,Eye Hit,Center,723.7867,614.199,48.40067,SouthSidewalk,-29.40009,-19.31272,48.40067,36.00836
1742844939380,34.15635,2042,Eye Hit,Center,720.452,603.6025,48.24134,SouthSidewalk,-29.39212,-19.83914,48.24134,36.31874
1742844939409,34.18436,2044,Eye Hit,Center,715.7048,591.3624,48.0414,SouthSidewalk,-29.39623,-20.43535,48.0414,36.69423
1742844939437,34.2122,2046,Eye Hit,Center,724.4046,572.6052,47.71271,SouthSidewalk,-28.96592,-21.32825,47.71271,37.013
1742844939465,34.24109,2048,Eye Hit,Center,730.2429,573.6567,47.70547,SouthSidewalk,-28.80776,-21.26715,47.70547,36.89174
1742844939493,34.26924,2050,Eye Hit,Center,732.2187,582.431,47.87215,SouthSidewalk,-28.8562,-20.85679,47.87215,36.63977
1742844939521,34.29671,2052,Eye Hit,Center,730.2052,576.0524,47.76485,SouthSidewalk,-28.84461,-21.16153,47.76485,36.83223
1742844939549,34.32454,2054,Eye Hit,Center,729.3112,567.0947,47.60174,SouthSidewalk,-28.76961,-21.58136,47.60175,37.07211
1742844939577,34.35181,2056,Eye Hit,Center,735.7527,566.5919,47.58874,SouthSidewalk,-28.59251,-21.60305,47.58874,36.98109
1742844939605,34.3802,2058,Eye Hit,Center,741.4973,567.196,47.59446,SouthSidewalk,-28.44499,-21.57242,47.59446,36.87307
1742844939632,34.40836,2060,Eye Hit,Center,742.6118,566.8085,47.55968,SouthSidewalk,-28.39494,-21.57789,47.55968,36.865
1742844939660,34.43602,2062,Eye Hit,Center,742.0289,560.7109,47.44666,SouthSidewalk,-28.34273,-21.86055,47.44666,37.03091
1742844939688,34.46376,2064,Eye Hit,Center,742.3143,554.7458,47.3321,SouthSidewalk,-28.26684,-22.13349,47.3321,37.18027
1742844939717,34.49151,2066,Eye Hit,Center,738.5739,550.2203,47.25135,SouthSidewalk,-28.31619,-22.34249,47.25135,37.35629
1742844939743,34.5192,2068,Eye Hit,Center,740.851,544.2036,47.12901,SouthSidewalk,-28.18363,-22.61185,47.12901,37.47696
1742844939771,34.5477,2070,Eye Hit,Center,740.6763,542.887,47.10697,SouthSidewalk,-28.175,-22.67279,47.10697,37.51397
1742844939799,34.57661,2072,Eye Hit,Center,741.433,539.2187,47.00428,SouthSidewalk,-28.09394,-22.8224,47.00429,37.59814
1742844939827,34.60342,2074,Eye Hit,Center,744.4857,525.8672,46.72453,SouthSidewalk,-27.84798,-23.40648,46.72453,37.90317
1742844939855,34.63138,2076,Eye Hit,Center,749.0343,523.686,46.67458,SouthSidewalk,-27.701,-23.4988,46.67458,37.89258
1742844939884,34.65883,2078,Eye Hit,Center,751.3848,523.7863,46.67833,SouthSidewalk,-27.64265,-23.49534,46.67833,37.85461
1742844939911,34.68735,2080,Eye Hit,Center,751.5812,693.2862,49.3785,SouthSidewalk,-29.23633,-15.19666,49.3785,33.71495
1742844939939,34.7146,2082,Eye Hit,Center,752.0272,762.1015,49.80478,SouthSidewalk,-29.47644,-11.37321,49.80478,32.38967
1742844939967,34.74392,2084,Eye Hit,Center,759.0502,757.4278,49.73736,SouthSidewalk,-29.2437,-11.62591,49.73736,32.32244
1742844939994,34.77043,2086,Eye Hit,Center,760.8237,758.7746,49.74199,SouthSidewalk,-29.19771,-11.54975,49.74199,32.26173
1742844940022,34.79604,2088,Eye Hit,Center,759.5289,749.2015,49.71803,SouthSidewalk,-29.2192,-12.09345,49.71803,32.45826
1742844940050,34.82653,2090,Eye Hit,Center,762.9536,749.3571,49.71136,SouthSidewalk,-29.12129,-12.08291,49.71136,32.38416
1742844940078,34.85298,2092,Eye Hit,Center,764.2057,751.6732,49.72137,SouthSidewalk,-29.09278,-11.95239,49.72137,32.31629
1742844940105,34.88091,2094,Eye Hit,Center,773.0749,749.1227,49.67435,SouthSidewalk,-28.82202,-12.08738,49.67435,32.1772
1742844940134,34.90952,2096,Eye Hit,Center,784.356,750.8376,49.58912,SouthSidewalk,-28.46371,-11.96845,49.58912,31.90924
1742844940162,34.93869,2098,Eye Hit,Center,800.7753,745.6882,49.46044,SouthSidewalk,-27.94147,-12.23136,49.46045,31.66137
1742844940190,34.9652,2100,Eye Hit,Center,826.5045,743.7647,49.23096,SouthSidewalk,-27.11251,-12.28372,49.23096,31.15745
1742844940219,34.9941,2102,Eye Hit,Center,846.3804,741.0094,49.00962,SouthSidewalk,-26.45281,-12.38442,49.00962,30.79371
1742844940245,35.02126,2104,Eye Hit,Center,870.3098,737.859,48.69828,SouthSidewalk,-25.64137,-12.48277,48.69828,30.35386
1742844940272,35.04975,2106,Eye Hit,Center,874.3003,736.4865,48.64256,SouthSidewalk,-25.50487,-12.5455,48.64256,30.29909
1742844940299,35.07473,2108,Eye Hit,Center,907.5785,732.9238,48.09483,SouthSidewalk,-24.33404,-12.60201,48.09483,29.67373
1742844940328,35.10357,2110,Eye Hit,Center,836.6714,769.4163,49.21168,SouthSidewalk,-26.82565,-10.82232,49.21168,30.44684
1742844940355,35.13083,2112,,Center,751.6263,795.0261,49.8444,,-29.51094,-9.488454,49.84439,31.87797
1742844940384,35.15871,2114,,Center,739.5037,792.4439,49.88231,,-29.86724,-9.644465,49.88231,32.17798
1742844940411,35.18663,2116,,Center,758.1456,788.4761,49.83615,,-29.32666,-9.863671,49.83615,31.83426
1742844940439,35.21488,2118,,Center,749.0012,779.1853,49.86481,,-29.59529,-10.40386,49.86481,32.17463
1742844940467,35.24244,2120,,Center,768.6001,770.4666,49.75359,,-28.99092,-10.88116,49.75359,31.89733
1742844940494,35.27095,2122,,Center,679.4337,768.3071,49.79272,,-31.46496,-11.01392,49.79272,33.80286
1742844940522,35.299,2124,,Center,652.9259,780.1121,49.68538,,-32.12428,-10.31336,49.68538,34.17875
1742844940550,35.32722,2126,,Center,653.8124,772.5942,49.68828,,-32.10183,-10.74498,49.68828,34.26639
1742844940577,35.35387,2128,,Center,677.0481,763.506,49.79886,,-31.53444,-11.29112,49.79886,33.92494
1742844940604,35.38111,2130,,Center,704.304,760.1156,49.8736,,-30.83126,-11.50308,49.8736,33.41735
1742844940633,35.41436,2132,,Center,737.4349,756.7726,49.84568,,-29.90224,-11.68906,49.84568,32.7857
1742844940667,35.44439,2134,,Center,753.5229,759.5388,49.81725,,-29.4427,-11.52334,49.81725,32.40197
1742844940696,35.47507,2136,,Center,661.9974,768.2058,49.7442,,-31.91317,-11.00889,49.7442,34.16257
1742844940727,35.50682,2138,Eye Hit,Center,658.6769,765.6666,49.72551,SouthSidewalk,-31.99234,-11.15043,49.72551,34.26805
1742844940761,35.53963,2140,Eye Hit,Center,716.4734,758.3984,49.88412,SouthSidewalk,-30.50261,-11.60445,49.88412,33.19372
1742844940791,35.56936,2142,Eye Hit,Center,747.8206,760.5909,49.85766,SouthSidewalk,-29.62354,-11.4722,49.85766,32.5037
1742844940824,35.60241,2144,,Center,788.7894,763.4207,49.67739,,-28.39278,-11.2685,49.67739,31.5878
1742844940858,35.63815,2146,Eye Hit,Center,814.4351,760.8475,49.47043,SouthSidewalk,-27.57403,-11.36838,49.47043,31.08568
1742844940890,35.6684,2148,Eye Hit,Center,737.7771,769.2406,49.91502,SouthSidewalk,-29.93441,-10.98709,49.91502,32.57154
1742844940926,35.7019,2150,Eye Hit,Center,685.5176,784.2568,49.90228,SouthSidewalk,-31.36658,-10.11967,49.90228,33.44328
1742844940958,35.73546,2152,Eye Hit,Center,680.7413,789.2037,49.89419,SouthSidewalk,-31.49307,-9.833286,49.89419,33.47467
1742844940997,35.77167,2154,Eye Hit,Center,754.5925,780.2023,49.90584,SouthSidewalk,-29.46559,-10.35379,49.90584,32.03888
1742844941013,35.78903,2155,Eye Hit,Center,769.2654,777.0653,49.84538,SouthSidewalk,-29.02609,-10.5217,49.84538,31.7741
1742844941029,35.80675,2156,Eye Hit,Center,795.3371,773.3936,49.68193,SouthSidewalk,-28.21578,-10.69775,49.68193,31.27356
1742844941068,35.84148,2158,Eye Hit,Center,806.4751,770.1938,49.59324,RoadEast,-27.86044,-10.86177,49.59324,31.08841
1742844941084,35.85911,2159,Eye Hit,Center,790.9457,789.4442,49.73537,Car5-Detailed,-28.36671,-9.788135,49.73537,31.10479
1742844941125,35.89159,2161,,Center,790.8652,799.4023,49.73765,,-28.37022,-9.217113,49.73766,30.95303
1742844941143,35.91656,2162,,Center,810.5284,801.8211,49.58271,,-27.74357,-9.049946,49.58271,30.47929
1742844941159,35.93499,2163,,Center,828.9478,800.9978,49.40874,,-27.14377,-9.065125,49.40874,30.07937
1742844941199,35.97233,2165,,Center,876.2417,805.7829,48.82365,,-25.54748,-8.688281,48.82365,28.92908
1742844941217,35.98987,2166,,Center,886.9219,806.7029,48.66689,,-25.1785,-8.608587,48.66689,28.66842
1742844941236,36.00883,2167,,Center,916.6151,812.0047,48.18176,,-24.13763,-8.228135,48.18176,27.89126
1742844941255,36.02716,2168,,Center,940.0649,813.4829,47.75831,,-23.30718,-8.074389,47.75831,27.31542
1742844941271,36.04745,2169,,Center,957.2973,815.7347,47.42375,,-22.69272,-7.894452,47.42375,26.86853
1742844941310,36.08534,2171,Eye Hit,Center,975.8159,814.3099,47.05439,NorthSidewalk,-22.03488,-7.910319,47.05439,26.45245
1742844941328,36.10769,2172,Eye Hit,Center,996.3841,816.505,46.61317,NorthSidewalk,-21.29895,-7.71809,46.61317,25.91998
1742844941366,36.14296,2174,,Center,844.0031,804.1994,49.26421,,-26.65488,-8.856688,49.26421,29.68945
1742844941405,36.17263,2175,,Center,740.4614,803.3873,49.98373,,-29.90154,-9.03276,49.98373,32.00229
1742844941440,36.20168,2176,,Center,661.8516,810.2338,49.83131,,-31.97308,-8.611543,49.83131,33.6037
1742844941475,36.23412,2177,,Center,676.2631,809.4514,49.90396,,-31.62262,-8.669209,49.90396,33.30693
1742844941515,36.26915,2178,,Center,707.762,799.6816,50.00177,,-30.81503,-9.249838,50.00177,32.75904
1742844941544,36.30904,2179,,Center,747.0275,794.3163,49.97423,,-29.71469,-9.554159,49.97424,31.98806
1742844941572,36.33772,2180,,Center,738.4545,790.3328,49.98964,,-29.96045,-9.786877,49.98964,32.23141
1742844941603,36.36345,2181,,Center,710.8443,781.6669,49.99337,,-30.72478,-10.28746,49.99337,32.94775
1742844941634,36.39551,2182,,Center,676.739,778.9495,49.8974,,-31.60534,-10.42418,49.8974,33.70207
1742844941663,36.42645,2183,,Center,660.6502,776.1203,49.80812,,-31.99123,-10.56817,49.80812,34.07553
1742844941691,36.45531,2184,,Center,699.3497,769.8063,49.94606,,-31.01267,-10.96136,49.94606,33.36757
1742844941720,36.48326,2185,,Center,729.1404,765.8276,49.95328,,-30.19555,-11.19237,49.95328,32.80844
1742844941749,36.51262,2186,,Center,763.0875,756.752,49.84172,,-29.19396,-11.68928,49.84172,32.24952
1742844941778,36.54133,2187,,Center,800.5059,740.457,49.55084,,-27.99992,-12.55274,49.55084,31.76837
1742844941806,36.57333,2188,,Center,790.048,727.4553,49.54862,,-28.28476,-13.29557,49.54862,32.24251
1742844941833,36.59829,2189,Eye Hit,Center,704.8073,702.0004,49.57287,Truck1-Detailed,-30.63157,-14.75818,49.57287,34.44576
1742844941860,36.62674,2190,,Center,695.6576,698.3564,49.51974,,-30.84891,-14.95054,49.51974,34.69352
1742844941888,36.65239,2191,,Center,726.9261,704.3362,49.59735,,-30.04103,-14.63171,49.59735,33.96901
1742844941917,36.68002,2192,,Center,759.5212,709.1266,49.56502,,-29.12949,-14.3482,49.56502,33.22998
1742844941945,36.7093,2193,,Center,788.3556,712.1139,49.43811,,-28.26787,-14.14098,49.43811,32.59227
1742844941973,36.73809,2194,,Center,801.0565,710.6081,49.33715,,-27.86417,-14.19792,49.33715,32.369
1742844942001,36.76566,2195,,Center,786.7195,712.8121,49.45293,,-28.321,-14.10541,49.45293,32.6105
1742844942029,36.79426,2196,,Center,690.8771,754.8214,49.85549,,-31.18964,-11.80357,49.85549,33.77864
1742844942058,36.82209,2197,,Center,675.8276,754.5674,49.80222,,-31.57013,-11.80558,49.80222,34.08945
1742844942086,36.85018,2198,,Center,694.8924,751.9965,49.85977,,-31.0818,-11.96702,49.85978,33.74264
1742844942113,36.87965,2199,,Center,705.6829,749.4019,49.86775,,-30.78967,-12.11826,49.86774,33.56535
1742844942141,36.90699,2200,,Center,716.2719,753.6279,49.89659,,-30.51579,-11.88202,49.89659,33.27715
1742844942168,36.93368,2201,Eye Hit,Center,743.8286,860.7704,49.71502,NorthWalkingSignal,-29.64836,-5.692492,49.71502,31.2686
1742844942196,36.95981,2202,Eye Hit,Center,744.8458,861.1167,49.71233,NorthWalkingSignal,-29.61884,-5.672265,49.71233,31.24235
1742844942225,36.98783,2203,Eye Hit,Center,753.486,858.915,49.70573,NorthWalkingSignal,-29.3778,-5.797802,49.70573,31.0662
1742844942252,37.01802,2204,Eye Hit,Center,763.3536,849.4128,49.72929,NorthWalkingSignal,-29.12079,-6.345742,49.72929,30.93546
1742844942281,37.04498,2205,Eye Hit,Center,771.3721,844.6666,49.7191,NorthWalkingSignal,-28.89473,-6.616805,49.7191,30.80351
1742844942308,37.07353,2206,Eye Hit,Center,784.7722,839.6096,49.67153,NorthWalkingSignal,-28.4996,-6.900375,49.67154,30.55503
1742844942336,37.10173,2207,Eye Hit,Center,803.1289,825.8282,49.59664,NorthWalkingSignal,-27.95398,-7.678549,49.59664,30.30642
1742844942364,37.12878,2208,Eye Hit,Center,814.6465,819.382,49.51837,NorthWalkingSignal,-27.59498,-8.034778,49.51838,30.13127
1742844942392,37.15678,2209,,Center,676.3339,886.5762,49.46156,,-31.34034,-4.190622,49.46156,32.58955
1742844942420,37.18569,2210,,Center,598.8796,922.9417,48.4968,,-32.80291,-2.073874,48.4968,34.12721
1742844942449,37.21333,2211,,Center,635.5377,919.9241,48.8737,,-32.06868,-2.260023,48.8737,33.33618
1742844942474,37.2422,2212,Eye Hit,Center,653.0516,925.4587,48.92929,NorthDiagonalPole,-31.63203,-1.950138,48.92929,32.93161
1742844942502,37.26927,2213,Eye Hit,Center,688.5212,916.7472,49.19545,NorthDiagonalPole,-30.84071,-2.455248,49.19545,32.16518
1742844942542,37.29596,2214,Eye Hit,Center,742.7473,899.1912,49.40985,NorthDiagonalPole,-29.49586,-3.466983,49.40985,31.00894
1742844942584,37.3366,2215,Eye Hit,Center,756.6348,889.2917,49.46648,NorthDiagonalPole,-29.15041,-4.035921,49.46648,30.74915
1742844942623,37.37831,2216,Eye Hit,Center,758.3909,881.5132,49.52974,NorthDiagonalPole,-29.13966,-4.485666,49.52974,30.76349
1742844942665,37.41652,2217,,Center,729.8473,868.4386,49.69924,,-30.02258,-5.250833,49.69924,31.51891
1742844942694,37.45774,2218,,Center,678.5927,862.0466,49.66494,,-31.40727,-5.613626,49.66494,32.71689
1742844942720,37.48531,2219,Eye Hit,Center,676.1793,851.347,49.72134,NorthCarSignal,-31.5092,-6.233771,49.72134,32.8624
1742844942753,37.51293,2220,Eye Hit,Center,693.6453,848.6461,49.79628,NorthCarSignal,-31.0765,-6.398369,49.79628,32.50378
1742844942783,37.54447,2221,,Center,676.0296,838.7814,49.78522,,-31.5538,-6.963654,49.78522,32.98557
1742844942811,37.57422,2222,,Center,695.4963,837.7897,49.85378,,-31.06142,-7.030287,49.85378,32.57085
1742844942829,37.60221,2223,,Center,703.4908,839.9502,49.85921,,-30.84475,-6.906857,49.85921,32.37294
1742844942852,37.62078,2224,,Center,723.1624,841.4624,49.86465,,-30.30654,-6.820492,49.86465,31.92197
1742844942870,37.64323,2225,,Center,729.2038,843.7727,49.85,,-30.13137,-6.685574,49.85,31.76333
1742844942887,37.66232,2226,Eye Hit,Center,767.0056,826.929,49.81743,NorthCarSignal,-29.07197,-7.649445,49.81742,31.10818
1742844942905,37.67901,2227,Eye Hit,Center,772.4037,828.4444,49.78659,NorthCarSignal,-28.9056,-7.557728,49.78659,30.96828
1742844942922,37.69664,2228,Eye Hit,Center,788.4218,829.8204,49.68852,NorthCarSignal,-28.40922,-7.463984,49.68852,30.58946
1742844942939,37.71387,2229,Eye Hit,Center,794.2461,833.0671,49.63684,NorthCarSignal,-28.22006,-7.27029,49.63684,30.41698
1742844942971,37.74691,2231,,Center,789.8448,832.5441,49.66897,,-28.35902,-7.304923,49.66897,30.52353
1742844943005,37.77873,2233,,Center,788.305,823.4517,49.71058,,-28.42504,-7.832524,49.71058,30.6731
1742844943023,37.79723,2234,Eye Hit,Center,599.9329,666.9009,48.57496,MicroBus4-Detailed,-32.82753,-16.42842,48.57496,37.07891
1742844943055,37.82943,2236,Eye Hit,Center,594.4868,653.7072,48.35988,MicroBus4-Detailed,-32.82758,-17.09194,48.35988,37.42741
1742844943071,37.84631,2237,Eye Hit,Center,598.5556,658.6461,48.46403,MicroBus4-Detailed,-32.78942,-16.85254,48.46403,37.26034
1742844943106,37.8797,2239,Eye Hit,Center,617.4298,662.4058,48.69787,MicroBus4-Detailed,-32.44017,-16.72244,48.69787,36.84973
1742844943139,37.91238,2241,Eye Hit,Center,625.3037,671.5422,48.87228,MicroBus4-Detailed,-32.34388,-16.26723,48.87228,36.53082
1742844943176,37.95045,2243,Eye Hit,Center,634.0659,684.5906,49.08207,MicroBus4-Detailed,-32.24529,-15.59805,49.08207,36.12174
1742844943192,37.96741,2244,Eye Hit,Center,627.0131,702.0124,49.1834,MicroBus4-Detailed,-32.50338,-14.64149,49.1834,35.93517
1742844943225,37.99951,2246,Eye Hit,Center,621.78,706.1666,49.17106,MicroBus4-Detailed,-32.63729,-14.40204,49.17106,35.96095
1742844943259,38.03381,2248,Eye Hit,Center,629.6989,712.1486,49.2877,MicroBus4-Detailed,-32.49921,-14.09608,49.2877,35.70593
1742844943292,38.06745,2250,Eye Hit,Center,630.9634,718.5008,49.34417,MicroBus4-Detailed,-32.502,-13.75045,49.34417,35.57239
1742844943329,38.10332,2252,Eye Hit,Center,629.5668,722.6746,49.36071,MicroBus4-Detailed,-32.55096,-13.51743,49.36071,35.52878
1742844943362,38.13667,2254,Eye Hit,Center,675.6581,725.5021,49.6736,MicroBus4-Detailed,-31.49324,-13.4411,49.6736,34.57974
1742844943382,38.15355,2255,Eye Hit,Center,676.8234,723.9901,49.66828,MicroBus4-Detailed,-31.4579,-13.52624,49.66828,34.58342
1742844943399,38.173,2256,Eye Hit,Center,673.646,723.764,49.65314,MicroBus4-Detailed,-31.53542,-13.535,49.65314,34.64994
1742844943415,38.19048,2257,Eye Hit,Center,674.6158,724.9357,49.66467,MicroBus4-Detailed,-31.51615,-13.47108,49.66467,34.61022
1742844943452,38.22249,2259,Eye Hit,Center,672.2547,727.5062,49.66986,MicroBus4-Detailed,-31.58419,-13.32507,49.66986,34.61177
1742844943468,38.24298,2260,Eye Hit,Center,669.6616,727.9803,49.6604,MicroBus4-Detailed,-31.64927,-13.29545,49.6604,34.65474
1742844943502,38.27684,2262,Eye Hit,Center,671.4839,727.9911,49.66859,MicroBus4-Detailed,-31.60453,-13.29706,49.66859,34.6186
1742844943521,38.29361,2263,Eye Hit,Center,671.9225,728.9611,49.67614,MicroBus4-Detailed,-31.5973,-13.24338,49.67614,34.59307
1742844943538,38.31154,2264,Eye Hit,Center,669.1367,729.4436,49.66555,MicroBus4-Detailed,-31.66696,-13.21288,49.66555,34.63981
1742844943554,38.32846,2265,Eye Hit,Center,667.5177,729.6533,49.65879,MicroBus4-Detailed,-31.70703,-13.19915,49.65879,34.6682
1742844943591,38.36236,2267,Eye Hit,Center,664.1667,731.7985,49.65332,MicroBus4-Detailed,-31.7954,-13.07477,49.65332,34.69777
1742844943607,38.38204,2268,Eye Hit,Center,662.6349,729.071,49.62922,MicroBus4-Detailed,-31.82195,-13.22462,49.62922,34.77455
1742844943641,38.41602,2270,Eye Hit,Center,660.5357,730.7425,49.62733,MicroBus4-Detailed,-31.87825,-13.12832,49.62733,34.78741
1742844943678,38.45111,2272,Eye Hit,Center,654.063,733.2746,49.6025,MicroBus4-Detailed,-32.03956,-12.97681,49.6025,34.87248
1742844943694,38.46957,2273,Eye Hit,Center,649.2501,733.9019,49.5742,MicroBus4-Detailed,-32.153,-12.93367,49.5742,34.957
1742844943730,38.50202,2275,Eye Hit,Center,643.3306,734.0073,49.53288,MicroBus4-Detailed,-32.28808,-12.91683,49.53288,35.07183
1742844943748,38.52178,2276,Eye Hit,Center,645.4204,732.2606,49.53861,MicroBus4-Detailed,-32.23466,-13.01811,49.53861,35.05957
1742844943764,38.53857,2277,Eye Hit,Center,641.5347,732.6375,49.51206,MicroBus4-Detailed,-32.32361,-12.9896,49.51206,35.12968
1742844943800,38.57189,2279,Eye Hit,Center,638.7977,733.0882,49.49331,MicroBus4-Detailed,-32.38615,-12.959,49.49331,35.17599
1742844943817,38.59089,2280,Eye Hit,Center,641.6768,736.2938,49.5331,MicroBus4-Detailed,-32.33346,-12.78614,49.5331,35.06696
1742844943833,38.60812,2281,Eye Hit,Center,638.0877,736.1801,49.50471,MicroBus4-Detailed,-32.41302,-12.78542,49.50471,35.13952
1742844943873,38.64516,2283,Eye Hit,Center,639.5119,736.9681,49.52077,MicroBus4-Detailed,-32.3846,-12.74442,49.52077,35.09866
1742844943891,38.66343,2284,Eye Hit,Center,634.551,738.1663,49.48755,MicroBus4-Detailed,-32.49843,-12.66753,49.48755,35.17709
1742844943911,38.68215,2285,Eye Hit,Center,632.4103,738.9855,49.47464,MicroBus4-Detailed,-32.54841,-12.61742,49.47464,35.20612
1742844943928,38.7025,2286,Eye Hit,Center,627.0482,739.001,49.42849,MicroBus4-Detailed,-32.66437,-12.60471,49.42849,35.31133
1742844943966,38.73879,2288,Eye Hit,Center,618.5942,739.2855,49.35236,MicroBus4-Detailed,-32.84443,-12.56911,49.35236,35.47275
1742844943986,38.75691,2289,Eye Hit,Center,619.6916,738.3635,49.35883,MicroBus4-Detailed,-32.81884,-12.6233,49.35883,35.46575
1742844944003,38.77716,2290,Eye Hit,Center,610.4986,739.9413,49.27596,MicroBus4-Detailed,-33.01382,-12.51243,49.27596,35.62099
1742844944022,38.79456,2291,Eye Hit,Center,600.8422,741.3071,49.17995,MicroBus4-Detailed,-33.21169,-12.41057,49.17995,35.78853
1742844944042,38.81597,2292,Eye Hit,Center,604.7159,741.5696,49.22401,MicroBus4-Detailed,-33.13617,-12.40666,49.22401,35.70891
1742844944065,38.83669,2293,Eye Hit,Center,580.9906,741.9744,48.94639,MicroBus4-Detailed,-33.59042,-12.31391,48.94639,36.16418
1742844944084,38.8588,2294,Eye Hit,Center,580.2725,741.1218,48.93383,MicroBus4-Detailed,-33.60121,-12.35892,48.93383,36.19075
1742844944106,38.88332,2295,Eye Hit,Center,550.9443,741.6939,48.52624,MicroBus4-Detailed,-34.10707,-12.22395,48.52624,36.74635
1742844944145,38.91176,2296,Eye Hit,Center,513.8004,747.3883,47.93887,MicroBus4-Detailed,-34.67734,-11.76089,47.93887,37.3739
1742844944179,38.94106,2297,Eye Hit,Center,473.3359,749.592,47.1769,MicroBus4-Detailed,-35.18011,-11.45411,47.1769,38.10479
1742844944216,38.97323,2298,Eye Hit,Center,451.2781,745.263,46.70203,MicroBus4-Detailed,-35.39474,-11.57201,46.70203,38.56752
1742844944254,39.01,2299,Eye Hit,Center,428.5793,741.6312,46.19042,MicroBus4-Detailed,-35.58586,-11.63889,46.19042,39.0274
1742844944294,39.04713,2300,Eye Hit,Center,411.808,738.9395,45.79689,MicroBus4-Detailed,-35.70673,-11.68194,45.79689,39.36348
1742844944326,39.08645,2301,Eye Hit,Center,413.6926,745.0608,45.86324,MicroBus4-Detailed,-35.71075,-11.37485,45.86324,39.25505
1742844944367,39.11936,2302,Eye Hit,Center,379.3173,748.5139,45.0579,MicroBus4-Detailed,-35.93883,-10.99567,45.0579,39.83186
1742844944399,39.1608,2303,Eye Hit,Center,383.0171,749.7262,45.1516,MicroBus4-Detailed,-35.92134,-10.95532,45.1516,39.75194
1742844944440,39.19226,2304,Eye Hit,Center,392.333,746.0979,45.36488,MicroBus4-Detailed,-35.85767,-11.19708,45.36488,39.6271
1742844944472,39.23373,2305,Eye Hit,Center,616.5531,748.5293,49.37708,MicroBus4-Detailed,-32.91652,-12.04875,49.37708,35.37063
1742844944514,39.26426,2306,Eye Hit,Center,602.0524,745.9449,49.21552,MicroBus4-Detailed,-33.20283,-12.15615,49.21552,35.69479
1742844944557,39.30737,2307,Eye Hit,Center,568.6013,744.6571,48.7952,MicroBus4-Detailed,-33.82045,-12.12474,48.7952,36.36441
1742844944599,39.34944,2308,Eye Hit,Center,525.0585,754.0637,48.15944,MicroBus4-Detailed,-34.53754,-11.44409,48.15944,37.07085
1742844944641,39.39256,2309,Eye Hit,Center,465.604,758.2317,47.04646,MicroBus4-Detailed,-35.28367,-10.95331,47.04646,38.1419
1742844944685,39.43562,2310,Eye Hit,Center,441.4451,756.9084,46.52757,MicroBus4-Detailed,-35.51511,-10.90368,46.52757,38.60659
1742844944726,39.47757,2311,Eye Hit,Center,577.3806,752.8385,48.9452,MicroBus4-Detailed,-33.68717,-11.70008,48.94521,36.07682
1742844944768,39.51909,2312,Eye Hit,Center,631.1455,749.5685,49.51371,MicroBus4-Detailed,-32.6087,-12.02278,49.51371,35.06564
1742844944809,39.56025,2313,Eye Hit,Center,586.6503,744.0801,49.02858,MicroBus4-Detailed,-33.49362,-12.21545,49.02858,36.02317
1742844944851,39.60294,2314,Eye Hit,Center,545.8272,745.1955,48.46496,MicroBus4-Detailed,-34.20092,-12.01272,48.46496,36.79456
1742844944891,39.64471,2315,Eye Hit,Center,506.0347,751.0135,47.81316,MicroBus4-Detailed,-34.7914,-11.53016,47.81316,37.47276
1742844944933,39.68544,2316,Eye Hit,Center,505.614,758.9967,47.83028,MicroBus4-Detailed,-34.81497,-11.09365,47.83028,37.37785
1742844944975,39.72655,2317,Eye Hit,Center,692.1604,762.8504,49.89888,MicroBus4-Detailed,-31.18143,-11.35148,49.89888,33.62442
1742844945018,39.76944,2318,Eye Hit,Center,698.677,765.36,49.92077,MicroBus4-Detailed,-31.01551,-11.21193,49.92076,33.45049
1742844945059,39.81152,2319,Eye Hit,Center,674.764,764.4739,49.84156,MicroBus4-Detailed,-31.62434,-11.2451,49.84156,33.95697
1742844945101,39.85251,2320,Eye Hit,Center,657.0054,761.7751,49.74252,MicroBus4-Detailed,-32.04919,-11.37759,49.74252,34.36032
1742844945142,39.89383,2321,Eye Hit,Center,642.1606,765.8873,49.65347,MicroBus4-Detailed,-32.39877,-11.12177,49.65347,34.60072
1742844945184,39.93675,2322,Eye Hit,Center,631.9808,763.1664,49.56539,MicroBus4-Detailed,-32.61986,-11.25766,49.56538,34.84596
1742844945225,39.97775,2323,Eye Hit,Center,620.9616,761.2553,49.46166,MicroBus4-Detailed,-32.85252,-11.34315,49.46166,35.09489
1742844945267,40.01808,2324,Eye Hit,Center,620.4599,761.6667,49.45849,MicroBus4-Detailed,-32.8641,-11.31885,49.45848,35.09897
1742844945309,40.06022,2325,Eye Hit,Center,614.2146,764.1495,49.40416,MicroBus4-Detailed,-32.99836,-11.16488,49.40416,35.18854
1742844945352,40.10257,2326,Eye Hit,Center,608.9494,759.0845,49.33494,MicroBus4-Detailed,-33.09553,-11.43756,49.33494,35.36576
1742844945394,40.14527,2327,Eye Hit,Center,602.5603,761.5158,49.27324,MicroBus4-Detailed,-33.22796,-11.28509,49.27324,35.45819
1742844945436,40.18813,2328,Eye Hit,Center,589.7791,767.8743,49.14223,MicroBus4-Detailed,-33.48638,-10.89461,49.14223,35.62442
1742844945477,40.22858,2329,Eye Hit,Center,571.553,770.6077,48.91402,MicroBus4-Detailed,-33.82308,-10.6897,48.91402,35.94936
1742844945506,40.27055,2330,Eye Hit,Center,562.4862,773.3295,48.79314,MicroBus4-Detailed,-33.98375,-10.50991,48.79314,36.09327
1742844945547,40.29873,2331,Eye Hit,Center,553.1661,773.9359,48.65716,MicroBus4-Detailed,-34.13942,-10.44666,48.65716,36.26921
1742844945589,40.34067,2332,Eye Hit,Center,583.8214,768.2965,49.06998,MicroBus4-Detailed,-33.59854,-10.85463,49.06998,35.737
1742844945618,40.38169,2333,Eye Hit,Center,662.3482,753.5784,49.74627,MicroBus4-Detailed,-31.90487,-11.84906,49.74628,34.37815
1742844945645,40.41069,2334,Eye Hit,Center,651.374,753.2307,49.67794,MicroBus4-Detailed,-32.16204,-11.8527,49.67794,34.60474
1742844945673,40.43827,2335,Eye Hit,Center,645.1281,758.7092,49.65446,MicroBus4-Detailed,-32.31806,-11.53322,49.65446,34.64688
1742844945715,40.46648,2336,Eye Hit,Center,626.1671,761.6331,49.51157,MicroBus4-Detailed,-32.74337,-11.33289,49.51157,34.98505
1742844945757,40.50846,2337,Eye Hit,Center,609.3409,760.8751,49.34772,MicroBus4-Detailed,-33.09344,-11.33868,49.34772,35.33237
1742844945799,40.54993,2338,Eye Hit,Center,601.2156,763.4421,49.26868,MicroBus4-Detailed,-33.26146,-11.17448,49.26868,35.45787
1742844945840,40.59262,2339,Eye Hit,Center,630.5834,761.4225,49.5517,MicroBus4-Detailed,-32.64909,-11.35417,49.5517,34.89945
1742844945869,40.63281,2340,Eye Hit,Center,779.6481,784.3433,49.80563,MicroBus4-Detailed,-28.71745,-10.09513,49.80563,31.43241
1742844945909,40.65956,2341,Eye Hit,Center,777.5045,781.5433,49.81553,MicroBus4-Detailed,-28.78211,-10.25809,49.81553,31.52382
1742844945943,40.70055,2342,Eye Hit,Center,764.8075,775.9077,49.87178,MicroBus4-Detailed,-29.1642,-10.59404,49.87178,31.88867
1742844945972,40.73353,2343,Eye Hit,Center,762.3339,771.8867,49.87577,MicroBus4-Detailed,-29.23466,-10.82624,49.87577,32.00746
1742844946000,40.76268,2344,Eye Hit,Center,751.3076,771.5571,49.91469,MicroBus4-Detailed,-29.56133,-10.85374,49.91469,32.24759
1742844946019,40.79018,2345,Eye Hit,Center,750.5663,770.5174,49.91471,MicroBus4-Detailed,-29.58177,-10.91353,49.91471,32.28027
1742844946041,40.80931,2346,Eye Hit,Center,739.4814,770.3417,49.94179,MicroBus4-Detailed,-29.90347,-10.92955,49.9418,32.51779
1742844946059,40.83141,2347,Eye Hit,Center,740.9387,772.8482,49.9437,MicroBus4-Detailed,-29.86443,-10.78555,49.9437,32.44669
1742844946076,40.84933,2348,Eye Hit,Center,738.5121,772.0119,49.94669,MicroBus4-Detailed,-29.93313,-10.8344,49.94669,32.51145
1742844946097,40.86621,2349,Eye Hit,Center,728.9073,773.7415,49.96314,MicroBus4-Detailed,-30.20793,-10.73828,49.96314,32.68702
1742844946113,40.88695,2350,Eye Hit,Center,726.3956,769.249,49.95568,MicroBus4-Detailed,-30.2727,-10.99567,49.95568,32.81097
1742844946131,40.90451,2351,Eye Hit,Center,721.4477,768.6619,49.95654,MicroBus4-Detailed,-30.40969,-11.02959,49.95654,32.92408
1742844946146,40.92176,2352,Eye Hit,Center,723.1907,767.3476,49.95271,MicroBus4-Detailed,-30.3593,-11.10458,49.95271,32.90856
1742844946180,40.95288,2354,Eye Hit,Center,711.7372,766.9131,49.94916,MicroBus4-Detailed,-30.67299,-11.12875,49.94916,33.15472
1742844946197,40.9711,2355,Eye Hit,Center,704.1465,766.1135,49.93861,MicroBus4-Detailed,-30.8758,-11.17251,49.93861,33.32524
1742844946228,41.00422,2357,Eye Hit,Center,693.6002,769.2116,49.92427,MicroBus4-Detailed,-31.15762,-10.99085,49.92427,33.49613
1742844946260,41.03465,2359,Eye Hit,Center,686.7735,768.3884,49.9025,MicroBus4-Detailed,-31.33213,-11.03346,49.9025,33.65009
1742844946293,41.06791,2361,Eye Hit,Center,677.4755,764.3858,49.85844,MicroBus4-Detailed,-31.5604,-11.25403,49.85844,33.9027
1742844946325,41.09963,2363,Eye Hit,Center,676.2456,762.5117,49.84827,MicroBus4-Detailed,-31.5878,-11.35956,49.84827,33.95668
1742844946357,41.13136,2365,Eye Hit,Center,677.5542,762.0868,49.85249,MicroBus4-Detailed,-31.55447,-11.38487,49.85249,33.93641
1742844946390,41.16361,2367,Eye Hit,Center,669.9611,763.6783,49.82351,MicroBus4-Detailed,-31.74499,-11.28682,49.82351,34.06745
1742844946406,41.18088,2368,Eye Hit,Center,675.4517,763.4162,49.84722,MicroBus4-Detailed,-31.609,-11.30722,49.84722,33.95904
1742844946438,41.21352,2370,Eye Hit,Center,675.6371,763.0106,49.84684,MicroBus4-Detailed,-31.60365,-11.33052,49.84684,33.96147
1742844946471,41.24508,2372,Eye Hit,Center,670.2205,756.8856,49.80414,MicroBus4-Detailed,-31.72552,-11.67267,49.80414,34.16683
1742844946488,41.26202,2373,Eye Hit,Center,674.5506,755.2231,49.81777,MicroBus4-Detailed,-31.6151,-11.77145,49.81777,34.10498
1742844946520,41.29495,2375,Eye Hit,Center,676.1129,753.4432,49.81796,MicroBus4-Detailed,-31.57225,-11.87394,49.81796,34.10155
1742844946553,41.32763,2377,Eye Hit,Center,732.7304,796.2049,49.97509,MicroBus4-Detailed,-30.10967,-9.445466,49.97509,32.27009
1742844946585,41.35953,2379,Eye Hit,Center,751.4016,839.6857,49.82517,NE_Tree_30,-29.50573,-6.917351,49.82517,31.3097
1742844946602,41.37672,2380,Eye Hit,Center,750.5558,836.2494,49.84324,NE_Tree_30,-29.5397,-7.117414,49.84324,31.367
1742844946635,41.41,2382,,Center,753.7513,835.0216,49.83825,,-29.44883,-7.187236,49.83825,31.30929
1742844946669,41.4435,2384,,Center,756.0717,817.5566,49.88808,,-29.41435,-8.19982,49.88808,31.4703
1742844946703,41.47655,2386,,Center,755.6037,812.2219,49.9014,,-29.4351,-8.509248,49.90141,31.55068
1742844946722,41.49388,2387,,Center,757.6863,812.2595,49.89407,,-29.37341,-8.505898,49.89407,31.50422
1742844946738,41.51283,2388,Eye Hit,Center,772.3116,911.4797,49.17104,SouthCarSignal,-28.55071,-2.753018,49.17104,30.25646
1742844946773,41.54549,2390,Eye Hit,Center,771.7347,922.2968,49.0484,SouthCarSignal,-28.49512,-2.133947,49.0484,30.22448
1742844946791,41.56398,2391,Eye Hit,Center,770.8804,918.1292,49.10186,SouthCarSignal,-28.54934,-2.372287,49.10186,30.26077
1742844946808,41.58208,2392,Eye Hit,Center,770.1139,908.7376,49.2113,SouthCarSignal,-28.6338,-2.910896,49.2113,30.32136
1742844946826,41.59954,2393,Eye Hit,Center,769.4542,906.4886,49.23893,SouthCarSignal,-28.6678,-3.040453,49.23893,30.34827
1742844946842,41.61673,2394,Eye Hit,Center,772.0194,912.0297,49.1662,SouthCarSignal,-28.55583,-2.721437,49.1662,30.26073
1742844946879,41.65115,2396,Eye Hit,Center,771.251,909.0907,49.20184,SouthCarSignal,-28.59741,-2.890255,49.20184,30.29294
1742844946895,41.67056,2397,Eye Hit,Center,770.8962,907.0456,49.22572,SouthCarSignal,-28.62093,-3.007893,49.22572,30.31159
1742844946931,41.7047,2399,Eye Hit,Center,772.0296,894.5024,49.34815,SouthCarSignal,-28.66123,-3.7296,49.34815,30.35721
1742844946948,41.72212,2400,Eye Hit,Center,772.4894,887.6823,49.40944,SouthCarSignal,-28.68429,-4.12307,49.40944,30.39201
1742844946965,41.73944,2401,Eye Hit,Center,772.4221,883.1451,49.44984,SouthCarSignal,-28.70957,-4.385432,49.44984,30.42631
1742844946987,41.75645,2402,Eye Hit,Center,768.3901,876.8434,49.52197,SouthCarSignal,-28.86169,-4.751889,49.52197,30.56831
1742844947003,41.77777,2403,Eye Hit,Center,769.4019,876.0264,49.52388,SouthCarSignal,-28.83514,-4.798745,49.52388,30.55145
1742844947021,41.79444,2404,Eye Hit,Center,770.5026,879.3983,49.49124,SouthCarSignal,-28.78606,-4.60301,49.49124,30.4993
1742844947042,41.81245,2405,Eye Hit,Center,773.3553,877.5669,49.49218,SouthCarSignal,-28.70866,-4.707685,49.49218,30.44751
1742844947059,41.83493,2406,Eye Hit,Center,775.3688,877.9446,49.47861,SouthCarSignal,-28.64579,-4.684887,49.47861,30.39779
1742844947098,41.86885,2408,Eye Hit,Center,779.148,884.8318,49.39981,SouthCarSignal,-28.4971,-4.284703,49.39981,30.25718
1742844947116,41.88936,2409,,Center,775.4384,856.0648,49.63475,,-28.73427,-5.95273,49.63475,30.59186
1742844947133,41.90618,2410,,Center,777.6951,857.4156,49.61373,,-28.66029,-5.872805,49.61373,30.52665
1742844947150,41.92359,2411,Eye Hit,Center,775.5652,734.4763,49.67134,NE_Tree_30,-28.75198,-12.92603,49.67134,32.40128
1742844947167,41.94042,2412,Eye Hit,Center,779.5236,737.8752,49.66713,NE_Tree_30,-28.641,-12.73017,49.66713,32.25418
1742844947186,41.95768,2413,Eye Hit,Center,777.3519,693.48,49.35693,MicroBus4-Detailed,-28.5213,-15.1791,49.35693,33.20869
1742844947202,41.97703,2414,Eye Hit,Center,779.7618,696.5372,49.37124,MicroBus4-Detailed,-28.46388,-15.0093,49.37124,33.09514
1742844947241,42.01388,2416,Eye Hit,Center,783.6735,699.4359,49.37421,MicroBus4-Detailed,-28.35896,-14.84502,49.37421,32.95546
1742844947258,42.03169,2417,Eye Hit,Center,785.293,702.971,49.39417,MicroBus2-Detailed,-28.32625,-14.6496,49.39417,32.8474
1742844947279,42.04957,2418,Eye Hit,Center,792.2379,715.556,49.44743,MicroBus2-Detailed,-28.1672,-13.94728,49.44743,32.442
1742844947296,42.07039,2419,Eye Hit,Center,795.6892,717.8269,49.439,MicroBus2-Detailed,-28.0682,-13.81534,49.439,32.32479
1742844947313,42.08812,2420,Eye Hit,Center,796.662,713.3595,49.40035,MicroBus2-Detailed,-28.01972,-14.05932,49.40035,32.39896
1742844947331,42.10523,2421,Eye Hit,Center,800.2183,714.59,49.38281,MicroBus2-Detailed,-27.91281,-13.98406,49.38281,32.30111
1742844947366,42.13931,2423,Eye Hit,Center,814.9026,725.537,49.33592,MicroBus2-Detailed,-27.48632,-13.34765,49.33592,31.77168
1742844947384,42.15757,2424,Eye Hit,Center,819.1417,723.5211,49.28511,MicroBus2-Detailed,-27.34268,-13.44859,49.28511,31.72689
1742844947404,42.17487,2425,Eye Hit,Center,833.193,723.6146,49.14604,MicroBus2-Detailed,-26.88425,-13.40539,49.14604,31.43585
1742844947421,42.19384,2426,Eye Hit,Center,832.6406,718.5664,49.11938,MicroBus2-Detailed,-26.88465,-13.68424,49.11938,31.55638
1742844947440,42.21225,2427,Eye Hit,Center,635.72,710.3205,49.31989,MicroBus2-Detailed,-32.35648,-14.20932,49.31989,35.62262
1742844947460,42.22997,2428,Eye Hit,Center,650.8284,712.6738,49.44622,MicroBus2-Detailed,-32.02692,-14.11142,49.44622,35.29079
1742844947478,42.25117,2429,Eye Hit,Center,644.0694,710.8939,49.38713,MicroBus2-Detailed,-32.17294,-14.19591,49.38713,35.45241
1742844947495,42.26939,2430,Eye Hit,Center,652.3094,711.2815,49.4457,MicroBus2-Detailed,-31.98615,-14.19068,49.4457,35.28703
1742844947516,42.28648,2431,Eye Hit,Center,656.8527,716.6047,49.51386,MicroBus2-Detailed,-31.90605,-13.90615,49.51386,35.10458
1742844947533,42.3071,2432,Eye Hit,Center,665.9451,716.8273,49.56589,MicroBus2-Detailed,-31.69076,-13.90809,49.56589,34.92387
1742844947551,42.3241,2433,Eye Hit,Center,687.0734,718.0703,49.66311,MicroBus2-Detailed,-31.17359,-13.86414,49.66311,34.48828
1742844947567,42.34174,2434,Eye Hit,Center,697.7805,719.4384,49.7009,MicroBus2-Detailed,-30.90351,-13.7962,49.7009,34.25241
1742844947603,42.37767,2436,Eye Hit,Center,735.9877,720.9471,49.72295,MicroBus2-Detailed,-29.86835,-13.71564,49.72295,33.46478
1742844947637,42.41073,2438,Eye Hit,Center,760.0618,715.5055,49.62009,MicroBus2-Detailed,-29.14704,-13.99882,49.62009,33.08989
1742844947655,42.42876,2439,Eye Hit,Center,787.8875,712.2456,49.45313,MicroBus2-Detailed,-28.28923,-14.13792,49.45313,32.59897
1742844947672,42.44819,2440,Eye Hit,Center,800.5181,716.1182,49.39334,MicroBus2-Detailed,-27.91059,-13.9,49.39334,32.26279
1742844947691,42.46617,2441,Eye Hit,Center,808.1405,716.8696,49.33811,MicroBus2-Detailed,-27.67175,-13.84173,49.33811,32.09236
1742844947710,42.48336,2442,Eye Hit,Center,802.5095,717.8966,49.39087,MicroBus2-Detailed,-27.85489,-13.79793,49.39087,32.18497
1742844947731,42.50606,2443,Eye Hit,Center,808.7965,717.7552,49.33907,MicroBus2-Detailed,-27.65442,-13.79156,49.33907,32.06025
1742844947753,42.53439,2444,Eye Hit,Center,743.9261,713.8604,49.65747,MicroBus2-Detailed,-29.61138,-14.10371,49.65747,33.44464
1742844947789,42.5624,2445,Eye Hit,Center,761.4041,716.1924,49.61946,MicroBus2-Detailed,-29.10989,-13.95947,49.61946,33.04926
1742844947824,42.59118,2446,Eye Hit,Center,773.9275,718.7767,49.58106,MicroBus2-Detailed,-28.74455,-13.80076,49.58105,32.74533
1742844947859,42.62071,2447,,Center,798.1045,720.9854,49.44388,,-28.00504,-13.63658,49.44388,32.21011
1742844947898,42.65695,2448,Eye Hit,Center,824.6418,724.4717,49.23886,NE_Tree_10,-27.16749,-13.38187,49.23886,31.59365
1742844947940,42.69245,2449,Eye Hit,Center,858.4875,732.7304,48.90765,NE_Tree_10,-26.07084,-12.82581,48.90765,30.71361
1742844947973,42.73362,2450,,Center,864.7322,729.0997,48.80694,,-25.84888,-13.00383,48.80694,30.66187
1742844948004,42.76696,2451,,Center,822.6398,722.3611,49.24579,,-27.22575,-13.50379,49.24579,31.67966
1742844948033,42.79765,2452,,Center,830.8447,721.2967,49.15766,,-26.95436,-13.54001,49.15766,31.53404
1742844948061,42.8263,2453,,Center,867.9372,723.0886,48.72923,,-25.72151,-13.32125,48.72923,30.72877
1742844948091,42.854,2454,,Center,905.9153,723.6503,48.16917,,-24.41588,-13.13691,48.16917,29.9243
1742844948120,42.88332,2455,,Center,922.6583,724.5525,47.89314,,-23.83324,-13.01176,47.89314,29.55178
1742844948149,42.91253,2456,,Center,980.6591,729.1233,46.80329,,-21.79214,-12.46875,46.80329,28.21084
1742844948177,42.94171,2457,,Center,857.634,730.2957,48.90528,,-26.09263,-12.96268,48.90528,30.78422
1742844948206,42.97083,2458,,Center,709.9507,725.592,49.75742,,-30.60431,-13.45846,49.75742,33.89781
1742844948234,42.99883,2459,,Center,714.9407,729.7573,49.78688,,-30.48528,-13.22713,49.78688,33.72184
1742844948263,43.02588,2460,,Center,748.7115,729.8859,49.74973,,-29.53494,-13.21005,49.74974,33.03783
1742844948291,43.05505,2461,Eye Hit,Center,801.9523,731.1016,49.47685,MicroBus1-Detailed,-27.9186,-13.06813,49.47684,31.92427
1742844948320,43.08337,2462,Eye Hit,Center,852.0756,734.6993,48.99723,MicroBus1-Detailed,-26.29205,-12.73809,48.99723,30.80607
1742844948349,43.11244,2463,Eye Hit,Center,909.0222,738.249,48.19423,MicroBus1-Detailed,-24.34591,-12.33188,48.19423,29.52163
1742844948377,43.1412,2464,Eye Hit,Center,910.8577,737.8325,48.16175,MicroBus5-Detailed,-24.28069,-12.34672,48.16175,29.49185
1742844948405,43.1695,2465,,Center,892.3729,736.7145,48.45236,,-24.92168,-12.48369,48.45236,29.91082
1742844948433,43.19722,2466,,Center,808.1995,735.5798,49.4518,,-27.7339,-12.8059,49.45181,31.7047
1742844948461,43.22533,2467,Eye Hit,Center,787.361,734.3791,49.5995,NorthWalkingPole,-28.38738,-12.91284,49.5995,32.16013
1742844948489,43.25316,2468,Eye Hit,Center,828.8975,733.8286,49.25225,NorthWalkingPole,-27.05916,-12.8538,49.25225,31.30943
1742844948518,43.28121,2469,Eye Hit,Center,869.8304,734.5682,48.76973,NorthWalkingPole,-25.69191,-12.6862,48.76973,30.43522
1742844948545,43.31072,2470,Eye Hit,Center,908.103,734.7448,48.1945,NorthWalkingPole,-24.37051,-12.52683,48.1945,29.62087
1742844948573,43.3389,2471,,Center,886.1157,732.9922,48.53003,,-25.12929,-12.71215,48.53003,30.12633
1742844948600,43.36657,2472,,Center,710.6096,710.5264,49.65421,,-30.52277,-14.2939,49.65421,34.1676
1742844948627,43.39444,2473,,Center,694.2958,708.5117,49.61111,,-30.94312,-14.39674,49.61111,34.52475
1742844948654,43.41975,2474,,Center,694.145,707.9569,49.60676,,-30.94455,-14.42728,49.60676,34.53821
1742844948682,43.44651,2475,,Center,721.0739,706.4481,49.62648,,-30.21902,-14.51933,49.62648,34.04174
1742844948709,43.4744,2476,,Center,749.6785,707.4294,49.59332,,-29.41561,-14.45344,49.59332,33.45948
1742844948751,43.5022,2477,,Center,751.2281,705.5361,49.57347,,-29.36142,-14.55602,49.57347,33.46746
1742844948791,43.54343,2478,,Center,745.7737,690.8039,49.45662,,-29.44115,-15.36238,49.45662,33.87983
1742844948819,43.58393,2479,,Center,679.9198,687.0624,49.37497,,-31.18774,-15.55024,49.37497,35.21491
1742844948847,43.61014,2480,,Center,705.3073,688.7984,49.45736,,-30.54655,-15.47714,49.45736,34.69831
1742844948880,43.6378,2481,,Center,732.1721,691.706,49.48867,,-29.83187,-15.3208,49.48867,34.12358
1742844948908,43.67088,2482,,Center,728.0867,695.3021,49.52602,,-29.96609,-15.12701,49.52602,34.12862
1742844948936,43.69949,2483,,Center,708.5394,696.9463,49.53742,,-30.5076,-15.03638,49.53742,34.47307
1742844948955,43.72712,2484,,Center,560.4666,706.3171,48.44957,,-33.79848,-14.18239,48.44957,37.10854
1742844948977,43.74519,2485,,Center,553.174,705.8196,48.34027,,-33.91685,-14.17806,48.34027,37.25164
1742844948995,43.76906,2486,,Center,565.3322,706.8959,48.52183,,-33.71854,-14.17116,48.52184,37.00874
1742844949014,43.78626,2487,,Center,575.5949,707.117,48.66201,,-33.54023,-14.19966,48.66201,36.81388
1742844949032,43.80597,2488,,Center,596.7584,709.6137,48.93788,,-33.15856,-14.13922,48.93788,36.3751
1742844949052,43.82328,2489,,Center,609.6414,709.0341,49.07283,,-32.90096,-14.21097,49.07283,36.1414
1742844949067,43.8428,2490,,Center,617.916,709.8549,49.16034,,-32.73503,-14.18981,49.16034,35.97033
1742844949102,43.87536,2492,,Center,611.3723,709.7936,49.09589,,-32.8695,-14.17457,49.09589,36.09559
1742844949122,43.89337,2493,,Center,593.4233,709.7286,48.90171,,-33.22411,-14.12224,48.90171,36.43604
1742844949136,43.91216,2494,,Center,597.0018,710.2346,48.94622,,-33.15764,-14.10652,48.94622,36.36008
1742844949168,43.94308,2496,,Center,580.4517,709.9762,48.74672,,-33.4679,-14.06353,48.74672,36.67579
1742844949203,43.97732,2498,,Center,592.0452,711.3502,48.89849,,-33.25912,-14.02971,48.89849,36.43493
1742844949235,44.00938,2500,,Center,594.2359,710.9722,48.92161,,-33.21567,-14.05782,48.92161,36.39994
1742844949269,44.04246,2502,,Center,591.2374,719.1293,48.94474,,-33.3124,-13.60366,48.94474,36.32243
1742844949286,44.05979,2503,,Center,597.6631,719.245,49.02005,,-33.18974,-13.61805,49.02005,36.19823
1742844949303,44.07666,2504,,Center,597.2191,720.0656,49.02055,,-33.20211,-13.57181,49.02055,36.19332
1742844949319,44.09378,2505,,Center,593.1764,718.5223,48.96399,,-33.27308,-13.64338,48.96399,36.29546
1742844949353,44.12587,2507,,Center,574.4395,716.8247,48.72026,,-33.61145,-13.67081,48.72026,36.67754
1742844949370,44.1433,2508,,Center,572.3616,717.2993,48.69603,,-33.65061,-13.63745,48.69603,36.70916
1742844949386,44.16021,2509,,Center,570.5227,715.0059,48.65577,,-33.67218,-13.75498,48.65577,36.78044
1742844949419,44.19257,2511,,Center,569.0652,713.8625,48.62824,,-33.69226,-13.81119,48.62824,36.82611
1742844949436,44.20942,2512,,Center,563.5981,713.974,48.55387,,-33.78729,-13.78397,48.55387,36.92681
1742844949454,44.2268,2513,,Center,564.4133,712.5477,48.55513,,-33.76631,-13.86416,48.55513,36.93435
1742844949469,44.24512,2514,,Center,561.0745,712.725,48.50959,,-33.82406,-13.84116,48.50959,36.99388
1742844949504,44.27713,2516,,Center,551.8633,712.4125,48.37334,,-33.97507,-13.81981,48.37334,37.17058
1742844949521,44.29496,2517,,Center,543.9264,712.7617,48.25533,,-34.10365,-13.76659,48.25533,37.31255
1742844949537,44.31182,2518,,Center,537.6736,712.1638,48.15312,,-34.19764,-13.77068,48.15312,37.43773
1742844949570,44.3436,2520,,Center,519.8776,717.3118,47.89305,,-34.48351,-13.41184,47.89305,37.68793
1742844949586,44.36041,2521,,Center,513.3066,718.5518,47.7865,,-34.58015,-13.31364,47.7865,37.79067
1742844949604,44.37712,2522,,Center,484.351,719.6189,47.25634,,-34.95195,-13.10771,47.25634,38.30609
1742844949621,44.3949,2523,,Center,464.2415,717.9086,46.84391,,-35.167,-13.08569,46.84391,38.69527
1742844949638,44.41239,2524,,Center,432.4641,715.8463,46.15379,,-35.45866,-13.00278,46.15379,39.29341
1742844949671,44.44504,2526,,Center,362.5179,710.5557,44.48352,,-35.89328,-12.80389,44.48352,40.58636
1742844949705,44.48158,2528,Eye Hit,Center,495.9762,713.9711,47.44359,NorthSidewalk,-34.78594,-13.46895,47.44359,38.17616
1742844949721,44.49831,2529,Eye Hit,Center,451.1761,712.515,46.53934,NorthSidewalk,-35.27406,-13.29036,46.53934,39.00589
1742844949744,44.52152,2530,Eye Hit,Center,549.66,718.9547,48.38524,NorthSidewalk,-34.04228,-13.45794,48.38524,37.10938
1742844949772,44.54881,2531,Eye Hit,Center,462.2885,719.0997,46.81082,NorthSidewalk,-35.19263,-13.01217,46.81082,38.71389
1742844949796,44.57274,2532,,Center,519.4911,764.9511,48.09554,,-34.63955,-10.82474,48.09554,37.03714
1742844949832,44.59904,2533,,Center,478.7037,764.2316,47.32902,,-35.15329,-10.69141,47.32903,37.82344
1742844949869,44.62651,2534,,Center,338.1897,759.7615,44.0626,,-36.14547,-10.18095,44.0626,40.43897
1742844949908,44.66198,2535,,Center,168.0604,745.9141,39.52675,,-36.13732,-9.764394,39.52675,43.44181
1742844949939,44.70093,2536,,Center,206.5579,746.988,40.5579,,-36.21802,-9.968831,40.5579,42.806
1742844949967,44.73119,2537,,Center,327.2388,747.8556,43.75152,,-36.15481,-10.71008,43.75152,40.7568
1742844949998,44.7589,2538,,Center,365.1471,750.3397,44.71708,,-36.01683,-10.81833,44.71708,40.0634
1742844950028,44.78999,2539,Eye Hit,Center,437.2773,761.1773,46.44736,Truck1-Detailed,-35.56077,-10.65595,46.44736,38.63356
1742844950058,44.82035,2540,,Center,473.0394,762.8809,47.21175,,-35.21382,-10.73857,47.21175,37.94641
1742844950088,44.85052,2541,,Center,559.3881,765.7512,48.73658,,-34.02771,-10.92403,48.73658,36.25235
1742844950117,44.88008,2542,,Center,505.1111,763.4666,47.83495,,-34.83165,-10.84802,47.83495,37.33133
1742844950145,44.90969,2543,,Center,541.4309,764.6378,48.46119,,-34.3159,-10.9246,48.46119,36.61708
1742844950173,44.93836,2544,,Center,574.1556,765.2983,48.94222,,-33.77225,-10.9957,48.94222,35.96825
1742844950201,44.96568,2545,,Center,734.9897,765.4688,49.93369,,-30.02245,-11.20855,49.93369,32.6916
1742844950228,44.99335,2546,,Center,757.925,769.5958,49.88467,,-29.36131,-10.96005,49.88467,32.13923
1742844950256,45.02016,2547,,Center,803.9645,770.8397,49.61697,,-27.94254,-10.83006,49.61697,31.13136
1742844950284,45.04807,2548,,Center,825.7791,772.9193,49.42437,,-27.23882,-10.66926,49.42437,30.6209
1742844950312,45.0765,2549,,Center,798.35,771.545,49.66177,,-28.12172,-10.7993,49.66177,31.24031
1742844950339,45.10538,2550,,Center,816.1487,771.744,49.51334,,-27.55112,-10.7557,49.51334,30.85145
1742844950367,45.13077,2551,,Center,797.5817,770.143,49.6648,,-28.1445,-10.88029,49.6648,31.28123
1742844950395,45.15768,2552,,Center,808.2266,768.3742,49.57702,,-27.80339,-10.96225,49.57702,31.08278
1742844950426,45.18643,2553,,Center,834.4269,771.6149,49.33205,,-26.9524,-10.72366,49.33205,30.45565
1742844950454,45.21697,2554,,Center,847.6511,775.8367,49.18937,,-26.51531,-10.45301,49.18937,30.08891
1742844950473,45.24421,2555,,Center,839.1755,776.4008,49.28766,,-26.79893,-10.44176,49.28765,30.26527
1742844950495,45.26433,2556,,Center,825.5065,772.8432,49.42672,,-27.24755,-10.67429,49.42672,30.62825
1742844950512,45.2861,2557,,Center,805.6887,771.6065,49.605,,-27.88858,-10.78356,49.605,31.08065
1742844950531,45.3035,2558,,Center,795.9705,771.1577,49.67917,,-28.19683,-10.82526,49.67917,31.29834
1742844950548,45.32106,2559,Eye Hit,Center,812.1307,769.8184,49.54714,NE_Tree_30,-27.67984,-10.87304,49.54714,30.9727
1742844950564,45.33837,2560,Eye Hit,Center,794.7119,770.2183,49.68697,NE_Tree_30,-28.23579,-10.88079,49.68697,31.34173
1742844950597,45.37189,2562,,Center,855.4113,783.0573,49.10392,,-26.25887,-10.02576,49.10392,29.78739
1742844950629,45.40408,2564,Eye Hit,Center,866.4517,786.4861,48.96281,MicroBus2-Detailed,-25.88495,-9.803266,48.96281,29.47989
1742844950660,45.43539,2566,Eye Hit,Center,851.0417,785.9931,49.16111,MicroBus2-Detailed,-26.40805,-9.870906,49.16111,29.8331
1742844950692,45.46869,2568,Eye Hit,Center,836.3277,784.2805,49.33055,MicroBus2-Detailed,-26.89981,-10.00241,49.33055,30.18976
1742844950723,45.49864,2570,Eye Hit,Center,817.056,780.3978,49.52147,MicroBus2-Detailed,-27.53082,-10.26289,49.52147,30.68101
1742844950755,45.53001,2572,Eye Hit,Center,809.2502,779.8782,49.59031,MicroBus2-Detailed,-27.78281,-10.30706,49.59031,30.86077
1742844950786,45.56048,2574,Eye Hit,Center,804.8412,777.4437,49.62405,MicroBus2-Detailed,-27.92251,-10.45339,49.62405,30.99827
1742844950817,45.59203,2576,Eye Hit,Center,795.358,773.8385,49.69139,MicroBus2-Detailed,-28.22058,-10.6742,49.69139,31.26547
1742844950850,45.62313,2578,Eye Hit,Center,792.8349,770.2446,49.70243,MicroBus2-Detailed,-28.29609,-10.88286,49.70243,31.38173
1742844950865,45.64046,2579,Eye Hit,Center,793.0643,765.8097,49.69079,MicroBus2-Detailed,-28.28315,-11.1345,49.69078,31.45421
1742844950896,45.67116,2581,Eye Hit,Center,796.3324,761.423,49.65609,MicroBus2-Detailed,-28.17381,-11.37809,49.65609,31.46251
1742844950930,45.70391,2583,,Center,749.2111,918.0554,49.18407,,-29.18557,-2.380571,49.18407,30.76811
1742844950960,45.73549,2585,,Center,741.3346,933.433,49.01205,,-29.29663,-1.502482,49.01205,30.90174
1742844950991,45.76631,2587,Eye Hit,Center,746.9578,927.2908,49.07828,SouthCarSignal,-29.18385,-1.852363,49.07829,30.78798
1742844951024,45.79702,2589,Eye Hit,Center,755.9724,918.3307,49.16154,SouthCarSignal,-28.98868,-2.363723,49.16154,30.60935
1742844951040,45.81506,2590,Eye Hit,Center,758.3445,914.4255,49.19833,SouthCarSignal,-28.94595,-2.587331,49.19833,30.57026
1742844951071,45.84574,2592,Eye Hit,Center,765.1245,903.7324,49.28877,SouthCarSignal,-28.81465,-3.20015,49.28877,30.46418
1742844951103,45.87678,2594,Eye Hit,Center,771.6932,895.3046,49.34459,SouthCarSignal,-28.66833,-3.683769,49.34459,30.36002
1742844951133,45.90822,2596,Eye Hit,Center,790.6905,900.5956,49.18282,SouthCarSignal,-28.05849,-3.371314,49.18282,29.88154
1742844951165,45.94033,2598,Eye Hit,Center,813.5421,900.3788,49.01038,SouthCarSignal,-27.34177,-3.37184,49.01038,29.34048
1742844951197,45.9722,2600,Eye Hit,Center,815.1561,893.5321,49.06171,SouthCarSignal,-27.32668,-3.762964,49.06171,29.34653
1742844951228,46.00275,2602,Eye Hit,Center,823.7642,887.3692,49.03857,SouthCarSignal,-27.08074,-4.109886,49.03857,29.18585
1742844951260,46.0354,2604,Eye Hit,Center,833.5529,887.9149,48.93573,SouthCarSignal,-26.75948,-4.070468,48.93573,28.94783
1742844951292,46.06902,2606,Eye Hit,Center,837.534,894.9304,48.82988,SouthCarSignal,-26.59428,-3.666395,48.82988,28.80123
1742844951323,46.0999,2608,Eye Hit,Center,851.6724,898.1108,48.64004,SouthCarSignal,-26.11121,-3.473642,48.64005,28.43798
1742844951355,46.13054,2610,,Center,896.8478,806.4446,48.51054,,-24.83176,-8.595552,48.51054,28.44368
1742844951386,46.16056,2612,Eye Hit,Center,926.4829,686.0865,47.54018,MicroBus2-Detailed,-23.55722,-15.02589,47.54018,30.44454
1742844951418,46.19221,2614,Eye Hit,Center,922.6456,682.8192,47.57677,MicroBus2-Detailed,-23.67614,-15.21695,47.57677,30.60688
1742844951451,46.22405,2616,Eye Hit,Center,923.4816,683.5955,47.56934,MicroBus2-Detailed,-23.65049,-15.17192,47.56934,30.56983
1742844951465,46.24142,2617,Eye Hit,Center,924.1365,686.6133,47.58485,MicroBus2-Detailed,-23.64099,-15.01114,47.58485,30.47721
1742844951497,46.27225,2619,Eye Hit,Center,932.3599,696.3848,47.52283,MicroBus2-Detailed,-23.39442,-14.45569,47.52283,30.0569
1742844951530,46.3043,2621,Eye Hit,Center,941.3785,700.5418,47.39164,MicroBus2-Detailed,-23.09387,-14.18855,47.39164,29.76616
1742844951545,46.3214,2622,Eye Hit,Center,942.7391,691.0892,47.29117,MicroBus2-Detailed,-23.00938,-14.67424,47.29117,29.98801
1742844951577,46.35142,2624,Eye Hit,Center,948.5757,689.7655,47.17141,MicroBus2-Detailed,-22.79911,-14.70905,47.17141,29.90677
1742844951612,46.38514,2626,,Center,955.9527,701.9307,47.12677,,-22.58559,-14.03374,47.12677,29.43315
1742844951627,46.40279,2627,,Center,960.6251,702.1116,47.03671,,-22.42109,-13.99705,47.03671,29.33306
1742844951658,46.43404,2629,,Center,970.1329,703.8395,46.86048,,-22.09111,-13.85113,46.86049,29.09265
1742844951689,46.46407,2631,,Center,970.9212,709.8935,46.88651,,-22.08297,-13.53133,46.88651,28.91516
1742844951722,46.49583,2633,,Center,972.9274,713.7991,46.87117,,-22.02382,-13.31574,46.87117,28.77058
1742844951753,46.52811,2635,,Center,956.713,724.4788,47.25845,,-22.62887,-12.8433,47.25845,28.83628
1742844951785,46.55883,2637,,Center,957.848,728.8036,47.25954,,-22.59977,-12.60778,47.25954,28.7045
1742844951800,46.57578,2638,,Center,964.5042,730.073,47.13361,,-22.36634,-12.50513,47.13361,28.5313
1742844951832,46.6064,2640,,Center,981.833,736.1017,46.80664,,-21.76337,-12.0927,46.80664,28.00936
1742844951864,46.63884,2642,,Center,999.5021,740.5784,46.44656,,-21.14285,-11.75978,46.44656,27.51426
1742844951895,46.67156,2644,,Center,1034.615,758.991,45.70854,,-19.9208,-10.60189,45.70855,26.27555
1742844951912,46.68845,2645,,Center,1046.265,761.4933,45.4389,,-19.51102,-10.40813,45.4389,25.9506
1742844951929,46.70564,2646,,Center,1090.543,773.5717,44.36768,,-17.96643,-9.544321,44.36768,24.63319
1742844951947,46.72392,2647,,Center,1113.247,780.7759,43.79474,,-17.18546,-9.057043,43.79474,23.92062
1742844951972,46.75155,2648,,Center,1189.576,792.287,41.78367,,-14.63547,-8.086138,41.78367,21.80999
1742844952011,46.77892,2649,,Center,1292.604,803.7307,39.01952,,-11.44776,-7.035891,39.01952,19.00206
1742844952046,46.80626,2650,,Center,1153.377,815.1431,42.73218,,-15.82174,-7.142639,42.73219,22.10867
1742844952083,46.83929,2651,,Center,1038.22,831.4341,45.60454,,-19.7847,-6.765612,45.60454,24.63128
1742844952109,46.87576,2652,,Center,977.6967,817.0229,46.99105,,-21.95642,-7.752694,46.99105,26.35929
1742844952138,46.9019,2653,,Center,844.7415,797.5872,49.22456,,-26.61336,-9.225112,49.22456,29.77871
1742844952168,46.93082,2654,,Center,750.4095,783.5181,49.91661,,-29.58722,-10.16504,49.91661,32.07698
1742844952198,46.96043,2655,,Center,725.8057,798.8544,49.96159,,-30.29255,-9.290056,49.96159,32.3824
1742844952228,46.98953,2656,,Center,763.5632,817.9709,49.84316,,-29.18172,-8.168659,49.84315,31.29861
1742844952258,47.01992,2657,,Center,827.2501,822.1768,49.37573,,-27.17191,-7.85247,49.37572,29.80529
1742844952287,47.04976,2658,,Center,884.8015,826.3937,48.64441,,-25.22381,-7.499392,48.64441,28.41195
1742844952316,47.07969,2659,,Center,937.6899,832.2917,47.73829,,-23.36001,-7.034823,47.73829,27.06896
1742844952344,47.10874,2660,,Center,913.0329,828.0529,48.18954,,-24.23683,-7.336985,48.18954,27.72139
1742844952372,47.13731,2661,,Center,888.7261,824.5192,48.59043,,-25.09053,-7.596171,48.59043,28.34747
1742844952401,47.16513,2662,,Center,788.8851,813.3505,49.71888,,-28.41387,-8.413449,49.71888,30.79568
1742844952428,47.19274,2663,,Center,771.6967,809.6399,49.82649,,-28.9482,-8.644921,49.82649,31.22984
1742844952456,47.22098,2664,,Center,814.5684,811.0064,49.52544,,-27.60106,-8.514652,49.52544,30.25188
1742844952484,47.2488,2665,,Center,851.6001,811.9637,49.13224,,-26.3774,-8.392707,49.13224,29.39629
1742844952512,47.277,2666,,Center,891.9271,811.5908,48.57385,,-24.99613,-8.318263,48.57385,28.47306
1742844952552,47.30512,2667,,Center,893.4435,817.6475,48.53792,,-24.93701,-7.972895,48.53792,28.3417
1742844952594,47.34578,2668,,Center,873.6353,813.1506,48.83923,,-25.62593,-8.275763,48.83923,28.87157
1742844952622,47.38706,2669,,Center,660.7236,808.1716,49.78968,,-31.97737,-8.722863,49.78968,33.65231
1742844952650,47.41431,2670,,Center,697.2588,807.4187,49.93811,,-31.06539,-8.792299,49.93811,32.88321
1742844952677,47.4416,2671,,Center,725.4509,804.7729,49.96463,,-30.30419,-8.949449,49.96463,32.3096
1742844952707,47.46799,2672,,Center,758.4876,806.0162,49.8943,,-29.35147,-8.865284,49.8943,31.57159
1742844952737,47.49777,2673,,Center,745.2849,804.9361,49.93745,,-29.74086,-8.935244,49.93745,31.87582
1742844952765,47.52729,2674,,Center,693.6827,798.3037,49.94154,,-31.16612,-9.318148,49.94154,33.07811
1742844952784,47.55539,2675,,Center,597.1276,797.009,49.25515,,-33.36349,-9.263724,49.25515,35.1067
1742844952806,47.57493,2676,,Center,617.7583,796.0136,49.47378,,-32.94806,-9.361662,49.47378,34.69606
1742844952825,47.59772,2677,,Center,595.2724,796.4695,49.23465,,-33.40003,-9.29049,49.23465,35.15089
1742844952842,47.61595,2678,,Center,605.1801,796.1246,49.34701,,-33.20632,-9.331274,49.34701,34.95272
1742844952878,47.65199,2680,,Center,644.9388,791.2948,49.70746,,-32.35775,-9.676458,49.70746,34.19406
1742844952895,47.66965,2681,,Center,652.6836,789.8959,49.76027,,-32.17936,-9.767029,49.76027,34.05159
1742844952927,47.70152,2683,,Center,646.1957,786.3931,49.71488,,-32.32809,-9.95915,49.71488,34.23244
1742844952959,47.73388,2685,,Center,617.7523,784.3735,49.47466,,-32.9488,-10.02635,49.47466,34.84274
1742844952990,47.7651,2687,Eye Hit,Center,577.4872,783.5427,49.01359,Car1-Detailed,-33.73135,-9.979831,49.01359,35.66674
1742844953021,47.79589,2689,Eye Hit,Center,568.77,784.5572,48.89671,Car1-Detailed,-33.88625,-9.898771,48.89671,35.82854
1742844953051,47.82663,2691,Eye Hit,Center,583.8986,781.9419,49.09492,Car1-Detailed,-33.61354,-10.08704,49.09492,35.55825
1742844953083,47.85659,2693,Eye Hit,Center,598.0427,779.6395,49.26257,Car1-Detailed,-33.34362,-10.25246,49.26257,35.3034
1742844953097,47.87358,2694,Eye Hit,Center,602.4019,779.5648,49.31126,Car1-Detailed,-33.2579,-10.26674,49.31126,35.21649
1742844953129,47.90329,2696,Eye Hit,Center,620.5554,779.7917,49.49739,Car1-Detailed,-32.88735,-10.29266,49.49739,34.84586
1742844953159,47.93451,2698,Eye Hit,Center,626.369,779.3713,49.55061,Car1-Detailed,-32.76366,-10.32773,49.55061,34.73312
1742844953189,47.96415,2700,Eye Hit,Center,626.458,779.2333,49.55154,Car1-Detailed,-32.76186,-10.33586,49.55154,34.73318
1742844953220,47.9942,2702,Eye Hit,Center,637.1188,770.8083,49.62775,Car1-Detailed,-32.52013,-10.83413,49.62775,34.63243
1742844953251,48.02662,2704,Eye Hit,Center,641.1535,768.328,49.65376,Car1-Detailed,-32.42657,-10.98187,49.65376,34.58582
1742844953281,48.05649,2706,Eye Hit,Center,647.8714,765.0187,49.69436,Car1-Detailed,-32.26876,-11.18061,49.69436,34.49752
1742844953311,48.0863,2708,Eye Hit,Center,650.7537,765.0494,49.71403,Car1-Detailed,-32.20243,-11.18332,49.71404,34.43854
1742844953343,48.11691,2710,Eye Hit,Center,653.7603,765.3199,49.73455,Car1-Detailed,-32.13316,-11.17238,49.73455,34.37337
1742844953357,48.13381,2711,Eye Hit,Center,652.9116,764.8529,49.72823,Car1-Detailed,-32.15239,-11.1977,49.72823,34.39755
1742844953388,48.16148,2713,Eye Hit,Center,646.0985,765.6775,49.68534,Car1-Detailed,-32.31154,-11.14085,49.68534,34.52386
1742844953417,48.19215,2715,Eye Hit,Center,636.1323,758.8523,49.59147,Car1-Detailed,-32.52337,-11.51046,49.59147,34.82584
1742844953448,48.22271,2717,Eye Hit,Center,624.5115,749.4094,49.45879,Car1-Detailed,-32.75368,-12.01851,49.45879,35.1998
1742844953479,48.25469,2719,Eye Hit,Center,607.0861,746.5999,49.27581,Car1-Detailed,-33.10656,-12.13381,49.27581,35.58622
1742844953509,48.28417,2721,Eye Hit,Center,605.1818,744.6249,49.24646,Jeep3-Detailed,-33.13861,-12.23874,49.24646,35.65335
1742844953539,48.31416,2723,Eye Hit,Center,602.1957,749.561,49.23422,Jeep3-Detailed,-33.21155,-11.95529,49.23422,35.63813
1742844953571,48.34517,2725,Eye Hit,Center,599.3718,739.9657,49.15985,Jeep3-Detailed,-33.23802,-12.48164,49.15985,35.83765
1742844953601,48.37593,2727,Eye Hit,Center,597.5512,737.6365,49.12756,Jeep3-Detailed,-33.26558,-12.60537,49.12756,35.90869
1742844953631,48.40802,2729,Eye Hit,Center,601.8911,736.4612,49.16929,Jeep3-Detailed,-33.17601,-12.68284,49.16929,35.84261
1742844953663,48.43737,2731,,Center,664.1957,729.7944,49.64244,,-31.78764,-13.18667,49.64244,34.73136
1742844953692,48.46856,2733,,Center,666.3649,732.3751,49.66845,,-31.74481,-13.04579,49.66845,34.64449
1742844953724,48.49923,2735,,Center,665.9457,733.4274,49.67236,,-31.75881,-12.98637,49.67237,34.63488
1742844953754,48.52866,2737,,Center,664.5599,736.5742,49.68232,,-31.80319,-12.80855,49.68232,34.60941
1742844953785,48.56046,2739,,Center,664.4108,738.258,49.6908,,-31.8127,-12.71425,49.6908,34.58432
1742844953816,48.58976,2741,,Center,661.6108,736.4629,49.66647,,-31.87391,-12.81091,49.66647,34.66988
1742844953846,48.62031,2743,,Center,662.8795,736.8093,49.67571,,-31.84504,-12.79339,49.6757,34.63889
1742844953878,48.65217,2745,,Center,661.3696,739.9743,49.68388,,-31.89168,-12.61411,49.68388,34.61647
1742844953908,48.6832,2747,,Center,660.7083,739.5906,49.67858,,-31.90643,-12.63476,49.67858,34.63598
1742844953940,48.71439,2749,Eye Hit,Center,615.1444,740.7375,49.32936,Car1-Detailed,-32.92307,-12.48064,49.32936,35.51772
1742844953970,48.74586,2751,Eye Hit,Center,613.3874,744.8582,49.33115,Car1-Detailed,-32.97213,-12.24661,49.33115,35.4888
1742844954002,48.77643,2753,Eye Hit,Center,613.0698,746.1048,49.33361,Car1-Detailed,-32.98241,-12.17629,49.33361,35.47606
1742844954033,48.80916,2755,Eye Hit,Center,610.13,746.0521,49.30369,Car1-Detailed,-33.04243,-12.17171,49.30369,35.53462
1742844954064,48.8386,2757,Eye Hit,Center,608.884,746.1227,49.29111,Car1-Detailed,-33.06791,-12.16467,49.29111,35.55807
1742844954094,48.8699,2759,Eye Hit,Center,607.8467,745.9168,49.27955,Car1-Detailed,-33.08838,-12.17346,49.27955,35.58154
1742844954126,48.90062,2761,Eye Hit,Center,605.155,745.1932,49.248,Car1-Detailed,-33.14038,-12.20681,49.248,35.64528
1742844954157,48.93105,2763,Eye Hit,Center,605.3391,748.0725,49.26237,Car1-Detailed,-33.14504,-12.0467,49.26237,35.59844
1742844954187,48.96254,2765,Eye Hit,Center,605.6513,746.3764,49.25847,Car1-Detailed,-33.13393,-12.14214,49.25847,35.61773
1742844954218,48.99231,2767,Eye Hit,Center,609.5186,746.7809,49.30077,Car1-Detailed,-33.05712,-12.12963,49.30077,35.53567
1742844954249,49.02305,2769,Eye Hit,Center,606.8593,745.5997,49.26765,Car1-Detailed,-33.10724,-12.18856,49.26765,35.60572
1742844954280,49.05472,2771,Eye Hit,Center,589.8394,731.4399,49.0048,Car1-Detailed,-33.3911,-12.92419,49.0048,36.15348
1742844954310,49.08506,2773,Eye Hit,Center,590.8478,731.4138,49.01663,Car1-Detailed,-33.37187,-12.92882,49.01663,36.13451
1742844954341,49.11604,2775,Eye Hit,Center,592.8612,728.9398,49.02623,Car1-Detailed,-33.32392,-13.07142,49.02623,36.13459
1742844954372,49.14722,2777,Eye Hit,Center,593.8143,731.7829,49.05344,Car1-Detailed,-33.3166,-12.91774,49.05344,36.07166
1742844954403,49.17867,2779,Eye Hit,Center,598.7014,731.1742,49.10578,Car1-Detailed,-33.21965,-12.96601,49.10578,35.98697
1742844954435,49.21002,2781,Eye Hit,Center,600.8974,729.9023,49.12288,Car1-Detailed,-33.17165,-13.04266,49.12288,35.96471
1742844954465,49.24086,2783,Eye Hit,Center,603.2512,728.9314,49.14269,Car1-Detailed,-33.12117,-13.10285,49.14269,35.93471
1742844954497,49.2723,2785,Eye Hit,Center,602.036,730.5649,49.13872,Car1-Detailed,-33.15146,-13.00919,49.13872,35.93221
1742844954529,49.30335,2787,Eye Hit,Center,600.3657,736.212,49.15082,Car1-Detailed,-33.20495,-12.69215,49.15083,35.87606
1742844954560,49.33479,2789,Eye Hit,Center,594.2133,750.0683,49.14325,Car1-Detailed,-33.36676,-11.90452,49.14325,35.7874
1742844954591,49.36711,2791,Eye Hit,Center,592.817,751.1561,49.1309,Jeep3-Detailed,-33.39625,-11.83987,49.1309,35.79892
1742844954623,49.39692,2793,Eye Hit,Center,592.8173,749.7953,49.12543,Jeep3-Detailed,-33.39254,-11.91558,49.12543,35.81873
1742844954638,49.41365,2794,Eye Hit,Center,594.8636,749.9382,49.1501,Car1-Detailed,-33.35378,-11.91349,49.1501,35.77654
1742844954669,49.44376,2796,Eye Hit,Center,595.2566,750.4766,49.1561,Jeep3-Detailed,-33.34718,-11.88439,49.15611,35.76095
1742844954700,49.47481,2798,Eye Hit,Center,596.823,754.7397,49.1894,Jeep3-Detailed,-33.32722,-11.65056,49.1894,35.66831
1742844954732,49.50708,2800,Eye Hit,Center,599.5785,754.4443,49.21972,Car1-Detailed,-33.2729,-11.67446,49.21972,35.61825
1742844954763,49.53766,2802,Eye Hit,Center,599.999,754.7217,49.22556,Car1-Detailed,-33.2654,-11.66007,49.22556,35.60593
1742844954793,49.56847,2804,Eye Hit,Center,600.3085,755.4827,49.23186,Jeep3-Detailed,-33.26126,-11.61836,49.23186,35.58885
1742844954824,49.6004,2806,Eye Hit,Center,600.7881,757.2853,49.24343,Jeep3-Detailed,-33.25603,-11.51872,49.24343,35.55347
1742844954855,49.62877,2808,Eye Hit,Center,601.3856,756.2876,49.2468,Jeep3-Detailed,-33.24206,-11.57605,49.2468,35.55593
1742844954870,49.64555,2809,Eye Hit,Center,604.7245,755.6371,49.28159,Jeep3-Detailed,-33.17469,-11.62127,49.28159,35.4993
1742844954900,49.67551,2811,Eye Hit,Center,605.3381,755.1462,49.28616,Jeep3-Detailed,-33.16108,-11.65035,49.28616,35.49432
1742844954931,49.70736,2813,Eye Hit,Center,669.1501,733.2395,49.68801,Car1-Detailed,-31.6809,-13.00127,49.68801,34.57455
1742844954962,49.73761,2815,Eye Hit,Center,668.4576,732.1008,49.67831,Car1-Detailed,-31.69371,-13.06411,49.67831,34.60772
1742844954993,49.76881,2817,Eye Hit,Center,669.1227,733.5765,49.69001,Car1-Detailed,-31.68293,-12.98246,49.69001,34.56936
1742844955025,49.80143,2819,Eye Hit,Center,671.8754,732.7678,49.6987,Car1-Detailed,-31.61295,-13.03117,49.6987,34.52853
1742844955056,49.83054,2821,Eye Hit,Center,672.0886,734.0443,49.70711,Car1-Detailed,-31.61244,-12.96019,49.70712,34.50251
1742844955089,49.86168,2823,Eye Hit,Center,672.4137,734.0533,49.70869,Car1-Detailed,-31.60452,-12.96003,49.70869,34.49588
1742844955105,49.88023,2824,Eye Hit,Center,674.5072,733.5715,49.7154,Car1-Detailed,-31.55132,-12.98946,49.7154,34.46249
1742844955136,49.91078,2826,Eye Hit,Center,675.1772,734.62,49.72419,Car1-Detailed,-31.53851,-12.93163,49.72419,34.43126
1742844955166,49.94149,2828,Eye Hit,Center,675.6239,735.1845,49.72898,Car1-Detailed,-31.52929,-12.90044,49.72898,34.41272
1742844955198,49.97266,2830,Eye Hit,Center,627.8851,748.4692,49.48149,Car1-Detailed,-32.67654,-12.07762,49.48149,35.14722
1742844955228,50.0035,2832,Eye Hit,Center,627.7936,751.7886,49.49391,Car1-Detailed,-32.68724,-11.8911,49.49392,35.09849
1742844955260,50.03485,2834,Eye Hit,Center,626.6411,753.2028,49.48917,Car1-Detailed,-32.71561,-11.80916,49.48917,35.10011
1742844955291,50.06644,2836,Eye Hit,Center,626.6752,752.2161,49.48596,Car1-Detailed,-32.71255,-11.86484,49.48595,35.11432
1742844955322,50.09637,2838,Eye Hit,Center,626.1342,752.426,49.48212,Car1-Detailed,-32.72479,-11.85184,49.48212,35.12188
1742844955353,50.12737,2840,Eye Hit,Center,625.9483,752.3845,49.48036,Car1-Detailed,-32.72871,-11.85387,49.48036,35.12623
1742844955385,50.16024,2842,Eye Hit,Center,629.735,753.1891,49.51652,Car1-Detailed,-32.6491,-11.81663,49.51652,35.03869
1742844955416,50.19051,2844,Eye Hit,Center,631.6396,753.4245,49.53357,Car1-Detailed,-32.60826,-11.8071,49.53357,34.99711
1742844955447,50.22232,2846,Eye Hit,Center,631.9266,753.7661,49.5372,Car1-Detailed,-32.60281,-11.7885,49.5372,34.98626
1742844955479,50.2538,2848,Eye Hit,Center,633.5352,754.1821,49.552,Car1-Detailed,-32.56853,-11.76821,49.552,34.94781
1742844955510,50.28509,2850,Eye Hit,Center,633.6566,755.7248,49.55853,Car1-Detailed,-32.5695,-11.68165,49.55853,34.9222
1742844955526,50.30202,2851,Eye Hit,Center,633.5382,756.5479,49.56035,Car1-Detailed,-32.57394,-11.635,49.56035,34.91223
1742844955558,50.33329,2853,Eye Hit,Center,634.093,756.8216,49.5659,Car1-Detailed,-32.5624,-11.62061,49.5659,34.89702
1742844955591,50.3642,2855,Eye Hit,Center,633.3159,761.6574,49.57463,Car1-Detailed,-32.58941,-11.34599,49.57463,34.84107
1742844955607,50.3817,2856,Eye Hit,Center,633.3716,756.799,49.55986,Car1-Detailed,-32.57818,-11.62053,49.55987,34.91182
1742844955623,50.39913,2857,Eye Hit,Center,632.054,757.3983,49.55088,Car1-Detailed,-32.60832,-11.58402,49.55088,34.92925
1742844955654,50.42922,2859,Eye Hit,Center,703.7239,732.0562,49.79434,Car1-Detailed,-30.79821,-13.09709,49.79434,33.90551
1742844955684,50.45972,2861,Eye Hit,Center,713.562,724.8342,49.76096,Car1-Detailed,-30.50728,-13.50307,49.76096,33.83974
1742844955718,50.48987,2863,Eye Hit,Center,710.9704,724.1213,49.7546,Car1-Detailed,-30.57458,-13.54215,49.7546,33.90453
1742844955733,50.50906,2864,Eye Hit,Center,709.042,724.2096,49.75345,Car1-Detailed,-30.62683,-13.53691,49.75344,33.94136
1742844955764,50.54112,2866,Eye Hit,Center,708.7946,725.1237,49.75923,Car1-Detailed,-30.63718,-13.4859,49.75924,33.92946
1742844955797,50.57148,2868,Eye Hit,Center,709.2787,726.6804,49.76969,Car1-Detailed,-30.63033,-13.39931,49.7697,33.89132
1742844955831,50.60608,2870,Eye Hit,Center,707.2095,726.8244,49.76825,Car1-Detailed,-30.6863,-13.39077,49.76825,33.93005
1742844955864,50.63766,2872,Eye Hit,Center,700.922,731.9068,49.78909,Car1-Detailed,-30.87198,-13.10425,49.78909,33.9643
1742844955898,50.6706,2874,Eye Hit,Center,693.9126,739.9832,49.81749,Car1-Detailed,-31.08239,-12.64747,49.81749,33.96418
1742844955915,50.6881,2875,Eye Hit,Center,695.0704,739.035,49.81541,Car1-Detailed,-31.04924,-12.70148,49.81541,33.95714
1742844955931,50.70571,2876,Eye Hit,Center,692.7775,739.328,49.81108,Car1-Detailed,-31.1096,-12.68346,49.81108,33.99826
1742844955962,50.73819,2878,Eye Hit,Center,692.2275,737.5113,49.79999,Car1-Detailed,-31.11779,-12.78513,49.79998,34.0406
1742844955997,50.77192,2880,Eye Hit,Center,689.9201,738.6147,49.79918,Car1-Detailed,-31.18073,-12.72147,49.79918,34.06798
1742844956030,50.80592,2882,Eye Hit,Center,691.3165,742.7138,49.82339,Car1-Detailed,-31.15747,-12.49197,49.82339,33.97004
1742844956066,50.83764,2884,Eye Hit,Center,689.3182,744.9738,49.82795,Car1-Detailed,-31.2153,-12.36329,49.82795,33.97241
1742844956082,50.85606,2885,Eye Hit,Center,692.9818,744.3105,49.83516,Car1-Detailed,-31.11903,-12.4031,49.83516,33.90941
1742844956115,50.88759,2887,Eye Hit,Center,696.0344,743.7913,49.84037,Car1-Detailed,-31.03828,-12.43425,49.84037,33.85638
1742844956131,50.90661,2888,Eye Hit,Center,695.4449,743.7503,49.83875,Car1-Detailed,-31.05349,-12.43633,49.83875,33.86905
1742844956165,50.94026,2890,Eye Hit,Center,697.7689,743.0044,49.84043,Car1-Detailed,-30.99058,-12.47951,49.84044,33.83462
1742844956199,50.97295,2892,Eye Hit,Center,700.4296,744.4574,49.85265,Car1-Detailed,-30.92495,-12.39909,49.85265,33.75599
1742844956232,51.0049,2894,Eye Hit,Center,629.9161,775.9464,49.57714,Car1-Detailed,-32.68412,-10.52918,49.57714,34.70736
1742844956248,51.02222,2895,Eye Hit,Center,589.7687,787.4507,49.17175,Jeep3-Detailed,-33.50677,-9.790329,49.17175,35.37154
1742844956266,51.03891,2896,Eye Hit,Center,590.46,787.1872,49.17984,Jeep3-Detailed,-33.49352,-9.806939,49.17984,35.36085
1742844956282,51.05584,2897,Eye Hit,Center,588.6719,787.8894,49.15849,Jeep3-Detailed,-33.52751,-9.762746,49.15849,35.38827
1742844956297,51.07302,2898,Eye Hit,Center,589.1536,787.918,49.16426,Jeep3-Detailed,-33.51837,-9.762396,49.16426,35.37823
1742844956332,51.10641,2900,Eye Hit,Center,589.8145,789.0167,49.17253,Jeep3-Detailed,-33.50607,-9.701571,49.17253,35.35138
1742844956365,51.1397,2902,Eye Hit,Center,595.746,784.0668,49.24035,Jeep3-Detailed,-33.39103,-9.996333,49.24035,35.29312
1742844956399,51.1726,2904,Eye Hit,Center,597.7264,786.4185,49.26451,Jeep3-Detailed,-33.35355,-9.867432,49.26451,35.22349
1742844956416,51.18961,2905,Eye Hit,Center,600.4754,787.0686,49.29607,Jeep3-Detailed,-33.30009,-9.836893,49.29608,35.15968
1742844956432,51.20631,2906,Eye Hit,Center,600.824,788.0164,49.30021,Jeep3-Detailed,-33.2934,-9.783746,49.30021,35.14076
1742844956465,51.23855,2908,Eye Hit,Center,601.02,790.2323,49.30296,Jeep3-Detailed,-33.28992,-9.658276,49.30296,35.10932
1742844956498,51.27327,2910,Eye Hit,Center,610.4706,791.0156,49.40458,Jeep3-Detailed,-33.10076,-9.633524,49.40458,34.90703
1742844956532,51.30568,2912,Eye Hit,Center,613.7651,791.3502,49.43835,Jeep3-Detailed,-33.03346,-9.620873,49.43835,34.83548
1742844956563,51.3385,2914,Eye Hit,Center,616.1298,789.3848,49.46169,Jeep3-Detailed,-32.98449,-9.73768,49.46169,34.81176
1742844956596,51.37092,2916,Eye Hit,Center,618.384,788.3868,49.48335,Jeep3-Detailed,-32.93734,-9.79895,49.48335,34.77831
1742844956628,51.40435,2918,Eye Hit,Center,618.7101,790.2209,49.48702,Jeep3-Detailed,-32.93087,-9.694893,49.48702,34.7484
1742844956660,51.43614,2920,Eye Hit,Center,623.0073,790.6566,49.52748,Jeep3-Detailed,-32.8403,-9.677896,49.52748,34.65475
1742844956694,51.4689,2922,Eye Hit,Center,622.8391,790.5054,49.52584,Jeep3-Detailed,-32.8438,-9.686255,49.52584,34.66013
1742844956726,51.50059,2924,Eye Hit,Center,621.7458,790.5029,49.51593,Jeep3-Detailed,-32.86713,-9.684511,49.51594,34.68262
1742844956757,51.53323,2926,Eye Hit,Center,618.9078,790.7967,49.48931,Jeep3-Detailed,-32.927,-9.662498,49.48932,34.73711
1742844956791,51.56506,2928,Eye Hit,Center,616.5517,789.5798,49.46646,Jeep3-Detailed,-32.97614,-9.727485,49.46646,34.80067
1742844956824,51.59741,2930,Eye Hit,Center,616.3962,788.7878,49.46489,Jeep3-Detailed,-32.97934,-9.772274,49.46489,34.81384
1742844956840,51.61464,2931,Eye Hit,Center,617.1879,791.1464,49.47314,Jeep3-Detailed,-32.96322,-9.63934,49.47314,34.76796
1742844956858,51.63132,2932,Eye Hit,Center,613.3559,791.3254,49.4351,Jeep3-Detailed,-33.04247,-9.621745,49.4351,34.84418
1742844956874,51.64854,2933,Eye Hit,Center,615.2538,793.5975,49.45394,Jeep3-Detailed,-33.00323,-9.495811,49.45394,34.77716
1742844956891,51.66542,2934,Eye Hit,Center,612.269,794.887,49.42362,Jeep3-Detailed,-33.06445,-9.416459,49.42362,34.82256
1742844956924,51.69757,2936,Eye Hit,Center,608.4636,797.8747,49.38299,Jeep3-Detailed,-33.14101,-9.238417,49.38299,34.86449
1742844956942,51.71498,2937,Eye Hit,Center,603.7273,799.4184,49.33118,Jeep3-Detailed,-33.23524,-9.140848,49.33118,34.94329
1742844956960,51.73276,2938,Eye Hit,Center,595.3149,799.5831,49.2361,Jeep3-Detailed,-33.39985,-9.113832,49.2361,35.11345
1742844956976,51.75059,2939,Eye Hit,Center,613.4116,819.7557,49.3991,Jeep3-Detailed,-33.01687,-7.994129,49.3991,34.5156
1742844956992,51.76735,2940,Eye Hit,Center,606.1886,820.5867,49.32198,Jeep3-Detailed,-33.16201,-7.934432,49.32198,34.65746
1742844957028,51.80275,2942,,Center,727.0078,937.2849,48.97742,,-29.66333,-1.283761,48.97742,31.22508
1742844957061,51.83632,2944,,Center,749.3224,965.88,48.52628,,-28.79226,0.3292975,48.52628,30.6837
1742844957098,51.87258,2946,,Center,747.7553,967.3523,48.50707,,-28.82283,0.4115133,48.50707,30.72128
1742844957133,51.90578,2948,,Center,733.8046,965.1019,48.5681,,-29.23317,0.2858515,48.5681,31.04497
1742844957151,51.92391,2949,,Center,738.8353,967.3096,48.52615,,-29.07313,0.4092591,48.52615,30.9293
1742844957168,51.94201,2950,,Center,734.3008,964.19,48.58112,,-29.2277,0.2347852,48.58113,31.03305
1742844957203,51.97668,2952,Eye Hit,Center,747.3647,985.7587,48.20649,NorthCarSignal,-28.65462,1.432874,48.20649,30.75928
1742844957222,51.99382,2953,Eye Hit,Center,749.1091,986.5643,48.1885,NorthCarSignal,-28.59751,1.477006,48.1885,30.72056
1742844957239,52.01266,2954,Eye Hit,Center,742.4592,979.4925,48.3222,NorthCarSignal,-28.85426,1.086819,48.3222,30.86025
1742844957256,52.02949,2955,Eye Hit,Center,741.1534,979.1033,48.33149,NorthCarSignal,-28.89466,1.065269,48.33149,30.88996
1742844957276,52.04618,2956,Eye Hit,Center,727.8282,965.3299,48.57018,NorthCarSignal,-29.39469,0.2986503,48.57018,31.18365
1742844957295,52.06766,2957,Eye Hit,Center,721.3636,958.917,48.67126,NorthCarSignal,-29.62957,-0.06091654,48.67126,31.33183
1742844957311,52.08608,2958,Eye Hit,Center,711.9344,958.1191,48.68127,NorthCarSignal,-29.8891,-0.1056898,48.68127,31.54905
1742844957334,52.1034,2959,Eye Hit,Center,699.2538,947.2137,48.82376,NorthCarSignal,-30.3184,-0.7204213,48.82376,31.84656
1742844957351,52.12623,2960,Eye Hit,Center,702.7473,942.1279,48.90129,NorthCarSignal,-30.27222,-1.008474,48.90129,31.7737
1742844957367,52.14594,2961,Eye Hit,Center,698.2796,937.8196,48.95189,NorthCarSignal,-30.42429,-1.252837,48.95188,31.88331
1742844957416,52.18014,2963,Eye Hit,Center,672.2302,921.9774,49.07075,NorthCarSignal,-31.2039,-2.152886,49.07076,32.51376
1742844957445,52.20989,2964,Eye Hit,Center,666.6166,918.4288,49.08684,NorthCarSignal,-31.36627,-2.354702,49.08684,32.65149
1742844957469,52.23885,2965,Eye Hit,Center,657.7566,915.4857,49.0736,NorthDiagonalPole,-31.59784,-2.520683,49.0736,32.85973
1742844957506,52.26392,2966,Eye Hit,Center,645.6597,900.2586,49.16118,NorthCarSignal,-31.98257,-3.388958,49.16118,33.19303
1742844957545,52.30066,2967,Eye Hit,Center,635.1307,894.9882,49.13535,NorthCarSignal,-32.2514,-3.685962,49.13535,33.45081
1742844957585,52.33863,2968,Eye Hit,Center,612.8398,886.6367,49.01411,NorthCarSignal,-32.77504,-4.149161,49.01411,33.98087
1742844957613,52.37817,2969,Eye Hit,Center,590.5619,883.5691,48.79929,NorthCarSignal,-33.23161,-4.303732,48.79929,34.47631
1742844957654,52.40631,2970,Eye Hit,Center,556.3376,887.2739,48.31975,NorthCarSignal,-33.81807,-4.054987,48.31975,35.17979
1742844957697,52.44727,2971,,Center,531.6426,883.4683,47.97152,,-34.2284,-4.236392,47.97152,35.7146
1742844957741,52.49028,2972,,Center,817.0775,820.0378,49.48814,,-27.51171,-7.9925,49.48814,30.06696
1742844957783,52.53518,2973,,Center,803.3188,797.095,49.64173,,-27.97419,-9.331518,49.64173,30.71231
1742844957825,52.57601,2974,Eye Hit,Center,797.9398,794.5237,49.68449,NorthWalkingPole,-28.14584,-9.48681,49.68449,30.8712
1742844957867,52.61835,2975,Eye Hit,Center,762.399,790.1413,49.89314,NorthWalkingPole,-29.24304,-9.779037,49.89314,31.71677
1742844957909,52.66021,2976,,Center,754.2949,787.9618,49.92356,,-29.48425,-9.910487,49.92356,31.92531
1742844957939,52.70324,2977,Eye Hit,Center,775.5938,778.5831,49.82305,NorthWalkingSignal,-28.839,-10.42975,49.82305,31.6131
1742844957979,52.73106,2978,Eye Hit,Center,789.2922,776.7338,49.7386,NorthWalkingSignal,-28.41396,-10.51832,49.7386,31.34772
1742844958022,52.77272,2979,,Center,786.4482,777.8938,49.75938,,-28.50396,-10.45609,49.75938,31.38993
1742844958050,52.8148,2980,Eye Hit,Center,768.6581,780.4438,49.86173,NorthWalkingSignal,-29.05233,-10.33075,49.86173,31.7326
1742844958092,52.8446,2981,Eye Hit,Center,749.4774,776.8543,49.93024,NorthWalkingSignal,-29.621,-10.5518,49.93024,32.20128
1742844958133,52.88434,2982,Eye Hit,Center,731.0154,786.6987,49.97583,NorthWalkingSignal,-30.15744,-9.993693,49.97583,32.44457
1742844958175,52.92618,2983,Eye Hit,Center,702.9507,791.4675,49.9688,NorthWalkingSignal,-30.92745,-9.717427,49.9688,32.97421
1742844958204,52.96897,2984,Eye Hit,Center,687.994,794.2718,49.93222,NorthWalkingSignal,-31.31713,-9.548791,49.93222,33.25284
1742844958245,52.9963,2985,Eye Hit,Center,649.1109,803.4627,49.73187,NorthWalkingSignal,-32.25909,-8.982886,49.73187,33.95394
1742844958274,53.03843,2986,Eye Hit,Center,612.9771,813.4265,49.40924,NorthWalkingSignal,-33.03551,-8.356722,49.40924,34.59288
1742844958301,53.06783,2987,,Center,592.816,814.7408,49.18422,,-33.43253,-8.24398,49.18422,34.99593
1742844958329,53.09322,2988,,Center,634.5131,801.9187,49.62093,,-32.58705,-9.051433,49.62093,34.27767
1742844958357,53.12199,2989,,Center,682.8829,768.7322,49.88367,,-31.42745,-11.0095,49.88367,33.72526
1742844958386,53.14928,2990,,Center,691.13,736.1522,49.78431,,-31.13816,-12.85915,49.78431,34.08611
1742844958426,53.17881,2991,,Center,595.5322,749.0477,49.14941,,-33.33515,-11.96376,49.14941,35.77647
1742844958468,53.21954,2992,,Center,608.0416,758.7213,49.32251,,-33.11192,-11.45537,49.32251,35.38903
1742844958509,53.26083,2993,,Center,636.4075,762.8973,49.59596,,-32.51878,-11.27993,49.59596,34.76064
1742844958538,53.30391,2994,,Center,649.7202,763.4817,49.69571,,-32.21892,-11.26906,49.69571,34.4827
1742844958579,53.33223,2995,,Center,585.4485,771.2972,49.0943,,-33.5711,-10.68996,49.0943,35.66471
1742844958620,53.37283,2996,,Center,585.5189,780.3647,49.10871,,-33.57904,-10.17923,49.10871,35.54568
1742844958662,53.41278,2997,,Center,586.1689,788.6159,49.12183,,-33.57039,-9.714237,49.12183,35.42989
1742844958704,53.45529,2998,,Center,649.8708,791.1144,49.73623,,-32.24105,-9.692498,49.73623,34.09407
1742844958733,53.49603,2999,,Center,767.3177,761.8625,49.81873,,-29.06415,-11.39008,49.81873,32.07117
1742844958764,53.52484,3000,,Center,785.0572,758.8944,49.71383,,-28.51605,-11.5364,49.71383,31.74783
1742844958795,53.55495,3001,Eye Hit,Center,782.5625,752.9159,49.70961,Car1-Detailed,-28.58209,-11.87826,49.70961,31.90876
1742844958823,53.58588,3002,Eye Hit,Center,750.7546,757.1359,49.86996,Car1-Detailed,-29.55006,-11.67383,49.86996,32.50141
1742844958850,53.61423,3003,Eye Hit,Center,772.001,750.7561,49.76242,Car1-Detailed,-28.90263,-12.01503,49.76242,32.16986
1742844958869,53.64075,3004,Eye Hit,Center,763.7828,750.3959,49.79868,Car1-Detailed,-29.14963,-12.04449,49.79868,32.34812
1742844958890,53.65915,3005,Eye Hit,Center,792.2453,750.1851,49.63989,Car1-Detailed,-28.27663,-12.01801,49.63989,31.75542
1742844958909,53.68081,3006,Eye Hit,Center,821.1239,748.8237,49.39759,SportCar3-Detailed,-27.35102,-12.03698,49.39759,31.1714
1742844958926,53.70016,3007,Eye Hit,Center,815.0073,749.0614,49.45475,SportCar3-Detailed,-27.54967,-12.03733,49.45475,31.29633
1742844958964,53.73708,3009,Eye Hit,Center,792.2435,756.5468,49.66463,Car1-Detailed,-28.29078,-11.65949,49.66463,31.63792
1742844958981,53.75432,3010,Eye Hit,Center,805.5676,756.027,49.56318,SportCar3-Detailed,-27.86838,-11.66536,49.56318,31.36451
1742844958998,53.77152,3011,Eye Hit,Center,803.6161,757.6523,49.58403,SportCar3-Detailed,-27.93353,-11.5774,49.58404,31.37598
1742844959032,53.80624,3013,Eye Hit,Center,801.5612,761.741,49.61285,SportCar3-Detailed,-28.00605,-11.35001,49.61285,31.34507
1742844959066,53.84031,3015,Eye Hit,Center,816.2786,759.8141,49.48301,SportCar3-Detailed,-27.53068,-11.43036,49.48301,31.06534
1742844959099,53.87396,3017,Eye Hit,Center,808.3533,760.3083,49.55446,SportCar3-Detailed,-27.78726,-11.41849,49.55446,31.2259
1742844959132,53.90751,3019,Eye Hit,Center,798.649,763.3741,49.64112,SportCar3-Detailed,-28.10183,-11.26294,49.64112,31.37795
1742844959165,53.94052,3021,Eye Hit,Center,797.8234,764.4399,49.65072,Car1-Detailed,-28.12988,-11.20393,49.65072,31.37652
1742844959200,53.97432,3023,Eye Hit,Center,802.2134,763.6099,49.61515,Car1-Detailed,-27.98949,-11.24341,49.61515,31.29733
1742844959233,54.00824,3025,Eye Hit,Center,806.2601,763.3342,49.58212,Car1-Detailed,-27.86009,-11.25181,49.58213,31.21557
1742844959253,54.02533,3026,Eye Hit,Center,809.0887,758.9286,49.54578,Car1-Detailed,-27.76228,-11.49551,49.54578,31.23565
1742844959270,54.04383,3027,Eye Hit,Center,812.1855,758.7523,49.51859,Car1-Detailed,-27.66239,-11.49921,49.51859,31.17271
1742844959287,54.06133,3028,Eye Hit,Center,809.7425,755.8071,49.53019,Car1-Detailed,-27.73567,-11.67025,49.53019,31.27978
1742844959308,54.07829,3029,Eye Hit,Center,816.2046,755.9368,49.47363,Car1-Detailed,-27.52749,-11.64937,49.47363,31.13953
1742844959325,54.09938,3030,Eye Hit,Center,815.7307,755.7692,49.47744,Car1-Detailed,-27.54256,-11.6599,49.47744,31.15283
1742844959350,54.11657,3031,Eye Hit,Center,817.5524,755.504,49.45985,Car1-Detailed,-27.48303,-11.67085,49.45985,31.11896
1742844959368,54.14118,3032,Eye Hit,Center,821.5101,754.7692,49.41989,Car1-Detailed,-27.35283,-11.70346,49.41989,31.04851
1742844959392,54.15822,3033,Eye Hit,Center,825.8257,753.579,49.37353,Car1-Detailed,-27.20952,-11.76028,49.37353,30.97921
1742844959409,54.18225,3034,Eye Hit,Center,824.7676,752.2051,49.37917,Car1-Detailed,-27.24148,-11.8398,49.37917,31.02828
1742844959434,54.20073,3035,Eye Hit,Center,832.2409,751.5801,49.3006,Car1-Detailed,-26.99472,-11.8565,49.30059,30.88113
1742844959452,54.2248,3036,Eye Hit,Center,836.7753,748.8145,49.24134,Car1-Detailed,-26.839,-11.99948,49.24134,30.83912
1742844959474,54.2425,3037,Eye Hit,Center,843.544,748.077,49.16271,Car1-Detailed,-26.61241,-12.02214,49.16271,30.70968
1742844959494,54.26537,3038,Eye Hit,Center,838.8203,746.1764,49.20804,Car1-Detailed,-26.76529,-12.14116,49.20804,30.84843
1742844959517,54.28439,3039,Eye Hit,Center,849.4916,745.8427,49.08347,Car1-Detailed,-26.40835,-12.12933,49.08347,30.62834
1742844959535,54.30764,3040,Eye Hit,Center,851.9275,745.6555,49.05326,Car1-Detailed,-26.32613,-12.13235,49.05326,30.58028
1742844959553,54.32564,3041,Eye Hit,Center,855.5748,745.6141,49.008,Car1-Detailed,-26.20314,-12.12358,49.008,30.50343
1742844959573,54.34349,3042,Eye Hit,Center,860.6178,743.8889,48.93645,Car1-Detailed,-26.02865,-12.20333,48.93645,30.43181
1742844959590,54.36382,3043,Eye Hit,Center,861.2163,744.2042,48.93005,Car1-Detailed,-26.00907,-12.18382,48.93005,30.41244
1742844959608,54.38107,3044,Eye Hit,Center,862.7687,744.845,48.91268,Car1-Detailed,-25.95792,-12.14347,48.91268,30.36604
1742844959628,54.39893,3045,Eye Hit,Center,866.0807,743.0651,48.86112,Car1-Detailed,-25.84121,-12.23095,48.86112,30.33272
1742844959646,54.41878,3046,Eye Hit,Center,866.0095,743.5622,48.86422,Car1-Detailed,-25.84478,-12.20377,48.86422,30.32382
1742844959664,54.43697,3047,Eye Hit,Center,866.8974,742.2385,48.84639,Car1-Detailed,-25.8114,-12.27385,48.84639,30.33278
1742844959684,54.45523,3048,Eye Hit,Center,864.3228,740.3594,48.87187,Car1-Detailed,-25.89433,-12.38614,48.87187,30.42727
1742844959701,54.47578,3049,Eye Hit,Center,864.62,738.3316,48.85818,Car1-Detailed,-25.87905,-12.49712,48.85818,30.46417
1742844959739,54.51004,3051,Eye Hit,Center,866.0222,732.2529,48.80832,Car1-Detailed,-25.81485,-12.82677,48.80832,30.56584
1742844959758,54.53028,3052,Eye Hit,Center,866.175,732.7223,48.80882,Car1-Detailed,-25.811,-12.80046,48.80882,30.5524
1742844959775,54.54834,3053,Eye Hit,Center,865.069,732.6638,48.82318,Car1-Detailed,-25.84841,-12.80738,48.82318,30.57687
1742844959795,54.56638,3054,Eye Hit,Center,865.1174,729.6311,48.80577,Car1-Detailed,-25.83789,-12.97373,48.80577,30.64219
1742844959813,54.58577,3055,Eye Hit,Center,864.5509,721.3746,48.76343,Car1-Detailed,-25.83073,-13.42696,48.76343,30.83743
1742844959831,54.60469,3056,Eye Hit,Center,864.7685,720.074,48.75221,Car1-Detailed,-25.81893,-13.49714,48.75221,30.86226
1742844959851,54.62154,3057,Eye Hit,Center,865.222,719.7634,48.74434,Car1-Detailed,-25.80256,-13.51226,48.74434,30.85984
1742844959869,54.64191,3058,Eye Hit,Center,866.063,718.3027,48.72365,Car1-Detailed,-25.76898,-13.58869,48.72365,30.87559
1742844959886,54.65955,3059,Eye Hit,Center,866.1396,713.8619,48.69222,Car1-Detailed,-25.75029,-13.82955,48.69222,30.97558
1742844959906,54.67661,3060,Eye Hit,Center,866.4776,710.9075,48.66672,Car1-Detailed,-25.72773,-13.9881,48.66672,31.03683
1742844959924,54.69717,3061,Eye Hit,Center,864.6321,712.7848,48.70464,Car1-Detailed,-25.7974,-13.89346,48.70464,31.03115
1742844959941,54.71513,3062,,Center,839.5182,857.6084,49.0979,,-26.68646,-5.800883,49.0979,29.08407
1742844959962,54.73258,3063,,Center,839.5021,855.8049,49.10914,,-26.69301,-5.904496,49.10914,29.10396
1742844959979,54.75278,3064,Eye Hit,Center,827.01,945.6882,48.35135,SouthCarSignal,-26.61459,-0.7984874,48.35135,28.84111
1742844959997,54.77044,3065,Eye Hit,Center,827.7187,944.1595,48.36547,SouthCarSignal,-26.60344,-0.8841428,48.36547,28.82637
1742844960018,54.78808,3066,Eye Hit,Center,828.3193,944.5417,48.35469,SouthCarSignal,-26.58148,-0.8625518,48.35469,28.81115
1742844960035,54.80927,3067,Eye Hit,Center,828.8071,943.0201,48.37062,SouthCarSignal,-26.5772,-0.9477047,48.37062,28.80193
1742844960074,54.84394,3069,Eye Hit,Center,828.8357,936.186,48.46018,SouthCarSignal,-26.62565,-1.331578,48.46018,28.81608
1742844960091,54.86427,3070,Eye Hit,Center,827.5687,934.9098,48.48859,SouthCarSignal,-26.67519,-1.403744,48.48859,28.85013
1742844960109,54.88189,3071,Eye Hit,Center,826.9105,931.2726,48.54058,SouthCarSignal,-26.72143,-1.60913,48.54058,28.87646
1742844960129,54.89965,3072,Eye Hit,Center,825.1458,929.1719,48.58366,SouthCarSignal,-26.79247,-1.728246,48.58366,28.92578
1742844960148,54.92089,3073,Eye Hit,Center,823.6085,925.0728,48.64769,SouthCarSignal,-26.86907,-1.960627,48.64769,28.97716
1742844960165,54.93882,3074,Eye Hit,Center,822.123,925.8538,48.65211,SouthCarSignal,-26.91142,-1.917014,48.65211,29.01018
1742844960184,54.95561,3075,Eye Hit,Center,820.4043,927.4552,48.64822,SouthCarSignal,-26.95543,-1.826849,48.64822,29.04603
1742844960203,54.9755,3076,Eye Hit,Center,819.47,929.0312,48.63732,SouthCarSignal,-26.97447,-1.73813,48.63732,29.06332
1742844960220,54.99358,3077,,Center,862.1938,822.7465,48.97925,,-26.00879,-7.757103,48.97925,28.99219
1742844960240,55.01159,3078,,Center,860.7287,823.8696,48.99497,,-26.05676,-7.696225,48.99497,29.01006
1742844960258,55.03105,3079,Eye Hit,Center,864.4578,697.6989,48.58801,Jeep3-Detailed,-25.7403,-14.70613,48.58801,31.38873
1742844960275,55.04807,3080,Eye Hit,Center,866.6423,697.8215,48.56034,Jeep3-Detailed,-25.66708,-14.69089,48.56034,31.34205
1742844960296,55.06633,3081,Eye Hit,Center,867.147,700.6714,48.57728,Jeep3-Detailed,-25.6625,-14.53629,48.57728,31.26388
1742844960314,55.08665,3082,Eye Hit,Center,867.5505,700.0361,48.56668,Jeep3-Detailed,-25.64608,-14.56869,48.56668,31.27089
1742844960332,55.10519,3083,Eye Hit,Center,869.2217,700.3989,48.54737,Jeep3-Detailed,-25.59108,-14.54252,48.54737,31.22861
1742844960348,55.12238,3084,Eye Hit,Center,871.1901,701.324,48.52851,Jeep3-Detailed,-25.5284,-14.48505,48.52851,31.16689
1742844960383,55.1557,3086,Eye Hit,Center,874.2819,698.2983,48.46138,Jeep3-Detailed,-25.41036,-14.63415,48.46138,31.17738
1742844960401,55.17381,3087,Eye Hit,Center,875.6735,698.3304,48.44235,Jeep3-Detailed,-25.36316,-14.62675,48.44235,31.14873
1742844960418,55.19095,3088,Eye Hit,Center,874.47,697.6476,48.45341,Jeep3-Detailed,-25.40116,-14.66817,48.45341,31.18937
1742844960435,55.2088,3089,Eye Hit,Center,876.9821,697.6298,48.41828,Jeep3-Detailed,-25.31559,-14.65863,48.41828,31.13946
1742844960453,55.22564,3090,Eye Hit,Center,875.6929,696.7911,48.42912,Jeep3-Detailed,-25.35572,-14.70865,48.42912,31.18561
1742844960470,55.24365,3091,Eye Hit,Center,876.9511,697.1637,48.41465,Jeep3-Detailed,-25.31451,-14.68357,48.41465,31.15141
1742844960491,55.26064,3092,Eye Hit,Center,881.3184,698.8131,48.36673,Jeep3-Detailed,-25.17284,-14.57698,48.36673,31.02364
1742844960509,55.28118,3093,Eye Hit,Center,880.3899,699.5179,48.38591,Jeep3-Detailed,-25.20762,-14.54326,48.38591,31.02512
1742844960526,55.29998,3094,Eye Hit,Center,883.0651,700.3908,48.35452,Jeep3-Detailed,-25.11986,-14.48513,48.35452,30.95007
1742844960544,55.31681,3095,Eye Hit,Center,883.3129,700.6464,48.3531,Jeep3-Detailed,-25.1125,-14.4705,48.3531,30.93888
1742844960561,55.33517,3096,Eye Hit,Center,890.5991,702.6465,48.2613,Jeep3-Detailed,-24.87067,-14.33165,48.2613,30.743
1742844960578,55.35201,3097,Eye Hit,Center,892.0856,703.436,48.24514,Jeep3-Detailed,-24.82276,-14.28286,48.24514,30.69361
1742844960596,55.36951,3098,Eye Hit,Center,899.8383,706.5178,48.14887,Jeep3-Detailed,-24.56714,-14.08317,48.14887,30.4608
1742844960614,55.38787,3099,Eye Hit,Center,823.3962,716.5228,49.19798,Jeep3-Detailed,-27.17878,-13.82212,49.19798,31.78952
1742844960630,55.4054,3100,Eye Hit,Center,839.9238,723.4573,49.07248,Jeep3-Detailed,-26.66165,-13.39412,49.07248,31.3004
1742844960666,55.43975,3102,Eye Hit,Center,856.1498,727.5452,48.90648,Jeep3-Detailed,-26.13334,-13.11823,48.90648,30.8751
1742844960686,55.4571,3103,Eye Hit,Center,879.3453,733.0301,48.62658,Jeep3-Detailed,-25.36106,-12.73522,48.62658,30.26833
1742844960704,55.47704,3104,Eye Hit,Center,899.9177,737.3012,48.33706,Jeep3-Detailed,-24.66103,-12.42117,48.33706,29.73716
1742844960721,55.49471,3105,Eye Hit,Center,901.3391,741.3485,48.33364,Jeep3-Detailed,-24.62135,-12.19461,48.33364,29.61655
1742844960742,55.51282,3106,Eye Hit,Center,903.5753,740.6613,48.29459,NorthSidewalk,-24.54184,-12.22307,48.29459,29.58395
1742844960761,55.53744,3107,Eye Hit,Center,930.5925,742.7071,47.84096,NorthSidewalk,-23.59772,-11.9953,47.84096,28.95675
1742844960777,55.55453,3108,Eye Hit,Center,791.5547,724.4042,49.51126,NorthSidewalk,-28.22224,-13.45987,49.51126,32.27344
1742844960798,55.57835,3109,Eye Hit,Center,842.4312,732.2169,49.09461,NorthSidewalk,-26.60571,-12.90386,49.09461,31.06067
1742844960839,55.60652,3110,Eye Hit,Center,770.5919,721.8944,49.61298,NorthSidewalk,-28.85443,-13.63117,49.61298,32.75003
1742844960874,55.63718,3111,,Center,773.3171,726.1341,49.6263,,-28.78751,-13.39194,49.6263,32.61039
1742844960907,55.66769,3112,,Center,706.7104,742.7391,49.8445,,-30.74705,-12.49594,49.8445,33.65792
1742844960946,55.7012,3113,,Center,713.7847,764.5851,49.93217,,-30.60611,-11.25906,49.93217,33.14908
1742844960988,55.73901,3114,,Center,779.7492,765.8857,49.76582,,-28.69171,-11.14694,49.76582,31.73747
1742844961021,55.78186,3115,,Center,828.9975,768.9529,49.37886,,-27.126,-10.88547,49.37886,30.6224
1742844961063,55.81447,3116,,Center,892.2787,773.3951,48.57037,,-24.98492,-10.45841,48.57037,29.14643
1742844961096,55.85554,3117,,Center,730.4735,766.1982,49.93686,,-30.14886,-11.16735,49.93686,32.77448
1742844961123,55.88756,3118,Eye Hit,Center,712.8694,760.4507,49.92476,Car3-Detailed,-30.62679,-11.49564,49.92476,33.23478
1742844961153,55.91574,3119,Eye Hit,Center,722.3538,760.1663,49.92771,MicroBus5-Detailed,-30.36716,-11.5127,49.92771,33.04261
1742844961183,55.94611,3120,Eye Hit,Center,745.7233,753.9499,49.87444,MicroBus5-Detailed,-29.69127,-11.85809,49.87444,32.6616
1742844961211,55.97573,3121,Eye Hit,Center,766.0602,746.1335,49.77363,MicroBus5-Detailed,-29.0724,-12.28317,49.77363,32.37819
1742844961239,56.00438,3122,Eye Hit,Center,746.0691,743.4362,49.83181,Car3-Detailed,-29.65638,-12.45265,49.83181,32.84085
1742844961268,56.03178,3123,,Center,706.178,767.3921,49.94068,,-30.82107,-11.09924,49.94068,33.26295
1742844961296,56.06015,3124,,Center,624.1766,794.6276,49.53602,,-32.81398,-9.452612,49.53601,34.58098
1742844961324,56.08786,3125,,Center,622.7501,792.0349,49.52355,,-32.84472,-9.598341,49.52355,34.64268
1742844961352,56.11629,3126,,Center,650.7223,787.5082,49.74637,,-32.22423,-9.901505,49.74636,34.12393
1742844961382,56.14481,3127,,Center,677.6732,777.9747,49.88345,,-31.57079,-10.4774,49.88345,33.69668
1742844961409,56.17413,3128,,Center,697.5667,773.4074,49.93969,,-31.05787,-10.75249,49.93969,33.34988
1742844961437,56.20161,3129,,Center,713.4362,774.8112,49.96481,,-30.63572,-10.67689,49.96481,32.99629
1742844961464,56.22932,3130,Eye Hit,Center,711.1808,840.3055,49.86338,NorthWalkingSignal,-30.63563,-6.886889,49.86338,32.19962
1742844961492,56.25672,3131,Eye Hit,Center,726.2906,844.3724,49.84557,NorthWalkingSignal,-30.20887,-6.650562,49.84557,31.82217
1742844961520,56.28439,3132,Eye Hit,Center,743.2742,842.7006,49.83003,NorthWalkingSignal,-29.7322,-6.744667,49.83002,31.45964
1742844961548,56.31236,3133,Eye Hit,Center,753.4388,840.1423,49.81431,NorthWalkingSignal,-29.44327,-6.889422,49.81431,31.25882
1742844961576,56.3406,3134,Eye Hit,Center,762.6631,830.927,49.81952,NorthWalkingSignal,-29.19263,-7.420002,49.81952,31.15714
1742844961604,56.3695,3135,Eye Hit,Center,770.6155,828.7778,49.79151,NorthWalkingSignal,-28.95761,-7.539294,49.79152,31.0044
1742844961632,56.39611,3136,Eye Hit,Center,781.1922,825.0059,49.747,NorthWalkingSignal,-28.64123,-7.749082,49.74701,30.81346
1742844961660,56.42391,3137,,Center,776.1982,827.5624,49.76715,,-28.79005,-7.605462,49.76715,30.89378
1742844961688,56.45288,3138,,Center,604.3649,891.5482,48.88135,,-32.91497,-3.861012,48.88135,34.13655
1742844961715,56.48013,3139,,Center,553.6741,898.3064,48.17976,,-33.79094,-3.429926,48.17976,35.18212
1742844961742,56.50786,3140,,Center,576.2665,899.4244,48.4785,,-33.39577,-3.388509,48.4785,34.6993
1742844961770,56.53506,3141,Eye Hit,Center,589.9799,902.7112,48.61432,NorthDiagonalPole,-33.12127,-3.213669,48.61432,34.39188
1742844961798,56.56204,3142,Eye Hit,Center,616.8408,903.4922,48.89067,NorthDiagonalPole,-32.58449,-3.187917,48.89067,33.80859
1742844961826,56.58999,3143,,Center,640.613,898.7069,49.13858,,-32.1048,-3.475315,49.13858,33.31167
1742844961854,56.61989,3144,Eye Hit,Center,646.2401,893.6822,49.22723,NorthDiagonalPole,-32.00977,-3.76703,49.22723,33.21407
1742844961882,56.64667,3145,Eye Hit,Center,571.351,872.7521,48.63845,NorthDiagonalPole,-33.63797,-4.896634,48.63845,34.94897
1742844961909,56.67538,3146,Eye Hit,Center,602.5888,869.04,49.04424,NorthDiagonalPole,-33.07275,-5.14759,49.04424,34.31215
1742844961936,56.70221,3147,Eye Hit,Center,594.686,866.4363,48.97476,NorthDiagonalPole,-33.23958,-5.287509,48.97476,34.49847
1742844961964,56.72903,3148,,Center,614.6381,866.0853,49.19093,,-32.84443,-5.330733,49.19093,34.0756
1742844961992,56.75636,3149,Eye Hit,Center,650.7223,860.4146,49.52607,NorthDiagonalPole,-32.08153,-5.691071,49.52607,33.34027
1742844962021,56.78473,3150,Eye Hit,Center,637.788,851.173,49.48924,NorthDiagonalPole,-32.41108,-6.214675,49.48924,33.69703
1742844962049,56.81362,3151,Eye Hit,Center,654.3557,850.986,49.60771,NorthDiagonalPole,-32.03491,-6.240157,49.60771,33.341
1742844962076,56.84113,3152,,Center,643.9227,846.7755,49.56034,,-32.28979,-6.47506,49.56034,33.60386
1742844962104,56.86876,3153,,Center,627.571,845.0099,49.43855,,-32.65676,-6.559849,49.43855,33.97001
1742844962132,56.89547,3154,Eye Hit,Center,642.6853,835.1787,49.60518,NorthCarSignal,-32.35289,-7.144734,49.60518,33.73985
1742844962163,56.92342,3155,Eye Hit,Center,651.5462,837.0966,49.65892,NorthCarSignal,-32.145,-7.042592,49.65892,33.5312
1742844962191,56.95415,3156,Eye Hit,Center,668.4763,832.9967,49.7734,NorthCarSignal,-31.75386,-7.294268,49.7734,33.20814
1742844962218,56.98254,3157,Eye Hit,Center,677.0385,819.7008,49.85652,NorthCarSignal,-31.57122,-8.071393,49.85653,33.16898
1742844962237,57.00793,3158,Eye Hit,Center,679.7703,819.8472,49.86736,NorthCarSignal,-31.50287,-8.064584,49.86736,33.10856
1742844962255,57.02733,3159,Eye Hit,Center,682.6744,816.6982,49.88606,NorthCarSignal,-31.43469,-8.248955,49.88606,33.08282
1742844962273,57.04461,3160,Eye Hit,Center,688.905,813.6183,49.91377,NorthCarSignal,-31.28046,-8.430997,49.91378,32.98575
1742844962290,57.06307,3161,Eye Hit,Center,691.1171,814.2446,49.91914,NorthCarSignal,-31.22284,-8.395722,49.91914,32.93057
1742844962307,57.08012,3162,Eye Hit,Center,693.3979,815.3101,49.9224,NorthCarSignal,-31.16204,-8.334951,49.9224,32.86861
1742844962323,57.09732,3163,Eye Hit,Center,694.986,815.0815,49.92713,NorthCarSignal,-31.1212,-8.348883,49.92713,32.8371
1742844962354,57.12843,3165,Eye Hit,Center,700.2925,813.9801,49.94092,NorthCarSignal,-30.98348,-8.414634,49.94092,32.73597
1742844962386,57.16077,3167,Eye Hit,Center,710.7579,814.8195,49.95401,NorthCarSignal,-30.70298,-8.368435,49.95401,32.49901
1742844962416,57.1907,3169,Eye Hit,Center,711.1108,817.686,49.94728,NorthCarSignal,-30.6891,-8.202118,49.94728,32.45619
1742844962446,57.22079,3171,Eye Hit,Center,717.9948,818.4224,49.94862,NorthCarSignal,-30.50008,-8.159839,49.94862,32.29716
1742844962476,57.25158,3173,Eye Hit,Center,721.179,821.3845,49.94037,NorthCarSignal,-30.40726,-7.9878,49.94036,32.19162
1742844962506,57.28108,3175,Eye Hit,Center,724.3455,821.7587,49.93816,NorthCarSignal,-30.3186,-7.965918,49.93816,32.11768
1742844962536,57.31156,3177,Eye Hit,Center,728.7012,821.7944,49.93514,NorthCarSignal,-30.19669,-7.963352,49.93514,32.02157
1742844962565,57.34102,3179,Eye Hit,Center,733.2267,823.0364,49.92693,NorthCarSignal,-30.06698,-7.890608,49.92693,31.9069
1742844962596,57.37122,3181,Eye Hit,Center,733.3372,822.5703,49.92813,NorthCarSignal,-30.06466,-7.917666,49.92813,31.91013
1742844962625,57.40096,3183,Eye Hit,Center,740.2145,827.0273,49.9025,NorthCarSignal,-29.85974,-7.656987,49.9025,31.70453
1742844962655,57.43,3185,Eye Hit,Center,749.4045,830.0046,49.86959,NorthCarSignal,-29.58703,-7.480539,49.86959,31.46483
1742844962685,57.45989,3187,Eye Hit,Center,747.4105,831.893,49.86778,NorthCarSignal,-29.64086,-7.371645,49.86778,31.48726
1742844962714,57.48916,3189,Eye Hit,Center,746.9923,829.824,49.87637,NorthCarSignal,-29.65747,-7.492009,49.87637,31.52077
1742844962744,57.52042,3191,Eye Hit,Center,713.871,820.2431,49.94052,NorthCarSignal,-30.60885,-8.053739,49.94052,32.36518
1742844962774,57.55039,3193,,Center,534.0043,701.9704,48.01629,,-34.19773,-14.29644,48.01629,37.66605
1742844962804,57.58014,3195,,Center,440.1294,652.6047,45.79437,,-34.98871,-16.24337,45.79437,40.10945
1742844962836,57.61008,3197,,Center,457.5343,657.3586,46.20248,,-34.85656,-16.13468,46.20248,39.73793
1742844962865,57.64016,3199,,Center,467.0849,658.0645,46.4007,,-34.76143,-16.16621,46.4007,39.56384
1742844962894,57.67049,3201,,Center,489.4395,660.5453,46.85542,,-34.5238,-16.1904,46.85542,39.13922
1742844962925,57.69992,3203,,Center,508.0706,662.2363,47.20897,,-34.29869,-16.22053,47.20897,38.78808
1742844962955,57.72991,3205,Eye Hit,Center,530.3591,668.6828,47.65096,SW_Tree_10,-34.03343,-16.01793,47.65096,38.28668
1742844962984,57.75941,3207,Eye Hit,Center,561.2365,673.8157,48.16687,SW_Tree_10,-33.58078,-15.90602,48.16687,37.64767
1742844963014,57.78937,3209,Eye Hit,Center,577.6046,676.5676,48.41281,SW_Tree_10,-33.31475,-15.83357,48.41281,37.30396
1742844963044,57.81898,3211,,Center,594.1433,677.3481,48.61946,,-33.01301,-15.85739,48.61946,36.98992
1742844963073,57.84878,3213,Eye Hit,Center,607.9095,676.3535,48.75743,SW_Tree_30,-32.73613,-15.95819,48.75743,36.75734
1742844963102,57.87882,3215,Eye Hit,Center,599.618,674.4941,48.6512,SW_Tree_30,-32.88751,-16.02791,48.6512,36.94285
1742844963132,57.90789,3217,Eye Hit,Center,608.9415,676.7369,48.77173,SW_Tree_30,-32.71792,-15.94129,48.77172,36.73136
1742844963161,57.93829,3219,Eye Hit,Center,612.7542,753.2717,49.3559,SW_Tree_10,-33.00592,-11.77359,49.3559,35.37495
1742844963192,57.96758,3221,Eye Hit,Center,597.851,756.8365,49.20845,SW_Tree_10,-33.31221,-11.53587,49.20845,35.61792
1742844963222,57.99641,3223,Eye Hit,Center,597.8143,765.9023,49.23398,SW_Tree_10,-33.33048,-11.02687,49.23398,35.49144
1742844963251,58.02662,3225,Eye Hit,Center,628.8333,669.3923,48.87621,Truck1-Detailed,-32.25125,-16.38972,48.87621,36.50786
1742844963279,58.05459,3227,Eye Hit,Center,627.0798,667.2477,48.83741,Truck1-Detailed,-32.27292,-16.49762,48.83741,36.58133
1742844963309,58.0837,3229,Eye Hit,Center,626.2332,675.7038,48.92376,Truck1-Detailed,-32.35285,-16.0494,48.92376,36.43432
1742844963337,58.11309,3231,Eye Hit,Center,626.9314,675.458,48.92739,Truck1-Detailed,-32.3364,-16.0644,48.92739,36.42617
1742844963367,58.14216,3233,Eye Hit,Center,624.2538,676.8892,48.91929,Truck1-Detailed,-32.40335,-15.98093,48.91929,36.44812
1742844963396,58.17322,3235,Eye Hit,Center,620.3393,675.4631,48.86963,Truck1-Detailed,-32.47607,-16.04525,48.86963,36.54688
1742844963425,58.20172,3237,Eye Hit,Center,618.0793,676.2631,48.85745,Truck1-Detailed,-32.52894,-15.99614,48.85745,36.57316
1742844963455,58.23058,3239,Eye Hit,Center,619.4125,686.7639,48.97633,Truck1-Detailed,-32.57204,-15.44151,48.97633,36.35331
1742844963486,58.26106,3241,Eye Hit,Center,630.9885,704.5226,49.23666,Truck1-Detailed,-32.4305,-14.51479,49.23666,35.81523
1742844963517,58.2909,3243,Eye Hit,Center,629.0051,702.9042,49.2068,Truck1-Detailed,-32.46473,-14.59778,49.2068,35.88159
1742844963530,58.30833,3244,Eye Hit,Center,625.7188,702.7643,49.17711,Truck1-Detailed,-32.53435,-14.59685,49.17711,35.94625
1742844963560,58.33696,3246,Eye Hit,Center,614.3815,702.4255,49.0691,Truck1-Detailed,-32.77004,-14.58407,49.0691,36.16626
1742844963591,58.36694,3248,Eye Hit,Center,596.0111,704.8619,48.89502,Truck1-Detailed,-33.1497,-14.39486,48.89502,36.46954
1742844963610,58.3861,3249,Eye Hit,Center,570.377,707.8007,48.60025,Truck1-Detailed,-33.63767,-14.14326,48.60025,36.89998
1742844963641,58.41695,3251,Eye Hit,Center,537.907,713.6188,48.16531,Truck1-Detailed,-34.20008,-13.69332,48.16531,37.4108
1742844963658,58.4346,3252,Eye Hit,Center,506.592,715.4003,47.64489,Truck1-Detailed,-34.65429,-13.4474,47.64489,37.9609
1742844963697,58.4714,3254,,Center,413.5505,720.8992,45.75361,,-35.62897,-12.62334,45.75361,39.56163
1742844963736,58.50434,3256,,Center,306.2294,727.9019,43.13841,,-36.14854,-11.55328,43.13841,41.33887
1742844963752,58.52968,3257,,Center,458.1535,713.7518,46.69026,,-35.2086,-13.26683,46.69026,38.86348
1742844963792,58.57113,3259,Eye Hit,Center,520.6566,715.4498,47.89095,SportCar3-Detailed,-34.46138,-13.51411,47.89095,37.70159
1742844963831,58.59966,3260,Eye Hit,Center,550.3943,718.69,48.38911,SportCar3-Detailed,-34.02539,-13.47379,48.38911,37.09974
1742844963866,58.62703,3261,Eye Hit,Center,563.4693,734.7971,48.67213,SportCar3-Detailed,-33.87305,-12.648,48.67213,36.60777
1742844963901,58.65915,3262,,Center,540.1907,756.5963,48.41196,,-34.31418,-11.36263,48.41196,36.74667
1742844963940,58.69278,3263,,Center,406.472,749.2141,45.70732,,-35.77156,-11.11718,45.70732,39.3362
1742844963968,58.73385,3264,,Center,373.2748,742.5212,44.88917,,-35.954,-11.26494,44.88917,40.0082
1742844963998,58.76081,3265,,Center,407.7489,747.322,45.73193,,-35.75858,-11.22295,45.73193,39.33543
1742844964029,58.79019,3266,,Center,558.965,756.1619,48.69933,,-34.01308,-11.45441,48.69933,36.38916
1742844964059,58.82122,3267,,Center,589.8535,772.6271,49.15372,,-33.49219,-10.62751,49.15372,35.55935
1742844964090,58.85164,3268,,Center,618.7752,773.3428,49.46916,,-32.91721,-10.65477,49.46916,34.96888
1742844964120,58.88306,3269,,Center,667.6021,775.8853,49.83202,,-31.81532,-10.58674,49.83202,33.93544
1742844964149,58.91253,3270,,Center,611.6325,773.8528,49.3992,,-33.06546,-10.61067,49.3992,35.10612
1742844964177,58.94168,3271,,Center,636.1595,781.4765,49.63364,,-32.55027,-10.22442,49.63364,34.50475
1742844964205,58.97017,3272,,Center,631.4115,784.3611,49.59798,,-32.65691,-10.05209,49.59798,34.56367
1742844964232,58.99846,3273,,Center,584.4088,774.6913,49.09309,,-33.59846,-10.49737,49.09309,35.64083
1742844964274,59.0251,3274,,Center,584.3409,775.5431,49.09414,,-33.60101,-10.44945,49.09414,35.63115
1742844964303,59.06662,3275,,Center,684.5649,785.058,49.91634,,-31.40167,-10.07643,49.91634,33.45197
1742844964333,59.09349,3276,,Center,722.4576,790.1867,49.97886,,-30.39541,-9.793156,49.97886,32.57664
1742844964362,59.1243,3277,,Center,742.1782,795.019,49.95554,,-29.83731,-9.510178,49.95554,32.08289
1742844964390,59.15253,3278,,Center,760.5782,794.2104,49.89987,,-29.29715,-9.546026,49.89987,31.6953
1742844964409,59.18059,3279,,Center,838.1096,794.9107,49.31169,,-26.84102,-9.39362,49.31169,29.97141
1742844964431,59.19994,3280,,Center,810.5801,795.3223,49.58342,,-27.74255,-9.421937,49.58342,30.57884
1742844964449,59.22201,3281,Eye Hit,Center,847.8205,796.5384,49.20008,Jeep3-Detailed,-26.51648,-9.280021,49.20008,29.72655
1742844964467,59.23921,3282,Eye Hit,Center,839.0193,796.6663,49.30174,Jeep3-Detailed,-26.81084,-9.291861,49.30174,29.92234
1742844964484,59.25685,3283,Eye Hit,Center,852.2637,798.6801,49.14624,Jeep3-Detailed,-26.36691,-9.148381,49.14624,29.59114
1742844964500,59.2738,3284,Eye Hit,Center,836.0744,799.2772,49.33393,Jeep3-Detailed,-26.90857,-9.149446,49.33393,29.94646
1742844964518,59.29068,3285,Eye Hit,Center,820.0248,798.9679,49.49833,Jeep3-Detailed,-27.43684,-9.197496,49.49833,30.31116
1742844964533,59.30862,3286,Eye Hit,Center,816.2255,798.6308,49.53409,Jeep3-Detailed,-27.56055,-9.223413,49.53408,30.40127
1742844964564,59.33947,3288,Eye Hit,Center,800.3284,796.185,49.66966,Jeep3-Detailed,-28.07194,-9.388865,49.66966,30.79264
1742844964597,59.3712,3290,Eye Hit,Center,810.4694,792.1543,49.58768,Jeep3-Detailed,-27.74796,-9.603955,49.58768,30.63159
1742844964626,59.4016,3292,Eye Hit,Center,805.4289,791.416,49.62997,Jeep3-Detailed,-27.90974,-9.654376,49.62997,30.75481
1742844964657,59.4331,3294,Eye Hit,Center,813.6006,790.9679,49.5603,Jeep3-Detailed,-27.64697,-9.666533,49.5603,30.5814
1742844964687,59.46226,3296,Eye Hit,Center,801.4664,790.2682,49.66158,Jeep3-Detailed,-28.03617,-9.726441,49.66158,30.86054
1742844964718,59.49336,3298,Eye Hit,Center,798.9989,788.8574,49.67991,Jeep3-Detailed,-28.11419,-9.810768,49.6799,30.93734
1742844964748,59.52387,3300,Eye Hit,Center,798.1453,786.3709,49.6852,Jeep3-Detailed,-28.14061,-9.954539,49.6852,30.99621
1742844964779,59.55355,3302,Eye Hit,Center,796.4319,785.881,49.69768,Jeep3-Detailed,-28.19468,-9.985088,49.69769,31.04166
1742844964809,59.58509,3304,Eye Hit,Center,800.2239,784.5107,49.66872,Jeep3-Detailed,-28.07427,-10.05771,49.66872,30.98095
1742844964841,59.61564,3306,Eye Hit,Center,807.0148,783.9506,49.61386,Jeep3-Detailed,-27.85724,-10.07879,49.61386,30.84143
1742844964872,59.64617,3308,Eye Hit,Center,813.796,780.5201,49.55222,Jeep3-Detailed,-27.63712,-10.26228,49.55222,30.75039
1742844964903,59.67695,3310,Eye Hit,Center,825.8922,771.3159,49.4243,Jeep3-Detailed,-27.23569,-10.76068,49.4243,30.64715
1742844964933,59.70855,3312,Eye Hit,Center,839.2752,756.9593,49.2457,Jeep3-Detailed,-26.7734,-11.53766,49.2457,30.62566
1742844964964,59.73912,3314,,Center,841.1285,785.4043,49.2804,,-26.74185,-9.928328,49.2804,30.06392
1742844964996,59.77115,3316,Eye Hit,Center,747.8577,950.654,48.75949,SouthCarSignal,-28.97005,-0.5258525,48.75949,30.72046
1742844965027,59.80294,3318,Eye Hit,Center,739.5889,950.5602,48.77841,SouthCarSignal,-29.20397,-0.5312629,48.77841,30.91343
1742844965060,59.83535,3320,Eye Hit,Center,748.3279,937.2233,48.94431,SouthCarSignal,-29.06717,-1.286439,48.94431,30.72995
1742844965092,59.86722,3322,Eye Hit,Center,754.6587,929.6199,49.02495,SouthCarSignal,-28.94369,-1.718687,49.02495,30.60122
1742844965123,59.89719,3324,Eye Hit,Center,755.9348,929.2149,49.02552,SouthCarSignal,-28.90948,-1.741523,49.02552,30.57253
1742844965158,59.93143,3326,Eye Hit,Center,771.7783,912.1412,49.16422,SouthCarSignal,-28.56123,-2.715127,49.16422,30.26589
1742844965188,59.9624,3328,Eye Hit,Center,813.9219,917.3651,48.82224,SouthCarSignal,-27.22658,-2.40198,48.82224,29.24157
1742844965219,59.99365,3330,Eye Hit,Center,818.9603,920.2287,48.74478,SouthCarSignal,-27.04778,-2.236956,48.74478,29.1082
1742844965251,60.02444,3332,Eye Hit,Center,823.33,918.6526,48.72279,SouthCarSignal,-26.91804,-2.324601,48.72279,29.00966
1742844965266,60.04143,3333,Eye Hit,Center,823.5011,922.9725,48.67022,SouthCarSignal,-26.8844,-2.079433,48.67022,28.98771
1742844965298,60.07331,3335,,Center,823.7535,900.622,48.91095,,-27.01056,-3.35119,48.91095,29.09479
1742844965330,60.10492,3337,,Center,855.9296,731.0182,48.92718,,-26.15036,-12.92762,48.92718,30.80418
1742844965361,60.13598,3339,Eye Hit,Center,886.1627,686.712,48.18764,RoadEast,-24.95075,-15.19578,48.18764,31.22646
1742844965393,60.16935,3341,Eye Hit,Center,884.2122,687.3704,48.22154,RoadEast,-25.02023,-15.16987,48.22154,31.2485
1742844965426,60.20136,3343,Eye Hit,Center,880.7523,691.0094,48.3044,RoadEast,-25.15549,-14.99306,48.3044,31.22643
1742844965457,60.23264,3345,Eye Hit,Center,879.5682,696.8033,48.3719,RoadEast,-25.22227,-14.69072,48.37189,31.10774
1742844965490,60.26355,3347,Eye Hit,Center,880.7898,697.1702,48.35767,RoadEast,-25.18224,-14.66593,48.35767,31.0743
1742844965505,60.28032,3348,,Center,880.6011,702.7079,48.40639,,-25.21265,-14.3714,48.40639,30.94382
1742844965538,60.31259,3350,,Center,883.7525,704.4692,48.37511,,-25.11219,-14.26376,48.37511,30.8376
1742844965570,60.34365,3352,Eye Hit,Center,906.9303,719.7986,48.12568,Jeep3-Detailed,-24.36687,-13.33893,48.12568,29.99428
1742844965586,60.36045,3353,Eye Hit,Center,908.4211,721.0699,48.10825,Jeep3-Detailed,-24.31845,-13.26344,48.10825,29.93294
1742844965603,60.37738,3354,Eye Hit,Center,909.1804,722.3471,48.10309,Jeep3-Detailed,-24.29567,-13.19118,48.10309,29.88679
1742844965636,60.4101,3356,Eye Hit,Center,908.668,725.6528,48.13138,Jeep3-Detailed,-24.32357,-13.01534,48.13138,29.8195
1742844965668,60.44178,3358,Eye Hit,Center,908.1376,725.7342,48.14079,Jeep3-Detailed,-24.34242,-13.01329,48.14079,29.82869
1742844965685,60.45862,3359,Eye Hit,Center,909.3401,725.2721,48.11862,Jeep3-Detailed,-24.29927,-13.033,48.11862,29.81434
1742844965701,60.47579,3360,Eye Hit,Center,907.9547,726.1461,48.14608,Jeep3-Detailed,-24.34996,-12.99195,48.14608,29.82293
1742844965734,60.5087,3362,Eye Hit,Center,904.3235,726.6809,48.20876,Jeep3-Detailed,-24.47832,-12.97907,48.20876,29.88671
1742844965768,60.54165,3364,Eye Hit,Center,898.7578,727.6161,48.30292,Jeep3-Detailed,-24.67455,-12.95227,48.30292,29.98197
1742844965785,60.55851,3365,,Center,887.637,730.4459,48.49034,,-25.06802,-12.8442,48.49034,30.15137
1742844965801,60.57598,3366,,Center,885.3586,730.8831,48.52636,,-25.14767,-12.8293,48.52636,30.18951
1742844965838,60.60996,3368,,Center,879.5363,733.3157,48.62457,,-25.35488,-12.71875,48.62457,30.25801
1742844965854,60.62865,3369,Eye Hit,Center,879.5398,736.6056,48.64197,Jeep3-Detailed,-25.36386,-12.53868,48.64197,30.18556
1742844965887,60.66058,3371,Eye Hit,Center,877.3566,735.5279,48.66799,Jeep3-Detailed,-25.43609,-12.6059,48.66799,30.25536
1742844965921,60.69394,3373,,Center,870.8721,738.6509,48.77418,,-25.6662,-12.45757,48.77418,30.32485
1742844965937,60.71109,3374,,Center,870.2686,737.6769,48.77805,,-25.68449,-12.51346,48.77805,30.35864
1742844965971,60.74414,3376,,Center,862.8325,738.7288,48.88264,,-25.94025,-12.48099,48.88264,30.49355
1742844965986,60.7611,3377,,Center,861.8206,739.0686,48.89728,,-25.97535,-12.46552,48.89729,30.50773
1742844966021,60.79477,3379,,Center,858.29,738.8431,48.94139,,-26.09418,-12.48946,48.94139,30.58719
1742844966053,60.82751,3381,,Center,855.7095,738.7606,48.97343,,-26.18103,-12.5023,48.97344,30.64349
1742844966085,60.85948,3383,,Center,857.1254,742.7725,48.97444,,-26.14328,-12.27576,48.97444,30.52932
1742844966119,60.89188,3385,,Center,856.7187,743.729,48.98361,,-26.15918,-12.22405,48.98361,30.51809
1742844966135,60.90977,3386,,Center,856.4409,744.6615,48.99098,,-26.17062,-12.17319,48.99098,30.50467
1742844966167,60.9421,3388,,Center,855.6917,746.387,49.00762,,-26.19979,-12.07974,49.00762,30.48504
1742844966202,60.97741,3390,,Center,855.4935,749.4192,49.0224,,-26.21305,-11.9119,49.0224,30.42729
1742844966235,61.01011,3392,,Center,852.3645,750.8561,49.06709,,-26.32171,-11.84133,49.06709,30.4652
1742844966268,61.04153,3394,,Center,856.3002,752.2466,49.02343,,-26.19177,-11.75225,49.02343,30.35275
1742844966285,61.05909,3395,,Center,856.8937,751.0331,49.01186,,-26.16952,-11.8181,49.01186,30.36452
1742844966319,61.09124,3397,,Center,857.6323,749.4374,48.99664,,-26.14142,-11.90452,48.99664,30.38107
1742844966334,61.10934,3398,,Center,858.3239,748.9696,48.98586,,-26.11697,-11.92843,48.98586,30.37584
1742844966369,61.14267,3400,,Center,861.4093,749.1948,48.94719,,-26.01296,-11.90632,48.94719,30.30512
1742844966387,61.15949,3401,,Center,859.1769,749.9847,48.97935,,-26.09043,-11.86949,48.97936,30.33683
1742844966401,61.17725,3402,,Center,859.9869,750.2971,48.9701,,-26.0636,-11.84951,48.9701,30.31306
1742844966434,61.20813,3404,,Center,859.6896,751.2345,48.9778,,-26.07574,-11.79849,48.9778,30.3004
1742844966466,61.24105,3406,,Center,858.5179,751.6443,48.99452,,-26.11633,-11.77934,48.99452,30.31725
1742844966499,61.27338,3408,,Center,859.343,750.0989,48.97838,,-26.08542,-11.86271,48.97838,30.33092
1742844966532,61.30567,3410,,Center,860.9921,749.0593,48.95334,,-26.02751,-11.91548,48.95333,30.31685
1742844966564,61.33847,3412,,Center,862.0753,745.951,48.92669,,-25.98408,-12.08443,48.92669,30.35779
1742844966597,61.37091,3414,,Center,862.0903,745.6199,48.9253,,-25.98294,-12.10276,48.9253,30.36434
1742844966631,61.40519,3416,,Center,862.4648,747.1992,48.92734,,-25.9739,-12.01404,48.92734,30.32357
1742844966663,61.43745,3418,,Center,862.1376,747.2087,48.93173,,-25.98508,-12.01474,48.93172,30.33044
1742844966696,61.4709,3420,,Center,858.2161,748.4187,48.98722,,-26.12061,-11.95998,48.98722,30.38945
1742844966728,61.50268,3422,,Center,863.2786,748.4566,48.92213,,-25.94916,-11.94185,48.92213,30.28022
1742844966760,61.53679,3424,,Center,861.8161,748.1564,48.93987,,-25.99809,-11.96317,48.93987,30.31775
1742844966792,61.56792,3426,,Center,861.9905,744.7372,48.92324,,-25.98454,-12.15207,48.92324,30.38484
1742844966826,61.59935,3428,,Center,859.8644,745.0653,48.95228,,-26.05742,-12.14079,48.95227,30.42336
1742844966842,61.61654,3429,,Center,859.7873,746.1032,48.95751,,-26.06228,-12.08346,48.95751,30.40348
1742844966874,61.64809,3431,,Center,858.9789,746.5113,48.96956,,-26.09057,-12.06345,48.96957,30.41235
1742844966906,61.68122,3433,,Center,857.2261,746.3157,48.99085,,-26.14931,-12.07973,48.99086,30.4538
1742844966939,61.7135,3435,,Center,856.835,745.8904,48.99401,,-26.16159,-12.10441,48.99401,30.47086
1742844966972,61.7463,3437,,Center,855.3765,746.5676,49.01495,,-26.21223,-12.07145,49.01495,30.48809
1742844966988,61.76449,3438,,Center,855.0032,746.7153,49.02028,,-26.22519,-12.06434,49.02028,30.49301
1742844967021,61.79438,3440,,Center,854.5604,746.5172,49.02501,,-26.2397,-12.07673,49.02501,30.50653
1742844967038,61.81118,3441,,Center,854.0881,746.828,49.03223,,-26.25636,-12.06093,49.03223,30.51022
1742844967053,61.82818,3442,,Center,854.6089,746.1087,49.02263,,-26.23712,-12.09915,49.02263,30.51384
1742844967085,61.86002,3444,,Center,856.7447,746.2677,48.9965,,-26.16535,-12.08373,48.9965,30.46502
1742844967118,61.89132,3446,,Center,855.8288,750.7027,49.0257,,-26.20574,-11.84014,49.0257,30.39408
1742844967134,61.90931,3447,,Center,856.7646,750.7026,49.01398,,-26.17416,-11.83731,49.01398,30.374
1742844967167,61.94105,3449,,Center,857.5814,750.2993,49.00197,,-26.14563,-11.85722,49.00197,30.36466
1742844967202,61.97535,3451,,Center,861.1823,749.05,48.95092,,-26.02108,-11.91544,48.95092,30.31297
1742844967218,61.99231,3452,,Center,862.4156,748.6888,48.9334,,-25.97845,-11.93153,48.9334,30.29395
1742844967252,62.02446,3454,,Center,863.3704,749.0837,48.92233,,-25.94678,-11.90643,48.92233,30.2653
1742844967267,62.04274,3455,,Center,863.6259,749.9724,48.92244,,-25.93994,-11.85644,48.92244,30.24163
1742844967299,62.0735,3457,,Center,862.4821,751.2514,48.9422,,-25.98132,-11.78899,48.9422,30.24004
1742844967332,62.1081,3459,,Center,862.4722,750.8654,48.94088,,-25.98089,-11.81051,48.94088,30.24814
1742844967364,62.13907,3461,,Center,862.4498,751.3839,48.94327,,-25.98277,-11.78177,48.94327,30.23805
1742844967400,62.17356,3463,,Center,863.1768,751.2806,48.9337,,-25.95805,-11.78526,48.9337,30.22449
1742844967431,62.20702,3465,,Center,862.53,750.3522,48.93904,,-25.97835,-11.839,48.93904,30.25737
1742844967465,62.23915,3467,,Center,857.2275,745.5811,48.98828,,-26.14791,-12.12057,48.98829,30.4689
1742844967496,62.27162,3469,,Center,859.9126,739.8975,48.92854,,-26.04348,-12.42664,48.92854,30.53056
1742844967530,62.30375,3471,Eye Hit,Center,862.9125,738.7358,48.88392,Jeep5-Detailed,-25.93877,-12.48095,48.88391,30.49173
1742844967545,62.32073,3472,Eye Hit,Center,863.342,737.4002,48.8715,Jeep5-Detailed,-25.92059,-12.5531,48.8715,30.51113
1742844967579,62.35305,3474,Eye Hit,Center,868.7415,737.723,48.80129,Jeep5-Detailed,-25.73787,-12.51682,48.80128,30.38998
1742844967596,62.37026,3475,Eye Hit,Center,870.9382,737.41,48.76992,Jeep5-Detailed,-25.66217,-12.52644,48.76992,30.35025
1742844967628,62.4032,3477,Eye Hit,Center,872.0214,739.3489,48.76432,Jeep5-Detailed,-25.63006,-12.41582,48.76432,30.28547
1742844967663,62.43671,3479,,Center,877.2871,738.122,48.68502,,-25.44686,-12.46453,48.68502,30.20022
1742844967679,62.45345,3480,Eye Hit,Center,887.3624,739.2533,48.54336,Jeep5-Detailed,-25.10279,-12.36493,48.54336,29.96135
1742844967711,62.48487,3482,,Center,894.1415,740.0825,48.44403,,-24.87011,-12.29323,48.44403,29.79851
1742844967727,62.50221,3483,,Center,900.6179,741.6325,48.34951,,-24.64871,-12.18275,48.34951,29.62571
1742844967762,62.53755,3485,,Center,917.5591,743.354,48.0766,,-24.05989,-12.01862,48.0766,29.22326
1742844967794,62.5689,3487,,Center,918.1365,735.6171,48.0313,,-24.02191,-12.43603,48.0313,29.38717
1742844967829,62.60254,3489,,Center,931.8842,733.4222,47.77848,,-23.53282,-12.4916,47.77848,29.14533
1742844967846,62.62002,3490,,Center,939.3347,740.6355,47.67527,,-23.28588,-12.06778,47.67527,28.8161
1742844967863,62.63738,3491,,Center,943.9641,740.0046,47.58624,,-23.12076,-12.07992,47.58624,28.7311
1742844967895,62.66978,3493,,Center,959.6924,738.5196,47.27586,,-22.55944,-12.0821,47.27586,28.42734
1742844967930,62.70416,3495,Eye Hit,Center,999.3838,738.5822,46.44864,Jeep5-Detailed,-21.14684,-11.86732,46.44864,27.56744
1742844967962,62.73646,3497,,Center,1030.374,737.6078,45.74567,,-20.04409,-11.73921,45.74567,26.92055
1742844967998,62.77114,3499,,Center,984.5635,743.407,46.78954,,-21.68489,-11.69401,46.78954,27.76906
1742844968014,62.79113,3500,Eye Hit,Center,823.2736,743.9338,49.36288,NE_Tree_10,-27.27321,-12.30703,49.36288,31.22224
1742844968053,62.82978,3502,,Center,777.826,767.4186,49.79081,,-28.75899,-11.0644,49.79081,31.75206
1742844968081,62.8573,3503,,Center,850.1284,764.1406,49.14055,,-26.42179,-11.10586,49.14055,30.25266
1742844968116,62.88545,3504,,Center,871.6671,800.4256,48.89184,,-25.70665,-9.002545,48.89184,29.12199
1742844968153,62.91334,3505,,Center,765.4183,812.7573,49.85365,,-29.1368,-8.470291,49.85365,31.32644
1742844968190,62.94464,3506,,Center,762.2967,806.4654,49.87676,,-29.23626,-8.836293,49.87676,31.48153
1742844968217,62.98223,3507,,Center,725.5688,822.1327,49.93053,,-30.28025,-7.94319,49.93053,32.08632
1742844968246,63.00904,3508,,Center,754.1398,814.3533,49.89458,,-29.47141,-8.385316,49.89458,31.55478
1742844968278,63.03875,3509,,Center,789.5191,807.2167,49.73249,,-28.40423,-8.767662,49.73249,30.86805
1742844968310,63.07095,3510,,Center,821.9806,809.7312,49.46431,,-27.36456,-8.576788,49.46431,30.10323
1742844968339,63.10318,3511,,Center,792.6036,810.5962,49.70734,,-28.30523,-8.569447,49.70734,30.75105
1742844968367,63.13176,3512,,Center,715.2452,799.8463,49.97445,,-30.59173,-9.23525,49.97445,32.59621
1742844968396,63.15876,3513,,Center,699.4064,790.6501,49.9577,,-31.01834,-9.762334,49.9577,33.06079
1742844968425,63.18798,3514,,Center,728.7872,792.6452,49.97523,,-30.21856,-9.650808,49.97523,32.4057
1742844968453,63.21812,3515,,Center,723.2968,789.6127,49.97831,,-30.37192,-9.826233,49.97831,32.56701
1742844968482,63.24528,3516,,Center,742.9503,788.9434,49.95236,,-29.81413,-9.859614,49.95236,32.15519
1742844968509,63.27452,3517,,Center,678.5223,783.478,49.89029,,-31.55173,-10.16215,49.89029,33.60066
1742844968537,63.30285,3518,Eye Hit,Center,654.8647,787.722,49.77058,NorthWalkingSignal,-32.12609,-9.893978,49.77058,34.03515
1742844968565,63.32965,3519,Eye Hit,Center,642.0336,789.1307,49.68273,NorthWalkingSignal,-32.42134,-9.795788,49.68273,34.28239
1742844968594,63.35767,3520,Eye Hit,Center,655.1095,792.688,49.77331,NorthWalkingSignal,-32.12113,-9.609337,49.77331,33.96452
1742844968621,63.3861,3521,Eye Hit,Center,666.5432,786.0427,49.83728,NorthWalkingSignal,-31.84781,-10.00382,49.83728,33.81498
1742844968649,63.41327,3522,Eye Hit,Center,673.7256,787.847,49.87188,NorthWalkingSignal,-31.67216,-9.90689,49.87188,33.64032
1742844968676,63.44166,3523,Eye Hit,Center,666.357,778.897,49.82887,NorthWalkingSignal,-31.84755,-10.4129,49.82887,33.91824
1742844968704,63.46933,3524,Eye Hit,Center,674.2358,775.9366,49.86306,NorthWalkingSignal,-31.65252,-10.59049,49.86306,33.79749
1742844968732,63.49656,3525,Eye Hit,Center,690.17,772.56,49.91633,NorthWalkingSignal,-31.24719,-10.7962,49.91633,33.51662
1742844968760,63.52454,3526,Eye Hit,Center,709.6135,773.3239,49.95645,NorthWalkingSignal,-30.73603,-10.76087,49.95645,33.09929
1742844968788,63.5528,3527,Eye Hit,Center,720.0919,772.5192,49.96086,NorthWalkingSignal,-30.44972,-10.80832,49.96086,32.89187
1742844968817,63.58094,3528,Eye Hit,Center,747.3925,769.4744,49.91777,NorthWalkingSignal,-29.67106,-10.97437,49.91777,32.36462
1742844968844,63.60991,3529,,Center,747.7537,783.562,49.9385,,-29.67341,-10.16702,49.9385,32.13333
1742844968871,63.63777,3530,,Center,580.6223,843.3745,48.93338,,-33.59145,-6.585227,48.93339,34.9743
1742844968898,63.66332,3531,,Center,591.8314,850.1594,49.03722,,-33.35926,-6.215163,49.03722,34.68287
1742844968926,63.69093,3532,,Center,611.4841,849.8594,49.25495,,-32.97295,-6.259852,49.25495,34.27018
1742844968953,63.71916,3533,,Center,650.9736,842.6423,49.62333,,-32.13766,-6.719901,49.62333,33.49015
1742844968981,63.74756,3534,,Center,690.5884,838.0306,49.83216,,-31.18299,-7.013362,49.83216,32.6758
1742844969022,63.77442,3535,Eye Hit,Center,739.2753,837.6479,49.85805,Truck1-Detailed,-29.85901,-7.039082,49.85806,31.60385
1742844969063,63.81541,3536,Eye Hit,Center,733.8407,848.6224,49.81304,Truck1-Detailed,-29.9815,-6.401844,49.81305,31.61016
1742844969105,63.85558,3537,Eye Hit,Center,675.9189,850.2319,49.72047,Truck1-Detailed,-31.51579,-6.297581,49.72047,32.87823
1742844969146,63.89757,3538,Eye Hit,Center,699.8812,842.3282,49.83657,Truck1-Detailed,-30.93007,-6.766846,49.83657,32.42818
1742844969175,63.93996,3539,Eye Hit,Center,691.7599,841.6752,49.8211,Truck1-Detailed,-31.14384,-6.802368,49.8211,32.61317
1742844969216,63.96791,3540,Eye Hit,Center,678.9296,842.7026,49.77295,Truck1-Detailed,-31.46632,-6.736749,49.77295,32.88364
1742844969257,64.00919,3541,Eye Hit,Center,637.6523,836.0808,49.55834,Truck1-Detailed,-32.46006,-7.086364,49.55834,33.83843
1742844969286,64.04963,3542,Eye Hit,Center,634.3735,826.7751,49.5676,Truck1-Detailed,-32.55584,-7.619965,49.5676,34.00154
1742844969328,64.07822,3543,Eye Hit,Center,645.0056,830.0598,49.63677,Truck1-Detailed,-32.30991,-7.442389,49.63677,33.74182
1742844969357,64.11922,3544,Eye Hit,Center,655.0107,829.3179,49.70712,Truck1-Detailed,-32.08112,-7.495603,49.70712,33.53583
1742844969388,64.14839,3545,Eye Hit,Center,649.957,829.2103,49.67476,Truck1-Detailed,-32.19884,-7.49678,49.67476,33.64496
1742844969417,64.1791,3546,Eye Hit,Center,654.2303,830.0765,49.6988,Truck1-Detailed,-32.09716,-7.45074,49.6988,33.54461
1742844969445,64.20851,3547,,Center,593.0673,803.2632,49.20374,,-33.43896,-8.898933,49.20374,35.11704
1742844969472,64.23615,3548,,Center,587.45,803.2625,49.1361,,-33.54538,-8.8867,49.1361,35.23178
1742844969503,64.26357,3549,,Center,587.9971,811.1724,49.13203,,-33.52777,-8.437466,49.13203,35.13322
1742844969520,64.29376,3550,,Center,596.3613,812.4055,49.22953,,-33.36697,-8.384154,49.22953,34.94789
1742844969541,64.31212,3551,,Center,597.0067,815.0336,49.23074,,-33.35025,-8.23506,49.23074,34.90633
1742844969561,64.33216,3552,,Center,594.2657,813.8375,49.20165,,-33.405,-8.298141,49.20165,34.97567
1742844969584,64.35139,3553,,Center,600.2836,813.5699,49.2712,,-33.2885,-8.325102,49.2712,34.85434
1742844969602,64.38193,3554,,Center,600.4077,814.4548,49.27039,,-33.28459,-8.274772,49.27039,34.84228
1742844969644,64.41601,3556,Eye Hit,Center,677.5386,826.1263,49.83411,NorthCarSignal,-31.54327,-7.698198,49.83411,33.08596
1742844969667,64.4356,3557,Eye Hit,Center,680.2621,827.5816,49.83888,NorthCarSignal,-31.47134,-7.615279,49.83888,33.01119
1742844969685,64.45732,3558,Eye Hit,Center,682.7463,833.5281,49.82655,NorthCarSignal,-31.39521,-7.271456,49.82655,32.89355
1742844969702,64.47602,3559,Eye Hit,Center,684.9462,834.9981,49.82766,NorthCarSignal,-31.33539,-7.187031,49.82766,32.83029
1742844969740,64.51426,3561,Eye Hit,Center,694.8215,840.9232,49.83055,NorthCarSignal,-31.06553,-6.846817,49.83055,32.55357
1742844969778,64.54813,3563,Eye Hit,Center,708.0879,848.6817,49.81371,NorthCarSignal,-30.69018,-6.398514,49.81371,32.18411
1742844969795,64.56944,3564,Eye Hit,Center,720.4546,856.5677,49.77363,NorthCarSignal,-30.32563,-5.940524,49.77363,31.83412
1742844969829,64.60417,3566,,Center,730.4926,866.3217,49.70299,,-30.00715,-5.372578,49.70299,31.52203
1742844969866,64.63965,3568,Eye Hit,Center,582.551,776.6089,49.06441,NW_Tree_30,-33.62915,-10.38266,49.06441,35.65307
1742844969898,64.6737,3570,,Center,490.1002,737.6594,47.45152,,-34.9457,-12.17406,47.45152,37.94923
1742844969934,64.70815,3572,,Center,506.2943,736.0422,47.74695,,-34.73638,-12.33892,47.74695,37.66975
1742844969950,64.72535,3573,,Center,515.2219,745.0054,47.94859,,-34.64674,-11.89515,47.94859,37.37916
1742844969982,64.75619,3575,,Center,543.9713,742.5565,48.41837,,-34.21766,-12.14857,48.41837,36.86724
1742844970001,64.77316,3576,,Center,567.6667,747.5919,48.78762,,-33.84037,-11.95778,48.78762,36.34031
1742844970017,64.79128,3577,Eye Hit,Center,575.5792,739.4066,48.8602,Jeep2-Detailed,-33.67725,-12.43705,48.8602,36.30686
1742844970051,64.82347,3579,Eye Hit,Center,559.9208,727.3653,48.58137,SW_Tree_10,-33.90505,-13.04102,48.58138,36.78719
1742844970065,64.84073,3580,Eye Hit,Center,565.5798,728.8376,48.6694,SW_Tree_10,-33.81444,-12.98204,48.6694,36.65744
1742844970099,64.87397,3582,,Center,587.3785,727.1281,48.94489,,-33.41678,-13.15206,48.94489,36.26821
1742844970132,64.90627,3584,,Center,598.2152,723.8906,49.05313,,-33.1972,-13.36433,49.05313,36.11231
1742844970162,64.93768,3586,,Center,601.0892,734.8278,49.14966,,-33.18452,-12.7704,49.14965,35.88357
1742844970193,64.96861,3588,,Center,609.1369,736.9352,49.24746,,-33.03176,-12.67596,49.24746,35.6943
1742844970224,64.99972,3590,Eye Hit,Center,618.357,737.0217,49.33986,Jeep2-Detailed,-32.84256,-12.69485,49.33986,35.51302
1742844970255,65.03013,3592,Eye Hit,Center,619.9616,738.4227,49.3626,Jeep2-Detailed,-32.81398,-12.62086,49.3626,35.45951
1742844970287,65.06048,3594,Eye Hit,Center,624.9196,738.4755,49.40869,Jeep2-Detailed,-32.70937,-12.62964,49.4087,35.36147
1742844970318,65.09325,3596,Eye Hit,Center,643.2863,738.603,49.55893,Jeep2-Detailed,-32.30629,-12.66084,49.55893,34.99773
1742844970349,65.12264,3598,Eye Hit,Center,644.5192,737.0125,49.55981,Jeep2-Detailed,-32.27311,-12.75201,49.55981,34.9992
1742844970364,65.1396,3599,Eye Hit,Center,642.6248,736.5767,49.54375,Jeep2-Detailed,-32.31448,-12.77283,49.54375,35.04369
1742844970395,65.17007,3601,Eye Hit,Center,640.7001,735.166,49.52234,Jeep2-Detailed,-32.35315,-12.84778,49.52234,35.10458
1742844970426,65.20131,3603,Eye Hit,Center,639.0562,732.2843,49.49408,Jeep2-Detailed,-32.37959,-13.0051,49.49408,35.18413
1742844970457,65.23209,3605,Eye Hit,Center,635.6774,730.6044,49.45806,Jeep2-Detailed,-32.44829,-13.09146,49.45806,35.27795
1742844970488,65.26244,3607,Eye Hit,Center,633.3634,728.9884,49.42982,Jeep2-Detailed,-32.49293,-13.1762,49.42982,35.34983
1742844970519,65.29365,3609,Eye Hit,Center,626.2194,723.9105,49.33781,Jeep2-Detailed,-32.62703,-13.44076,49.33781,35.57286
1742844970550,65.32403,3611,Eye Hit,Center,619.9127,714.6891,49.21805,Jeep2-Detailed,-32.7192,-13.93177,49.21805,35.84945
1742844970580,65.35533,3613,,Center,625.4348,710.6049,49.23862,,-32.58277,-14.16976,49.23862,35.81417
1742844970611,65.38657,3615,,Center,764.9543,850.0877,49.71965,,-29.07123,-6.305823,49.71965,30.89208
1742844970643,65.41756,3617,Eye Hit,Center,836.9152,865.5511,49.07484,NorthCarSignal,-26.74446,-5.348485,49.07484,29.06373
1742844970673,65.44949,3619,Eye Hit,Center,840.0104,874.6849,48.97608,NorthCarSignal,-26.60695,-4.821506,48.97608,28.90361
1742844970705,65.48058,3621,Eye Hit,Center,823.5875,869.288,49.18633,NorthCarSignal,-27.16714,-5.148425,49.18633,29.34303
1742844970736,65.51115,3623,Eye Hit,Center,812.1714,863.2261,49.33358,NorthCarSignal,-27.55942,-5.508986,49.33358,29.66954
1742844970768,65.54215,3625,Eye Hit,Center,788.8044,851.2673,49.58631,NorthCarSignal,-28.34032,-6.22138,49.58631,30.3338
1742844970799,65.57548,3627,Eye Hit,Center,786.9302,851.9099,49.59468,NorthCarSignal,-28.39641,-6.185731,49.59468,30.37018
1742844970830,65.60651,3629,Eye Hit,Center,786.0581,857.4812,49.5666,NorthCarSignal,-28.40421,-5.863635,49.5666,30.33337
1742844970863,65.63722,3631,Eye Hit,Center,791.9443,863.765,49.48693,NorthCarSignal,-28.19773,-5.495332,49.48693,30.13609
1742844970879,65.6544,3632,Eye Hit,Center,795.4321,866.0755,49.44603,NorthCarSignal,-28.0792,-5.358953,49.44603,30.0333
1742844970911,65.6851,3634,Eye Hit,Center,800.3079,871.6998,49.36889,NorthCarSignal,-27.9025,-5.030237,49.36889,29.86853
1742844970926,65.7021,3635,Eye Hit,Center,805.7922,876.0067,49.29266,NorthCarSignal,-27.71017,-4.777457,49.29266,29.70259
1742844970958,65.73446,3637,,Center,695.4211,781.6739,49.94635,,-31.12119,-10.27742,49.94635,33.27248
1742844970990,65.76418,3639,Eye Hit,Center,516.4601,672.3698,47.45968,Jeep2-Detailed,-34.26101,-15.75159,47.45968,38.46844
1742844971023,65.79644,3641,Eye Hit,Center,496.636,669.3656,47.07943,Jeep2-Detailed,-34.5018,-15.78865,47.07943,38.86643
1742844971038,65.81355,3642,,Center,493.0085,664.1643,46.96033,,-34.50857,-16.03049,46.96033,39.01656
1742844971068,65.84335,3644,,Center,509.3617,669.0585,47.30263,,-34.33303,-15.88028,47.30263,38.64922
1742844971098,65.87434,3646,,Center,523.5739,676.2305,47.6165,,-34.18721,-15.59166,47.6165,38.27742
1742844971130,65.90509,3648,,Center,543.1292,688.5856,48.04517,,-33.97624,-15.04694,48.04517,37.71906
1742844971160,65.93623,3650,,Center,545.7544,686.2851,48.06469,,-33.92039,-15.18067,48.06469,37.71031
1742844971191,65.96573,3652,,Center,536.5756,686.896,47.92868,,-34.06729,-15.10389,47.92868,37.86567
1742844971221,65.99575,3654,,Center,544.3398,690.9516,48.08627,,-33.97319,-14.92865,48.08627,37.65762
1742844971252,66.02685,3656,,Center,544.7531,689.8837,48.08387,,-33.96051,-14.98716,48.08387,37.66796
1742844971282,66.05629,3658,,Center,550.2065,689.1301,48.15942,,-33.86887,-15.05259,48.15942,37.58167
1742844971297,66.07304,3659,,Center,547.5932,689.1151,48.12024,,-33.91074,-15.04107,48.12024,37.62931
1742844971328,66.10299,3661,,Center,559.8057,688.9979,48.29776,,-33.7102,-15.1032,48.29776,37.40937
1742844971358,66.13522,3663,Eye Hit,Center,626.4971,688.3859,49.05561,Jeep2-Detailed,-32.43291,-15.37481,49.05561,36.19186
1742844971389,66.16475,3665,Eye Hit,Center,622.6774,686.7185,49.00613,Jeep2-Detailed,-32.50352,-15.45352,49.00613,36.2936
1742844971421,66.19661,3667,Eye Hit,Center,615.8008,685.1675,48.92733,Jeep2-Detailed,-32.63702,-15.51621,48.92733,36.4495
1742844971452,66.22781,3669,Eye Hit,Center,608.2902,679.4731,48.79633,Jeep2-Detailed,-32.75198,-15.79538,48.79634,36.69262
1742844971490,66.2618,3671,Eye Hit,Center,592.0695,676.3352,48.58869,Jeep2-Detailed,-33.04774,-15.90408,48.58869,37.04609
1742844971508,66.2819,3672,Eye Hit,Center,600.5659,682.7604,48.74876,Jeep2-Detailed,-32.92795,-15.59495,48.74876,36.77398
1742844971523,66.30105,3673,Eye Hit,Center,591.1851,682.3443,48.63946,Jeep2-Detailed,-33.10603,-15.58337,48.63946,36.95327
1742844971564,66.33749,3675,,Center,728.3208,836.0519,49.88251,,-30.17533,-7.134442,49.88251,31.86534
1742844971588,66.35445,3676,Eye Hit,Center,762.2935,873.8311,49.57038,NorthCarSignal,-29.05676,-4.928813,49.57038,30.7334
1742844971606,66.37933,3677,Eye Hit,Center,753.2449,872.973,49.60952,NorthCarSignal,-29.32754,-4.981897,49.60952,30.94843
1742844971630,66.39666,3678,Eye Hit,Center,753.8611,876.6788,49.57809,NorthCarSignal,-29.2921,-4.766734,49.57809,30.90471
1742844971648,66.42152,3679,Eye Hit,Center,743.3235,879.8505,49.58072,NorthCarSignal,-29.58208,-4.585419,49.58072,31.12232
1742844971672,66.439,3680,Eye Hit,Center,721.7171,878.5568,49.6165,NorthCarSignal,-30.19532,-4.662929,49.6165,31.62425
1742844971689,66.46288,3681,Eye Hit,Center,713.5929,878.8082,49.61284,NorthCarSignal,-30.41563,-4.648,49.61284,31.80622
1742844971714,66.4797,3682,Eye Hit,Center,700.4224,878.5599,49.59874,NorthCarSignal,-30.76764,-4.661067,49.59874,32.10453
1742844971732,66.50626,3683,Eye Hit,Center,690.2985,878.189,49.5776,NorthCarSignal,-31.03163,-4.680262,49.5776,32.33379
1742844971749,66.52395,3684,Eye Hit,Center,678.4967,878.0225,49.53923,NorthCarSignal,-31.33041,-4.686092,49.53923,32.59775
1742844971769,66.54228,3685,Eye Hit,Center,659.5461,876.0345,49.46286,NorthCarSignal,-31.79963,-4.792257,49.46286,33.03025
1742844971789,66.56298,3686,Eye Hit,Center,654.0516,877.7571,49.41644,NorthCarSignal,-31.91968,-4.689549,49.41644,33.13917
1742844971811,66.58201,3687,Eye Hit,Center,634.3903,876.449,49.28554,NorthCarSignal,-32.37014,-4.751581,49.28554,33.57723
1742844971840,66.60617,3688,Eye Hit,Center,622.5263,889.4955,49.07328,NorthCarSignal,-32.55215,-3.992428,49.07328,33.75513
1742844971866,66.63427,3689,Eye Hit,Center,591.7894,894.2238,48.71207,NorthCarSignal,-33.1392,-3.697125,48.71207,34.39274
1742844971903,66.66141,3690,Eye Hit,Center,545.2134,896.5717,48.06369,NorthCarSignal,-33.93404,-3.517743,48.06369,35.36736
1742844971940,66.69602,3691,Eye Hit,Center,481.6978,907.8319,46.86108,NorthCarSignal,-34.72825,-2.820862,46.86108,36.63192
1742844971977,66.73376,3692,Eye Hit,Center,391.1921,930.1349,44.72086,NorthCarSignal,-35.3768,-1.541184,44.72086,38.37248
1742844972019,66.77104,3693,Eye Hit,Center,261.6955,960.0345,41.2755,NorthCarSignal,-35.60234,0.001562834,41.2755,40.77955
1742844972049,66.81235,3694,,Center,176.6124,982.5696,38.92522,,-35.4036,1.013711,38.92522,42.2991
1742844972089,66.84307,3695,,Center,92.23039,1006.008,36.64283,,-35.0348,1.945317,36.64283,43.75888
1742844972120,66.88226,3696,,Center,435.9371,889.4067,46.07438,,-35.3093,-3.753187,46.07438,37.62041
1742844972161,66.91298,3697,,Center,305.4277,911.0947,42.78875,,-35.87448,-2.414627,42.78875,40.04053
1742844972192,66.95438,3698,Eye Hit,Center,489.3429,814.0638,47.5376,Jeep2-Detailed,-35.02897,-8.005157,47.5376,37.08438
1742844972234,66.98485,3699,Eye Hit,Center,462.1889,807.9705,46.99942,Jeep2-Detailed,-35.33702,-8.244958,46.99942,37.67012
1742844972277,67.02675,3700,Eye Hit,Center,348.186,814.0507,44.32202,Jeep2-Detailed,-36.11368,-7.46434,44.32203,39.76129
1742844972319,67.07082,3701,Eye Hit,Center,206.3331,839.881,40.53043,Jeep2-Detailed,-36.19852,-5.61766,40.53043,42.10762
1742844972360,67.1124,3702,Eye Hit,Center,191.6511,842.2705,40.13147,Jeep2-Detailed,-36.1675,-5.451831,40.13147,42.34626
1742844972402,67.15352,3703,Eye Hit,Center,596.1862,783.4606,49.23769,Jeep2-Detailed,-33.37725,-10.03016,49.23769,35.29188
1742844972444,67.19513,3704,Eye Hit,Center,606.4557,790.973,49.35553,Jeep2-Detailed,-33.1773,-9.626209,49.35553,34.98946
1742844972487,67.2372,3705,Eye Hit,Center,554.682,798.2959,48.68766,Jeep2-Detailed,-34.12007,-9.08456,48.68766,35.94999
1742844972517,67.2776,3706,Eye Hit,Center,594.0436,796.6228,49.21547,Jeep2-Detailed,-33.42041,-9.27805,49.21547,35.17409
1742844972549,67.30831,3707,Eye Hit,Center,631.3653,783.2261,49.59126,Jeep2-Detailed,-32.65375,-10.11562,49.59126,34.57962
1742844972577,67.34019,3708,Eye Hit,Center,719.4915,775.9849,49.96305,Jeep2-Detailed,-30.46762,-10.60886,49.96305,32.85086
1742844972605,67.36814,3709,Eye Hit,Center,750.1663,771.1133,49.91061,Jeep2-Detailed,-29.59037,-10.87836,49.91061,32.27905
1742844972624,67.39547,3710,Eye Hit,Center,787.8906,763.4072,49.71424,Jeep2-Detailed,-28.43851,-11.27763,49.71424,31.60722
1742844972646,67.41414,3711,Eye Hit,Center,814.176,759.9125,49.50104,Truck1-Detailed,-27.59818,-11.42885,49.50104,31.10857
1742844972664,67.43756,3712,Eye Hit,Center,813.2872,760.9671,49.51147,Truck1-Detailed,-27.62829,-11.37101,49.51147,31.10811
1742844972687,67.45497,3713,Eye Hit,Center,834.3344,757.9305,49.29616,Truck1-Detailed,-26.93532,-11.49419,49.29617,30.7132
1742844972705,67.47818,3714,Eye Hit,Center,835.0328,758.5119,49.28967,Truck1-Detailed,-26.91277,-11.45978,49.28967,30.6871
1742844972723,67.4958,3715,Eye Hit,Center,830.631,761.4112,49.3451,Truck1-Detailed,-27.06295,-11.30758,49.3451,30.72686
1742844972743,67.51308,3716,Eye Hit,Center,823.1692,763.0054,49.42459,Truck1-Detailed,-27.31015,-11.23473,49.42459,30.85791
1742844972761,67.53363,3717,Eye Hit,Center,823.398,764.5989,49.4259,Truck1-Detailed,-27.30464,-11.14415,49.4259,30.82353
1742844972777,67.55122,3718,Eye Hit,Center,818.1509,763.9736,49.47534,Jeep2-Detailed,-27.47528,-11.19097,49.47534,30.94822
1742844972794,67.56863,3719,Eye Hit,Center,817.2011,764.6462,49.48523,Jeep2-Detailed,-27.50671,-11.15488,49.48523,30.95639
1742844972829,67.60519,3721,Eye Hit,Center,811.7311,764.0381,49.53226,Jeep2-Detailed,-27.68245,-11.20026,49.53226,31.08528
1742844972865,67.63825,3723,Eye Hit,Center,812.189,771.8356,49.547,Jeep2-Detailed,-27.67817,-10.75771,49.547,30.93575
1742844972883,67.65653,3724,Eye Hit,Center,813.0086,775.5947,49.54705,Jeep2-Detailed,-27.65576,-10.54282,49.54705,30.85218
1742844972899,67.67377,3725,Eye Hit,Center,816.318,776.4483,49.51795,Jeep2-Detailed,-27.54905,-10.48789,49.51795,30.76521
1742844972933,67.70899,3727,Eye Hit,Center,823.3315,775.4686,49.44987,Jeep2-Detailed,-27.3197,-10.52932,49.44987,30.62915
1742844972969,67.74305,3729,Eye Hit,Center,829.5443,774.9666,49.38586,Jeep2-Detailed,-27.11493,-10.54433,49.38586,30.50216
1742844972987,67.75996,3730,Eye Hit,Center,829.438,773.5326,49.3852,Jeep2-Detailed,-27.11746,-10.62595,49.3852,30.53008
1742844973008,67.779,3731,Eye Hit,Center,833.1237,770.781,49.33925,Jeep2-Detailed,-26.99184,-10.77265,49.33925,30.49925
1742844973026,67.79929,3732,Eye Hit,Center,832.6801,767.3499,49.33699,Jeep2-Detailed,-27.00268,-10.96751,49.33699,30.57176
1742844973043,67.81663,3733,Eye Hit,Center,835.3057,766.4828,49.30741,Jeep2-Detailed,-26.91502,-11.01021,49.30741,30.53075
1742844973063,67.83431,3734,Eye Hit,Center,843.5136,765.1768,49.21006,Jeep2-Detailed,-26.63887,-11.06262,49.21006,30.37681
1742844973082,67.85424,3735,Eye Hit,Center,850.376,766.1785,49.13243,Jeep2-Detailed,-26.41071,-10.9884,49.13243,30.20842
1742844973098,67.8727,3736,Eye Hit,Center,855.9344,765.0817,49.05962,Jeep2-Detailed,-26.22101,-11.03425,49.05962,30.10809
1742844973137,67.90962,3738,Eye Hit,Center,866.1353,760.0551,48.91063,Jeep2-Detailed,-25.86592,-11.28452,48.91063,29.98396
1742844973153,67.92724,3739,Eye Hit,Center,773.2708,770.4303,49.80494,Jeep2-Detailed,-28.89241,-10.89446,49.80494,31.79816
1742844973188,67.96119,3741,Eye Hit,Center,784.1854,761.3745,49.71616,Jeep2-Detailed,-28.54131,-11.3947,49.71616,31.72211
1742844973205,67.97985,3742,Eye Hit,Center,795.7904,761.8564,49.64228,Jeep2-Detailed,-28.18083,-11.35011,49.64228,31.46629
1742844973240,68.01358,3744,Eye Hit,Center,814.7757,747.0705,49.42846,Jeep2-Detailed,-27.54135,-12.14445,49.42846,31.33983
1742844973257,68.03071,3745,,Center,855.8229,829.8271,49.01453,,-26.19993,-7.362375,49.01453,29.0407
1742844973275,68.04802,3746,,Center,900.7761,959.1616,47.24154,,-24.07972,-0.045789,47.24154,27.00866
1742844973293,68.0656,3747,,Center,914.6961,956.8361,47.05543,,-23.62323,-0.1718005,47.05544,26.65862
1742844973310,68.08524,3748,,Center,921.9641,967.8005,46.78997,,-23.3022,0.4212191,46.78997,26.47782
1742844973327,68.10242,3749,,Center,952.5861,964.543,46.30229,,-22.27652,0.2426705,46.30229,25.69403
1742844973344,68.12051,3750,,Center,975.8579,962.2703,45.89863,,-21.4926,0.1202706,45.89863,25.09227
1742844973361,68.13898,3751,,Center,997.7206,959.9084,45.48827,,-20.75137,-0.004882216,45.48827,24.52207
1742844973411,68.18216,3753,,Center,1110.828,963.4171,42.88614,,-16.88619,0.169147,42.88614,21.49276
1742844973437,68.21105,3754,,Center,1151.003,968.3405,41.84723,,-15.54892,0.4027361,41.84723,20.38953
1742844973472,68.2401,3755,,Center,1222.257,976.224,39.97575,,-13.28092,0.7484261,39.97575,18.40494
1742844973509,68.26896,3756,,Center,1101.839,934.5091,43.34224,,-17.28087,-1.274929,43.34224,21.79107
1742844973546,68.30283,3757,,Center,999.6912,864.1979,46.22919,,-21.03908,-5.110473,46.22919,25.09545
1742844973586,68.33897,3758,,Center,914.2076,853.6378,47.93138,,-24.07591,-5.882644,47.93139,27.3424
1742844973618,68.37898,3759,,Center,894.1447,868.6227,48.17097,,-24.72984,-5.079086,48.17097,27.65868
1742844973660,68.41048,3760,,Center,936.6898,875.741,47.40233,,-23.22178,-4.608717,47.40232,26.53946
1742844973695,68.45266,3761,,Center,907.3344,872.1526,47.97043,,-24.27756,-4.862676,47.97043,27.30036
1742844973725,68.48718,3762,,Center,799.4705,830.6473,49.51297,,-28.00682,-7.390391,49.51297,30.328
1742844973753,68.51785,3763,,Center,782.5623,822.986,49.66088,,-28.55407,-7.851403,49.66088,30.80852
1742844973781,68.54604,3764,,Center,846.7177,829.4603,49.04576,,-26.46317,-7.38783,49.04576,29.25722
1742844973810,68.57439,3765,,Center,911.9893,825.4529,48.12498,,-24.23209,-7.471626,48.12498,27.78547
1742844973838,68.60314,3766,,Center,925.3076,804.4817,47.94164,,-23.78726,-8.603193,47.94164,27.81726
1742844973866,68.6301,3767,,Center,883.2539,803.236,48.63542,,-25.26071,-8.797643,48.63542,28.81024
1742844973894,68.65865,3768,,Center,842.3085,830.7845,49.11584,,-26.62056,-7.323252,49.11584,29.34165
1742844973923,68.68712,3769,Eye Hit,Center,798.7451,829.7097,49.53947,NW_Tree_10,-28.04165,-7.447827,49.53947,30.35629
1742844973952,68.71556,3770,Eye Hit,Center,774.1855,816.0878,49.74171,NW_Tree_10,-28.8306,-8.260203,49.74171,31.08687
1742844973979,68.74349,3771,Eye Hit,Center,805.8542,821.3874,49.49599,NW_Tree_10,-27.82277,-7.916722,49.49599,30.30349
1742844974009,68.77094,3772,Eye Hit,Center,770.7131,822.0793,49.73084,NW_Tree_10,-28.91964,-7.914448,49.73084,31.08607
1742844974038,68.79982,3773,,Center,732.0062,833.5918,49.81471,,-30.03296,-7.266118,49.81471,31.81082
1742844974066,68.82898,3774,,Center,730.6592,803.6442,49.8953,,-30.11866,-9.002128,49.89531,32.21189
1742844974086,68.8579,3775,Eye Hit,Center,621.6569,757.132,49.40543,NW_Tree_30,-32.7962,-11.56527,49.40543,35.14108
1742844974107,68.87592,3776,Eye Hit,Center,658.1563,761.9802,49.68283,NW_Tree_30,-31.97916,-11.35218,49.68283,34.33383
1742844974125,68.89712,3777,,Center,627.3333,756.11,49.45152,,-32.67181,-11.63436,49.45152,35.04286
1742844974142,68.91537,3778,,Center,642.0068,763.6699,49.60313,,-32.37013,-11.23728,49.60313,34.63619
1742844974159,68.93223,3779,,Center,653.0455,760.9411,49.66417,,-32.10729,-11.4076,49.66417,34.45326
1742844974176,68.94943,3780,Eye Hit,Center,636.1754,757.0558,49.53869,Jeep5-Detailed,-32.48758,-11.60082,49.53869,34.85175
1742844974193,68.96718,3781,Eye Hit,Center,638.0573,762.7655,49.56551,Jeep5-Detailed,-32.45366,-11.28057,49.56551,34.72929
1742844974224,68.99847,3783,Eye Hit,Center,600.3506,750.7656,49.17774,Jeep5-Detailed,-33.22355,-11.8733,49.17774,35.65667
1742844974254,69.02943,3785,,Center,572.2561,754.1664,48.85202,,-33.76125,-11.6029,48.85202,36.15809
1742844974285,69.05933,3787,,Center,577.0343,761.8597,48.94509,,-33.69645,-11.19053,48.94509,35.9581
1742844974315,69.08936,3789,,Center,580.168,769.4296,49.0087,,-33.65545,-10.77694,49.0087,35.79432
1742844974344,69.12065,3791,,Center,571.11,766.7598,48.88721,,-33.8165,-10.90091,48.88721,36.00877
1742844974373,69.15018,3793,Eye Hit,Center,556.6765,761.0535,48.66849,Jeep5-Detailed,-34.05304,-11.17259,48.66849,36.3676
1742844974403,69.17868,3795,,Center,664.9709,758.0303,49.74962,,-31.83497,-11.59423,49.74962,34.2557
1742844974433,69.20908,3797,,Center,648.916,757.5751,49.64157,,-32.20586,-11.59518,49.64157,34.58762
1742844974463,69.2408,3799,,Center,708.9616,753.8376,49.85714,,-30.69288,-11.86045,49.85714,33.42405
1742844974493,69.2705,3801,,Center,702.5188,748.037,49.82572,,-30.85077,-12.18654,49.82572,33.65292
1742844974526,69.29944,3803,,Center,670.6082,743.2875,49.69789,,-31.6472,-12.42772,49.69789,34.37727
1742844974542,69.3167,3804,,Center,657.32,744.9625,49.64372,,-31.97691,-12.31816,49.64372,34.61609
1742844974571,69.34596,3806,,Center,612.0359,744.371,49.27981,,-32.97458,-12.2615,49.27981,35.52277
1742844974602,69.37737,3808,,Center,576.6613,739.6609,48.83529,,-33.63091,-12.41637,48.83529,36.2822
1742844974632,69.40802,3810,,Center,536.9792,740.195,48.25967,,-34.29182,-12.24019,48.25967,37.03375
1742844974665,69.44266,3812,,Center,458.0662,751.9412,46.82575,,-35.31301,-11.24185,46.82575,38.35911
1742844974698,69.47903,3814,,Center,439.3081,757.2226,46.43305,,-35.49775,-10.86469,46.43305,38.64231
1742844974735,69.5052,3815,,Center,579.5149,740.7913,48.82787,,-33.54887,-12.35078,48.82787,36.21031
1742844974758,69.53301,3816,,Center,765.4489,731.4617,49.5696,,-28.96994,-13.07202,49.5696,32.66684
1742844974793,69.55936,3817,,Center,783.2758,749.9697,49.5469,,-28.46903,-12.00778,49.5469,31.94794
1742844974832,69.58652,3818,,Center,715.6243,749.3571,49.68383,,-30.40343,-12.07622,49.68383,33.36262
1742844974871,69.62428,3819,Eye Hit,Center,700.0795,753.1796,49.70776,NorthSidewalk,-30.84468,-11.86264,49.70776,33.61713
1742844974902,69.6634,3820,Eye Hit,Center,659.3708,755.0438,49.56788,NorthSidewalk,-31.87193,-11.72281,49.56788,34.41543
1742844974929,69.69389,3821,Eye Hit,Center,687.504,766.7106,49.73395,NorthSidewalk,-31.20623,-11.09256,49.73396,33.66064
1742844974961,69.72131,3822,Eye Hit,Center,721.7443,714.0237,49.53203,NorthSidewalk,-30.14317,-14.05882,49.53203,33.88115
1742844974991,69.75264,3823,Eye Hit,Center,747.9695,709.5138,49.467,NorthSidewalk,-29.38735,-14.29774,49.467,33.45118
1742844975023,69.78497,3824,Eye Hit,Center,717.7996,711.2053,49.52315,NorthSidewalk,-30.24562,-14.21725,49.52315,34.01326
1742844975050,69.81499,3825,Eye Hit,Center,704.3067,719.4512,49.53442,NorthSidewalk,-30.62151,-13.74923,49.53442,34.12324
1742844975078,69.84343,3826,Eye Hit,Center,697.813,713.256,49.48328,NorthSidewalk,-30.7673,-14.08877,49.48328,34.36666
1742844975107,69.87088,3827,Eye Hit,Center,723.6763,700.7298,49.40973,NorthSidewalk,-30.01604,-14.782,49.40973,34.10444
1742844975135,69.89854,3828,Eye Hit,Center,764.4355,677.9557,49.10318,NorthSidewalk,-28.72483,-15.98068,49.10318,33.79937
1742844975164,69.92727,3829,Eye Hit,Center,778.325,671.4276,48.9727,NorthSidewalk,-28.27295,-16.30701,48.9727,33.68208
1742844975193,69.95644,3830,Eye Hit,Center,774.4136,671.905,49.00607,NorthSidewalk,-28.39806,-16.29119,49.00607,33.74543
1742844975220,69.98558,3831,Eye Hit,Center,762.8891,667.9218,49.02118,NorthSidewalk,-28.71871,-16.52155,49.02118,34.05358
1742844975249,70.01272,3832,Eye Hit,Center,755.3201,663.7205,48.96294,NorthSidewalk,-28.88921,-16.73933,48.96294,34.2906
1742844975276,70.04189,3833,Eye Hit,Center,749.6616,663.2503,48.98359,NorthSidewalk,-29.05442,-16.77291,48.98359,34.40681
1742844975303,70.06941,3834,Eye Hit,Center,740.4135,669.0851,49.08252,NorthSidewalk,-29.3637,-16.47631,49.08252,34.44995
1742844975331,70.09539,3835,Eye Hit,Center,731.0607,663.5225,49.04104,NorthSidewalk,-29.59212,-16.77724,49.04104,34.74701
1742844975359,70.12305,3836,Eye Hit,Center,722.4943,668.7393,49.11721,NorthSidewalk,-29.87038,-16.50764,49.11721,34.7929
1742844975387,70.15109,3837,Eye Hit,Center,714.2404,673.9825,49.18773,NorthSidewalk,-30.13742,-16.23375,49.18773,34.83548
1742844975415,70.17954,3838,Eye Hit,Center,710.4832,673.6221,49.15043,NorthSidewalk,-30.21653,-16.24188,49.15043,34.91352
1742844975443,70.20786,3839,Eye Hit,Center,720.6812,683.807,49.27671,NorthSidewalk,-30.01672,-15.70445,49.27671,34.50774
1742844975470,70.23616,3840,Eye Hit,Center,717.9944,679.9905,49.25052,NorthSidewalk,-30.07382,-15.91292,49.25052,34.63836
1742844975499,70.26321,3841,Eye Hit,Center,718.4658,681.2634,49.27467,NorthSidewalk,-30.07574,-15.84835,49.27467,34.60281
1742844975527,70.29132,3842,Eye Hit,Center,719.8443,671.4951,49.17665,NorthSidewalk,-29.97849,-16.37117,49.17665,34.78326
1742844975555,70.31944,3843,Eye Hit,Center,721.559,660.1797,49.04937,NorthSidewalk,-29.85446,-16.96926,49.04937,34.99638
1742844975583,70.34754,3844,Eye Hit,Center,719.5338,656.4019,49.0073,NorthSidewalk,-29.88365,-17.1682,49.0073,35.11664
1742844975610,70.37587,3845,Eye Hit,Center,718.5401,658.4599,49.0033,NorthSidewalk,-29.90809,-17.05052,49.0033,35.08971
1742844975639,70.40334,3846,Eye Hit,Center,713.2026,656.7623,48.98229,NorthSidewalk,-30.03961,-17.13907,48.98228,35.22487
1742844975666,70.43104,3847,Eye Hit,Center,713.5007,642.6138,48.79956,NorthSidewalk,-29.91952,-17.87188,48.79956,35.53304
1742844975694,70.45868,3848,Eye Hit,Center,755.1401,623.1254,48.46738,NorthSidewalk,-28.60163,-18.84014,48.46738,35.24669
1742844975722,70.48701,3849,Eye Hit,Center,755.9472,619.6883,48.4146,NorthSidewalk,-28.54891,-19.0117,48.4146,35.31614
1742844975750,70.51591,3850,Eye Hit,Center,749.3643,620.8828,48.45568,NorthSidewalk,-28.74924,-18.96111,48.45568,35.4026
1742844975777,70.54274,3851,Eye Hit,Center,751.4991,616.5902,48.351,NorthSidewalk,-28.63015,-19.15955,48.35101,35.46947
1742844975805,70.57066,3852,Eye Hit,Center,759.4881,610.7673,48.2387,NorthSidewalk,-28.35089,-19.4391,48.2387,35.47388
1742844975833,70.59719,3853,Eye Hit,Center,768.1703,603.616,48.09408,NorthSidewalk,-28.03535,-19.77784,48.09408,35.50343
1742844975861,70.62562,3854,Eye Hit,Center,768.6933,601.2007,48.05818,NorthSidewalk,-28.00054,-19.89691,48.05818,35.55555
1742844975889,70.65329,3855,Eye Hit,Center,773.2169,592.2575,47.89273,NorthSidewalk,-27.78454,-20.3226,47.89273,35.70729
1742844975917,70.68116,3856,Eye Hit,Center,785.9526,596.2446,47.90375,NorthSidewalk,-27.4541,-20.10689,47.90375,35.38902
1742844975945,70.71022,3857,Eye Hit,Center,791.7109,604.0508,47.96944,NorthSidewalk,-27.33924,-19.70243,47.96944,35.08838
1742844975973,70.73788,3858,Eye Hit,Center,788.6429,617.9722,48.21957,NorthSidewalk,-27.56347,-19.03058,48.21957,34.78511
1742844976001,70.76556,3859,Eye Hit,Center,787.6167,611.265,48.13326,NorthSidewalk,-27.54141,-19.36907,48.13326,34.97366
1742844976028,70.7938,3860,Eye Hit,Center,780.8668,599.7018,47.99438,NorthSidewalk,-27.6408,-19.95362,47.99438,35.38623
1742844976055,70.82026,3861,Eye Hit,Center,779.6488,598.8131,47.99608,NorthSidewalk,-27.67405,-20.00339,47.99607,35.42977
1742844976084,70.84729,3862,Eye Hit,Center,784.9299,601.277,47.98312,NorthSidewalk,-27.52668,-19.86161,47.98312,35.27626
1742844976111,70.87606,3863,Eye Hit,Center,695.7068,598.4539,48.1002,NorthSidewalk,-29.96328,-20.06678,48.1002,36.85994
1742844976141,70.90471,3864,Eye Hit,Center,697.6891,587.991,47.9269,NorthSidewalk,-29.80287,-20.57313,47.9269,37.07514
1742844976168,70.93227,3865,Eye Hit,Center,708.3301,581.7462,47.83252,NorthSidewalk,-29.46316,-20.87729,47.83252,37.05016
1742844976196,70.96051,3866,Eye Hit,Center,714.7325,583.0593,47.86169,NorthSidewalk,-29.31196,-20.81754,47.86169,36.91272
1742844976224,70.98849,3867,Eye Hit,Center,722.1912,588.0996,47.95349,NorthSidewalk,-29.1707,-20.57851,47.95349,36.66571
1742844976252,71.01719,3868,Eye Hit,Center,719.1633,591.381,48.0136,NorthSidewalk,-29.28753,-20.42243,48.0136,36.63596
1742844976280,71.04503,3869,Eye Hit,Center,719.9518,596.5149,48.07059,NorthSidewalk,-29.30137,-20.16206,48.07059,36.49814
1742844976308,71.07243,3870,Eye Hit,Center,718.7853,597.2142,48.08547,NorthSidewalk,-29.34141,-20.12942,48.08546,36.50084
1742844976336,71.09999,3871,Eye Hit,Center,713.2397,594.5107,48.04068,NorthSidewalk,-29.46117,-20.26058,48.04068,36.65936
1742844976364,71.12728,3872,Eye Hit,Center,706.3492,592.3599,48.00224,NorthSidewalk,-29.62022,-20.36339,48.00224,36.82638
1742844976391,71.15642,3873,Eye Hit,Center,709.1996,599.0283,48.12557,NorthSidewalk,-29.62057,-20.04542,48.12557,36.61892
1742844976420,71.18399,3874,Eye Hit,Center,711.2201,601.0896,48.16876,NorthSidewalk,-29.59342,-19.94893,48.16875,36.53562
1742844976447,71.21217,3875,Eye Hit,Center,707.501,612.291,48.31756,NorthSidewalk,-29.78406,-19.38591,48.31756,36.33432
1742844976475,71.23965,3876,Eye Hit,Center,701.1695,612.176,48.3166,NorthSidewalk,-29.95235,-19.39197,48.3166,36.44587
1742844976502,71.26688,3877,Eye Hit,Center,699.5291,618.1877,48.41826,NorthSidewalk,-30.05923,-19.09699,48.41826,36.33517
1742844976531,71.29403,3878,Eye Hit,Center,703.6982,619.6446,48.45807,NorthSidewalk,-29.97241,-19.03117,48.45807,36.22926
1742844976558,71.3226,3879,Eye Hit,Center,706.4244,632.8664,48.66832,NorthSidewalk,-30.02921,-18.37131,48.66832,35.87922
1742844976586,71.35003,3880,Eye Hit,Center,703.4648,636.272,48.72048,NorthSidewalk,-30.14099,-18.19957,48.72048,35.85498
1742844976615,71.3781,3881,Eye Hit,Center,698.0951,659.7361,48.99326,NorthSidewalk,-30.455,-16.97488,48.99326,35.43769
1742844976642,71.40672,3882,Eye Hit,Center,694.1384,684.0587,49.26669,NorthSidewalk,-30.73257,-15.68697,49.26669,35.00606
1742844976670,71.43473,3883,Eye Hit,Center,692.6275,705.2296,49.4657,NorthSidewalk,-30.89799,-14.54193,49.46569,34.61952
1742844976698,71.46208,3884,Eye Hit,Center,702.1974,703.6778,49.47999,RoadCrosswalk,-30.64548,-14.63466,49.47998,34.46373
1742844976726,71.4895,3885,Eye Hit,Center,728.1383,692.7011,49.39946,RoadCrosswalk,-29.8881,-15.23647,49.39946,34.18084
1742844976754,71.5173,3886,Eye Hit,Center,752.7148,699.9642,49.42105,RoadCrosswalk,-29.23059,-14.82893,49.42105,33.55302
1742844976781,71.54536,3887,Eye Hit,Center,750.28,707.4866,49.46305,RoadCrosswalk,-29.32192,-14.41228,49.46305,33.44645
1742844976809,71.57364,3888,Eye Hit,Center,751.4911,712.0989,49.49728,NorthSidewalk,-29.30912,-14.15885,49.49728,33.32933
1742844976837,71.6019,3889,Eye Hit,Center,751.0414,709.3878,49.47949,NorthSidewalk,-29.31086,-14.30854,49.47949,33.39287
1742844976864,71.62855,3890,Eye Hit,Center,751.2823,710.4812,49.48931,NorthSidewalk,-29.31011,-14.24888,49.48931,33.36601
1742844976892,71.65617,3891,Eye Hit,Center,754.369,706.2457,49.44807,NorthSidewalk,-29.2014,-14.47865,49.44807,33.39092
1742844976920,71.68371,3892,Eye Hit,Center,759.0505,703.5107,49.41338,NorthSidewalk,-29.0532,-14.62456,49.41338,33.35495
1742844976948,71.71309,3893,Eye Hit,Center,765.6655,703.188,49.35218,NorthSidewalk,-28.83698,-14.62471,49.35218,33.23114
1742844976977,71.74151,3894,Eye Hit,Center,771.1095,701.9855,49.32348,NorthSidewalk,-28.67195,-14.6847,49.32347,33.14898
1742844977005,71.77329,3895,Eye Hit,Center,775.1142,689.2023,49.1961,NorthSidewalk,-28.48913,-15.37249,49.1961,33.34567
1742844977032,71.79669,3896,Eye Hit,Center,776.0256,677.1701,49.07907,NorthSidewalk,-28.39668,-16.01722,49.07907,33.59549
1742844977059,71.82471,3897,Eye Hit,Center,775.1723,662.9897,48.93409,NorthSidewalk,-28.33584,-16.77071,48.93409,33.93587
1742844977088,71.8524,3898,Eye Hit,Center,774.4056,663.7446,48.95665,NorthSidewalk,-28.36963,-16.73567,48.95665,33.93272
1742844977116,71.88091,3899,Eye Hit,Center,775.9114,664.6513,48.93637,NorthSidewalk,-28.3172,-16.67759,48.93637,33.88351
1742844977143,71.90811,3900,Eye Hit,Center,732.4373,728.1794,49.65171,NorthSidewalk,-29.92287,-13.28175,49.65171,33.39906
1742844977171,71.93735,3901,Eye Hit,Center,724.9962,729.0369,49.67382,NorthSidewalk,-30.14028,-13.2384,49.67382,33.53294
1742844977199,71.96427,3902,Eye Hit,Center,727.5724,720.1874,49.62537,NorthSidewalk,-30.0403,-13.73225,49.62537,33.64738
1742844977227,71.9917,3903,Eye Hit,Center,731.4157,715.7058,49.59749,NorthSidewalk,-29.91817,-13.98109,49.59749,33.65706
1742844977255,72.01962,3904,Eye Hit,Center,734.4861,697.7403,49.45438,NorthSidewalk,-29.74801,-14.96589,49.45438,33.95465
1742844977283,72.04808,3905,Eye Hit,Center,736.9397,685.5982,49.31003,NorthSidewalk,-29.59439,-15.61311,49.31003,34.1597
1742844977310,72.07568,3906,Eye Hit,Center,739.6543,669.5222,49.13626,NorthSidewalk,-29.41645,-16.46961,49.13626,34.45461
1742844977337,72.10283,3907,Eye Hit,Center,747.4219,650.5623,48.89074,NorthSidewalk,-29.0598,-17.45693,48.89075,34.73684
1742844977365,72.1295,3908,Eye Hit,Center,751.6608,648.8196,48.85728,NorthSidewalk,-28.92557,-17.54318,48.85728,34.6995
1742844977394,72.15776,3909,Eye Hit,Center,749.5984,631.0407,48.61949,NorthSidewalk,-28.84015,-18.45526,48.61949,35.15459
1742844977421,72.18628,3910,Eye Hit,Center,747.5421,614.5894,48.3786,NorthSidewalk,-28.75218,-19.28214,48.3786,35.58709
1742844977450,72.21349,3911,Eye Hit,Center,748.9188,606.5953,48.21926,NorthSidewalk,-28.62083,-19.6634,48.21926,35.7592
1742844977478,72.24252,3912,Eye Hit,Center,750.7955,606.9598,48.22221,NorthSidewalk,-28.57261,-19.64437,48.22221,35.71799
1742844977505,72.27032,3913,Eye Hit,Center,761.2178,642.5917,48.72261,NorthSidewalk,-28.58876,-17.845,48.72261,34.67132
1742844977533,72.29655,3914,Eye Hit,Center,764.0416,679.1837,49.15545,NorthSidewalk,-28.76609,-15.92795,49.15545,33.77964
1742844977560,72.32447,3915,Eye Hit,Center,760.589,686.1846,49.24535,NorthSidewalk,-28.91257,-15.55939,49.24535,33.69261
1742844977589,72.35224,3916,Eye Hit,Center,759.1806,681.7949,49.21264,NorthSidewalk,-28.93164,-15.79818,49.21264,33.81525
1742844977617,72.38194,3917,Eye Hit,Center,755.2493,679.9514,49.17776,NorthSidewalk,-29.01787,-15.89165,49.17776,33.93079
1742844977644,72.40825,3918,Eye Hit,Center,753.0213,665.0037,49.02826,NorthSidewalk,-28.98997,-16.68908,49.02826,34.30463
1742844977673,72.43661,3919,Eye Hit,Center,750.249,653.1324,48.89931,NorthSidewalk,-28.98856,-17.31485,48.89931,34.62587
1742844977700,72.46444,3920,Eye Hit,Center,748.252,648.5816,48.85559,NorthSidewalk,-29.01652,-17.55601,48.85559,34.7673
1742844977728,72.49147,3921,Eye Hit,Center,763.111,657.2686,48.92604,NorthSidewalk,-28.65698,-17.09084,48.92604,34.29309
1742844977756,72.51949,3922,Eye Hit,Center,769.5805,692.6803,49.29025,NorthSidewalk,-28.69425,-15.20409,49.29025,33.37773
1742844977784,72.54705,3923,Eye Hit,Center,775.0786,700.082,49.33726,NorthSidewalk,-28.57186,-14.7972,49.33727,33.11112
1742844977811,72.57587,3924,Eye Hit,Center,776.7528,697.3594,49.27972,NorthSidewalk,-28.49298,-14.93466,49.27972,33.13648
1742844977839,72.60379,3925,Eye Hit,Center,777.6151,683.416,49.14979,NorthSidewalk,-28.39446,-15.68613,49.14979,33.42507
1742844977867,72.63087,3926,Eye Hit,Center,782.9805,663.9168,48.91042,NorthSidewalk,-28.11128,-16.71017,48.91042,33.76775
1742844977895,72.6586,3927,Eye Hit,Center,783.7653,662.9537,48.89656,NorthSidewalk,-28.08214,-16.7599,48.89656,33.77558
1742844977923,72.68678,3928,Eye Hit,Center,782.9669,664.1362,48.91705,NorthSidewalk,-28.11546,-16.70011,48.91705,33.76292
1742844977951,72.71494,3929,Eye Hit,Center,782.3561,672.9543,49.02311,NorthSidewalk,-28.19295,-16.23757,49.02311,33.57058
1742844977978,72.74336,3930,Eye Hit,Center,781.9606,686.4562,49.1365,NorthSidewalk,-28.2689,-15.50944,49.1365,33.27337
1742844978006,72.77087,3931,Eye Hit,Center,781.0878,682.658,49.10508,NorthSidewalk,-28.27448,-15.71475,49.10508,33.375
1742844978034,72.79807,3932,Eye Hit,Center,781.0747,679.1927,49.07209,NorthSidewalk,-28.25584,-15.90056,49.07209,33.45323
1742844978062,72.82544,3933,Eye Hit,Center,782.1877,674.5898,49.02069,NorthSidewalk,-28.19613,-16.14421,49.02069,33.53638
1742844978089,72.85349,3934,Eye Hit,Center,782.5233,677.4955,49.05476,NorthSidewalk,-28.20662,-15.99095,49.05476,33.46384
1742844978118,72.88098,3935,Eye Hit,Center,786.475,679.7801,49.06065,NorthSidewalk,-28.10298,-15.86353,49.06065,33.33617
1742844978146,72.90973,3936,Eye Hit,Center,792.1468,677.5473,48.97029,NorthSidewalk,-27.89788,-15.96042,48.97029,33.27814
1742844978173,72.93804,3937,Eye Hit,Center,798.5611,669.8433,48.84845,NorthSidewalk,-27.65547,-16.35507,48.84845,33.33456
1742844978201,72.96485,3938,Eye Hit,Center,799.511,673.2269,48.8858,NorthSidewalk,-27.65099,-16.17662,48.8858,33.23717
1742844978229,72.99301,3939,Eye Hit,Center,756.8057,688.5728,49.28401,NorthSidewalk,-29.03822,-15.43568,49.28401,33.71406
1742844978257,73.02145,3940,Eye Hit,Center,706.9094,727.5353,49.65923,NorthSidewalk,-30.62731,-13.3207,49.65923,33.92311
1742844978285,73.04839,3941,Eye Hit,Center,706.1375,733.0888,49.70015,NorthSidewalk,-30.67373,-13.01316,49.70015,33.83869
1742844978312,73.07661,3942,Eye Hit,Center,709.4874,740.3185,49.71609,NorthSidewalk,-30.59162,-12.60258,49.71609,33.64359
1742844978340,73.10483,3943,Eye Hit,Center,715.4477,741.4121,49.7334,NorthSidewalk,-30.43861,-12.54417,49.73339,33.50344
1742844978368,73.13193,3944,Eye Hit,Center,720.0853,739.1127,49.7324,NorthSidewalk,-30.31065,-12.67595,49.7324,33.44975
1742844978396,73.15936,3945,Eye Hit,Center,731.337,735.3232,49.71498,NorthSidewalk,-29.9912,-12.88885,49.71498,33.28938
1742844978424,73.18826,3946,Eye Hit,Center,732.1319,734.303,49.71531,NorthSidewalk,-29.96958,-12.94735,49.71531,33.29185
1742844978452,73.21564,3947,Eye Hit,Center,733.1224,728.9825,49.6893,NorthSidewalk,-29.92673,-13.24575,49.6893,33.37024
1742844978479,73.2435,3948,Eye Hit,Center,736.5142,721.5795,49.611,NorthSidewalk,-29.78667,-13.64861,49.611,33.44211
1742844978507,73.27148,3949,Eye Hit,Center,740.4562,712.4271,49.54274,NorthSidewalk,-29.63787,-14.15314,49.54274,33.54194
1742844978535,73.29877,3950,Eye Hit,Center,738.9592,706.8268,49.50557,NorthSidewalk,-29.65654,-14.46244,49.50557,33.68312
1742844978563,73.32685,3951,Eye Hit,Center,744.4758,705.576,49.48751,NorthSidewalk,-29.495,-14.52851,49.48751,33.59972
1742844978591,73.35453,3952,Eye Hit,Center,746.2334,698.5323,49.42724,NorthSidewalk,-29.41111,-14.91262,49.42723,33.70953
1742844978620,73.38247,3953,Eye Hit,Center,755.313,693.9644,49.3636,NorthSidewalk,-29.1258,-15.15347,49.3636,33.62809
1742844978648,73.41181,3954,Eye Hit,Center,755.1968,685.4213,49.2548,NorthSidewalk,-29.06476,-15.60558,49.2548,33.81293
1742844978674,73.44098,3955,Eye Hit,Center,750.707,672.8068,49.13951,NorthSidewalk,-29.11854,-16.28437,49.13951,34.1741
1742844978702,73.46666,3956,Eye Hit,Center,749.6035,662.4728,49.02773,NorthSidewalk,-29.08216,-16.83197,49.02773,34.42537
1742844978730,73.49397,3957,Eye Hit,Center,751.329,647.7936,48.84299,NorthSidewalk,-28.92605,-17.59582,48.84299,34.72932
1742844978758,73.52252,3958,Eye Hit,Center,751.7928,646.6373,48.83059,NorthSidewalk,-28.9062,-17.65655,48.83059,34.74774
1742844978786,73.55029,3959,Eye Hit,Center,747.6579,714.4658,49.55231,NorthSidewalk,-29.44657,-14.03926,49.55231,33.35838
1742844978814,73.57911,3960,Eye Hit,Center,745.2896,705.6202,49.46216,NorthSidewalk,-29.45766,-14.51862,49.46216,33.58281
1742844978841,73.6072,3961,Eye Hit,Center,742.7753,714.2538,49.54142,NorthSidewalk,-29.57363,-14.04825,49.54142,33.45974
1742844978870,73.63301,3962,Eye Hit,Center,740.6573,696.951,49.41097,NorthSidewalk,-29.55355,-14.9978,49.41096,33.85086
1742844978897,73.66277,3963,Eye Hit,Center,740.0879,693.1251,49.38676,NorthSidewalk,-29.5546,-15.20843,49.38676,33.9412
1742844978925,73.68936,3964,Eye Hit,Center,742.9987,690.1771,49.36052,NorthSidewalk,-29.45957,-15.36831,49.36052,33.94665
1742844978953,73.71736,3965,Eye Hit,Center,747.6163,667.9561,49.12249,NorthSidewalk,-29.19228,-16.55363,49.12249,34.33976
1742844978981,73.74512,3966,Eye Hit,Center,750.0188,668.7027,49.10123,NorthSidewalk,-29.11451,-16.50432,49.10123,34.2781
1742844979009,73.77361,3967,Eye Hit,Center,753.3273,660.2599,48.99871,NorthSidewalk,-28.96423,-16.94706,48.99871,34.40615
1742844979036,73.80242,3968,Eye Hit,Center,753.0687,657.2637,48.96881,NorthSidewalk,-28.95354,-17.10615,48.96882,34.47928
1742844979065,73.82805,3969,Eye Hit,Center,750.528,650.4827,48.89498,NorthSidewalk,-28.97847,-17.46291,48.89497,34.68179
1742844979093,73.85756,3970,Eye Hit,Center,750.9217,638.9929,48.74298,NorthSidewalk,-28.87779,-18.05476,48.74298,34.94248
1742844979120,73.8858,3971,Eye Hit,Center,753.4709,622.8499,48.50371,NorthSidewalk,-28.66777,-18.86981,48.50371,35.28281
1742844979149,73.91145,3972,Eye Hit,Center,756.928,620.0763,48.42554,NorthSidewalk,-28.52914,-18.99438,48.42554,35.2895
1742844979175,73.94124,3973,Eye Hit,Center,758.0187,622.8396,48.46535,NorthSidewalk,-28.52341,-18.85544,48.46535,35.20295
1742844979203,73.96754,3974,Eye Hit,Center,763.1072,623.9253,48.46481,NorthSidewalk,-28.38693,-18.7944,48.46481,35.08666
1742844979231,73.99606,3975,Eye Hit,Center,774.3522,611.4827,48.22581,NorthSidewalk,-27.94754,-19.39417,48.22581,35.19846
1742844979259,74.02267,3976,Eye Hit,Center,783.5062,594.8909,47.90824,NorthSidewalk,-27.52138,-20.18371,47.90824,35.46564
1742844979288,74.05028,3977,Eye Hit,Center,790.8341,567.0886,47.37213,NorthSidewalk,-27.02175,-21.47762,47.37213,36.07885
1742844979315,74.07983,3978,Eye Hit,Center,808.7548,563.6844,47.16255,NorthSidewalk,-26.43557,-21.56773,47.16255,35.88209
1742844979343,74.10766,3979,Eye Hit,Center,821.3861,561.9922,47.03534,NorthSidewalk,-26.03625,-21.60142,47.03534,35.72591
1742844979371,74.13617,3980,Eye Hit,Center,845.3947,558.6858,46.75725,NorthSidewalk,-25.26254,-21.65207,46.75725,35.43507
1742844979399,74.16293,3981,Eye Hit,Center,869.4263,566.9903,46.6522,NorthSidewalk,-24.5868,-21.15638,46.6522,34.80994
1742844979427,74.19208,3982,Eye Hit,Center,904.4756,567.727,46.21355,NorthSidewalk,-23.46135,-20.91832,46.21355,34.222
1742844979454,74.21969,3983,Eye Hit,Center,923.063,563.0475,45.86659,NorthSidewalk,-22.81451,-21.00885,45.86659,34.06579
1742844979482,74.24647,3984,Eye Hit,Center,978.4109,547.4098,44.64877,NorthSidewalk,-20.84439,-21.25665,44.64877,33.69497
1742844979510,74.27494,3985,Eye Hit,Center,856.2732,670.3871,48.33151,NorthSidewalk,-25.82281,-16.15157,48.33151,32.21871
1742844979538,74.30355,3986,Eye Hit,Center,859.1083,686.321,48.46718,NorthSidewalk,-25.81944,-15.30575,48.46718,31.76944
1742844979565,74.33047,3987,Eye Hit,Center,856.2899,686.274,48.51228,NorthSidewalk,-25.91895,-15.32277,48.51228,31.82607
1742844979593,74.35748,3988,Eye Hit,Center,829.6271,726.8474,49.13703,NorthSidewalk,-26.97607,-13.21961,49.13703,31.44051
1742844979621,74.3848,3989,,Center,752.2572,776.9568,49.86087,,-29.50332,-10.53124,49.86087,32.1403
1742844979650,74.41146,3990,,Center,795.5054,774.0175,49.61693,,-28.17425,-10.64799,49.61693,31.25921
1742844979677,74.44075,3991,,Center,783.1765,777.4873,49.71365,,-28.56755,-10.4698,49.71365,31.46741
1742844979696,74.46799,3992,,Center,796.2846,773.0427,49.63118,,-28.16099,-10.70689,49.63118,31.25908
1742844979719,74.48661,3993,,Center,840.139,767.0181,49.21686,,-26.73426,-10.95977,49.21687,30.41575
1742844979736,74.50902,3994,,Center,863.2285,765.7707,48.92727,,-25.95324,-10.96565,48.92727,29.93546
1742844979752,74.52597,3995,,Center,830.6794,767.1769,49.32694,,-27.05167,-10.97507,49.32693,30.61839
1742844979785,74.55761,3997,,Center,733.2992,780.7093,49.93697,,-30.07103,-10.33111,49.93697,32.486
1742844979800,74.5754,3998,,Center,752.7231,779.8315,49.88857,,-29.50687,-10.37171,49.88857,32.08484
1742844979831,74.60764,4000,,Center,757.8409,780.1075,49.87356,,-29.35708,-10.3526,49.87356,31.97069
1742844979862,74.63808,4002,Eye Hit,Center,745.4538,778.5721,49.91448,NW_Tree_10,-29.72252,-10.44964,49.91448,32.26004
1742844979891,74.66835,4004,Eye Hit,Center,731.7839,764.1916,49.91429,NW_Tree_10,-30.09913,-11.27788,49.91429,32.77977
1742844979921,74.69715,4006,,Center,706.7963,743.2746,49.83683,,-30.73995,-12.46322,49.83683,33.64697
1742844979951,74.72664,4008,,Center,699.1736,738.611,49.80177,,-30.92792,-12.72232,49.80177,33.88176
1742844979982,74.75645,4010,,Center,737.565,734.1644,49.78669,,-29.86328,-12.97391,49.78669,33.18409
1742844979996,74.7739,4011,,Center,755.9698,737.9649,49.75717,,-29.33997,-12.74813,49.75717,32.73773
1742844980026,74.80281,4013,,Center,809.2795,743.6511,49.46461,,-27.7116,-12.34862,49.46461,31.52229
1742844980056,74.83227,4015,Eye Hit,Center,808.4157,734.2976,49.42588,Sedan3-Detailed,-27.71346,-12.87234,49.42588,31.726
1742844980087,74.86203,4017,Eye Hit,Center,831.8795,722.6991,49.13801,Sedan3-Detailed,-26.9155,-13.45493,49.13801,31.48251
1742844980117,74.89274,4019,Eye Hit,Center,830.9796,721.6686,49.14064,Sedan3-Detailed,-26.94136,-13.51414,49.14064,31.52322
1742844980147,74.92223,4021,Eye Hit,Center,861.1071,728.2374,48.83247,Sedan3-Detailed,-25.96015,-13.05926,48.83247,30.75655
1742844980180,74.95467,4023,Eye Hit,Center,917.5091,741.2769,48.04737,Sedan3-Detailed,-24.04659,-12.12641,48.04737,29.27121
1742844980210,74.98582,4025,Eye Hit,Center,953.2106,748.7687,47.42405,Sedan3-Detailed,-22.79987,-11.55916,47.42405,28.32566
1742844980242,75.01705,4027,Eye Hit,Center,987.6193,758.4402,46.75219,Sedan3-Detailed,-21.58869,-10.87357,46.75219,27.34045
1742844980275,75.04771,4029,,Center,1023.748,764.9548,45.96281,,-20.30737,-10.34456,45.96281,26.3742
1742844980291,75.06634,4030,,Center,1059.951,764.9459,45.09982,,-19.02464,-10.15067,45.09982,25.5535
1742844980321,75.09711,4032,,Center,1025.064,769.8813,45.94313,,-20.2653,-10.07882,45.94313,26.22655
1742844980352,75.12671,4034,Eye Hit,Center,893.0602,788.8952,48.5714,SW_Tree_10,-24.96449,-9.589818,48.5714,28.83684
1742844980383,75.15828,4036,,Center,759.9338,813.7364,49.87809,,-29.30211,-8.41813,49.87809,31.43484
1742844980412,75.18814,4038,,Center,673.1305,827.696,49.81452,,-31.6521,-7.604918,49.81452,33.16388
1742844980442,75.21845,4040,,Center,692.5312,835.4193,49.85866,,-31.1461,-7.167347,49.85867,32.66048
1742844980473,75.24757,4042,,Center,737.4756,841.8853,49.85296,,-29.90549,-6.794546,49.85296,31.59824
1742844980504,75.27774,4044,,Center,790.8755,842.744,49.62555,,-28.30599,-6.714343,49.62555,30.37963
1742844980518,75.29502,4045,,Center,740.6483,837.0926,49.87389,,-29.83069,-7.073272,49.87389,31.57931
1742844980547,75.32255,4047,,Center,710.8091,831.5836,49.91517,,-30.67769,-7.396358,49.91516,32.30137
1742844980578,75.35281,4049,,Center,686.3651,821.546,49.89796,,-31.34052,-7.971882,49.89796,32.94698
1742844980607,75.38247,4051,,Center,723.4111,817.4409,49.96222,,-30.35899,-8.218678,49.96222,32.19088
1742844980636,75.4125,4053,,Center,752.7892,801.7172,49.94129,,-29.53623,-9.121305,49.94129,31.75661
1742844980665,75.44109,4055,,Center,769.1898,792.8111,49.87871,,-29.04758,-9.622458,49.87871,31.52854
1742844980694,75.47004,4057,,Center,756.2477,802.7374,49.92724,,-29.43259,-9.060076,49.92724,31.66659
1742844980723,75.49977,4059,,Center,736.7139,822.2773,49.93661,,-29.97667,-7.935775,49.93661,31.83918
1742844980752,75.52689,4061,,Center,732.0725,831.5763,49.9096,,-30.08834,-7.396099,49.9096,31.83215
1742844980780,75.55619,4063,,Center,762.8272,815.8053,49.87471,,-29.22045,-8.298453,49.87471,31.3433
1742844980809,75.58589,4065,,Center,776.9751,805.8734,49.8219,,-28.80034,-8.86059,49.8219,31.16575
1742844980838,75.61333,4067,,Center,823.8674,799.8163,49.46831,,-27.31524,-9.143424,49.46831,30.21186
1742844980867,75.64312,4069,,Center,641.8965,789.5658,49.68507,,-32.42663,-9.77123,49.68507,34.27953
1742844980895,75.67216,4071,,Center,643.1262,792.8142,49.68979,,-32.39597,-9.586013,49.68979,34.21209
1742844980924,75.70193,4073,,Center,676.0223,785.3481,49.87725,,-31.61233,-10.0518,49.87725,33.62676
1742844980955,75.73029,4075,,Center,710.7115,784.1411,49.96431,,-30.71059,-10.13891,49.96431,32.91423
1742844980972,75.7473,4076,,Center,742.8607,785.0681,49.93936,,-29.80884,-10.08051,49.93937,32.21535
1742844981002,75.77747,4078,,Center,761.5398,768.6772,49.85397,,-29.24374,-11.00617,49.85397,32.07771
1742844981033,75.81084,4080,,Center,800.4111,766.2007,49.61856,,-28.04079,-11.09598,49.61856,31.28972
1742844981071,75.84629,4082,Eye Hit,Center,872.4376,758.9459,48.81725,SouthWalkingPole,-25.64666,-11.32536,48.81725,29.86894
1742844981112,75.87897,4084,Eye Hit,Center,920.267,745.3617,48.0106,SouthWalkingPole,-23.95509,-11.89077,48.0106,29.11963
1742844981128,75.90353,4085,,Center,907.4391,750.3982,48.2493,,-24.4159,-11.66957,48.2493,29.28652
1742844981159,75.93475,4087,,Center,763.7814,802.0892,49.85628,,-29.18339,-9.084463,49.85628,31.51059
1742844981197,75.97208,4089,Eye Hit,Center,665.7847,833.5721,49.72533,SouthDiagonalPole,-31.79709,-7.254224,49.72533,33.26026
1742844981230,76.00508,4091,,Center,652.0927,841.2939,49.61428,,-32.10114,-6.795905,49.61428,33.47882
1742844981268,76.04192,4093,Eye Hit,Center,687.5496,835.0663,49.81377,SouthDiagonalPole,-31.25507,-7.181239,49.81377,32.7729
1742844981306,76.07561,4095,Eye Hit,Center,713.9642,836.6522,49.8571,SouthDiagonalPole,-30.55515,-7.096189,49.8571,32.17667
1742844981324,76.09697,4096,Eye Hit,Center,690.5155,828.5515,49.85403,SouthCarSignal,-31.19869,-7.561692,49.85403,32.77829
1742844981340,76.11436,4097,Eye Hit,Center,670.0957,811.9561,49.82585,SouthCarSignal,-31.74279,-8.51156,49.82586,33.40804
1742844981379,76.15282,4099,Eye Hit,Center,663.5027,818.0157,49.77931,SouthCarSignal,-31.89433,-8.155539,49.77931,33.47784
1742844981398,76.17062,4100,Eye Hit,Center,667.1566,820.9453,49.78901,SouthCarSignal,-31.80011,-7.988854,49.78901,33.36665
1742844981418,76.18886,4101,Eye Hit,Center,677.6727,826.3058,49.82354,SouthCarSignal,-31.53288,-7.686301,49.82354,33.0811
1742844981435,76.21011,4102,Eye Hit,Center,682.0433,829.425,49.82824,SouthCarSignal,-31.41562,-7.507597,49.82824,32.95258
1742844981472,76.24448,4104,Eye Hit,Center,705.4621,841.4088,49.83875,SouthCarSignal,-30.77785,-6.819994,49.83875,32.31451
1742844981490,76.26321,4105,Eye Hit,Center,703.1539,840.1417,49.84437,SouthCarSignal,-30.84485,-6.893775,49.84438,32.37838
1742844981507,76.28087,4106,,Center,621.9863,772.3087,49.49169,,-32.84446,-10.71872,49.49169,34.91818
1742844981528,76.2985,4107,,Center,639.343,783.387,49.65189,,-32.47498,-10.11871,49.65189,34.41376
1742844981546,76.31855,4108,,Center,514.0706,685.4761,47.53615,,-34.37893,-15.05816,47.53615,38.29281
1742844981563,76.33749,4109,,Center,523.4779,692.0452,47.7526,,-34.28745,-14.76477,47.7526,38.01705
1742844981601,76.37479,4111,,Center,528.7974,696.6564,47.87902,,-34.23761,-14.54907,47.87902,37.84621
1742844981618,76.39259,4112,,Center,532.9335,701.8249,47.99026,,-34.20757,-14.29674,47.99026,37.68796
1742844981653,76.42554,4114,,Center,556.2386,711.0844,48.4184,,-33.88976,-13.90694,48.4184,37.11028
1742844981670,76.44392,4115,,Center,561.6561,715.7061,48.52759,,-33.82103,-13.6795,48.5276,36.93563
1742844981704,76.47726,4117,,Center,573.3625,725.6617,48.75364,,-33.66347,-13.18305,48.75364,36.55841
1742844981723,76.49396,4118,,Center,565.7751,727.6578,48.66311,,-33.80481,-13.04664,48.66311,36.67176
1742844981739,76.51293,4119,,Center,560.9431,720.7888,48.55488,,-33.85917,-13.40233,48.55488,36.86916
1742844981756,76.52989,4120,,Center,563.8896,723.5315,48.61295,,-33.82057,-13.26462,48.61295,36.77102
1742844981772,76.54723,4121,,Center,552.8488,725.9282,48.46938,,-34.01614,-13.09139,48.46938,36.9427
1742844981803,76.57791,4123,,Center,556.6501,729.7402,48.5457,,-33.96782,-12.89849,48.5457,36.81324
1742844981836,76.60989,4125,,Center,570.4666,735.0966,48.7693,,-33.75225,-12.65632,48.7693,36.46945
1742844981851,76.62708,4126,Eye Hit,Center,571.0484,736.3332,48.78502,RoadEast,-33.74747,-12.59081,48.78502,36.43977
1742844981883,76.65675,4128,,Center,576.5834,745.5695,48.90259,,-33.67936,-12.09994,48.90259,36.19672
1742844981914,76.68822,4130,,Center,580.1029,745.6039,48.94881,,-33.61608,-12.10951,48.94881,36.12795
1742844981930,76.70576,4131,,Center,580.6577,746.7827,48.96025,,-33.60894,-12.04566,48.96025,36.09995
1742844981962,76.73731,4133,,Center,583.9088,748.947,49.01016,,-33.55523,-11.93566,49.01015,36.00523
1742844981993,76.769,4135,,Center,583.0345,750.2414,49.00482,,-33.57523,-11.86108,49.00482,36.00355
1742844982024,76.80092,4137,,Center,584.3383,752.0997,49.02873,,-33.55632,-11.76175,49.02873,35.95137
1742844982056,76.82954,4139,,Center,584.5378,750.2385,49.02441,,-33.54796,-11.86601,49.02441,35.97425
1742844982072,76.84673,4140,,Center,585.6887,754.5505,49.05549,,-33.53806,-11.62951,49.05549,35.88995
1742844982104,76.8793,4142,,Center,582.6528,750.3546,49.00285,,-33.58421,-11.85425,49.00285,36.00938
1742844982134,76.90968,4144,,Center,573.6307,741.7101,48.84917,,-33.7222,-12.30436,48.84917,36.31033
1742844982166,76.94133,4146,,Center,564.5822,742.8074,48.73106,,-33.88412,-12.2129,48.73106,36.46869
1742844982200,76.97353,4148,,Center,683.5682,841.8106,49.79689,,-31.35393,-6.791285,49.79689,32.79113
1742844982214,76.99078,4149,,Center,779.0076,902.4182,49.23341,,-28.40491,-3.271298,49.23341,30.1462
1742844982246,77.02055,4151,,Center,775.8492,903.4023,49.24043,,-28.49482,-3.215788,49.24043,30.21485
1742844982262,77.03826,4152,,Center,769.7756,899.5537,49.31026,,-28.70059,-3.43931,49.31026,30.37905
1742844982294,77.06886,4154,,Center,753.2227,887.3745,49.49179,,-29.25854,-4.147501,49.49179,30.84099
1742844982325,77.10145,4156,,Center,737.0617,878.3057,49.60888,,-29.77041,-4.676396,49.60888,31.27705
1742844982358,77.13496,4158,,Center,734.7673,881.7196,49.5835,,-29.81798,-4.478811,49.5835,31.30442
1742844982393,77.16943,4160,Eye Hit,Center,730.6198,900.5443,49.41084,SouthCarSignal,-29.8273,-3.389963,49.41084,31.28057
1742844982433,77.20301,4162,,Center,709.3853,910.0544,49.3089,,-30.34384,-2.841812,49.3089,31.71919
1742844982451,77.22372,4163,,Center,695.2528,898.8214,49.40396,,-30.78782,-3.487677,49.40396,32.09475
1742844982474,77.24255,4164,,Center,658.5622,905.9088,49.18231,,-31.64598,-3.069788,49.18231,32.88116
1742844982493,77.26501,4165,,Center,661.4545,907.1355,49.18485,,-31.56907,-3.000337,49.18485,32.8114
1742844982516,77.28341,4166,,Center,682.4244,853.3577,49.72858,,-31.34232,-6.119346,49.72858,32.70729
1742844982534,77.30754,4167,,Center,657.9479,857.9078,49.58381,,-31.92113,-5.841264,49.58381,33.20359
1742844982551,77.32502,4168,,Center,749.01,773.1462,49.91941,,-29.62746,-10.76317,49.91941,32.27062
1742844982572,77.34174,4169,,Center,698.5883,782.1752,49.9496,,-31.03587,-10.2493,49.9496,33.19867
1742844982590,77.36232,4170,,Center,718.2543,779.7321,49.96931,,-30.50557,-10.39422,49.96931,32.82005
1742844982606,77.38057,4171,,Center,698.4213,777.1033,49.94447,,-31.03728,-10.54051,49.94447,33.27667
1742844982641,77.41525,4173,,Center,622.6221,786.7268,49.52046,,-32.84618,-9.901128,49.52045,34.71286
1742844982675,77.44862,4175,,Center,576.4124,792.6446,49.00186,,-33.75235,-9.46284,49.00187,35.57825
1742844982693,77.46626,4176,,Center,553.9951,794.938,48.68496,,-34.13663,-9.272751,48.68496,36.00149
1742844982711,77.48383,4177,Eye Hit,Center,575.1451,789.8176,48.98441,Sedan3-Detailed,-33.7746,-9.619225,48.98441,35.63734
1742844982728,77.5014,4178,Eye Hit,Center,560.5311,792.1055,48.78111,Sedan3-Detailed,-34.02801,-9.450532,48.78111,35.90335
1742844982744,77.51838,4179,Eye Hit,Center,616.4727,760.2615,49.41549,Sedan3-Detailed,-32.94431,-11.38913,49.41549,35.19894
1742844982776,77.55018,4181,,Center,647.6852,756.7931,49.66534,,-32.25504,-11.64545,49.66534,34.62429
1742844982808,77.58199,4183,,Center,592.9758,767.1654,49.17964,,-33.42508,-10.94305,49.17964,35.57045
1742844982841,77.61623,4185,,Center,556.2236,770.1527,48.69609,,-34.08452,-10.66752,48.69609,36.25719
1742844982872,77.64668,4187,,Center,558.7786,766.718,48.72637,,-34.03698,-10.86728,48.72637,36.25159
1742844982905,77.6786,4189,,Center,680.7465,731.8841,49.72816,,-31.38812,-13.08955,49.72816,34.36744
1742844982936,77.7106,4191,,Center,636.8729,733.2025,49.4771,,-32.42813,-12.94816,49.4771,35.21186
1742844982967,77.74194,4193,,Center,720.6238,735.9051,49.82158,,-30.3502,-12.88303,49.82158,33.49611
1742844982998,77.7739,4195,,Center,710.324,739.3585,49.83526,,-30.64193,-12.68791,49.83526,33.6434
1742844983029,77.80392,4197,,Center,664.3657,741.1918,49.70023,,-31.81998,-12.5485,49.70023,34.5367
1742844983059,77.8343,4199,,Center,594.7565,745.739,49.12661,,-33.34073,-12.1458,49.12661,35.84058
1742844983089,77.86381,4201,,Center,584.6671,745.855,49.00572,,-33.53167,-12.10937,49.00572,36.03555
1742844983119,77.8941,4203,,Center,746.5436,734.9024,49.77978,,-29.61237,-12.92977,49.77978,32.98764
1742844983147,77.92233,4205,Eye Hit,Center,744.8228,734.9575,49.78443,SouthSidewalk,-29.66244,-12.92774,49.78443,33.02168
1742844983176,77.95196,4207,Eye Hit,Center,701.0894,736.2199,49.80497,SouthSidewalk,-30.87723,-12.8607,49.80497,33.88488
1742844983205,77.98067,4209,Eye Hit,Center,668.2231,740.2858,49.7156,SouthSidewalk,-31.72394,-12.60435,49.7156,34.47462
1742844983234,78.00967,4211,Eye Hit,Center,604.1324,744.3907,49.22481,SouthSidewalk,-33.15257,-12.24669,49.22482,35.67744
1742844983263,78.04052,4213,Eye Hit,Center,619.8208,749.8976,49.40771,SouthSidewalk,-32.8478,-11.9782,49.40771,35.28533
1742844983292,78.0685,4215,,Center,712.422,759.5305,49.91941,,-30.63585,-11.54734,49.91941,33.25901
1742844983322,78.09777,4217,Eye Hit,Center,734.0127,759.2999,49.91271,SouthSidewalk,-30.03675,-11.55912,49.91271,32.81428
1742844983352,78.12817,4219,Eye Hit,Center,733.2083,759.483,49.91415,SouthSidewalk,-30.05979,-11.54898,49.91415,32.82801
1742844983382,78.15874,4221,Eye Hit,Center,765.7325,757.6345,49.81579,SouthSidewalk,-29.10603,-11.63246,49.81579,32.17841
1742844983412,78.18868,4223,Eye Hit,Center,792.9755,756.8367,49.65849,SouthSidewalk,-28.26721,-11.64137,49.65849,31.61709
1742844983443,78.21818,4225,Eye Hit,Center,807.1273,757.9359,49.55471,SouthSidewalk,-27.82094,-11.55429,49.55471,31.29588
1742844983458,78.23486,4226,Eye Hit,Center,795.9698,758.4316,49.64259,SouthSidewalk,-28.17609,-11.54637,49.64259,31.52442
1742844983479,78.25359,4227,Eye Hit,Center,818.3048,764.1291,49.47436,SW_Tree_30,-27.47054,-11.18187,49.47437,30.94206
1742844983493,78.27029,4228,Eye Hit,Center,809.3032,765.2861,49.55712,SW_Tree_30,-27.76277,-11.13441,49.55712,31.11487
1742844983524,78.29971,4230,Eye Hit,Center,832.7379,768.0089,49.34035,SouthSidewalk,-27.00295,-10.93081,49.34035,30.55839
1742844983557,78.33036,4232,Eye Hit,Center,854.5628,767.3362,49.0877,Car4-Detailed,-26.27319,-10.91284,49.0877,30.09502
1742844983574,78.34718,4233,Eye Hit,Center,842.6802,768.8596,49.2324,Car4-Detailed,-26.67362,-10.85844,49.2324,30.32601
1742844983590,78.3643,4234,Eye Hit,Center,857.6859,779.6223,49.06984,Car4-Detailed,-26.17901,-10.21329,49.06984,29.7984
1742844983620,78.39473,4236,Eye Hit,Center,873.2276,783.7368,48.86662,Car4-Detailed,-25.6513,-9.938906,48.86662,29.37734
1742844983651,78.42583,4238,Eye Hit,Center,861.135,780.7237,49.02798,Car4-Detailed,-26.06333,-10.14229,49.02798,29.70186
1742844983681,78.45553,4240,Eye Hit,Center,853.7169,783.2817,49.12531,Car4-Detailed,-26.31626,-10.01738,49.12531,29.8211
1742844983696,78.47289,4241,Eye Hit,Center,852.5555,783.0062,49.13922,Car4-Detailed,-26.35522,-10.03578,49.13922,29.8518
1742844983727,78.50176,4243,Eye Hit,Center,843.7242,778.1434,49.23952,Car4-Detailed,-26.6491,-10.33258,49.23952,30.13391
1742844983756,78.5319,4245,Eye Hit,Center,844.8685,776.5455,49.2247,Car4-Detailed,-26.60997,-10.42034,49.2247,30.13741
1742844983786,78.56116,4247,Eye Hit,Center,840.4877,776.9817,49.27603,Car4-Detailed,-26.75691,-10.40639,49.27603,30.22603
1742844983817,78.59121,4249,Eye Hit,Center,839.8735,777.0204,49.28283,Car4-Detailed,-26.77731,-10.40558,49.28283,30.23885
1742844983846,78.6213,4251,Eye Hit,Center,837.6047,771.9954,49.30025,Car4-Detailed,-26.84853,-10.69511,49.30025,30.37929
1742844983877,78.65211,4253,Eye Hit,Center,839.8589,772.3196,49.27634,Car4-Detailed,-26.77418,-10.6715,49.27634,30.32405
1742844983906,78.68156,4255,Eye Hit,Center,842.1382,771.9793,49.25013,Car4-Detailed,-26.69796,-10.68518,49.25013,30.28036
1742844983937,78.71232,4257,Eye Hit,Center,842.9638,766.3724,49.22916,Car4-Detailed,-26.66416,-10.99913,49.22916,30.36631
1742844983967,78.74205,4259,Eye Hit,Center,847.0522,760.9409,49.16782,Car4-Detailed,-26.51996,-11.2936,49.16782,30.38088
1742844983997,78.77335,4261,Eye Hit,Center,851.7045,754.9786,49.09364,Car4-Detailed,-26.35384,-11.61421,49.09364,30.39696
1742844984027,78.80308,4263,Eye Hit,Center,858.5433,746.6639,48.97731,Car4-Detailed,-26.10648,-12.05657,48.97731,30.41845
1742844984057,78.83296,4265,,Center,861.303,735.8754,48.89265,,-25.98685,-12.6445,48.89265,30.58679
1742844984087,78.86264,4267,,Center,831.7529,908.4306,48.75729,,-26.71037,-2.90134,48.75729,28.85676
1742844984118,78.89331,4269,Eye Hit,Center,827.7629,957.06,48.18545,NorthCarSignal,-26.50325,-0.1634277,48.18545,28.81239
1742844984148,78.92265,4271,Eye Hit,Center,828.1808,961.6439,48.11454,NorthCarSignal,-26.45314,0.09120464,48.11454,28.80192
1742844984178,78.95338,4273,Eye Hit,Center,827.7858,944.7678,48.35768,NorthCarSignal,-26.59737,-0.850062,48.35769,28.82374
1742844984209,78.98335,4275,Eye Hit,Center,829.1426,937.9005,48.43605,NorthCarSignal,-26.60419,-1.235202,48.43605,28.80445
1742844984238,79.01304,4277,Eye Hit,Center,830.2734,930.5131,48.51863,NorthCarSignal,-26.61926,-1.650785,48.51863,28.79733
1742844984268,79.04371,4279,Eye Hit,Center,834.5142,929.0402,48.49481,NorthCarSignal,-26.49265,-1.732473,48.49481,28.69919
1742844984299,79.07438,4281,Eye Hit,Center,838.3107,930.7265,48.43439,NorthCarSignal,-26.35811,-1.636092,48.43439,28.60141
1742844984329,79.10429,4283,,Center,863.2653,873.6813,48.70551,,-25.83463,-4.851168,48.70551,28.35555
1742844984359,79.1339,4285,,Center,939.5182,673.471,47.1944,,-23.04623,-15.6036,47.1944,30.52884
1742844984389,79.1635,4287,Eye Hit,Center,961.1332,634.2572,46.36198,Car4-Detailed,-22.08647,-17.42625,46.36198,31.25021
1742844984419,79.19439,4289,Eye Hit,Center,962.894,635.4728,46.34412,Car4-Detailed,-22.0329,-17.35449,46.34412,31.1818
1742844984450,79.22556,4291,Eye Hit,Center,982.1968,640.9742,46.03427,Car4-Detailed,-21.395,-16.94625,46.03427,30.66326
1742844984482,79.25629,4293,Eye Hit,Center,1010.253,645.5879,45.50647,Car4-Detailed,-20.44481,-16.50979,45.50647,30.0051
1742844984512,79.28682,4295,Eye Hit,Center,1043.828,649.5916,44.80747,RoadWest,-19.30017,-16.04919,44.80747,29.25766
1742844984528,79.30393,4296,Eye Hit,Center,1075.236,650.7318,44.08808,RoadWest,-18.2258,-15.73351,44.08808,28.6399
1742844984557,79.33273,4298,,Center,1135.889,670.7079,42.76175,,-16.24555,-14.27443,42.76175,26.82704
1742844984588,79.36234,4300,,Center,1225.607,656.7762,40.34856,,-13.33014,-14.11749,40.34856,25.69763
1742844984619,79.39303,4302,,Center,1368.531,651.8048,36.65879,,-9.218442,-13.03681,36.65879,23.53558
1742844984649,79.42332,4304,,Center,1353.323,657.663,37.07133,,-9.633442,-12.93292,37.07133,23.50964
1742844984678,79.45312,4306,,Center,1118.505,672.0485,43.21033,,-16.8307,-14.35741,43.21033,27.11126
1742844984707,79.48212,4308,,Center,1000.015,732.0517,46.40472,,-21.11066,-12.20572,46.40472,27.72149
1742844984737,79.51213,4310,,Center,908.9133,747.3718,48.23557,,-24.3697,-11.8346,48.23557,29.32059
1742844984765,79.54134,4312,,Center,1049.65,744.6831,45.31264,,-19.37211,-11.25817,45.31264,26.31119
1742844984795,79.57046,4314,,Center,945.893,759.563,47.61185,,-23.0825,-11.01193,47.61185,28.24245
1742844984823,79.59957,4316,,Center,862.0399,768.0439,48.98821,,-26.0177,-10.85073,48.98821,29.91778
1742844984853,79.62876,4318,,Center,820.6434,766.1608,49.45119,,-27.39382,-11.06081,49.45119,30.85445
1742844984883,79.65869,4320,,Center,898.7817,761.2152,48.44107,,-24.74448,-11.11132,48.44107,29.24678
1742844984913,79.68833,4322,,Center,903.1485,762.8029,48.37276,,-24.59296,-11.00708,48.37276,29.11798
1742844984943,79.71997,4324,Eye Hit,Center,844.0849,761.1678,49.19081,SE_Tree_10,-26.61295,-11.28592,49.19081,30.44074
1742844984974,79.7518,4326,,Center,766.4109,760.683,49.81701,,-29.08809,-11.45753,49.81701,32.11082
1742844985011,79.78589,4328,Eye Hit,Center,743.8182,754.9434,49.87301,SE_Tree_30,-29.74287,-11.80068,49.87301,32.68409
1742844985026,79.80318,4329,Eye Hit,Center,760.7574,754.8367,49.81742,SE_Tree_30,-29.24382,-11.79361,49.81742,32.33212
1742844985064,79.83375,4331,,Center,806.9193,751.4011,49.52175,,-27.80814,-11.91989,49.52175,31.42273
1742844985081,79.85454,4332,Eye Hit,Center,747.4083,745.8004,49.82742,Sedan3-Detailed,-29.61691,-12.31565,49.82742,32.77066
1742844985095,79.87148,4333,Eye Hit,Center,752.5693,746.4689,49.81328,Sedan3-Detailed,-29.46658,-12.27357,49.81328,32.65189
1742844985128,79.90233,4335,Eye Hit,Center,718.555,743.0481,49.84908,Sedan3-Detailed,-30.42389,-12.47921,49.84908,33.41152
1742844985157,79.93266,4337,,Center,687.3491,745.8456,49.81107,,-31.25887,-12.30895,49.81107,33.99768
1742844985189,79.96233,4339,,Center,712.0727,746.0119,49.8582,,-30.6079,-12.31108,49.8582,33.49247
1742844985204,79.97971,4340,Eye Hit,Center,714.1965,744.786,49.8568,Sedan3-Detailed,-30.54857,-12.38111,49.85681,33.47019
1742844985235,80.00968,4342,Eye Hit,Center,711.1189,743.3246,49.84226,Sedan3-Detailed,-30.62436,-12.46153,49.84226,33.55816
1742844985265,80.04098,4344,,Center,697.7551,742.6347,49.81855,,-30.97736,-12.49532,49.81855,33.84122
1742844985295,80.07122,4346,,Center,667.5667,740.5422,49.69972,,-31.73182,-12.58553,49.69972,34.48345
1742844985326,80.10124,4348,,Center,652.1949,738.9866,49.60317,,-32.09115,-12.6502,49.60317,34.81509
1742844985357,80.13295,4350,,Center,632.7622,745.1664,49.48579,,-32.54614,-12.26727,49.48579,35.10162
1742844985388,80.16259,4352,,Center,621.7344,747.0491,49.39747,,-32.7888,-12.13815,49.39747,35.29076
1742844985418,80.19448,4354,,Center,608.9118,752.9129,49.29519,,-33.06989,-11.77942,49.29519,35.45625
1742844985451,80.22436,4356,,Center,588.8936,754.8415,49.0777,,-33.46641,-11.6183,49.07771,35.82288
1742844985465,80.24143,4357,,Center,580.5582,755.8762,48.97396,,-33.62104,-11.53527,48.97396,35.97181
1742844985497,80.27299,4359,,Center,566.9675,755.1845,48.78746,,-33.85908,-11.53024,48.78746,36.24696
1742844985530,80.30577,4361,Eye Hit,Center,568.3075,762.1949,48.82895,Sedan3-Detailed,-33.85175,-11.14498,48.82895,36.12489
1742844985560,80.33607,4363,,Center,571.7056,760.1512,48.87159,,-33.78962,-11.27011,48.87159,36.08606
1742844985593,80.3675,4365,,Center,570.3481,755.0991,48.83722,,-33.80246,-11.54684,48.83722,36.18227
1742844985624,80.39977,4367,Eye Hit,Center,571.3776,756.3652,48.85842,SportCar2-Detailed,-33.78937,-11.48047,48.85843,36.14458
1742844985657,80.43085,4369,Eye Hit,Center,573.9285,765.3871,48.92267,SportCar2-Detailed,-33.76489,-10.98626,48.92266,35.97153
1742844985688,80.46207,4371,Eye Hit,Center,574.0258,765.9911,48.92897,SportCar2-Detailed,-33.76661,-10.95353,48.92897,35.96151
1742844985720,80.49516,4373,Eye Hit,Center,580.5588,761.2071,49.00414,SportCar2-Detailed,-33.64174,-11.24085,49.00414,35.89766
1742844985751,80.52606,4375,Eye Hit,Center,577.7062,758.7564,48.96276,RoadEast,-33.69044,-11.36995,48.96276,35.98757
1742844985783,80.55778,4377,Eye Hit,Center,571.6891,767.2027,48.90709,SportCar2-Detailed,-33.81461,-10.88035,48.90709,35.99147
1742844985799,80.57488,4378,Eye Hit,Center,568.7237,769.7465,48.87127,SportCar2-Detailed,-33.86986,-10.72883,48.87127,36.01646
1742844985832,80.60674,4380,Eye Hit,Center,563.1857,775.8558,48.80467,SportCar2-Detailed,-33.97293,-10.37016,48.80467,36.04742
1742844985864,80.63853,4382,Eye Hit,Center,562.4265,770.7233,48.7845,SportCar2-Detailed,-33.97934,-10.65487,48.7845,36.12792
1742844985895,80.67022,4384,Eye Hit,Center,562.7805,767.5424,48.78174,SportCar2-Detailed,-33.96786,-10.83329,48.78173,36.16229
1742844985927,80.70174,4386,Eye Hit,Center,563.0413,779.1457,48.80292,SportCar2-Detailed,-33.9756,-10.18455,48.80292,36.00909
1742844985943,80.71945,4387,Eye Hit,Center,562.4498,781.8264,48.79818,SportCar2-Detailed,-33.98824,-10.03259,48.79818,35.98775
1742844985975,80.74928,4389,Eye Hit,Center,562.2304,783.2327,48.79539,SportCar2-Detailed,-33.99221,-9.952904,48.79539,35.97495
1742844986006,80.78043,4391,Eye Hit,Center,561.0806,780.9147,48.77598,SportCar2-Detailed,-34.00964,-10.07937,48.77598,36.02612
1742844986039,80.81213,4393,Eye Hit,Center,557.3678,775.7455,48.70814,SportCar2-Detailed,-34.06219,-10.35596,48.70815,36.16375
1742844986054,80.82923,4394,Eye Hit,Center,552.8364,771.1501,48.6341,SportCar2-Detailed,-34.13208,-10.5981,48.63411,36.31093
1742844986086,80.86024,4396,Eye Hit,Center,544.587,770.5948,48.50512,SportCar2-Detailed,-34.26247,-10.60107,48.50512,36.47948
1742844986118,80.89161,4398,Eye Hit,Center,540.814,764.4218,48.43129,SportCar2-Detailed,-34.31121,-10.92987,48.43129,36.63184
1742844986133,80.90829,4399,Eye Hit,Center,535.633,762.5947,48.3397,SportCar2-Detailed,-34.3846,-11.01117,48.3397,36.75585
1742844986164,80.93929,4401,Eye Hit,Center,526.7048,760.2065,48.17979,SportCar2-Detailed,-34.50835,-11.10744,48.17979,36.9589
1742844986197,80.97147,4403,Eye Hit,Center,520.2819,756.2687,48.05698,SportCar2-Detailed,-34.59079,-11.29747,48.05698,37.13316
1742844986228,81.00306,4405,Eye Hit,Center,510.5327,757.9158,47.88892,SportCar2-Detailed,-34.7276,-11.16698,47.88892,37.29795
1742844986261,81.0351,4407,Eye Hit,Center,499.4241,761.9372,47.69348,SportCar2-Detailed,-34.87837,-10.9,47.69348,37.4587
1742844986293,81.06841,4409,Eye Hit,Center,497.2297,770.3384,47.674,SportCar2-Detailed,-34.92188,-10.43344,47.674,37.39819
1742844986325,81.10013,4411,Eye Hit,Center,495.9042,773.0635,47.65787,SportCar2-Detailed,-34.94495,-10.28009,47.65787,37.39127
1742844986342,81.11697,4412,Eye Hit,Center,498.95,768.5041,47.7139,SportCar2-Detailed,-34.9058,-10.54319,47.7139,37.38734
1742844986373,81.14729,4414,Eye Hit,Center,502.5889,769.4548,47.78644,SportCar2-Detailed,-34.86286,-10.50672,47.78644,37.30619
1742844986404,81.17895,4416,Eye Hit,Center,509.3235,763.9532,47.89601,SportCar2-Detailed,-34.76472,-10.83501,47.89602,37.24475
1742844986420,81.19586,4417,Eye Hit,Center,511.6448,761.9057,47.93792,SportCar2-Detailed,-34.73371,-10.9577,47.93792,37.22601
1742844986451,81.22646,4419,Eye Hit,Center,513.655,757.4241,47.96486,SportCar2-Detailed,-34.69999,-11.21196,47.96486,37.24475
1742844986484,81.2576,4421,Eye Hit,Center,516.7769,756.5417,48.01969,SportCar2-Detailed,-34.65688,-11.27368,48.01969,37.19658
1742844986500,81.27574,4422,Eye Hit,Center,518.967,757.3719,48.06089,SportCar2-Detailed,-34.6285,-11.23715,48.06089,37.14394
1742844986532,81.30807,4424,Eye Hit,Center,518.9447,760.1873,48.07176,SportCar2-Detailed,-34.63692,-11.08364,48.07175,37.10809
1742844986564,81.33993,4426,Eye Hit,Center,516.5764,754.501,48.01572,SportCar2-Detailed,-34.65933,-11.38576,48.01572,37.22698
1742844986598,81.3718,4428,Eye Hit,Center,525.0446,753.8541,48.1645,SportCar2-Detailed,-34.54155,-11.45687,48.16451,37.07387
1742844986614,81.3886,4429,Eye Hit,Center,526.4673,750.9692,48.18,SportCar2-Detailed,-34.51482,-11.621,48.18,37.0852
1742844986645,81.41911,4431,Eye Hit,Center,530.3089,752.6049,48.2529,SportCar2-Detailed,-34.46469,-11.54748,48.2529,36.98984
1742844986662,81.43645,4432,Eye Hit,Center,531.8345,752.4773,48.28007,SportCar2-Detailed,-34.44344,-11.56117,48.28008,36.96237
1742844986692,81.46744,4434,Eye Hit,Center,541.8878,753.4819,48.45089,SportCar2-Detailed,-34.29638,-11.54588,48.45089,36.75585
1742844986724,81.50019,4436,Eye Hit,Center,544.952,751.8041,48.49523,SportCar2-Detailed,-34.24572,-11.65042,48.49523,36.71973
1742844986755,81.52966,4438,Eye Hit,Center,555.0895,753.5167,48.65653,SportCar2-Detailed,-34.08729,-11.59302,48.65653,36.50062
1742844986786,81.5613,4440,Eye Hit,Center,562.4614,752.1065,48.75858,SportCar2-Detailed,-33.96034,-11.69658,48.75858,36.37733
1742844986817,81.59169,4442,Eye Hit,Center,563.0375,757.145,48.783,SportCar2-Detailed,-33.96183,-11.41883,48.783,36.2965
1742844986848,81.62274,4444,Eye Hit,Center,568.6212,757.2436,48.86354,SportCar2-Detailed,-33.86726,-11.43208,48.86354,36.18626
1742844986880,81.6552,4446,Eye Hit,Center,565.95,758.7794,48.83028,SportCar2-Detailed,-33.91624,-11.33789,48.83028,36.21739
1742844986911,81.68633,4448,Eye Hit,Center,568.2841,756.3405,48.85416,SportCar2-Detailed,-33.86985,-11.48077,48.85416,36.20528
1742844986944,81.71793,4450,Eye Hit,Center,563.0549,749.4644,48.75806,SportCar2-Detailed,-33.944,-11.84506,48.75806,36.40291
1742844986960,81.73569,4451,Eye Hit,Center,560.5073,746.2776,48.71164,SportCar2-Detailed,-33.9802,-12.01291,48.71164,36.49729
1742844986992,81.76735,4453,Eye Hit,Center,560.2477,744.3789,48.69817,SportCar2-Detailed,-33.97778,-12.11642,48.69817,36.52945
1742844987028,81.79936,4455,Eye Hit,Center,559.5336,749.452,48.70951,SportCar2-Detailed,-34.00491,-11.83401,48.70951,36.47118
1742844987043,81.8184,4456,Eye Hit,Center,564.5046,751.4664,48.7837,SportCar2-Detailed,-33.9228,-11.7387,48.7837,36.34669
1742844987076,81.8499,4458,Eye Hit,Center,547.4014,753.3667,48.5354,SportCar2-Detailed,-34.20845,-11.5725,48.5354,36.65119
1742844987092,81.86774,4459,Eye Hit,Center,549.9165,755.5917,48.5835,SportCar2-Detailed,-34.17488,-11.45924,48.5835,36.57235
1742844987127,81.90191,4461,Eye Hit,Center,553.4642,756.959,48.64085,SportCar2-Detailed,-34.11997,-11.39595,48.64086,36.4851
1742844987159,81.93449,4463,Eye Hit,Center,554.3804,760.1096,48.6614,SportCar2-Detailed,-34.10977,-11.22386,48.6614,36.42491
1742844987192,81.96638,4465,Eye Hit,Center,559.3712,755.9086,48.71936,SportCar2-Detailed,-34.01614,-11.47345,48.71936,36.38475
1742844987224,81.99848,4467,Eye Hit,Center,556.2724,752.5864,48.66145,SportCar2-Detailed,-34.05897,-11.64637,48.66145,36.49055
1742844987257,82.03092,4469,Eye Hit,Center,558.4589,753.387,48.69386,SportCar2-Detailed,-34.02287,-11.60916,48.69386,36.43716
1742844987273,82.04784,4470,Eye Hit,Center,561.0529,754.9551,48.73421,SportCar2-Detailed,-33.98127,-11.53049,48.73421,36.36516
1742844987308,82.08259,4472,Eye Hit,Center,562.3685,757.3755,48.75963,SportCar2-Detailed,-33.96356,-11.40034,48.75963,36.30636
1742844987340,82.11472,4474,Eye Hit,Center,561.817,758.215,48.75285,SportCar2-Detailed,-33.9737,-11.35152,48.75285,36.30568
1742844987372,82.14711,4476,Eye Hit,Center,561.1627,762.642,48.75494,SportCar2-Detailed,-33.99276,-11.10297,48.75494,36.25877
1742844987405,82.17949,4478,Eye Hit,Center,559.544,762.312,48.72969,SportCar2-Detailed,-34.01871,-11.11581,48.72969,36.29483
1742844987438,82.2114,4480,Eye Hit,Center,557.8065,761.6942,48.70193,SportCar2-Detailed,-34.04605,-11.14421,48.70193,36.337
1742844987470,82.24381,4482,Eye Hit,Center,559.4598,764.853,48.73315,SportCar2-Detailed,-34.0234,-10.97363,48.73315,36.26274
1742844987486,82.26105,4483,Eye Hit,Center,572.8777,765.6392,48.92221,SportCar2-Detailed,-33.79296,-10.97198,48.92221,35.98886
1742844987519,82.29385,4485,Eye Hit,Center,579.8783,768.1794,49.01965,SportCar2-Detailed,-33.67081,-10.85004,49.01965,35.81669
1742844987552,82.32574,4487,Eye Hit,Center,577.1279,768.4953,48.9848,SportCar2-Detailed,-33.72124,-10.82457,48.9848,35.86693
1742844987569,82.34254,4488,Eye Hit,Center,574.0236,762.837,48.92885,SportCar2-Detailed,-33.76659,-11.13156,48.92885,36.00401
1742844987587,82.36012,4489,Eye Hit,Center,574.5877,760.7159,48.93156,SportCar2-Detailed,-33.75323,-11.25202,48.93156,36.02181
1742844987603,82.37759,4490,Eye Hit,Center,573.0244,759.7386,48.90761,SportCar2-Detailed,-33.77893,-11.30154,48.90761,36.06583
1742844987636,82.4097,4492,Eye Hit,Center,573.3816,758.8365,48.91022,SportCar2-Detailed,-33.77107,-11.35308,48.91022,36.07122
1742844987670,82.44485,4494,Eye Hit,Center,573.4081,756.9541,48.90443,SportCar2-Detailed,-33.76636,-11.45807,48.90443,36.09674
1742844987703,82.477,4496,Eye Hit,Center,571.4681,754.2366,48.869,SportCar2-Detailed,-33.79424,-11.60301,48.869,36.17248
1742844987719,82.49377,4497,Eye Hit,Center,572.9715,758.1238,48.9024,SportCar2-Detailed,-33.77674,-11.39156,48.9024,36.08909
1742844987753,82.52726,4499,,Center,532.0082,766.2902,48.30674,,-34.45783,-10.79764,48.30674,36.77864
1742844987787,82.5606,4501,,Center,519.3222,769.0433,48.09669,,-34.64487,-10.59786,48.09669,36.98945
1742844987803,82.57761,4502,,Center,520.6732,769.0908,48.11985,,-34.62565,-10.60039,48.11984,36.9628
1742844987837,82.61069,4504,,Center,521.3754,768.9476,48.13161,,-34.61546,-10.61088,48.13161,36.95098
1742844987853,82.6286,4505,,Center,520.1666,765.4036,48.10366,,-34.62746,-10.80142,48.10367,37.01846
1742844987887,82.66083,4507,,Center,516.503,764.3011,48.03683,,-34.67652,-10.84744,48.03683,37.10273
1742844987921,82.69611,4509,,Center,513.1169,761.7114,47.96968,,-34.71772,-10.97574,47.96968,37.20028
1742844987954,82.72813,4511,Eye Hit,Center,538.8557,745.3109,48.35157,SportCar2-Detailed,-34.30701,-11.97816,48.35157,36.92619
1742844987988,82.76124,4513,Eye Hit,Center,590.0862,731.1386,49.00232,SportCar2-Detailed,-33.38273,-12.94073,49.00232,36.15347
1742844988004,82.77879,4514,Eye Hit,Center,587.4902,728.6899,48.95668,SportCar2-Detailed,-33.42181,-13.06689,48.95668,36.24152
1742844988038,82.81075,4516,Eye Hit,Center,589.8098,717.0881,48.91287,SportCar2-Detailed,-33.32925,-13.71011,48.91287,36.38275
1742844988054,82.82758,4517,Eye Hit,Center,585.0704,712.149,48.82048,SportCar2-Detailed,-33.39405,-13.96245,48.82048,36.55323
1742844988071,82.84439,4518,Eye Hit,Center,574.9935,702.5953,48.61956,SportCar2-Detailed,-33.52712,-14.44099,48.61956,36.90025
1742844988088,82.86217,4519,Eye Hit,Center,574.4619,696.5637,48.56363,SportCar2-Detailed,-33.50279,-14.76228,48.56363,37.01177
1742844988105,82.87905,4520,Eye Hit,Center,573.9811,695.8669,48.5523,SportCar2-Detailed,-33.50787,-14.79792,48.55231,37.0325
1742844988121,82.89601,4521,Eye Hit,Center,564.4216,689.6495,48.36938,SportCar2-Detailed,-33.63691,-15.08924,48.36938,37.31404
1742844988155,82.92822,4523,,Center,660.8998,829.4719,49.74538,,-31.94407,-7.492457,49.74538,33.40798
1742844988172,82.94656,4524,Eye Hit,Center,712.4586,904.8829,49.36848,SouthCarSignal,-30.29673,-3.139782,49.36848,31.67344
1742844988204,82.979,4526,Eye Hit,Center,712.6245,905.9714,49.35713,SouthCarSignal,-30.28525,-3.077124,49.35713,31.66435
1742844988221,82.99595,4527,Eye Hit,Center,705.5118,898.7858,49.42496,SouthCarSignal,-30.52095,-3.491045,49.42496,31.86292
1742844988255,83.03033,4529,Eye Hit,Center,691.5486,880.86,49.56366,SouthCarSignal,-30.9887,-4.526168,49.56366,32.28732
1742844988289,83.06203,4531,Eye Hit,Center,678.6772,871.4019,49.59685,SouthCarSignal,-31.3619,-5.070499,49.59685,32.6415
1742844988306,83.07939,4532,Eye Hit,Center,674.1029,864.6302,49.62671,SouthCarSignal,-31.50612,-5.461259,49.62671,32.79486
1742844988322,83.09668,4533,Eye Hit,Center,663.8832,852.8007,49.65334,SouthCarSignal,-31.80319,-6.141901,49.65334,33.118
1742844988356,83.12932,4535,Eye Hit,Center,672.968,845.1298,49.74039,SouthCarSignal,-31.60946,-6.593079,49.74039,32.99022
1742844988373,83.14613,4536,Eye Hit,Center,670.4946,840.0065,49.75328,SouthCarSignal,-31.68558,-6.88877,49.75328,33.09356
1742844988391,83.16418,4537,Eye Hit,Center,664.7502,832.6889,49.75649,SouthCarSignal,-31.84544,-7.309443,49.75649,33.29166
1742844988408,83.18235,4538,Eye Hit,Center,674.3989,823.9701,49.83364,SouthCarSignal,-31.62935,-7.822081,49.83364,33.17744
1742844988442,83.21651,4540,Eye Hit,Center,668.9324,818.9951,49.82187,SouthCarSignal,-31.77224,-8.106259,49.82187,33.35074
1742844988480,83.25257,4542,Eye Hit,Center,661.311,812.7463,49.79606,SouthCarSignal,-31.96531,-8.461071,49.79606,33.58542
1742844988495,83.27074,4543,Eye Hit,Center,660.4239,811.5144,49.79377,SouthCarSignal,-31.98824,-8.531541,49.79377,33.61877
1742844988532,83.30347,4545,Eye Hit,Center,661.6952,798.7994,49.81726,SouthCarSignal,-31.96836,-9.266459,49.81726,33.74797
1742844988549,83.32212,4546,Eye Hit,Center,656.0038,800.5256,49.78165,SouthCarSignal,-32.10193,-9.160704,49.78165,33.84568
1742844988565,83.33985,4547,Eye Hit,Center,655.5547,799.8516,49.77973,SouthCarSignal,-32.11304,-9.199086,49.77973,33.86356
1742844988583,83.35663,4548,Eye Hit,Center,657.6323,798.7128,49.79255,SouthCarSignal,-32.06419,-9.266788,49.79255,33.83433
1742844988601,83.37405,4549,Eye Hit,Center,656.6746,797.2748,49.78799,SouthCarSignal,-32.08759,-9.34856,49.78799,33.87267
1742844988618,83.39207,4550,Eye Hit,Center,655.6535,796.2764,49.78139,SouthCarSignal,-32.11139,-9.404671,49.78139,33.90679
1742844988652,83.42486,4552,Eye Hit,Center,651.8778,796.3218,49.75679,SouthCarSignal,-32.19924,-9.39756,49.75679,33.98512
1742844988671,83.44301,4553,Eye Hit,Center,651.1051,796.0673,49.75213,SouthCarSignal,-32.21746,-9.411292,49.75213,34.00451
1742844988688,83.46165,4554,Eye Hit,Center,651.536,792.7598,49.75541,SouthCarSignal,-32.20774,-9.601714,49.75541,34.03802
1742844988705,83.47858,4555,Eye Hit,Center,650.8461,792.5535,49.75091,SouthCarSignal,-32.22378,-9.612608,49.75091,34.05503
1742844988737,83.51144,4557,Eye Hit,Center,651.0466,793.0712,49.75189,SouthCarSignal,-32.21891,-9.58319,49.75189,34.04419
1742844988754,83.52811,4558,Eye Hit,Center,653.3498,788.7929,49.76633,SouthCarSignal,-32.16497,-9.831634,49.76633,34.05235
1742844988772,83.54556,4559,Eye Hit,Center,652.5786,789.3638,49.7616,SouthCarSignal,-32.18311,-9.797853,49.7616,34.06079
1742844988788,83.56249,4560,Eye Hit,Center,652.9727,790.6027,49.76418,SouthCarSignal,-32.17394,-9.727174,49.76418,34.03626
1742844988823,83.5951,4562,Eye Hit,Center,650.801,792.0482,49.75005,SouthCarSignal,-32.22446,-9.641483,49.75005,34.06254
1742844988841,83.61449,4563,Eye Hit,Center,644.0071,791.7178,49.70253,SouthCarSignal,-32.38011,-9.651227,49.70253,34.20791
1742844988857,83.6316,4564,Eye Hit,Center,642.3152,791.636,49.69017,SouthCarSignal,-32.41847,-9.653566,49.69017,34.24403
1742844988892,83.66302,4566,Eye Hit,Center,634.7959,790.6722,49.63155,SouthCarSignal,-32.58628,-9.697285,49.63155,34.4119
1742844988909,83.68248,4567,Eye Hit,Center,631.9327,793.1469,49.60783,SouthCarSignal,-32.64912,-9.551093,49.60783,34.43953
1742844988927,83.70204,4568,Eye Hit,Center,625.6758,792.4517,49.55369,SouthCarSignal,-32.78466,-9.580367,49.55369,34.57727
1742844988962,83.73474,4570,Eye Hit,Center,597.1537,786.2548,49.26039,SouthCarSignal,-33.36633,-9.87599,49.26039,35.23714
1742844988979,83.7527,4571,Eye Hit,Center,582.8388,784.5317,49.08612,SouthCarSignal,-33.63623,-9.938621,49.08612,35.54718
1742844988996,83.77014,4572,Eye Hit,Center,560.3422,781.5708,48.77812,SouthCarSignal,-34.03101,-10.04298,48.77812,36.03275
1742844989013,83.78751,4573,,Center,550.2029,780.6142,48.62634,,-34.19733,-10.06534,48.62634,36.24505
1742844989031,83.80457,4574,,Center,498.129,776.1805,47.73023,,-34.93938,-10.12401,47.73023,37.31207
1742844989050,83.82188,4575,,Center,544.2388,776.5259,48.52979,,-34.28923,-10.27435,48.52979,36.4124
1742844989066,83.84055,4576,,Center,510.8838,775.6666,47.96554,,-34.77387,-10.20228,47.96554,37.07229
1742844989101,83.87418,4578,,Center,676.5225,752.8351,49.81663,,-31.56014,-11.90858,49.81663,34.10295
1742844989119,83.89169,4579,Eye Hit,Center,757.0237,754.9243,49.84824,SouthWalkingSignal,-29.36467,-11.79597,49.84824,32.40877
1742844989135,83.90961,4580,Eye Hit,Center,727.7491,756.2546,49.91735,SouthWalkingSignal,-30.21218,-11.73558,49.91735,32.99572
1742844989168,83.94221,4582,,Center,736.1699,746.3623,49.86849,,-29.95076,-12.29346,49.86849,32.9924
1742844989186,83.95892,4583,,Center,685.7136,751.9603,49.84804,,-31.3271,-11.9663,49.84804,33.93028
1742844989201,83.97713,4584,,Center,661.9164,750.9385,49.73835,,-31.91165,-11.99858,49.73835,34.42842
1742844989232,84.00783,4586,,Center,609.5993,743.1199,49.28724,,-33.04585,-12.33443,49.28724,35.58965
1742844989264,84.03837,4588,,Center,630.3719,735.1811,49.4429,,-32.58318,-12.82642,49.4429,35.3072
1742844989294,84.06941,4590,,Center,684.6864,733.1234,49.75462,,-31.29661,-13.02535,49.75462,34.26748
1742844989326,84.10115,4592,,Center,675.8597,734.6182,49.72912,,-31.5229,-12.93291,49.72911,34.41766
1742844989356,84.13174,4594,,Center,684.7056,739.2973,49.78741,,-31.31671,-12.67933,49.78741,34.16112
1742844989386,84.16111,4596,,Center,629.8898,743.3919,49.47857,,-32.61985,-12.36682,49.47857,35.18618
1742844989416,84.19087,4598,,Center,634.7388,746.5781,49.53292,,-32.52308,-12.19826,49.53292,35.04041
1742844989446,84.22164,4600,,Center,699.7711,741.0084,49.83543,,-30.93238,-12.5931,49.83543,33.82832
1742844989477,84.25272,4602,,Center,708.7157,740.1479,49.84467,,-30.69197,-12.64486,49.84467,33.66216
1742844989507,84.28259,4604,,Center,638.4167,751.03,49.58012,,-32.4534,-11.95531,49.58012,34.89835
1742844989538,84.31348,4606,,Center,648.4504,754.7805,49.66767,,-32.23557,-11.76138,49.66768,34.63964
1742844989569,84.34447,4608,,Center,599.6718,761.7362,49.24771,,-33.28928,-11.26666,49.24771,35.51244
1742844989603,84.37692,4610,,Center,717.4532,757.2455,49.92249,,-30.49906,-11.67984,49.92249,33.19249
1742844989619,84.39395,4611,,Center,755.4867,763.3211,49.8801,,-29.42576,-11.32019,49.8801,32.29608
1742844989651,84.42576,4613,,Center,761.8004,763.1225,49.8558,,-29.23763,-11.32609,49.8558,32.16614
1742844989683,84.45779,4615,,Center,721.4844,772.3681,49.96303,,-30.41263,-10.81736,49.96303,32.86492
1742844989701,84.47508,4616,,Center,682.923,774.874,49.90096,,-31.43722,-10.65963,49.90096,33.63278
1742844989718,84.49183,4617,Eye Hit,Center,720.8202,774.274,49.96645,SW_Tree_10,-30.43303,-10.70831,49.96645,32.84926
1742844989733,84.5102,4618,Eye Hit,Center,706.9874,775.093,49.95985,SW_Tree_10,-30.81056,-10.65963,49.95985,33.12736
1742844989769,84.54089,4620,,Center,743.8137,778.5552,49.94518,,-29.78604,-10.45702,49.94518,32.2953
1742844989787,84.56055,4621,,Center,780.0925,779.7347,49.79882,,-28.70131,-10.35856,49.79882,31.49715
1742844989803,84.57738,4622,,Center,771.4057,782.1,49.84825,,-28.96886,-10.23269,49.84825,31.6468
1742844989825,84.59482,4623,,Center,794.02,779.5453,49.70821,,-28.26685,-10.35052,49.70821,31.19825
1742844989844,84.61602,4624,,Center,850.5942,740.5155,49.04502,,-26.35781,-12.42123,49.04502,30.71482
1742844989859,84.63471,4625,,Center,844.6121,741.6154,49.12059,,-26.56066,-12.37816,49.12059,30.81861
1742844989895,84.66698,4627,Eye Hit,Center,855.4041,727.3329,48.91489,SW_Tree_30,-26.15798,-13.13242,48.91489,30.89525
1742844989912,84.68594,4628,Eye Hit,Center,850.9625,725.7219,48.95982,SW_Tree_30,-26.30207,-13.23545,48.95982,31.02271
1742844989928,84.70283,4629,Eye Hit,Center,847.1862,727.4855,49.01512,SW_Tree_30,-26.43397,-13.15073,49.01512,31.06287
1742844989946,84.71957,4630,,Center,834.5513,733.2084,49.18955,,-26.87117,-12.87272,49.18955,31.2044
1742844989964,84.73741,4631,,Center,825.343,733.3542,49.28424,,-27.17346,-12.88904,49.28424,31.3933
1742844989981,84.75469,4632,,Center,820.6711,729.6343,49.30832,,-27.31392,-13.10713,49.30832,31.56738
1742844989999,84.77222,4633,,Center,816.8631,730.6497,49.34933,,-27.44038,-13.06005,49.34933,31.62515
1742844990014,84.78978,4634,Eye Hit,Center,818.5767,727.2408,49.31368,SW_Tree_30,-27.3739,-13.24476,49.31368,31.66047
1742844990048,84.82186,4636,Eye Hit,Center,805.1825,726.5366,49.42518,SW_Tree_30,-27.80129,-13.31486,49.42518,31.95078
1742844990065,84.83969,4637,Eye Hit,Center,801.3863,728.3083,49.46585,SW_Tree_30,-27.92785,-13.22468,49.46585,31.99256
1742844990098,84.87252,4639,,Center,805.7715,732.3141,49.4546,,-27.80177,-12.99301,49.45461,31.82083
1742844990132,84.90536,4641,,Center,871.4628,740.1541,48.77176,,-25.64902,-12.3725,48.77176,30.2801
1742844990149,84.92321,4642,,Center,879.9153,742.3007,48.66307,,-25.36477,-12.22426,48.66307,30.05396
1742844990165,84.94064,4643,,Center,879.8893,744.1953,48.67154,,-25.36988,-12.12,48.67154,30.0139
1742844990199,84.97299,4645,,Center,870.3958,745.6099,48.81173,,-25.6988,-12.07522,48.81173,30.18706
1742844990232,85.00619,4647,,Center,877.9139,743.5012,48.69794,,-25.43676,-12.16558,48.69794,30.07099
1742844990265,85.03925,4649,,Center,878.9556,740.7175,48.67083,,-25.3946,-12.31515,48.67083,30.10854
1742844990298,85.07235,4651,,Center,884.919,739.3555,48.57779,,-25.18612,-12.36795,48.57779,30.01113
1742844990332,85.10606,4653,Eye Hit,Center,848.394,723.3066,48.97601,HighMale2,-26.38022,-13.37639,48.97601,31.12876
1742844990364,85.1387,4655,,Center,854.8923,723.3911,48.89836,,-26.16295,-13.35033,48.89836,30.99241
1742844990398,85.17252,4657,,Center,872.0096,725.8229,48.69041,,-25.59155,-13.15704,48.69041,30.5827
1742844990430,85.20536,4659,,Center,890.4568,727.7637,48.4356,,-24.96431,-12.97954,48.4356,30.15289
1742844990466,85.23849,4661,,Center,933.3321,728.4821,47.72546,,-23.46856,-12.74974,47.72546,29.23235
1742844990483,85.25652,4662,Eye Hit,Center,950.1854,731.413,47.42649,SW_Tree_30,-22.88024,-12.50956,47.42649,28.80351
1742844990499,85.27394,4663,Eye Hit,Center,978.0184,732.8911,46.87716,SW_Tree_30,-21.89489,-12.28456,46.87716,28.17188
1742844990532,85.30669,4665,,Center,1033.767,730.738,45.63473,,-19.90999,-12.07248,45.63473,27.032
1742844990566,85.33997,4667,,Center,1106.644,733.9409,43.8626,,-17.37198,-11.44153,43.8626,25.37208
1742844990599,85.37542,4669,,Center,1072.969,737.3328,44.72121,,-18.5435,-11.49047,44.72121,26.00308
1742844990633,85.4073,4671,,Center,956.7458,736.4639,47.32162,,-22.65826,-12.20608,47.32162,28.54048
1742844990667,85.44003,4673,Eye Hit,Center,829.5508,737.3463,49.25891,SportCar4-Detailed,-27.04505,-12.6556,49.25891,31.22331
1742844990698,85.4726,4675,Eye Hit,Center,836.634,762.3199,49.28214,SportCar4-Detailed,-26.86508,-11.24145,49.28214,30.58003
1742844990731,85.50551,4677,Eye Hit,Center,865.0589,768.9289,48.95148,SportCar4-Detailed,-25.91661,-10.79274,48.95148,29.83463
1742844990764,85.53839,4679,Eye Hit,Center,795.8074,768.4261,49.66486,SportCar4-Detailed,-28.19319,-10.97883,49.66486,31.34942
1742844990798,85.57114,4681,Eye Hit,Center,776.0915,776.2536,49.80466,SportCar4-Detailed,-28.81468,-10.55983,49.80466,31.64058
1742844990814,85.58833,4682,Eye Hit,Center,841.5582,784.7625,49.26357,SportCar4-Detailed,-26.72103,-9.961391,49.26357,30.06544
1742844990847,85.62093,4684,Eye Hit,Center,916.4635,788.3078,48.19061,SportCar4-Detailed,-24.14609,-9.547365,48.19061,28.31578
1742844990864,85.63872,4685,Eye Hit,Center,960.3558,789.3854,47.37269,SportCar4-Detailed,-22.5883,-9.326412,47.37269,27.28765
1742844990898,85.67197,4687,Eye Hit,Center,967.4018,791.2358,47.23001,SportCar4-Detailed,-22.33653,-9.197418,47.23001,27.08768
1742844990914,85.68942,4688,Eye Hit,Center,834.8439,783.8707,49.33859,SportCar4-Detailed,-26.94461,-10.02738,49.33859,30.22968
1742844990949,85.7234,4690,Eye Hit,Center,798.978,780.2088,49.66582,SportCar4-Detailed,-28.10678,-10.3038,49.66582,31.07935
1742844990967,85.74018,4691,Eye Hit,Center,861.7908,780.6855,49.0136,SportCar4-Detailed,-26.03793,-10.14138,49.0136,29.68794
1742844990986,85.75851,4692,Eye Hit,Center,805.9236,778.2933,49.60901,SportCar4-Detailed,-27.88441,-10.40159,49.60901,30.96025
1742844991002,85.77673,4693,Eye Hit,Center,830.9167,777.8054,49.37446,SportCar4-Detailed,-27.07126,-10.3801,49.37446,30.42182
1742844991023,85.79411,4694,Eye Hit,Center,872.2036,772.893,48.86475,SportCar4-Detailed,-25.67793,-10.54994,48.86475,29.60149
1742844991041,85.81412,4695,Eye Hit,Center,814.3666,769.6712,49.52343,SportCar4-Detailed,-27.60545,-10.87634,49.52343,30.92694
1742844991058,85.83161,4696,Eye Hit,Center,830.9027,768.7078,49.36036,SportCar4-Detailed,-27.06391,-10.89531,49.36036,30.58543
1742844991096,85.86983,4698,,Center,752.2362,768.8286,49.89796,,-29.52585,-11.00714,49.89796,32.27263
1742844991113,85.88699,4699,,Center,683.3124,770.9745,49.88866,,-31.41875,-10.88157,49.88866,33.68264
1742844991135,85.90481,4700,,Center,705.1015,771.1275,49.9421,,-30.85162,-10.88428,49.9421,33.22738
1742844991152,85.9257,4701,,Center,666.6629,769.2261,49.81199,,-31.82835,-10.96536,49.81199,34.05188
1742844991169,85.94295,4702,,Center,672.9929,770.5439,49.84478,,-31.67511,-10.89671,49.84478,33.90216
1742844991207,85.98145,4704,Eye Hit,Center,673.6639,767.6302,49.84306,SE_Tree_30,-31.65555,-11.06386,49.84306,33.93179
1742844991245,86.01596,4706,Eye Hit,Center,627.5537,769.4832,49.53961,SportCar1-Detailed,-32.72399,-10.89066,49.53961,34.84498
1742844991263,86.0372,4707,Eye Hit,Center,631.0465,770.3651,49.57097,SportCar1-Detailed,-32.64912,-10.84707,49.57097,34.76188
1742844991280,86.05421,4708,Eye Hit,Center,613.9318,768.9658,49.41098,SportCar1-Detailed,-33.01062,-10.89179,49.41098,35.12674
1742844991297,86.07154,4709,Eye Hit,Center,617.5679,769.0364,49.44621,SportCar1-Detailed,-32.93491,-10.8956,49.44621,35.05265
1742844991316,86.08822,4710,Eye Hit,Center,610.609,766.9814,49.37237,SportCar1-Detailed,-33.07541,-10.99647,49.37237,35.221
1742844991334,86.10711,4711,Eye Hit,Center,613.1163,766.7492,49.39682,SportCar1-Detailed,-33.02341,-11.01511,49.39682,35.17398
1742844991351,86.12442,4712,Eye Hit,Center,620.86,764.9104,49.46893,SportCar1-Detailed,-32.86013,-11.13611,49.46893,35.04452
1742844991371,86.14221,4713,Eye Hit,Center,627.0857,764.2228,49.52272,SportCar1-Detailed,-32.72562,-11.18751,49.52272,34.9292
1742844991390,86.16142,4714,Eye Hit,Center,619.7686,766.3561,49.46225,SportCar1-Detailed,-32.88548,-11.05215,49.46225,35.04597
1742844991406,86.18037,4715,Eye Hit,Center,597.4623,778.6671,49.25225,MicroBus3-Detailed,-33.35243,-10.30556,49.25225,35.32769
1742844991444,86.21732,4717,Eye Hit,Center,594.0374,782.1066,49.21639,MicroBus3-Detailed,-33.42121,-10.1026,49.21639,35.35239
1742844991462,86.23643,4718,Eye Hit,Center,594.472,782.7363,49.22163,MicroBus3-Detailed,-33.41295,-10.068,49.22163,35.33564
1742844991499,86.2735,4720,Eye Hit,Center,591.382,783.946,49.18645,MicroBus3-Detailed,-33.47298,-9.992135,49.18645,35.38263
1742844991534,86.30788,4722,Eye Hit,Center,595.9142,782.2676,49.23928,MicroBus3-Detailed,-33.38573,-10.09829,49.23928,35.31255
1742844991553,86.32493,4723,Eye Hit,Center,598.8012,780.7339,49.27149,MicroBus3-Detailed,-33.32903,-10.19211,49.27148,35.27399
1742844991569,86.34314,4724,Eye Hit,Center,599.4745,780.8835,49.2791,MicroBus3-Detailed,-33.31586,-10.18504,49.2791,35.25845
1742844991603,86.37748,4726,Eye Hit,Center,601.0715,782.381,49.29903,MicroBus3-Detailed,-33.28588,-10.10396,49.29903,35.20697
1742844991622,86.39449,4727,Eye Hit,Center,604.6262,781.1213,49.33743,MicroBus3-Detailed,-33.21497,-10.18354,49.33743,35.15134
1742844991639,86.41278,4728,Eye Hit,Center,606.16,780.6136,49.35342,MicroBus3-Detailed,-33.18395,-10.21584,49.35342,35.12695
1742844991656,86.43069,4729,Eye Hit,Center,605.2641,779.4984,49.34303,MicroBus3-Detailed,-33.20136,-10.27712,49.34303,35.15958
1742844991692,86.46404,4731,Eye Hit,Center,607.7992,778.5668,49.36948,MicroBus3-Detailed,-33.15006,-10.33574,49.36948,35.12059
1742844991708,86.48277,4732,Eye Hit,Center,609.7706,781.2695,49.39352,MicroBus3-Detailed,-33.11243,-10.18682,49.39352,35.04532
1742844991742,86.51604,4734,Eye Hit,Center,609.9763,783.6055,49.39825,MicroBus3-Detailed,-33.11,-10.05457,49.39825,35.01086
1742844991762,86.53328,4735,Eye Hit,Center,610.1855,784.2111,49.4014,MicroBus3-Detailed,-33.10641,-10.02074,49.4014,34.99883
1742844991778,86.55276,4736,Eye Hit,Center,607.6401,784.1562,49.37479,MicroBus3-Detailed,-33.15797,-10.01834,49.37479,35.0512
1742844991812,86.58557,4738,Eye Hit,Center,608.6087,782.0447,49.38361,MicroBus3-Detailed,-33.13747,-10.14051,49.38361,35.05877
1742844991830,86.60385,4739,Eye Hit,Center,605.9361,782.5641,49.35649,MicroBus3-Detailed,-33.19211,-10.10539,49.35649,35.10622
1742844991848,86.62057,4740,Eye Hit,Center,646.2416,760.4407,49.67244,SportCar1-Detailed,-32.29923,-11.43812,49.67244,34.59843
1742844991866,86.63924,4741,Eye Hit,Center,643.6453,759.8892,49.65244,SportCar1-Detailed,-32.3574,-11.46513,49.65244,34.65909
1742844991883,86.6572,4742,Eye Hit,Center,708.4968,731.3765,49.79883,SportCar1-Detailed,-30.66976,-13.1374,49.79883,33.82194
1742844991900,86.67389,4743,Eye Hit,Center,703.69,730.6127,49.78859,SportCar1-Detailed,-30.79557,-13.17858,49.78859,33.93198
1742844991919,86.69135,4744,Eye Hit,Center,712.6995,724.0499,49.75747,SportCar1-Detailed,-30.52883,-13.54712,49.75747,33.87141
1742844991935,86.70981,4745,Eye Hit,Center,710.3375,723.8059,49.7543,SportCar1-Detailed,-30.59177,-13.5603,49.7543,33.92299
1742844991970,86.74302,4747,Eye Hit,Center,708.9746,718.9697,49.72026,SportCar1-Detailed,-30.60825,-13.82851,49.72027,34.03986
1742844991988,86.7607,4748,Eye Hit,Center,712.1389,719.1638,49.72396,SportCar1-Detailed,-30.52366,-13.81834,49.72396,33.97354
1742844992004,86.77891,4749,Eye Hit,Center,710.1396,719.5239,49.7251,SportCar1-Detailed,-30.57925,-13.79798,49.7251,34.00641
1742844992040,86.81161,4751,Eye Hit,Center,714.0192,716.2297,49.70463,SportCar1-Detailed,-30.4602,-13.98115,49.70463,33.99162
1742844992057,86.8307,4752,Eye Hit,Center,717.5754,710.586,49.66292,SportCar1-Detailed,-30.33713,-14.293,49.66292,34.0297
1742844992073,86.84753,4753,Eye Hit,Center,720.7607,710.4971,49.66208,SportCar1-Detailed,-30.24928,-14.29767,49.66208,33.96872
1742844992109,86.88068,4755,Eye Hit,Center,723.0011,708.8041,49.64832,SportCar1-Detailed,-30.17949,-14.39087,49.64832,33.95777
1742844992126,86.90035,4756,Eye Hit,Center,721.2328,707.9791,49.64233,SportCar1-Detailed,-30.22432,-14.43629,49.64233,34.00859
1742844992160,86.93553,4758,Eye Hit,Center,729.8568,705.6887,49.61888,SportCar1-Detailed,-29.97378,-14.56065,49.61888,33.88469
1742844992196,86.9698,4760,Eye Hit,Center,730.6481,704.0634,49.6046,SportCar1-Detailed,-29.94349,-14.64937,49.6046,33.9016
1742844992213,86.98685,4761,Eye Hit,Center,733.6059,704.416,49.60372,SportCar1-Detailed,-29.86195,-14.62905,49.60372,33.83663
1742844992229,87.00402,4762,Eye Hit,Center,732.9333,704.5886,49.6062,SportCar1-Detailed,-29.88187,-14.61994,49.6062,33.84638
1742844992249,87.0211,4763,Eye Hit,Center,698.2879,711.4909,49.64683,SportCar1-Detailed,-30.85598,-14.23647,49.64683,34.39057
1742844992266,87.03981,4764,Eye Hit,Center,698.0793,711.3329,49.64532,SportCar1-Detailed,-30.86076,-14.24513,49.64532,34.39764
1742844992284,87.05684,4765,Eye Hit,Center,700.9088,711.1208,49.64883,SportCar1-Detailed,-30.78538,-14.25826,49.64883,34.34629
1742844992300,87.07419,4766,Eye Hit,Center,700.8787,711.1332,49.64901,SportCar1-Detailed,-30.78632,-14.25756,49.64901,34.34663
1742844992335,87.10976,4768,Eye Hit,Center,706.8681,708.8547,49.64051,SportCar1-Detailed,-30.6169,-14.38559,49.64051,34.27291
1742844992374,87.14313,4770,Eye Hit,Center,708.2815,708.3888,49.63882,RoadEast,-30.57711,-14.4118,49.63882,34.25425
1742844992391,87.16428,4771,Eye Hit,Center,633.6251,758.1373,49.56794,SportCar4-Detailed,-32.57655,-11.54584,49.56794,34.88679
1742844992408,87.18102,4772,Eye Hit,Center,574.687,786.7048,48.98081,MicroBus3-Detailed,-33.78451,-9.79453,48.9808,35.68409
1742844992429,87.19992,4773,Eye Hit,Center,573.6735,786.5156,48.96748,MicroBus3-Detailed,-33.80271,-9.80252,48.96748,35.70667
1742844992446,87.22022,4774,Eye Hit,Center,573.3989,787.3721,48.96395,MicroBus3-Detailed,-33.8077,-9.753437,48.96395,35.70181
1742844992464,87.23849,4775,Eye Hit,Center,572.8652,787.299,48.9569,MicroBus3-Detailed,-33.81726,-9.756134,48.9569,35.71338
1742844992484,87.25535,4776,Eye Hit,Center,571.5916,788.686,48.94003,MicroBus3-Detailed,-33.84002,-9.674361,48.94003,35.7222
1742844992502,87.27523,4777,Eye Hit,Center,571.6206,788.1931,48.94043,MicroBus3-Detailed,-33.83952,-9.702266,48.94043,35.72754
1742844992520,87.29283,4778,Eye Hit,Center,572.6306,786.6797,48.95325,MicroBus3-Detailed,-33.82109,-9.790335,48.95325,35.72556
1742844992536,87.31043,4779,Eye Hit,Center,572.5536,786.1835,48.95211,MicroBus3-Detailed,-33.82237,-9.81811,48.95211,35.73311
1742844992571,87.34369,4781,Eye Hit,Center,575.0188,784.2039,48.98408,MicroBus3-Detailed,-33.77779,-9.93645,48.98408,35.70799
1742844992588,87.36176,4782,Eye Hit,Center,575.5864,783.0346,48.9904,MicroBus3-Detailed,-33.76679,-10.0039,48.9904,35.71107
1742844992621,87.39457,4784,Eye Hit,Center,576.758,782.2493,49.00514,MicroBus3-Detailed,-33.74526,-10.05121,49.00514,35.69738
1742844992638,87.41184,4785,Eye Hit,Center,576.8654,781.6775,49.00624,MicroBus3-Detailed,-33.74312,-10.08378,49.00624,35.70236
1742844992670,87.44558,4787,Eye Hit,Center,576.0567,780.7344,48.99439,MicroBus3-Detailed,-33.75683,-10.13479,48.99439,35.73033
1742844992701,87.47558,4789,Eye Hit,Center,577.04,780.2988,49.00676,MicroBus3-Detailed,-33.73875,-10.16183,49.00676,35.71614
1742844992733,87.50861,4791,Eye Hit,Center,577.9614,780.4564,49.01882,MicroBus3-Detailed,-33.72211,-10.15555,49.01882,35.69579
1742844992765,87.54032,4793,Eye Hit,Center,579.3145,776.2043,49.03083,MicroBus3-Detailed,-33.69375,-10.39857,49.03083,35.72284
1742844992797,87.57182,4795,Eye Hit,Center,579.4183,777.4784,49.03364,MicroBus3-Detailed,-33.69287,-10.32696,49.03364,35.7044
1742844992828,87.60329,4797,Eye Hit,Center,571.9089,780.4941,48.93729,MicroBus3-Detailed,-33.82956,-10.13642,48.93729,35.81605
1742844992860,87.63484,4799,Eye Hit,Center,571.9775,781.1379,48.93863,MicroBus3-Detailed,-33.82863,-10.10029,48.93863,35.80664
1742844992892,87.66701,4801,Eye Hit,Center,575.5893,779.8784,48.9857,MicroBus3-Detailed,-33.76348,-10.1812,48.98569,35.75037
1742844992924,87.69775,4803,Eye Hit,Center,575.084,777.8557,48.97631,MicroBus3-Detailed,-33.77068,-10.2936,48.97631,35.78599
1742844992940,87.71442,4804,Eye Hit,Center,575.3672,778.5777,48.98115,MicroBus3-Detailed,-33.76636,-10.25387,48.98115,35.77121
1742844992972,87.74589,4806,Eye Hit,Center,576.7487,777.5453,48.99805,MicroBus3-Detailed,-33.74063,-10.31573,48.99805,35.75678
1742844992987,87.7634,4807,Eye Hit,Center,576.5851,777.0388,48.99511,MicroBus3-Detailed,-33.74303,-10.34371,48.99511,35.76649
1742844993019,87.79432,4809,Eye Hit,Center,580.0468,776.6283,49.03984,MicroBus3-Detailed,-33.68011,-10.37653,49.03984,35.7028
1742844993052,87.82475,4811,Eye Hit,Center,578.1191,775.0403,49.01258,MicroBus3-Detailed,-33.71356,-10.46051,49.01258,35.76162
1742844993066,87.84316,4812,Eye Hit,Center,576.6395,774.6899,48.99258,MicroBus3-Detailed,-33.73982,-10.47605,48.99258,35.79556
1742844993097,87.8727,4814,Eye Hit,Center,531.5533,769.9417,48.31027,MicroBus3-Detailed,-34.47248,-10.5948,48.31027,36.74152
1742844993130,87.90436,4816,Eye Hit,Center,519.7661,767.7831,48.10542,MicroBus3-Detailed,-34.63937,-10.6697,48.10542,36.99648
1742844993161,87.93645,4818,Eye Hit,Center,512.3652,765.477,47.96984,MicroBus3-Detailed,-34.73775,-10.76736,47.96984,37.1675
1742844993195,87.9677,4820,Eye Hit,Center,522.4108,766.5956,48.14965,MicroBus3-Detailed,-34.60091,-10.74544,48.14965,36.96027
1742844993212,87.98533,4821,,Center,662.9212,751.8193,49.74627,,-31.88912,-11.95002,49.74627,34.39425
1742844993226,88.0028,4822,,Center,656.8528,751.3346,49.70949,,-32.0321,-11.96907,49.7095,34.52414
1742844993258,88.03278,4824,,Center,648.6403,750.2448,49.6523,,-32.22037,-12.0176,49.6523,34.70601
1742844993290,88.06401,4826,,Center,621.0319,752.8977,49.43895,,-32.83551,-11.81472,49.43895,35.21629
1742844993322,88.09634,4828,,Center,562.9405,756.202,48.76275,,-33.95035,-11.46711,48.76275,36.31131
1742844993353,88.12823,4830,Eye Hit,Center,503.0218,758.5884,47.785,HighFemale2,-34.8504,-11.10557,47.785,37.4323
1742844993385,88.15951,4832,,Center,456.543,761.1542,46.86715,,-35.38366,-10.75352,46.86715,38.27605
1742844993417,88.19092,4834,,Center,464.9456,762.7028,47.04685,,-35.30106,-10.71076,47.04685,38.10056
1742844993449,88.22263,4836,Eye Hit,Center,552.9846,753.6947,48.60667,SouthSidewalk,-34.10886,-11.57113,48.60667,36.53889
1742844993465,88.23989,4837,Eye Hit,Center,498.6215,755.4678,47.69166,SouthSidewalk,-34.89818,-11.25561,47.69166,37.55539
1742844993480,88.25666,4838,Eye Hit,Center,624.8245,717.2147,49.27776,SouthSidewalk,-32.62527,-13.80506,49.27776,35.71238
1742844993512,88.28563,4840,Eye Hit,Center,665.3318,713.2853,49.53324,SouthSidewalk,-31.68664,-14.1013,49.53324,34.99934
1742844993528,88.3026,4841,Eye Hit,Center,562.5692,714.4443,48.536,SouthSidewalk,-33.80242,-13.75241,48.536,36.93851
1742844993560,88.33566,4843,Eye Hit,Center,587.0176,741.0347,49.01221,SouthSidewalk,-33.47251,-12.38357,49.01221,36.06143
1742844993590,88.36467,4845,,Center,617.014,756.2223,49.40327,,-32.92141,-11.6166,49.40327,35.24692
1742844993620,88.395,4847,,Center,638.2967,764.4431,49.61495,,-32.47948,-11.19567,49.61495,34.69992
1742844993651,88.42586,4849,,Center,589.2443,770.7372,49.14124,,-33.50021,-10.73204,49.14124,35.59662
1742844993679,88.45519,4851,,Center,627.6536,771.9031,49.5463,,-32.72568,-10.75378,49.5463,34.80911
1742844993709,88.48489,4853,,Center,695.0338,781.3278,49.94051,,-31.12822,-10.29621,49.94051,33.28563
1742844993738,88.51374,4855,,Center,695.4342,782.7065,49.94276,,-31.11859,-10.21722,49.94276,33.25729
1742844993768,88.54333,4857,,Center,644.5259,783.973,49.69707,,-32.36232,-10.09436,49.69707,34.29926
1742844993797,88.57379,4859,,Center,685.6775,783.0417,49.91496,,-31.37015,-10.19231,49.91496,33.45719
1742844993826,88.60297,4861,,Center,800.3335,779.4792,49.65518,,-28.06361,-10.34326,49.65518,31.062
1742844993857,88.63261,4863,,Center,828.2305,786.0214,49.41182,,-27.16502,-9.91955,49.41182,30.33934
1742844993873,88.65005,4864,,Center,912.963,788.1873,48.25091,,-24.26956,-9.56593,48.25091,28.39778
1742844993905,88.6811,4866,,Center,858.0099,788.1941,49.06942,,-26.17002,-9.727836,49.06942,29.63904
1742844993936,88.71145,4868,,Center,839.4588,790.1797,49.29406,,-26.7947,-9.659353,49.29406,30.01976
1742844993967,88.74268,4870,,Center,859.1334,791.8594,49.05803,,-26.13351,-9.518033,49.05803,29.55052
1742844994005,88.77985,4872,,Center,857.7485,782.5774,49.07347,,-26.17925,-10.04668,49.07347,29.74389
1742844994037,88.81058,4874,,Center,838.04,784.5507,49.3097,,-26.84183,-9.982759,49.3097,30.14715
1742844994072,88.84232,4876,,Center,816.6812,777.559,49.51995,,-27.54023,-10.42485,49.51995,30.73803
1742844994088,88.86226,4877,,Center,841.3552,773.6359,49.26086,,-26.72508,-10.59337,49.26086,30.26731
1742844994120,88.89452,4879,Eye Hit,Center,827.9614,770.2011,49.3992,SportCar1-Detailed,-27.16543,-10.81891,49.3992,30.62228
1742844994151,88.92495,4881,Eye Hit,Center,814.3725,764.869,49.5175,SportCar1-Detailed,-27.60198,-11.1495,49.5175,31.01332
1742844994184,88.95586,4883,Eye Hit,Center,812.5484,760.6885,49.52219,SportCar1-Detailed,-27.65448,-11.38934,49.52219,31.12907
1742844994200,88.97459,4884,Eye Hit,Center,810.1994,759.1934,49.53818,SportCar1-Detailed,-27.72765,-11.47843,49.53818,31.20695
1742844994231,89.00631,4886,Eye Hit,Center,819.1676,755.8267,49.44691,SportCar1-Detailed,-27.43173,-11.64949,49.44691,31.07841
1742844994263,89.0387,4888,Eye Hit,Center,830.4836,755.7292,49.33483,SportCar1-Detailed,-27.06133,-11.62856,49.33483,30.83816
1742844994293,89.06815,4890,Eye Hit,Center,827.5139,755.6223,49.36468,SportCar1-Detailed,-27.15865,-11.6418,49.36469,30.90386
1742844994324,89.09876,4892,Eye Hit,Center,829.8947,758.2531,49.349,SportCar1-Detailed,-27.08515,-11.48825,49.349,30.80251
1742844994355,89.12895,4894,Eye Hit,Center,827.3299,757.7724,49.37311,SportCar1-Detailed,-27.16829,-11.52117,49.37311,30.86669
1742844994385,89.1607,4896,Eye Hit,Center,830.6008,758.6635,49.34204,SportCar1-Detailed,-27.06209,-11.46329,49.34204,30.77952
1742844994417,89.19065,4898,Eye Hit,Center,833.9818,756.8141,49.30024,SportCar1-Detailed,-26.94714,-11.55871,49.30024,30.74224
1742844994449,89.22199,4900,Eye Hit,Center,840.5428,758.2115,49.23274,SportCar1-Detailed,-26.7319,-11.46345,49.23273,30.57414
1742844994465,89.24001,4901,Eye Hit,Center,844.6639,759.0187,49.18822,SportCar1-Detailed,-26.59581,-11.4073,49.18822,30.46963
1742844994496,89.27115,4903,Eye Hit,Center,854.6937,759.2708,49.0686,SportCar1-Detailed,-26.25942,-11.36532,49.0686,30.24778
1742844994526,89.30162,4905,Eye Hit,Center,866.9069,758.2283,48.90736,SportCar1-Detailed,-25.84336,-11.38675,48.90736,30.00354
1742844994557,89.3328,4907,Eye Hit,Center,877.529,757.2385,48.75742,SportCar1-Detailed,-25.47818,-11.40763,48.75742,29.79275
1742844994590,89.36637,4909,Eye Hit,Center,899.0303,755.05,48.4266,SportCar1-Detailed,-24.73045,-11.45252,48.4266,29.36996
1742844994621,89.39561,4911,,Center,917.2724,757.7265,48.13358,,-24.09603,-11.2345,48.13358,28.91384
1742844994652,89.42836,4913,Eye Hit,Center,953.2623,752.1723,47.45527,SportCar1-Detailed,-22.81351,-11.38031,47.45527,28.24608
1742844994686,89.45763,4915,,Center,1016.878,754.7446,46.11518,,-20.54961,-10.92207,46.11518,26.7776
1742844994702,89.47674,4916,,Center,1054.21,752.0293,45.23106,,-19.22336,-10.85434,45.23106,26.01579
1742844994734,89.50816,4918,,Center,1148.586,739.788,42.7991,,-15.95972,-10.8753,42.7991,24.28696
1742844994764,89.54013,4920,,Center,1210.328,742.2997,41.16819,,-13.94821,-10.34169,41.16819,22.86897
1742844994799,89.57402,4922,,Center,1130.106,759.5199,43.33689,,-16.60242,-10.02534,43.33689,24.10991
1742844994830,89.60578,4924,,Center,972.4365,757.0039,47.08785,,-22.13841,-11.02976,47.08784,27.71164
1742844994860,89.63577,4926,,Center,879.809,778.1985,48.77147,,-25.42413,-10.23138,48.77147,29.33246
1742844994891,89.66686,4928,,Center,794.0278,819.6328,49.6764,,-28.24855,-8.046025,49.6764,30.59448
1742844994923,89.69584,4930,,Center,779.574,819.2762,49.76746,,-28.69747,-8.081264,49.76746,30.92407
1742844994938,89.71342,4931,,Center,827.4076,816.0093,49.39526,,-27.17836,-8.207,49.39526,29.88859
1742844994968,89.74392,4933,Eye Hit,Center,789.4026,821.6526,49.70001,MicroBus3-Detailed,-28.38889,-7.934005,49.70001,30.67188
1742844994999,89.77498,4935,Eye Hit,Center,759.3582,824.7708,49.84785,MicroBus3-Detailed,-29.30019,-7.778285,49.84785,31.30595
1742844995032,89.80885,4937,Eye Hit,Center,876.8455,824.219,48.77327,MicroBus3-Detailed,-25.50487,-7.641682,48.77327,28.62989
1742844995050,89.8259,4938,Eye Hit,Center,835.8412,817.1465,49.30812,MicroBus3-Detailed,-26.90082,-8.12781,49.30812,29.67985
1742844995089,89.85757,4940,Eye Hit,Center,838.1912,806.2985,49.30255,MicroBus3-Detailed,-26.83382,-8.744151,49.30256,29.7884
1742844995106,89.88063,4941,Eye Hit,Center,743.414,775.6599,49.93969,MicroBus3-Detailed,-29.79378,-10.62257,49.93969,32.34935
1742844995130,89.89744,4942,Eye Hit,Center,805.5772,773.264,49.60943,MicroBus3-Detailed,-27.89412,-10.68952,49.60943,31.05415
1742844995149,89.92088,4943,Eye Hit,Center,739.4344,769.8061,49.93718,MicroBus3-Detailed,-29.902,-10.9594,49.93718,32.52743
1742844995171,89.93988,4944,Eye Hit,Center,794.645,770.4395,49.68805,MicroBus3-Detailed,-28.23824,-10.86852,49.68805,31.33938
1742844995190,89.96279,4945,Eye Hit,Center,824.5007,774.4849,49.44316,MicroBus3-Detailed,-27.28407,-10.5841,49.44316,30.621
1742844995206,89.98067,4946,Eye Hit,Center,771.5251,762.7362,49.8114,MicroBus3-Detailed,-28.94416,-11.33824,49.8114,31.96696
1742844995244,90.01828,4948,,Center,767.8977,756.2355,49.80813,,-29.04201,-11.71104,49.80812,32.15754
1742844995261,90.03548,4949,,Center,787.3389,755.4066,49.69804,,-28.44438,-11.73273,49.69804,31.76256
1742844995297,90.06965,4951,,Center,773.6769,751.9561,49.76516,,-28.85817,-11.94677,49.76516,32.11296
1742844995313,90.08839,4952,,Center,733.4173,750.4074,49.88927,,-30.03905,-12.06563,49.88927,32.97833
1742844995347,90.12104,4954,,Center,753.3138,746.644,49.82921,,-29.45552,-12.26742,49.82921,32.63333
1742844995363,90.13802,4955,,Center,768.1837,746.0862,49.76867,,-29.01113,-12.28461,49.76867,32.33489
1742844995394,90.1693,4957,,Center,761.1218,746.6306,49.80207,,-29.22478,-12.2615,49.80207,32.47165
1742844995426,90.20161,4959,,Center,664.1776,745.4678,49.72719,,-31.84241,-12.30984,49.72719,34.4706
1742844995457,90.23234,4961,,Center,641.596,750.3453,49.603,,-32.3813,-12,49.603,34.84539
1742844995488,90.26305,4963,,Center,660.5291,745.9123,49.71022,,-31.93168,-12.28024,49.71022,34.53658
1742844995519,90.29387,4965,,Center,670.0746,749.8823,49.77788,,-31.71281,-12.06889,49.77788,34.28077
1742844995549,90.32419,4967,,Center,693.2318,745.4775,49.84582,,-31.1188,-12.33864,49.84583,33.8847
1742844995579,90.35399,4969,,Center,698.5339,745.975,49.8604,,-30.98194,-12.31372,49.8604,33.76876
1742844995609,90.38509,4971,,Center,699.6063,743.9515,49.85308,,-30.94788,-12.4283,49.85308,33.7813
1742844995639,90.41453,4973,,Center,704.8203,745.1284,49.86705,,-30.81299,-12.36406,49.86705,33.65535
1742844995670,90.4455,4975,,Center,704.3575,744.4794,49.86438,,-30.82409,-12.40068,49.86438,33.67583
1742844995700,90.47521,4977,,Center,701.1893,744.2258,49.85707,,-30.90678,-12.4135,49.85708,33.74451
1742844995730,90.50501,4979,,Center,695.927,743.3071,49.84174,,-31.04208,-12.46254,49.84174,33.8668
1742844995759,90.53421,4981,,Center,689.7495,742.2642,49.8202,,-31.19858,-12.51703,49.8202,34.00927
1742844995788,90.56321,4983,,Center,686.9338,736.9128,49.78417,,-31.25342,-12.81544,49.78417,34.15714
1742844995817,90.59238,4985,,Center,685.5858,736.4093,49.77686,,-31.28587,-12.84241,49.77686,34.19276
1742844995846,90.62167,4987,,Center,682.5356,737.6779,49.77272,,-31.36709,-12.76863,49.77272,34.23218
1742844995875,90.65172,4989,,Center,669.1206,734.2668,49.69735,,-31.68767,-12.94476,49.69735,34.55767
1742844995904,90.67986,4991,,Center,658.566,729.2164,49.61146,,-31.922,-13.21156,49.61146,34.85219
1742844995934,90.71005,4993,,Center,640.1453,723.033,49.45005,,-32.32106,-13.52133,49.45005,35.31759
1742844995963,90.73915,4995,,Center,619.2429,714.3253,49.21305,,-32.73408,-13.95101,49.21305,35.86845
1742844995992,90.76807,4997,,Center,605.4957,711.2285,49.05353,,-33.00029,-14.08113,49.05353,36.18263
1742844996022,90.80064,4999,,Center,721.6294,819.7645,49.94768,,-30.39929,-8.082339,49.94768,32.20136
1742844996053,90.82823,5001,Eye Hit,Center,859.4301,900.4462,48.52505,SouthCarSignal,-25.84164,-3.334559,48.52505,28.23391
1742844996081,90.8573,5003,,Center,859.4668,901.4465,48.51478,,-25.83518,-3.277963,48.51478,28.22651
1742844996111,90.88664,5005,,Center,838.8036,892.5802,48.84008,,-26.5656,-3.799624,48.84008,28.78728
1742844996142,90.91666,5007,,Center,808.9164,876.1044,49.26757,,-27.61108,-4.7694,49.26757,29.62822
1742844996171,90.94675,5009,,Center,778.6123,870.1331,49.52449,,-28.58366,-5.135643,49.52449,30.38752
1742844996204,90.97931,5011,,Center,739.9626,859.7242,49.7436,,-29.77158,-5.755725,49.7436,31.36577
1742844996234,91.00896,5013,,Center,723.3901,853.0466,49.80539,,-30.26427,-6.146661,49.80539,31.80124
1742844996264,91.04094,5015,,Center,707.1641,846.6296,49.83388,,-30.72802,-6.519163,49.83389,32.22459
1742844996294,91.07013,5017,,Center,696.1342,852.9776,49.77824,,-30.99684,-6.147287,49.77824,32.40845
1742844996324,91.09935,5019,,Center,685.7298,844.2488,49.79633,,-31.29416,-6.651014,49.79633,32.71992
1742844996355,91.12912,5021,,Center,669.4327,840.3812,49.74821,,-31.71153,-6.866622,49.74821,33.11292
1742844996385,91.16125,5023,Eye Hit,Center,656.8612,835.4696,49.70042,SouthCarSignal,-32.02602,-7.141768,49.70042,33.43316
1742844996415,91.19035,5025,Eye Hit,Center,647.9652,833.1548,49.65147,SouthCarSignal,-32.23835,-7.267311,49.65147,33.64717
1742844996446,91.2245,5027,Eye Hit,Center,631.8819,836.2945,49.5154,SouthCarSignal,-32.58967,-7.067956,49.5154,33.95922
1742844996475,91.2512,5029,Eye Hit,Center,613.3701,839.2329,49.33213,SouthCarSignal,-32.97324,-6.874493,49.33213,34.32388
1742844996505,91.28011,5031,,Center,600.451,838.7023,49.1975,,-33.23417,-6.885948,49.1975,34.60075
1742844996536,91.31061,5033,,Center,550.6237,844.4782,48.51585,,-34.10836,-6.467216,48.51585,35.58604
1742844996566,91.3428,5035,,Center,587.5408,842.087,49.03205,,-33.47189,-6.671261,49.03205,34.84101
1742844996596,91.37341,5037,,Center,734.1158,833.6118,49.88691,,-30.01839,-7.275504,49.88691,31.76372
1742844996627,91.40327,5039,,Center,718.165,834.4475,49.8924,,-30.46107,-7.228155,49.8924,32.1078
1742844996662,91.43475,5041,,Center,677.9339,835.2381,49.80261,,-31.51246,-7.169742,49.80261,32.98026
1742844996678,91.45304,5042,,Center,645.6542,834.5886,49.62542,,-32.28474,-7.181339,49.62542,33.68222
1742844996707,91.48219,5044,Eye Hit,Center,651.9772,834.1603,49.6701,SouthWalkingSignal,-32.14042,-7.212432,49.6701,33.55116
1742844996737,91.51171,5046,Eye Hit,Center,621.7963,823.7227,49.46807,SouthWalkingSignal,-32.83398,-7.778844,49.46807,34.29844
1742844996765,91.54224,5048,Eye Hit,Center,566.4154,832.0665,48.79323,SouthWalkingSignal,-33.87796,-7.202937,48.79323,35.36853
1742844996795,91.57059,5050,,Center,576.8349,832.0013,48.93397,,-33.69417,-7.227433,48.93397,35.15422
1742844996823,91.59892,5052,,Center,514.0887,847.2712,47.89783,,-34.64003,-6.230435,47.89783,36.30888
1742844996852,91.62772,5054,,Center,445.6385,862.2169,46.47099,,-35.36433,-5.243386,46.47099,37.5717
1742844996881,91.65644,5056,,Center,452.1467,864.0343,46.59952,,-35.29471,-5.160123,46.59952,37.4325
1742844996909,91.68448,5058,,Center,462.1337,864.5341,46.80564,,-35.19274,-5.155987,46.80564,37.23184
1742844996937,91.71297,5060,,Center,640.8168,799.8701,49.6709,,-32.44699,-9.177835,49.6709,34.17137
1742844996965,91.74229,5062,,Center,583.6829,808.2353,49.08028,,-33.60936,-8.595027,49.08028,35.25347
1742844996994,91.77083,5064,,Center,691.6271,797.5981,49.93327,,-31.21762,-9.357171,49.93327,33.13118
1742844997022,91.79942,5066,,Center,708.8692,773.2947,49.95095,,-30.75318,-10.7614,49.95095,33.11535
1742844997051,91.8266,5068,,Center,711.757,771.3856,49.95079,,-30.67343,-10.87131,49.95079,33.08427
1742844997079,91.85574,5070,,Center,663.3207,776.0594,49.80796,,-31.91769,-10.57174,49.80796,34.02135
1742844997108,91.88492,5072,,Center,595.8518,778.8903,49.23286,,-33.38307,-10.28873,49.23286,35.35717
1742844997139,91.91644,5074,,Center,611.6254,776.0278,49.40139,,-33.06713,-10.48714,49.40139,35.07701
1742844997169,91.94788,5076,,Center,573.3828,777.7211,48.94936,,-33.79807,-10.29558,48.94936,35.82157
1742844997204,91.98209,5078,,Center,761.2365,771.4662,49.87077,,-29.26193,-10.84932,49.87077,32.03779
1742844997236,92.01389,5080,,Center,784.7422,765.2756,49.7371,,-28.53805,-11.17561,49.7371,31.64157
1742844997277,92.05154,5082,,Center,787.3684,760.8013,49.71077,,-28.45085,-11.42627,49.71077,31.66461
1742844997301,92.06853,5083,,Center,767.4305,760.8655,49.82089,,-29.06231,-11.44797,49.82089,32.08612
1742844997319,92.09219,5084,,Center,818.084,763.8611,49.4773,,-27.47819,-11.19783,49.4773,30.95172
1742844997334,92.10941,5085,,Center,809.4329,763.0085,49.55167,,-27.75617,-11.26343,49.55167,31.15336
1742844997374,92.1475,5087,,Center,812.1995,765.833,49.53671,,-27.67212,-11.09865,49.53671,31.04266
1742844997390,92.16446,5088,,Center,804.6463,765.4427,49.5991,,-27.91381,-11.13496,49.5991,31.21222
1742844997421,92.19618,5090,,Center,787.9417,765.8268,49.7226,,-28.44188,-11.14068,49.7226,31.56356
1742844997455,92.22787,5092,Eye Hit,Center,788.9031,766.6927,49.71807,HighMale2,-28.41292,-11.08996,49.71807,31.52784
1742844997471,92.24604,5093,,Center,869.1577,770.4732,48.9054,,-25.78154,-10.69528,48.9054,29.71486
1742844997503,92.27717,5095,,Center,858.9473,770.5944,49.04015,,-26.12902,-10.71801,49.04015,29.93731
1742844997535,92.30941,5097,,Center,869.2587,770.7689,48.90426,,-25.77821,-10.67842,48.90426,29.707
1742844997552,92.32617,5098,,Center,857.3105,770.6529,49.0619,,-26.18496,-10.71939,49.0619,29.97216
1742844997586,92.35869,5100,,Center,851.6437,765.2365,49.12068,,-26.37,-11.03916,49.12068,30.19869
1742844997601,92.37656,5101,,Center,849.2191,765.0386,49.14931,,-26.45117,-11.05685,49.14931,30.25529
1742844997633,92.40766,5103,,Center,842.0931,763.727,49.22969,,-26.68811,-11.14948,49.22969,30.43511
1742844997666,92.4417,5105,Eye Hit,Center,845.0079,762.7029,49.19349,MicroBus5-Detailed,-26.58931,-11.19946,49.19349,30.39137
1742844997698,92.47309,5107,Eye Hit,Center,856.6976,763.2602,49.05336,MicroBus3-Detailed,-26.19699,-11.13594,49.05336,30.12655
1742844997731,92.50511,5109,Eye Hit,Center,862.6323,764.3324,48.97979,MicroBus3-Detailed,-25.99722,-11.0587,48.97979,29.97636
1742844997763,92.53835,5111,Eye Hit,Center,856.0542,763.9888,49.06328,MicroBus3-Detailed,-26.21972,-11.09702,49.06328,30.12653
1742844997795,92.57005,5113,Eye Hit,Center,859.7213,764.051,49.01677,MicroBus3-Detailed,-26.09562,-11.08295,49.01677,30.04535
1742844997827,92.60175,5115,Eye Hit,Center,861.9061,764.809,48.99021,MicroBus3-Detailed,-26.02238,-11.03415,48.99022,29.98298
1742844997859,92.63363,5117,Eye Hit,Center,862.2752,766.4747,48.98914,MicroBus5-Detailed,-26.01184,-10.93971,48.98914,29.94276
1742844997891,92.66521,5119,Eye Hit,Center,858.3188,765.6638,49.03843,MicroBus5-Detailed,-26.14514,-10.99656,49.03843,30.04486
1742844997923,92.69662,5121,Eye Hit,Center,860.6657,761.3144,48.99678,MicroBus5-Detailed,-26.05943,-11.23318,48.99678,30.07811
1742844997953,92.72701,5123,Eye Hit,Center,864.9094,761.3116,48.94126,MicroBus5-Detailed,-25.91523,-11.22064,48.94126,29.9858
1742844997984,92.75896,5125,Eye Hit,Center,872.9544,761.1056,48.83115,MicroBus5-Detailed,-25.64003,-11.20694,48.83115,29.81448
1742844998015,92.78928,5127,Eye Hit,Center,872.9144,765.6357,48.84374,MicroBus5-Detailed,-25.64773,-10.95457,48.84374,29.72588
1742844998031,92.80647,5128,Eye Hit,Center,874.5479,765.2964,48.81985,MicroBus5-Detailed,-25.59116,-10.96821,48.81985,29.69666
1742844998062,92.83739,5130,Eye Hit,Center,878.1308,766.1248,48.77115,MicroBus5-Detailed,-25.46916,-10.91075,48.77115,29.60172
1742844998093,92.86815,5132,Eye Hit,Center,878.6426,762.2029,48.75387,MicroBus5-Detailed,-25.44635,-11.12746,48.75387,29.66828
1742844998125,92.89906,5134,Eye Hit,Center,876.2648,762.1745,48.78765,MicroBus5-Detailed,-25.52804,-11.13685,48.78765,29.7209
1742844998157,92.93031,5136,Eye Hit,Center,873.5892,761.6112,48.82385,MicroBus5-Detailed,-25.61909,-11.17677,48.82384,29.79055
1742844998187,92.96104,5138,Eye Hit,Center,870.898,764.257,48.86815,MicroBus5-Detailed,-25.71495,-11.03778,48.86815,29.7971
1742844998203,92.97773,5139,Eye Hit,Center,869.0048,764.5958,48.89466,MicroBus5-Detailed,-25.78001,-11.02455,48.89466,29.83187
1742844998234,93.0087,5141,Eye Hit,Center,881.5862,768.229,48.72501,MicroBus5-Detailed,-25.3521,-10.78204,48.72501,29.48426
1742844998265,93.04081,5143,Eye Hit,Center,878.2846,773.2587,48.78231,MicroBus5-Detailed,-25.47085,-10.51167,48.78231,29.45991
1742844998297,93.07156,5145,Eye Hit,Center,875.053,772.9946,48.82838,MicroBus5-Detailed,-25.58201,-10.53649,48.82838,29.53654
1742844998313,93.08824,5146,Eye Hit,Center,870.3433,771.2977,48.89146,MicroBus5-Detailed,-25.7422,-10.64579,48.89146,29.67299
1742844998344,93.12124,5148,Eye Hit,Center,864.7142,768.2739,48.96171,MicroBus5-Detailed,-25.93135,-10.83198,48.96171,29.85473
1742844998376,93.15154,5150,Eye Hit,Center,854.8522,768.9324,49.09042,MicroBus5-Detailed,-26.2668,-10.823,49.09042,30.05846
1742844998410,93.18375,5152,Eye Hit,Center,848.8062,766.7672,49.16011,MicroBus5-Detailed,-26.46819,-10.9612,49.16011,30.23153
1742844998425,93.2015,5153,Eye Hit,Center,847.4234,766.5627,49.17593,MicroBus5-Detailed,-26.51425,-10.97635,49.17593,30.26554
1742844998459,93.2338,5155,Eye Hit,Center,845.8248,769.6667,49.20196,MicroBus5-Detailed,-26.57172,-10.80593,49.20196,30.24234
1742844998492,93.26725,5157,Eye Hit,Center,845.0038,768.1155,49.20837,MicroBus5-Detailed,-26.59748,-10.89557,49.20837,30.28922
1742844998527,93.29815,5159,Eye Hit,Center,845.7335,767.5858,49.19865,MicroBus5-Detailed,-26.5724,-10.92344,49.19865,30.28321
1742844998543,93.3167,5160,Eye Hit,Center,848.366,766.9669,49.16638,MicroBus5-Detailed,-26.48351,-10.95134,49.16638,30.23739
1742844998559,93.33423,5161,Eye Hit,Center,848.488,766.9673,49.16484,MicroBus5-Detailed,-26.47937,-10.951,49.16484,30.23472
1742844998591,93.36464,5163,Eye Hit,Center,851.2628,768.6741,49.13521,MicroBus5-Detailed,-26.38814,-10.84768,49.13521,30.14198
1742844998622,93.39646,5165,Eye Hit,Center,852.7863,770.2222,49.11988,MicroBus5-Detailed,-26.3386,-10.75642,49.11988,30.07952
1742844998654,93.42786,5167,Eye Hit,Center,853.6081,771.3887,49.11191,MicroBus5-Detailed,-26.31204,-10.68855,49.11192,30.03969
1742844998669,93.44489,5168,Eye Hit,Center,854.6949,771.6187,49.09876,MicroBus5-Detailed,-26.27552,-10.67276,49.09876,30.01154
1742844998701,93.4762,5170,Eye Hit,Center,858.7391,772.4918,49.04936,MicroBus5-Detailed,-26.13958,-10.61262,49.04937,29.90629
1742844998734,93.50916,5172,Eye Hit,Center,867.6602,775.4913,48.93774,MicroBus5-Detailed,-25.83905,-10.41915,48.93774,29.6532
1742844998766,93.54105,5174,Eye Hit,Center,890.8091,776.663,48.60615,MicroBus5-Detailed,-25.04276,-10.28273,48.60615,29.11603
1742844998798,93.57452,5176,Eye Hit,Center,918.0574,774.5331,48.15881,MicroBus5-Detailed,-24.08779,-10.30641,48.15881,28.54773
1742844998831,93.60535,5178,Eye Hit,Center,949.3533,772.5016,47.58286,MicroBus5-Detailed,-22.97755,-10.29478,47.58286,27.88547
1742844998864,93.63885,5180,Eye Hit,Center,1009.59,777.0675,46.32647,MicroBus5-Detailed,-20.83016,-9.7789,46.32647,26.41459
1742844998896,93.672,5182,Eye Hit,Center,1065.418,781.3689,45.01154,MicroBus5-Detailed,-18.85154,-9.277939,45.01154,25.02273
1742844998932,93.70418,5184,,Center,1124.711,782.3766,43.50687,,-16.79713,-8.917178,43.50687,23.61068
1742844998947,93.72267,5185,Eye Hit,Center,1084.003,782.4099,44.54942,HighMale2,-18.20087,-9.129158,44.54942,24.56355
1742844998980,93.75343,5187,,Center,985.4752,773.7859,46.85029,,-21.68945,-10.06675,46.85029,27.03915
1742844998997,93.77096,5188,,Center,1027.777,774.4401,45.90665,,-20.18044,-9.829325,45.90665,26.05722
1742844999014,93.78767,5189,,Center,921.2632,760.2231,48.07253,,-23.95954,-11.0818,48.07253,28.77265
1742844999030,93.80482,5190,,Center,962.2178,759.2393,47.30067,,-22.50533,-10.95746,47.30067,27.8874
1742844999062,93.83757,5192,,Center,860.0225,767.0887,49.02245,,-26.0905,-10.91237,49.02245,29.98028
1742844999092,93.86815,5194,,Center,798.2129,779.6752,49.67627,,-28.13369,-10.33647,49.67627,31.1049
1742844999122,93.89642,5196,,Center,783.5123,782.4003,49.77869,,-28.59571,-10.20132,49.77869,31.37971
1742844999152,93.92614,5198,,Center,843.0153,783.8904,49.25453,,-26.67651,-10.00917,49.25453,30.04825
1742844999181,93.95602,5200,,Center,906.6252,783.2165,48.35976,,-24.49353,-9.86497,48.35976,28.63552
1742844999211,93.98533,5202,,Center,918.8544,775.9596,48.14396,,-24.05918,-10.22407,48.14396,28.5013
1742844999239,94.01553,5204,,Center,774.5944,777.6202,49.82291,,-28.86643,-10.48521,49.82291,31.65043
1742844999268,94.04366,5206,,Center,830.5829,781.0947,49.38528,,-27.08629,-10.19511,49.38528,30.37174
1742844999297,94.0736,5208,,Center,744.8032,783.5002,49.94189,,-29.75679,-10.17133,49.94189,32.19757
1742844999326,94.10225,5210,,Center,724.9871,780.6884,49.96801,,-30.31904,-10.33866,49.96801,32.66295
1742844999356,94.13031,5212,,Center,779.9565,778.797,49.79457,,-28.70259,-10.41162,49.79457,31.51545
1742844999385,94.1612,5214,,Center,826.216,779.3732,49.42963,,-27.22979,-10.30232,49.42963,30.49766
1742844999414,94.19025,5216,,Center,812.8087,779.0925,49.5562,,-27.66635,-10.34476,49.5562,30.79632
1742844999429,94.2073,5217,,Center,837.603,780.3196,49.3112,,-26.85454,-10.22383,49.3112,30.23043
1742844999460,94.23672,5219,,Center,743.2797,772.1944,49.93164,,-29.79269,-10.82067,49.93164,32.4076
1742844999490,94.26686,5221,,Center,686.0193,763.7136,49.88152,,-31.33972,-11.29788,49.88152,33.73744
1742844999522,94.29752,5223,,Center,669.7891,761.3141,49.80904,,-31.7405,-11.4194,49.80904,34.10707
1742844999543,94.31419,5224,,Center,712.3881,757.6338,49.91857,,-30.63627,-11.65646,49.91857,33.29077
1742844999560,94.33466,5225,,Center,731.2656,758.2758,49.91734,,-30.11526,-11.61922,49.91734,32.88871
1742844999591,94.36673,5227,,Center,770.3742,756.8064,49.79695,,-28.9674,-11.67554,49.79696,32.09528
1742844999627,94.39754,5229,,Center,769.0172,755.2116,49.79793,,-29.00528,-11.76752,49.79793,32.15221
1742844999642,94.41782,5230,Eye Hit,Center,631.9171,753.5756,49.53395,HighFemale2,-32.60092,-11.79868,49.53395,34.98932
1742844999674,94.44915,5232,,Center,614.9556,748.9474,49.36155,,-32.94971,-12.02124,49.36155,35.3959
1742844999706,94.48089,5234,,Center,646.1995,749.5492,49.62988,,-32.27271,-12.05212,49.62988,34.76576
1742844999740,94.51437,5236,,Center,678.727,749.2653,49.8091,,-31.49476,-12.112,49.8091,34.11589
1742844999772,94.54647,5238,,Center,664.6693,747.5279,49.73648,,-31.83486,-12.19394,49.73648,34.42748
1742844999803,94.57756,5240,,Center,678.6818,747.1671,49.80025,,-31.4904,-12.23029,49.80025,34.15102
1742844999834,94.60895,5242,Eye Hit,Center,617.7958,746.0573,49.37836,SportCar5-Detailed,-32.88349,-12.18997,49.37836,35.38367
1742844999866,94.64194,5244,Eye Hit,Center,610.6219,738.4333,49.27151,SportCar5-Detailed,-33.00749,-12.59701,49.27151,35.64199
1742844999897,94.67268,5246,Eye Hit,Center,621.5959,738.5126,49.37923,SportCar5-Detailed,-32.78046,-12.62003,49.37923,35.42608
1742844999929,94.70383,5248,Eye Hit,Center,633.2165,740.4668,49.4908,SportCar5-Detailed,-32.53702,-12.53697,49.4908,35.16665
1742844999961,94.73615,5250,Eye Hit,Center,651.3901,740.5284,49.62548,SportCar5-Detailed,-32.12764,-12.56749,49.62548,34.80592
1742844999992,94.76782,5252,Eye Hit,Center,646.0629,740.871,49.59071,SportCar5-Detailed,-32.25097,-12.5392,49.59071,34.90612
1742845000025,94.79869,5254,Eye Hit,Center,634.9907,744.8356,49.52543,Sedan1-Detailed,-32.51126,-12.29598,49.52543,35.06261
1742845000055,94.83022,5256,Eye Hit,Center,630.5283,745.7086,49.49232,Sedan1-Detailed,-32.61146,-12.23792,49.49232,35.1374
1742845000088,94.86237,5258,Eye Hit,Center,643.5798,744.2769,49.58876,Sedan1-Detailed,-32.31769,-12.34367,49.58877,34.90091
1742845000120,94.90036,5260,Eye Hit,Center,647.8649,742.9541,49.61293,Sedan1-Detailed,-32.21607,-12.42558,49.61293,34.83688
1742845000151,94.9259,5262,Eye Hit,Center,642.0568,744.9817,49.58063,Sedan1-Detailed,-32.35408,-12.30136,49.58064,34.92005
1742845000183,94.95787,5264,Eye Hit,Center,646.7639,743.0157,49.60556,Sedan1-Detailed,-32.24143,-12.42014,49.60556,34.85775
1742845000214,94.98889,5266,Eye Hit,Center,650.6724,743.9619,49.63655,Sedan1-Detailed,-32.15447,-12.37375,49.63655,34.76484
1742845000245,95.02057,5268,Eye Hit,Center,646.4056,743.9246,49.60734,Sedan1-Detailed,-32.25242,-12.36854,49.60734,34.85037
1742845000276,95.05241,5270,Eye Hit,Center,648.5834,741.1964,49.6096,Sedan1-Detailed,-32.19423,-12.52523,49.6096,34.85084
1742845000311,95.08537,5272,Eye Hit,Center,699.9701,739.2771,49.82596,SportCar5-Detailed,-30.92103,-12.69029,49.82596,33.85418
1742845000327,95.10227,5273,Eye Hit,Center,698.3653,739.9076,49.82587,SportCar5-Detailed,-30.96513,-12.65396,49.82587,33.87567
1742845000360,95.13415,5275,Eye Hit,Center,699.113,737.0895,49.81326,SportCar5-Detailed,-30.93673,-12.81285,49.81326,33.90947
1742845000395,95.16948,5277,Eye Hit,Center,696.514,736.5128,49.80466,SportCar5-Detailed,-31.00285,-12.8437,49.80466,33.97177
1742845000426,95.20232,5279,Eye Hit,Center,694.4219,734.9427,49.79113,SportCar5-Detailed,-31.05194,-12.93043,49.79113,34.04113
1742845000457,95.23167,5281,Eye Hit,Center,690.242,736.2321,49.78704,SportCar5-Detailed,-31.16428,-12.8553,49.78704,34.10255
1742845000488,95.26258,5283,Eye Hit,Center,687.3184,736.9753,49.78237,SportCar5-Detailed,-31.24172,-12.81136,49.78237,34.14834
1742845000520,95.29504,5285,Eye Hit,Center,682.7976,739.4601,49.77993,SportCar5-Detailed,-31.36443,-12.66794,49.77993,34.19661
1742845000551,95.327,5287,Eye Hit,Center,680.2501,742.9393,49.78777,SportCar5-Detailed,-31.43939,-12.47013,49.78777,34.18932
1742845000584,95.35789,5289,Eye Hit,Center,678.4543,743.0029,49.78124,SportCar5-Detailed,-31.48464,-12.46488,49.78124,34.22441
1742845000599,95.37552,5290,Eye Hit,Center,676.044,743.3654,49.77298,SportCar5-Detailed,-31.54563,-12.44194,49.77298,34.26682
1742845000632,95.40758,5292,Eye Hit,Center,669.3069,744.0501,49.74587,SportCar5-Detailed,-31.71349,-12.39587,49.74587,34.39083
1742845000665,95.43945,5294,Eye Hit,Center,672.2576,743.1935,49.7562,SportCar5-Detailed,-31.63903,-12.44761,49.7562,34.34571
1742845000699,95.47166,5296,Eye Hit,Center,633.645,747.5577,49.52817,SportCar5-Detailed,-32.54987,-12.14117,49.52817,35.04694
1742845000717,95.48978,5297,Eye Hit,Center,597.6339,750.6804,49.18714,SportCar5-Detailed,-33.30368,-11.88025,49.18714,35.71128
1742845000732,95.50776,5298,Eye Hit,Center,597.1332,750.4144,49.18053,SportCar5-Detailed,-33.31278,-11.89385,49.18053,35.72502
1742845000768,95.53953,5300,Eye Hit,Center,595.2703,753.4733,49.17077,Sedan1-Detailed,-33.35675,-11.718,49.17077,35.71716
1742845000786,95.5589,5301,Eye Hit,Center,592.2479,752.892,49.13308,Sedan1-Detailed,-33.41318,-11.74181,49.13308,35.78493
1742845000801,95.57678,5302,Eye Hit,Center,591.6118,752.311,49.12356,Sedan1-Detailed,-33.42396,-11.77252,49.12356,35.80581
1742845000834,95.60829,5304,Eye Hit,Center,590.1172,753.7087,49.11067,Sedan1-Detailed,-33.45571,-11.69017,49.11067,35.81502
1742845000869,95.64503,5306,Eye Hit,Center,588.6338,748.2709,49.07221,Sedan1-Detailed,-33.46969,-11.98896,49.07222,35.92282
1742845000903,95.67657,5308,Eye Hit,Center,588.6312,745.592,49.06091,Sedan1-Detailed,-33.46206,-12.13799,49.06091,35.96228
1742845000923,95.6938,5309,Eye Hit,Center,584.1723,742.7806,48.9935,Sedan1-Detailed,-33.53669,-12.28016,48.9935,36.09056
1742845000939,95.71382,5310,Eye Hit,Center,583.1559,742.9017,48.98151,Sedan1-Detailed,-33.55598,-12.27024,48.98151,36.10846
1742845000973,95.74607,5312,Eye Hit,Center,581.0966,748.2111,48.97747,Sedan1-Detailed,-33.60888,-11.96917,48.97747,36.07065
1742845000992,95.76296,5313,Eye Hit,Center,579.8068,747.608,48.95867,Sedan1-Detailed,-33.63086,-11.99876,48.95868,36.10453
1742845001008,95.78268,5314,Eye Hit,Center,562.3831,758.2861,48.75966,Sedan1-Detailed,-33.9632,-11.3492,48.75966,36.29369
1742845001025,95.79983,5315,Eye Hit,Center,561.4922,757.6167,48.74492,Sedan1-Detailed,-33.97689,-11.38333,48.74492,36.32013
1742845001041,95.81693,5316,Eye Hit,Center,560.5588,759.4387,48.7368,Sedan1-Detailed,-33.99637,-11.279,48.7368,36.31361
1742845001075,95.84807,5318,Eye Hit,Center,556.5167,758.1204,48.67364,Sedan1-Detailed,-34.06094,-11.33846,48.67364,36.41012
1742845001093,95.86668,5319,Eye Hit,Center,555.119,757.371,48.65065,Sedan1-Detailed,-34.08238,-11.37523,48.65065,36.44743
1742845001124,95.89879,5321,Eye Hit,Center,552.722,752.4783,48.59842,Sedan1-Detailed,-34.11012,-11.6374,48.59842,36.56068
1742845001159,95.93163,5323,Eye Hit,Center,550.7648,751.4988,48.56536,Sedan1-Detailed,-34.13939,-11.68431,48.56536,36.61194
1742845001175,95.94967,5324,Eye Hit,Center,551.6404,751.6991,48.57922,Sedan1-Detailed,-34.12564,-11.67635,48.57922,36.59227
1742845001208,95.98156,5326,Eye Hit,Center,547.0214,749.8179,48.5017,Sedan1-Detailed,-34.19488,-11.76299,48.5017,36.70721
1742845001242,96.0155,5328,Eye Hit,Center,543.9952,748.4551,48.44949,Sedan1-Detailed,-34.23901,-11.82665,48.44949,36.78421
1742845001259,96.03547,5329,Eye Hit,Center,542.137,748.742,48.42149,Sedan1-Detailed,-34.26891,-11.80375,48.42149,36.81586
1742845001292,96.06576,5331,Eye Hit,Center,541.9762,749.3569,48.42154,Sedan1-Detailed,-34.27324,-11.7694,48.42154,36.81046
1742845001308,96.08285,5332,Eye Hit,Center,537.2288,747.2188,48.33739,Sedan1-Detailed,-34.34037,-11.86826,48.33739,36.93081
1742845001343,96.11732,5334,Eye Hit,Center,534.1284,746.3843,48.28379,Sedan1-Detailed,-34.38494,-11.90151,48.28379,37.00147
1742845001359,96.1346,5335,Eye Hit,Center,533.4035,745.7619,48.26945,Sedan1-Detailed,-34.39405,-11.93259,48.26945,37.02387
1742845001391,96.16564,5337,Eye Hit,Center,530.4966,745.2599,48.21908,Sedan1-Detailed,-34.43555,-11.9481,48.21908,37.08614
1742845001427,96.20142,5339,Eye Hit,Center,534.3777,746.7972,48.28916,Sedan1-Detailed,-34.38212,-11.87981,48.28916,36.99102
1742845001459,96.23402,5341,Eye Hit,Center,537.5645,750.577,48.35519,Sedan1-Detailed,-34.34406,-11.68522,48.35519,36.87834
1742845001494,96.26626,5343,Eye Hit,Center,539.7893,751.9424,48.3956,Sedan1-Detailed,-34.31331,-11.61874,48.3956,36.81708
1742845001510,96.28452,5344,Eye Hit,Center,560.3409,747.2101,48.69015,Sedan1-Detailed,-33.96968,-11.95524,48.69015,36.48724
1742845001526,96.30227,5345,Eye Hit,Center,560.573,747.9344,48.69632,Sedan1-Detailed,-33.96775,-11.91607,48.69632,36.4725
1742845001563,96.33617,5347,Eye Hit,Center,567.428,748.261,48.79439,Sedan1-Detailed,-33.85148,-11.92164,48.79439,36.33533
1742845001580,96.35371,5348,Eye Hit,Center,567.0311,746.6618,48.78245,Sedan1-Detailed,-33.85389,-12.00879,48.78245,36.36588
1742845001598,96.3721,5349,Eye Hit,Center,566.3732,746.9833,48.77459,Sedan1-Detailed,-33.86615,-11.98881,48.77459,36.374
1742845001614,96.38924,5350,Eye Hit,Center,570.1489,745.8505,48.82203,Sedan1-Detailed,-33.79732,-12.06417,48.82203,36.31724
1742845001651,96.42314,5352,Eye Hit,Center,568.6631,744.9286,48.79769,Sedan1-Detailed,-33.8205,-12.11009,48.7977,36.35928
1742845001666,96.44131,5353,Eye Hit,Center,567.7526,745.0448,48.78556,Sedan1-Detailed,-33.83662,-12.10056,48.78556,36.37519
1742845001701,96.47408,5355,Eye Hit,Center,566.1089,743.6469,48.75655,Sedan1-Detailed,-33.86074,-12.17204,48.75655,36.42712
1742845001719,96.49158,5356,Eye Hit,Center,571.6082,742.5964,48.82743,Sedan1-Detailed,-33.76172,-12.24897,48.82743,36.33637
1742845001735,96.50996,5357,Eye Hit,Center,570.6745,742.7639,48.81537,Sedan1-Detailed,-33.77855,-12.23644,48.81537,36.35191
1742845001771,96.54271,5359,Eye Hit,Center,567.9711,743.1284,48.77957,Sedan1-Detailed,-33.82658,-12.207,48.77957,36.39875
1742845001789,96.56133,5360,Eye Hit,Center,569.2153,744.1496,48.8012,Sedan1-Detailed,-33.80805,-12.15489,48.8012,36.35991
1742845001805,96.57949,5361,Eye Hit,Center,567.5403,746.9001,48.78989,Sedan1-Detailed,-33.84533,-11.99723,48.78989,36.35262
1742845001823,96.59792,5362,Eye Hit,Center,566.5028,747.566,48.77798,Sedan1-Detailed,-33.86502,-11.9569,48.77798,36.36319
1742845001857,96.63095,5364,Eye Hit,Center,564.7975,748.7889,48.75882,Sedan1-Detailed,-33.89762,-11.88338,48.75882,36.37878
1742845001874,96.64768,5365,Eye Hit,Center,565.4903,745.9359,48.75724,Sedan1-Detailed,-33.87787,-12.0435,48.75724,36.40607
1742845001907,96.6815,5367,Eye Hit,Center,565.6872,745.7048,48.75917,Sedan1-Detailed,-33.87392,-12.05701,48.75917,36.4056
1742845001923,96.6982,5368,Eye Hit,Center,562.2672,746.3387,48.71325,Sedan1-Detailed,-33.93398,-12.00997,48.71325,36.4625
1742845001957,96.73042,5370,Eye Hit,Center,561.4916,747.3071,48.7065,Sedan1-Detailed,-33.95015,-11.95387,48.7065,36.46368
1742845001987,96.7626,5372,Eye Hit,Center,557.5367,743.756,48.63465,Sedan1-Detailed,-34.00626,-12.13549,48.63465,36.59047
1742845002019,96.79352,5374,Eye Hit,Center,554.3429,741.7314,48.57878,Sedan1-Detailed,-34.05285,-12.23497,48.57878,36.68075
1742845002052,96.82405,5376,Eye Hit,Center,549.1453,741.9142,48.50159,Sedan1-Detailed,-34.13792,-12.20535,48.5016,36.77756
1742845002065,96.84225,5377,Eye Hit,Center,545.2321,741.5587,48.4398,Sedan1-Detailed,-34.19908,-12.20975,48.4398,36.85737
1742845002097,96.87321,5379,Eye Hit,Center,537.1179,740.3767,48.30597,Sedan1-Detailed,-34.321,-12.24179,48.30597,37.02853
1742845002129,96.9036,5381,Eye Hit,Center,526.9323,741.0486,48.14103,Sedan1-Detailed,-34.47454,-12.16272,48.14103,37.21218
1742845002159,96.93459,5383,Eye Hit,Center,515.2869,737.7399,47.92543,Sedan1-Detailed,-34.62827,-12.29126,47.92543,37.47779
1742845002190,96.96535,5385,Eye Hit,Center,495.2915,737.6893,47.55977,Sedan1-Detailed,-34.88911,-12.2002,47.55977,37.8523
1742845002221,96.99512,5387,Eye Hit,Center,473.9239,735.8386,47.13351,Sedan1-Detailed,-35.13245,-12.19154,47.13351,38.27293
1742845002252,97.02774,5389,Eye Hit,Center,443.5194,736.6318,46.49941,Sedan1-Detailed,-35.44036,-11.98495,46.4994,38.8191
1742845002283,97.05731,5391,Eye Hit,Center,400.4598,740.3198,45.53641,Sedan1-Detailed,-35.78895,-11.54289,45.53642,39.55018
1742845002298,97.07401,5392,Eye Hit,Center,371.0776,741.2228,44.83139,Sedan1-Detailed,-35.96212,-11.31749,44.83139,40.06213
1742845002332,97.10724,5394,Eye Hit,Center,277.1203,746.6338,42.43541,Sedan1-Detailed,-36.24143,-10.44779,42.43541,41.63126
1742845002363,97.13763,5396,Eye Hit,Center,250.2271,749.2964,41.72748,Sedan1-Detailed,-36.2564,-10.14521,41.72748,42.05869
1742845002393,97.16807,5398,Eye Hit,Center,292.6059,753.032,42.86102,SouthSidewalk,-36.23847,-10.23604,42.86102,41.30155
1742845002426,97.20068,5400,Eye Hit,Center,397.4086,753.3237,45.50669,SouthSidewalk,-35.84225,-10.8526,45.50669,39.45231
1742845002457,97.23179,5402,,Center,486.8637,763.0312,47.48357,,-35.05416,-10.79224,47.48357,37.68368
1742845002489,97.26283,5404,,Center,496.5314,762.4234,47.66826,,-34.93606,-10.8675,47.66826,37.50769
1742845002520,97.29472,5406,,Center,429.1589,763.5517,46.26874,,-35.6314,-10.48825,46.26874,38.75631
1742845002552,97.32641,5408,,Center,444.2987,759.944,46.59538,,-35.49347,-10.75622,46.59538,38.51796
1742845002582,97.3563,5410,,Center,476.4822,742.1801,47.20823,,-35.12147,-11.86546,47.20823,38.1418
1742845002612,97.38833,5412,,Center,588.7014,743.5917,49.04453,,-33.44897,-12.24712,49.04453,35.99055
1742845002643,97.41813,5414,,Center,718.3769,765.3218,49.93735,,-30.48267,-11.21793,49.93736,33.04163
1742845002672,97.44859,5416,,Center,735.0217,782.4843,49.95789,,-30.03611,-10.2331,49.95789,32.42223
1742845002706,97.47882,5418,,Center,659.9435,790.8823,49.79519,,-32.00235,-9.717276,49.79519,33.88742
1742845002720,97.49706,5419,,Center,642.2242,778.2031,49.67176,,-32.40897,-10.41986,49.67176,34.42502
1742845002753,97.5283,5421,,Center,600.1338,772.3108,49.2708,,-33.29232,-10.67088,49.2708,35.35802
1742845002791,97.56649,5423,,Center,602.3102,769.5515,49.29026,,-33.24624,-10.83191,49.29026,35.35173
1742845002831,97.5985,5425,,Center,702.6066,770.1961,49.93772,,-30.9177,-10.93704,49.93772,33.29377
1742845002847,97.62188,5426,,Center,736.0128,769.525,49.93994,,-29.998,-10.9762,49.93994,32.60416
1742845002873,97.63894,5427,,Center,702.3289,768.6893,49.93462,,-30.92343,-11.02322,49.93462,33.32283
1742845002890,97.66503,5428,,Center,684.2933,767.8075,49.88771,,-31.39114,-11.06367,49.88771,33.71016
1742845002931,97.70554,5430,,Center,684.0912,772.3494,49.89709,,-31.40261,-10.80422,49.89709,33.64596
1742845002971,97.73932,5432,Eye Hit,Center,779.1161,763.6911,49.7688,MicroBus5-Detailed,-28.71083,-11.27367,49.7688,31.78913
1742845002988,97.76145,5433,Eye Hit,Center,805.7908,763.3028,49.58338,MicroBus5-Detailed,-27.87364,-11.2538,49.58338,31.22618
1742845003026,97.79649,5435,Eye Hit,Center,752.1124,760.8561,49.88236,MicroBus5-Detailed,-29.52002,-11.46248,49.88235,32.40903
1742845003042,97.81612,5436,Eye Hit,Center,734.0059,758.451,49.91654,MicroBus5-Detailed,-30.03925,-11.60894,49.91653,32.8287
1742845003060,97.83369,5437,Eye Hit,Center,719.4071,757.9333,49.92463,MicroBus5-Detailed,-30.44651,-11.64073,49.92463,33.14065
1742845003081,97.85093,5438,Eye Hit,Center,685.7124,755.6392,49.86074,MicroBus5-Detailed,-31.33511,-11.75764,49.86074,33.87096
1742845003099,97.87222,5439,Eye Hit,Center,669.7368,754.4578,49.79146,MicroBus5-Detailed,-31.73073,-11.80931,49.79146,34.21479
1742845003116,97.88956,5440,Eye Hit,Center,688.1997,755.2277,49.86757,MicroBus5-Detailed,-31.27091,-11.78303,49.86757,33.82679
1742845003137,97.90644,5441,Eye Hit,Center,658.9529,755.4096,49.73786,MicroBus5-Detailed,-31.9927,-11.74195,49.73786,34.41818
1742845003155,97.92752,5442,Eye Hit,Center,812.3337,755.909,49.50807,Sedan5-Detailed,-27.65245,-11.65919,49.50807,31.22265
1742845003172,97.94542,5443,Eye Hit,Center,800.345,754.0794,49.60021,Sedan5-Detailed,-28.03222,-11.78551,49.60021,31.51167
1742845003193,97.96349,5444,Eye Hit,Center,817.3192,751.2955,49.44646,Sedan5-Detailed,-27.48193,-11.90781,49.44646,31.20423
1742845003211,97.98421,5445,Eye Hit,Center,842.7914,748.6922,49.17318,SportCar5-Detailed,-26.63853,-11.98981,49.17318,30.71338
1742845003227,98.00196,5446,Eye Hit,Center,832.6035,745.9314,49.27383,SportCar5-Detailed,-26.9702,-12.1713,49.27383,30.9852
1742845003267,98.03866,5448,Eye Hit,Center,792.583,735.2718,49.57327,Sedan5-Detailed,-28.22943,-12.85494,49.57327,32.03469
1742845003283,98.05733,5449,Eye Hit,Center,777.4443,733.4591,49.65768,Sedan5-Detailed,-28.69255,-12.98083,49.65768,32.38236
1742845003304,98.07537,5450,Eye Hit,Center,758.5434,728.2249,49.71443,Sedan5-Detailed,-29.24413,-13.29588,49.71443,32.86997
1742845003322,98.09516,5451,Eye Hit,Center,777.1663,728.0529,49.62726,SportCar5-Detailed,-28.68259,-13.2824,49.62726,32.49401
1742845003338,98.11258,5452,Eye Hit,Center,770.1188,726.5436,49.65415,Sedan5-Detailed,-28.89133,-13.37616,49.65415,32.66744
1742845003377,98.15083,5454,Eye Hit,Center,803.8552,731.1339,49.4649,SportCar5-Detailed,-27.85989,-13.06308,49.4649,31.88431
1742845003394,98.16814,5455,Eye Hit,Center,799.1766,731.4276,49.50245,SportCar5-Detailed,-28.00891,-13.05619,49.50245,31.97495
1742845003416,98.1852,5456,Eye Hit,Center,784.6353,731.1125,49.59952,SportCar5-Detailed,-28.46203,-13.09978,49.59953,32.28056
1742845003433,98.2075,5457,Eye Hit,Center,780.9825,731.3107,49.62214,SportCar5-Detailed,-28.57508,-13.09458,49.62214,32.35169
1742845003470,98.24348,5459,Eye Hit,Center,767.883,728.1386,49.6705,SportCar5-Detailed,-28.96217,-13.28904,49.6705,32.68164
1742845003488,98.26126,5460,Eye Hit,Center,753.9106,724.7823,49.70411,SportCar5-Detailed,-29.36518,-13.49049,49.70411,33.03041
1742845003512,98.27913,5461,Eye Hit,Center,763.9578,723.0004,49.65414,SportCar5-Detailed,-29.06024,-13.57903,49.65414,32.86221
1742845003531,98.30372,5462,Eye Hit,Center,766.0487,722.0915,49.63846,SportCar5-Detailed,-28.99375,-13.6268,49.63846,32.83794
1742845003553,98.32204,5463,Eye Hit,Center,839.3641,730.6418,49.11964,SportCar5-Detailed,-26.70247,-12.99983,49.11964,31.15805
1742845003573,98.34449,5464,Eye Hit,Center,840.892,731.7922,49.10847,SportCar5-Detailed,-26.65496,-12.93168,49.10847,31.10183
1742845003595,98.36343,5465,Eye Hit,Center,846.7091,733.5685,49.05187,SportCar5-Detailed,-26.46671,-12.81629,49.05186,30.94262
1742845003615,98.3864,5466,Eye Hit,Center,841.0089,729.7374,49.09675,SportCar5-Detailed,-26.64543,-13.0449,49.09675,31.14297
1742845003637,98.40618,5467,Eye Hit,Center,841.997,730.4735,49.08871,SportCar5-Detailed,-26.61429,-13.00119,49.08871,31.10677
1742845003656,98.42854,5468,Eye Hit,Center,840.4344,730.5176,49.1074,SportCar5-Detailed,-26.66679,-13.00352,49.1074,31.13834
1742845003679,98.44727,5469,Eye Hit,Center,840.4192,730.1281,49.10579,SportCar5-Detailed,-26.66633,-13.0252,49.10579,31.14695
1742845003699,98.47066,5470,Eye Hit,Center,841.0343,730.6183,49.10124,SportCar5-Detailed,-26.64717,-12.99627,49.10124,31.12373
1742845003721,98.48932,5471,Eye Hit,Center,845.7812,730.4058,49.04632,SportCar5-Detailed,-26.48884,-12.99371,49.04632,31.0293
1742845003741,98.51175,5472,Eye Hit,Center,848.7156,730.9357,49.01447,SportCar5-Detailed,-26.39222,-12.95535,49.01447,30.95674
1742845003763,98.53207,5473,Eye Hit,Center,856.1425,735.8271,48.95081,SportCar5-Detailed,-26.15723,-12.66216,48.95081,30.6965
1742845003783,98.55453,5474,Eye Hit,Center,860.3126,734.7854,48.89345,SportCar5-Detailed,-26.01401,-12.70608,48.89345,30.631
1742845003805,98.57482,5475,Eye Hit,Center,869.5419,735.0472,48.77227,SportCar5-Detailed,-25.70102,-12.65989,48.77227,30.43087
1742845003824,98.59592,5476,Eye Hit,Center,874.655,733.4968,48.69464,SportCar5-Detailed,-25.52265,-12.72686,48.69464,30.35693
1742845003847,98.61502,5477,Eye Hit,Center,881.9948,732.4138,48.58463,SportCar5-Detailed,-25.26811,-12.7589,48.58463,30.22618
1742845003866,98.63845,5478,Eye Hit,Center,890.6206,731.8734,48.45318,SportCar5-Detailed,-24.96899,-12.7545,48.45318,30.05629
1742845003888,98.65681,5479,Eye Hit,Center,909.8035,734.3907,48.16161,SportCar5-Detailed,-24.30865,-12.53794,48.16161,29.59281
1742845003907,98.67921,5480,Eye Hit,Center,921.7635,734.4738,47.95844,SportCar5-Detailed,-23.88943,-12.48047,47.95844,29.33637
1742845003929,98.69742,5481,Eye Hit,Center,942.1097,735.4916,47.59606,SportCar5-Detailed,-23.17426,-12.33024,47.59607,28.87778
1742845003949,98.71983,5482,Eye Hit,Center,957.9943,738.0399,47.30313,SportCar5-Detailed,-22.61679,-12.11523,47.30313,28.4755
1742845003971,98.74031,5483,Eye Hit,Center,995.4993,738.421,46.52722,SportCar5-Detailed,-21.28239,-11.8961,46.52723,27.65573
1742845003991,98.76189,5484,Eye Hit,Center,1016.977,737.311,46.04657,SportCar5-Detailed,-20.51652,-11.83222,46.04657,27.21892
1742845004013,98.78232,5485,Eye Hit,Center,1072.994,736.2532,44.71345,SportCar5-Detailed,-18.53967,-11.54425,44.71345,26.033
1742845004033,98.8045,5486,Eye Hit,Center,1117.259,736.9629,43.59931,SportCar5-Detailed,-17.01219,-11.22084,43.59931,25.0526
1742845004055,98.82368,5487,Eye Hit,Center,1158.927,739.3588,42.52109,Sedan1-Detailed,-15.61328,-10.82574,42.5211,24.07601
1742845004074,98.84727,5488,Eye Hit,Center,1224.181,740.5749,40.78841,Sedan1-Detailed,-13.50758,-10.32735,40.78841,22.62949
1742845004097,98.86468,5489,Eye Hit,Center,1082.465,750.0656,44.52621,Sedan5-Detailed,-18.2292,-10.78608,44.52621,25.44053
1742845004116,98.88786,5490,Eye Hit,Center,872.4828,731.0891,48.71117,Sedan1-Detailed,-25.58972,-12.86663,48.71117,30.45568
1742845004138,98.90785,5491,Eye Hit,Center,975.2224,734.1353,46.93633,Sedan1-Detailed,-21.99497,-12.23274,46.93633,28.20074
1742845004157,98.92925,5492,,Center,881.0717,734.1125,48.604,,-25.30295,-12.66868,48.604,30.20798
1742845004180,98.94755,5493,Eye Hit,Center,871.3736,755.4987,48.83136,MicroBus5-Detailed,-25.68277,-11.52291,48.83136,29.96169
1742845004199,98.97158,5494,Eye Hit,Center,926.8512,756.7646,47.95488,MicroBus5-Detailed,-23.75296,-11.24603,47.95488,28.72407
1742845004221,98.98974,5495,Eye Hit,Center,782.0378,762.8669,49.74004,MicroBus5-Detailed,-28.614,-11.3144,49.74004,31.74139
1742845004241,99.01201,5496,Eye Hit,Center,832.5654,763.8527,49.32279,MicroBus5-Detailed,-26.99804,-11.16342,49.32279,30.63921
1742845004263,99.03111,5497,Eye Hit,Center,772.7404,778.2036,49.8208,MicroBus5-Detailed,-28.9162,-10.45112,49.8208,31.68082
1742845004282,99.05398,5498,Eye Hit,Center,701.4974,779.418,49.94152,MicroBus5-Detailed,-30.95063,-10.40653,49.94152,33.17788
1742845004299,99.0725,5499,Eye Hit,Center,747.1406,780.2111,49.92232,MicroBus5-Detailed,-29.68071,-10.35683,49.92232,32.19838
1742845004319,99.08959,5500,Eye Hit,Center,813.2454,790.8361,49.54929,MicroBus5-Detailed,-27.65053,-9.671947,49.54929,30.59138
1742845004337,99.10938,5501,Eye Hit,Center,858.0271,794.2217,49.06258,MicroBus5-Detailed,-26.1659,-9.385293,49.06258,29.53529
1742845004353,99.12749,5502,Eye Hit,Center,883.6812,794.9292,48.71284,MicroBus5-Detailed,-25.28943,-9.278612,48.71284,28.94228
1742845004389,99.16196,5504,Eye Hit,Center,894.3807,781.9536,48.54458,MicroBus5-Detailed,-24.91531,-9.973414,48.54458,28.93551
1742845004405,99.18007,5505,Eye Hit,Center,689.9756,771.7004,49.90332,MicroBus5-Detailed,-31.2444,-10.84289,49.90332,33.53358
1742845004439,99.21286,5507,,Center,571.5532,754.5802,48.8596,,-33.78545,-11.58139,48.8596,36.16601
1742845004455,99.23018,5508,,Center,605.6284,755.8819,49.27628,,-33.14653,-11.6061,49.27628,35.47786
1742845004472,99.24691,5509,,Center,569.1796,750.5403,48.81157,,-33.8162,-11.79755,48.81157,36.26902
1742845004489,99.26375,5510,,Center,599.0012,751.298,49.18613,,-33.26587,-11.84512,49.18613,35.67541
1742845004520,99.29581,5512,Eye Hit,Center,561.7339,747.0649,48.69377,SE_Tree_30,-33.93476,-11.9643,48.69377,36.46243
1742845004552,99.32803,5514,,Center,601.3366,749.5571,49.21065,,-33.21899,-11.94976,49.21065,35.65506
1742845004587,99.36016,5516,,Center,671.7477,748.7247,49.76645,,-31.65955,-12.13256,49.76645,34.26565
1742845004603,99.37761,5517,,Center,689.6395,750.1378,49.83932,,-31.21358,-12.06915,49.83932,33.88024
1742845004635,99.40953,5519,Eye Hit,Center,728.6449,748.3105,49.87505,SE_Tree_30,-30.1619,-12.18282,49.87505,33.11311
1742845004669,99.44493,5521,,Center,715.4768,749.5474,49.88273,,-30.52919,-12.11353,49.88273,33.36237
1742845004702,99.47663,5523,,Center,690.9006,751.3432,49.85099,,-31.18618,-12.00255,49.85099,33.83477
1742845004736,99.50882,5525,,Center,677.8555,752.5128,49.8107,,-31.51973,-11.9256,49.8107,34.08104
1742845004753,99.52627,5526,,Center,681.4421,752.3123,49.82578,,-31.4306,-11.94081,49.82578,34.01145
1742845004769,99.54315,5527,,Center,686.1759,753.717,49.84674,,-31.31355,-11.86502,49.84674,33.89244
1742845004800,99.576,5529,,Center,694.6934,756.0809,49.88009,,-31.09994,-11.7369,49.88009,33.68017
1742845004831,99.60698,5531,,Center,699.1311,755.8315,49.88931,,-30.98345,-11.75334,49.88931,33.59319
1742845004864,99.63955,5533,,Center,692.9709,761.6548,49.89256,,-31.15517,-11.41895,49.89256,33.62656
1742845004895,99.67055,5535,Eye Hit,Center,677.9328,759.243,49.83414,RoadEast,-31.53243,-11.54415,49.83414,33.97284
1742845004926,99.70119,5537,Eye Hit,Center,647.4619,760.0775,49.66769,RoadEast,-32.26267,-11.45786,49.66769,34.57922
1742845004958,99.73287,5539,Eye Hit,Center,613.6932,760.8661,49.38237,RoadEast,-32.99801,-11.34701,49.38237,35.24572
1742845004990,99.76334,5541,,Center,556.1375,771.9319,48.68856,,-34.08156,-10.56594,48.68856,36.23613
1742845005005,99.78094,5542,,Center,586.212,772.0062,49.09828,,-33.55313,-10.65074,49.09828,35.64017
1742845005038,99.81297,5544,,Center,506.7948,773.2213,47.86761,,-34.81094,-10.31657,47.86761,37.18024
1742845005073,99.84793,5546,Eye Hit,Center,617.6471,776.2181,49.445,MicroBus5-Detailed,-32.93193,-10.48565,49.445,34.95271
1742845005105,99.88047,5548,Eye Hit,Center,530.2667,774.0197,48.27893,MicroBus5-Detailed,-34.48441,-10.36085,48.27893,36.71621
1742845005140,99.91276,5550,Eye Hit,Center,434.3655,767.0538,46.37485,MicroBus5-Detailed,-35.5798,-10.32496,46.37485,38.62043
1742845005157,99.93063,5551,Eye Hit,Center,368.2501,763.9603,44.80522,MicroBus5-Detailed,-36.01106,-10.1353,44.80523,39.86023
1742845005173,99.9474,5552,Eye Hit,Center,427.7084,775.9849,46.24072,MicroBus5-Detailed,-35.64685,-9.818482,46.24072,38.64602
1742845005206,99.98074,5554,,Center,434.6604,780.1241,46.40295,,-35.59381,-9.6313,46.40295,38.47222
1742845005241,100.0161,5556,Eye Hit,Center,383.1328,790.0504,45.20281,Sedan5-Detailed,-35.95919,-8.86456,45.20281,39.32855
1742845005280,100.0499,5558,Eye Hit,Center,328.0366,792.9202,43.81865,Sedan5-Detailed,-36.19098,-8.447856,43.81865,40.30225
1742845005297,100.0713,5559,Eye Hit,Center,258.6504,797.7412,41.98918,Sedan5-Detailed,-36.28851,-7.861615,41.98918,41.48579
1742845005335,100.1043,5561,Eye Hit,Center,232.3189,799.5569,41.28402,Sedan5-Detailed,-36.27927,-7.643121,41.28402,41.92582
1742845005352,100.1268,5562,Eye Hit,Center,429.8506,794.3986,46.3032,Sedan5-Detailed,-35.64025,-8.847905,46.3032,38.4172
1742845005369,100.1434,5563,Eye Hit,Center,380.8496,795.5256,45.14896,Sedan5-Detailed,-35.97326,-8.568619,45.14896,39.31951
1742845005405,100.1765,5565,,Center,519.1739,790.5504,48.10415,,-34.65419,-9.405636,48.10415,36.73994
1742845005422,100.1957,5566,,Center,607.421,791.6863,49.3595,,-33.15366,-9.586502,49.3595,34.96098
1742845005440,100.2128,5567,,Center,661.5453,796.5569,49.80357,,-31.96369,-9.392719,49.80357,33.77981
1742845005460,100.2305,5568,,Center,601.0945,802.4854,49.28677,,-33.27695,-8.958135,49.28677,34.9615
1742845005478,100.251,5569,Eye Hit,Center,656.7167,804.0969,49.76954,SW_Tree_10,-32.07454,-8.953425,49.76954,33.78644
1742845005495,100.2698,5570,Eye Hit,Center,636.7071,806.5571,49.62426,SW_Tree_10,-32.52913,-8.786264,49.62426,34.17648
1742845005533,100.3074,5572,,Center,665.0302,809.5596,49.80754,,-31.87041,-8.646193,49.80754,33.54438
1742845005567,100.3411,5574,,Center,644.6451,806.3494,49.68656,,-32.3522,-8.809235,49.68657,34.01275
1742845005602,100.3773,5576,,Center,676.6074,800.8888,49.87602,,-31.59543,-9.157134,49.87602,33.40679
1742845005636,100.4096,5578,,Center,778.8964,789.6144,49.80379,,-28.73705,-9.791727,49.80379,31.3657
1742845005657,100.4275,5579,Eye Hit,Center,800.121,787.1917,49.66285,SW_Tree_30,-28.07377,-9.902886,49.66285,30.93954
1742845005672,100.4469,5580,,Center,816.33,789.0721,49.52929,,-27.55503,-9.768739,49.52929,30.55185
1742845005706,100.479,5582,,Center,827.6578,788.8301,49.42051,,-27.18542,-9.761237,49.42051,30.30497
1742845005722,100.4961,5583,,Center,824.3602,788.4428,49.45316,,-27.29342,-9.789758,49.45316,30.38451
1742845005755,100.529,5585,Eye Hit,Center,852.176,788.1459,49.14548,Sedan1-Detailed,-26.36888,-9.745728,49.14548,29.77044
1742845005773,100.5459,5586,Eye Hit,Center,863.0821,787.399,49.00747,Sedan1-Detailed,-25.99974,-9.760601,49.00747,29.5393
1742845005788,100.563,5587,Eye Hit,Center,860.9075,788.0922,49.0362,Sedan1-Detailed,-26.07386,-9.72704,49.0362,29.57588
1742845005805,100.5801,5588,Eye Hit,Center,858.467,788.358,49.06773,Sedan1-Detailed,-26.15673,-9.718139,49.06773,29.62591
1742845005838,100.6118,5590,Eye Hit,Center,849.1787,787.943,49.18382,Sedan1-Detailed,-26.47084,-9.764771,49.18382,29.84089
1742845005854,100.6292,5591,Eye Hit,Center,848.7487,786.9146,49.18926,Sedan1-Detailed,-26.48544,-9.824203,49.18926,29.86822
1742845005887,100.6602,5593,Eye Hit,Center,843.7947,784.4453,49.24594,Sedan1-Detailed,-26.65067,-9.975856,49.24594,30.02129
1742845005903,100.6772,5594,Eye Hit,Center,841.872,782.7537,49.26593,Sedan1-Detailed,-26.71378,-10.07613,49.26593,30.09342
1742845005936,100.7104,5596,Eye Hit,Center,846.0284,790.3857,49.22027,Sedan1-Detailed,-26.57606,-9.633256,49.22027,29.86955
1742845005969,100.7429,5598,Eye Hit,Center,864.1576,794.5867,48.99215,Sedan1-Detailed,-25.96252,-9.351066,48.99215,29.39071
1742845006003,100.7764,5600,Eye Hit,Center,867.9908,794.798,48.93901,Sedan1-Detailed,-25.83079,-9.328973,48.93901,29.30044
1742845006020,100.7935,5601,Eye Hit,Center,867.0756,794.5612,48.95091,Sedan1-Detailed,-25.8618,-9.344696,48.95091,29.32521
1742845006037,100.811,5602,Eye Hit,Center,868.0881,792.7569,48.93606,Sedan1-Detailed,-25.8266,-9.443788,48.93606,29.33331
1742845006069,100.8432,5604,Eye Hit,Center,867.0244,792.2797,48.94943,Sedan1-Detailed,-25.86241,-9.473249,48.94943,29.36554
1742845006103,100.8774,5606,Eye Hit,Center,868.0743,802.3839,48.92706,Sedan1-Detailed,-25.82223,-8.898548,48.92706,29.1715
1742845006136,100.9102,5608,Eye Hit,Center,872.2314,804.1005,48.86724,Sedan1-Detailed,-25.67849,-8.790915,48.86724,29.04843
1742845006170,100.9427,5610,Eye Hit,Center,877.4063,802.9865,48.79358,Sedan1-Detailed,-25.50038,-8.840391,48.79358,28.94839
1742845006187,100.9607,5611,Eye Hit,Center,878.7694,799.9364,48.77857,Sedan1-Detailed,-25.45583,-9.009233,48.77857,28.96823
1742845006203,100.9777,5612,Eye Hit,Center,882.8372,796.5566,48.71945,Sedan1-Detailed,-25.31556,-9.188436,48.71945,28.93326
1742845006236,101.01,5614,Eye Hit,Center,889.6432,791.9669,48.61915,Car2-Detailed,-25.08075,-9.426955,48.61915,28.85904
1742845006268,101.0435,5616,,Center,902.2581,781.1848,48.41335,,-24.63739,-9.989293,48.41335,28.77273
1742845006301,101.076,5618,Eye Hit,Center,913.2723,769.5508,48.21379,Car2-Detailed,-24.24266,-10.59534,48.21379,28.7554
1742845006334,101.1088,5620,,Center,916.6927,772.047,48.16093,,-24.12512,-10.44502,48.16093,28.6284
1742845006368,101.1424,5622,,Center,929.3964,778.4688,47.94541,,-23.68089,-10.04309,47.94542,28.21338
1742845006401,101.1767,5624,,Center,923.4854,777.3218,48.05122,,-23.88997,-10.12886,48.05122,28.36981
1742845006434,101.2077,5626,,Center,916.2619,770.5511,48.1673,,-24.13978,-10.52964,48.1673,28.66842
1742845006452,101.2248,5627,,Center,920.1453,769.2947,48.10118,,-24.00352,-10.58491,48.10118,28.60746
1742845006467,101.2426,5628,,Center,916.4398,770.3846,48.16676,,-24.13478,-10.5387,48.16676,28.6678
1742845006500,101.2745,5630,,Center,910.8328,769.4052,48.26239,,-24.33211,-10.61412,48.26239,28.81268
1742845006532,101.3075,5632,Eye Hit,Center,906.6081,763.5487,48.3214,Car2-Detailed,-24.47456,-10.95373,48.3214,29.02627
1742845006564,101.3399,5634,Eye Hit,Center,905.3199,763.1475,48.34389,Car2-Detailed,-24.52034,-10.98115,48.34389,29.06295
1742845006597,101.3717,5636,Eye Hit,Center,903.6584,764.272,48.37585,Car2-Detailed,-24.58091,-10.92566,48.37585,29.07648
1742845006628,101.4036,5638,Eye Hit,Center,897.5049,773.3784,48.49544,Car2-Detailed,-24.80645,-10.4432,48.49544,29.03035
1742845006660,101.4352,5640,Eye Hit,Center,888.3958,775.9175,48.64355,Car2-Detailed,-25.12684,-10.33257,48.64355,29.18421
1742845006692,101.467,5642,Eye Hit,Center,883.8794,780.6716,48.71933,Car2-Detailed,-25.28747,-10.08142,48.71933,29.19523
1742845006723,101.4976,5644,Eye Hit,Center,880.6931,779.9021,48.76727,Car2-Detailed,-25.39814,-10.13451,48.76727,29.28082
1742845006756,101.5299,5646,Eye Hit,Center,868.0137,781.3176,48.95126,Car2-Detailed,-25.83664,-10.09281,48.95126,29.53785
1742845006772,101.5466,5647,Eye Hit,Center,870.9144,779.7764,48.90931,Car2-Detailed,-25.73616,-10.17111,48.90931,29.50139
1742845006804,101.5798,5649,Eye Hit,Center,862.9999,783.4848,49.02447,Car2-Detailed,-26.01098,-9.985422,49.02448,29.61062
1742845006837,101.6108,5651,Eye Hit,Center,859.9617,793.4861,49.06857,Car2-Detailed,-26.11669,-9.427988,49.06857,29.50412
1742845006869,101.6441,5653,Eye Hit,Center,860.423,791.382,49.06579,Sedan1-Detailed,-26.10271,-9.546674,49.06579,29.52974
1742845006902,101.6759,5655,Eye Hit,Center,853.9728,788.5248,49.1478,Car2-Detailed,-26.32137,-9.72462,49.1478,29.72368
1742845006919,101.6931,5656,Eye Hit,Center,861.8638,793.0991,49.04389,Sedan1-Detailed,-26.05205,-9.445135,49.04389,29.46784
1742845006952,101.7264,5658,Eye Hit,Center,859.6324,786.3233,49.07288,Car2-Detailed,-26.1279,-9.834476,49.07288,29.63545
1742845006986,101.7587,5660,Eye Hit,Center,857.8252,785.7703,49.09218,Car2-Detailed,-26.18716,-9.869622,49.09218,29.68557
1742845007001,101.777,5661,Eye Hit,Center,858.4962,786.7809,49.08687,Car2-Detailed,-26.16614,-9.811435,49.08687,29.65285
1742845007036,101.8097,5663,Eye Hit,Center,861.7794,797.2247,49.04432,Car2-Detailed,-26.05456,-9.211733,49.04432,29.4
1742845007068,101.8429,5665,Eye Hit,Center,864.5702,795.4406,49.00596,Car2-Detailed,-25.95868,-9.305471,49.00596,29.36689
1742845007101,101.8752,5667,Eye Hit,Center,868.1218,788.7394,48.95654,Car2-Detailed,-25.83649,-9.674646,48.95654,29.40255
1742845007133,101.9089,5669,Eye Hit,Center,873.5411,783.2223,48.87916,Car2-Detailed,-25.64941,-9.970542,48.87916,29.37969
1742845007165,101.9399,5671,Eye Hit,Center,900.1923,786.1324,48.47842,Car2-Detailed,-24.7258,-9.726069,48.47842,28.72617
1742845007198,101.9725,5673,Eye Hit,Center,924.4575,789.3864,48.06824,Car2-Detailed,-23.87263,-9.463161,48.06824,28.11279
1742845007230,102.0057,5675,Eye Hit,Center,971.2079,787.9206,47.16964,Car2-Detailed,-22.20885,-9.366147,47.16964,27.06644
1742845007264,102.0384,5677,Eye Hit,Center,1022.838,779.3441,46.03237,Car2-Detailed,-20.36124,-9.595832,46.03237,26.05791
1742845007296,102.0704,5679,,Center,1059.699,774.8866,45.15032,,-19.05222,-9.644136,45.15032,25.31205
1742845007329,102.1039,5681,,Center,1086.945,780.9193,44.48029,,-18.10038,-9.191523,44.48029,24.53157
1742845007361,102.1364,5683,,Center,952.4828,830.2275,47.48321,,-22.84739,-7.110431,47.48321,26.74494
1742845007395,102.169,5685,,Center,849.7122,847.6268,49.04384,,-26.38105,-6.359311,49.04384,28.95642
1742845007412,102.1867,5686,,Center,751.9189,847.7453,49.78564,,-29.4681,-6.448848,49.78564,31.21198
1742845007443,102.2172,5688,,Center,681.5199,895.1667,49.40167,,-31.16096,-3.695763,49.40167,32.42323
1742845007473,102.2483,5690,,Center,661.9271,899.6834,49.26826,,-31.60975,-3.429051,49.26826,32.83611
1742845007503,102.2777,5692,,Center,712.7168,885.4125,49.56204,,-30.40846,-4.265689,49.56204,31.78031
1742845007532,102.308,5694,,Center,760.6907,876.6382,49.56238,,-29.09593,-4.767499,49.56238,30.74778
1742845007561,102.3382,5696,,Center,811.7947,869.5622,49.29784,,-27.5497,-5.144489,49.29784,29.6183
1742845007590,102.3657,5698,,Center,788.0462,875.5416,49.43034,,-28.27186,-4.817401,49.43034,30.1222
1742845007619,102.3943,5700,,Center,781.2319,867.403,49.53406,,-28.51754,-5.292528,49.53406,30.35096
1742845007647,102.4223,5702,,Center,761.4957,870.7577,49.60634,,-29.09969,-5.10837,49.60634,30.77729
1742845007675,102.4515,5704,,Center,801.8051,867.7399,49.39375,,-27.87573,-5.258319,49.39375,29.8692
1742845007703,102.4792,5706,,Center,787.4317,859.5848,49.55064,,-28.35748,-5.741331,49.55064,30.28085
1742845007731,102.5084,5708,,Center,820.6645,852.7568,49.33109,,-27.32671,-6.104687,49.33109,29.57922
1742845007759,102.5365,5710,,Center,803.5537,841.4249,49.53851,,-27.90959,-6.777964,49.53851,30.10377
1742845007787,102.5628,5712,,Center,719.0399,829.544,49.92229,,-30.45521,-7.514907,49.92229,32.1432
1742845007815,102.5924,5714,,Center,704.2753,821.5455,49.93478,,-30.86987,-7.977765,49.93478,32.5588
1742845007843,102.6192,5716,Eye Hit,Center,725.1719,822.0722,49.94337,SouthWalkingSignal,-30.29898,-7.948657,49.94337,32.09575
1742845007872,102.6484,5718,,Center,748.5847,825.2794,49.89454,,-29.62441,-7.756266,49.89454,31.53967
1742845007901,102.6782,5720,,Center,765.3921,824.7055,49.83821,,-29.12849,-7.780585,49.83821,31.17193
1742845007928,102.7061,5722,Eye Hit,Center,751.426,812.3384,49.92149,SouthWalkingSignal,-29.5621,-8.506005,49.92149,31.64128
1742845007958,102.7349,5724,Eye Hit,Center,762.5923,785.1285,49.89856,SouthWalkingSignal,-29.2409,-10.06866,49.89856,31.78957
1742845007988,102.7641,5726,Eye Hit,Center,759.548,782.2281,49.90768,SouthWalkingPole,-29.33012,-10.23766,49.90768,31.9006
1742845008018,102.7939,5728,Eye Hit,Center,783.2732,777.4208,49.78337,SouthWalkingPole,-28.60497,-10.48829,49.78337,31.46643
1742845008036,102.8122,5729,Eye Hit,Center,810.5087,776.0707,49.58248,SouthWalkingPole,-27.74397,-10.52313,49.58248,30.89839
1742845008066,102.8429,5731,Eye Hit,Center,821.1328,777.8953,49.48788,SouthWalkingPole,-27.40077,-10.39884,49.48788,30.63481
1742845008097,102.8738,5733,,Center,757.8893,814.4734,49.89375,,-29.36763,-8.378318,49.89375,31.47032
1742845008128,102.9043,5735,,Center,597.2192,875.7308,48.93951,,-33.14721,-4.758725,48.93951,34.38204
1742845008162,102.9392,5737,Eye Hit,Center,613.5934,879.5132,49.08242,SouthDiagonalPole,-32.80029,-4.558431,49.08242,34.00724
1742845008195,102.9704,5739,Eye Hit,Center,641.3049,880.2938,49.31491,SouthDiagonalPole,-32.20115,-4.535621,49.31491,33.40147
1742845008231,103.002,5741,Eye Hit,Center,696.1454,881.9247,49.56769,SouthDiagonalPole,-30.86542,-4.46565,49.56769,32.17712
1742845008247,103.0218,5742,Eye Hit,Center,688.2316,882.2827,49.54274,SouthDiagonalPole,-31.06635,-4.442811,49.54274,32.35187
1742845008279,103.0551,5744,Eye Hit,Center,679.131,869.0457,49.61646,SouthDiagonalPole,-31.36188,-5.207265,49.61646,32.6493
1742845008314,103.0854,5746,Eye Hit,Center,680.423,864.535,49.65393,SouthCarSignal,-31.35014,-5.469747,49.65393,32.65623
1742845008331,103.1053,5747,Eye Hit,Center,693.3085,867.0392,49.67773,SouthCarSignal,-31.01175,-5.328717,49.67773,32.35045
1742845008346,103.1222,5748,Eye Hit,Center,668.0453,859.0529,49.63619,SouthCarSignal,-31.67815,-5.781728,49.63618,32.97347
1742845008378,103.1534,5750,Eye Hit,Center,698.2607,863.911,49.71084,SouthCarSignal,-30.8965,-5.511851,49.71084,32.26574
1742845008412,103.1845,5752,Eye Hit,Center,740.3528,869.8741,49.67123,SouthCarSignal,-29.71757,-5.16564,49.67123,31.2685
1742845008428,103.2034,5753,Eye Hit,Center,752.5561,874.4103,49.60584,SouthCarSignal,-29.34423,-4.899209,49.60584,30.95263
1742845008459,103.2352,5755,,Center,744.8481,861.6807,49.71891,,-29.6227,-5.640582,49.71891,31.23717
1742845008491,103.266,5757,Eye Hit,Center,603.8411,711.0278,49.0288,MicroBus5-Detailed,-33.02844,-14.08543,49.0288,36.21738
1742845008524,103.297,5759,Eye Hit,Center,603.7341,669.9016,48.64594,MicroBus5-Detailed,-32.7734,-16.28393,48.64594,36.95384
1742845008539,103.3152,5760,Eye Hit,Center,596.4911,663.3602,48.49488,RoadEast,-32.86555,-16.59946,48.49488,37.20753
1742845008571,103.3455,5762,Eye Hit,Center,615.4056,668.514,48.74796,RoadEast,-32.52801,-16.39618,48.74796,36.76879
1742845008601,103.3765,5764,Eye Hit,Center,626.765,671.0828,48.87861,RoadEast,-32.30864,-16.29524,48.87861,36.51298
1742845008633,103.4087,5766,Eye Hit,Center,638.9172,672.4945,48.9919,RoadEast,-32.05484,-16.25322,48.9919,36.26339
1742845008651,103.426,5767,Eye Hit,Center,653.9689,678.6357,49.16105,RoadEast,-31.75697,-15.9609,49.16105,35.86606
1742845008681,103.4555,5769,Eye Hit,Center,660.5972,689.5538,49.31055,MicroBus5-Detailed,-31.67309,-15.38812,49.31055,35.53115
1742845008712,103.4865,5771,Eye Hit,Center,662.1157,691.3105,49.33608,MicroBus5-Detailed,-31.64812,-15.29616,49.33608,35.46895
1742845008728,103.5034,5772,Eye Hit,Center,661.2966,691.7756,49.33621,MicroBus5-Detailed,-31.67052,-15.26965,49.3362,35.47554
1742845008759,103.536,5774,Eye Hit,Center,664.5049,691.4603,49.35083,Sedan5-Detailed,-31.59249,-15.29226,49.35083,35.42096
1742845008792,103.5659,5776,Eye Hit,Center,651.7583,694.5463,49.30573,Sedan5-Detailed,-31.9106,-15.1026,49.30574,35.60353
1742845008824,103.5984,5778,Eye Hit,Center,639.3224,696.9044,49.24041,Sedan5-Detailed,-32.2064,-14.94866,49.24041,35.79483
1742845008855,103.6295,5780,,Center,771.6751,711.6763,49.54265,,-28.78389,-14.19601,49.54265,32.93557
1742845008887,103.6618,5782,Eye Hit,Center,760.7509,730.8399,49.71986,HighFemale2,-29.18671,-13.1473,49.71986,32.77469
1742845008919,103.6938,5784,,Center,729.6182,737.2428,49.83087,,-30.10841,-12.80845,49.83088,33.28944
1742845008951,103.725,5786,,Center,680.2532,746.4531,49.80386,,-31.44947,-12.2722,49.80386,34.13103
1742845008984,103.7568,5788,,Center,623.8297,749.2223,49.44966,,-32.76624,-12.02704,49.44967,35.21617
1742845008999,103.7749,5789,,Center,604.3047,747.79,49.24987,,-33.16476,-12.05979,49.24987,35.62302
1742845009031,103.8056,5791,,Center,587.5986,744.2701,49.04326,,-33.47799,-12.20845,49.04326,36.00195
1742845009063,103.8376,5793,,Center,616.5544,887.3785,49.04316,,-32.69388,-4.109715,49.04316,33.8964
1742845009079,103.8543,5794,,Center,630.7347,979.7152,47.99612,,-31.62013,1.091934,47.99612,33.39282
1742845009110,103.8841,5796,,Center,599.4208,983.8595,47.64808,,-32.2146,1.311764,47.64808,34.08443
1742845009126,103.901,5797,,Center,591.5175,983.707,47.56778,,-32.36787,1.3012,47.56778,34.25516
1742845009158,103.9338,5799,,Center,550.2674,986.9345,47.00729,,-33.05704,1.460884,47.00729,35.14243
1742845009190,103.9642,5801,Eye Hit,Center,510.5835,984.9421,46.43814,SouthCarSignal,-33.67424,1.336561,46.43814,35.96888
1742845009222,103.9956,5803,,Center,446.4426,1002.143,45.02214,,-34.24178,2.189396,45.02214,37.31129
1742845009253,104.0287,5805,,Center,416.0494,1009.624,44.29955,,-34.43557,2.536679,44.29955,37.9343
1742845009285,104.0598,5807,,Center,549.6786,959.4185,47.40949,,-33.35528,-0.03184545,47.40949,35.12859
1742845009318,104.0904,5809,,Center,545.796,849.5135,48.41435,,-34.16605,-6.172405,48.41435,35.64524
1742845009333,104.1081,5810,,Center,502.4829,854.0101,47.6559,,-34.77042,-5.828475,47.6559,36.49381
1742845009365,104.1384,5812,,Center,655.1588,838.4399,49.66771,,-32.05162,-6.966733,49.66771,33.44035
1742845009395,104.17,5814,,Center,705.1271,797.7686,49.96041,,-30.86222,-9.352546,49.96041,32.84124
1742845009425,104.1998,5816,,Center,708.2078,795.0841,49.96451,,-30.77978,-9.508072,49.96451,32.81211
1742845009455,104.2299,5818,,Center,646.6525,801.2452,49.70867,,-32.31151,-9.105927,49.70867,34.03261
1742845009485,104.2608,5820,,Center,562.2645,800.9403,48.79779,,-33.99294,-8.956377,48.79779,35.7683
1742845009514,104.2894,5822,,Center,581.332,798.4684,49.05857,,-33.65816,-9.144042,49.05857,35.41089
1742845009543,104.3191,5824,,Center,604.5472,795.5435,49.3351,,-33.21555,-9.362144,49.33509,34.97267
1742845009572,104.3476,5826,,Center,624.7014,790.4495,49.53671,,-32.80009,-9.691603,49.53671,34.6226
1742845009601,104.377,5828,,Center,554.7247,790.6727,48.6906,,-34.12098,-9.513437,48.69061,36.03588
1742845009631,104.4066,5830,,Center,487.4608,788.6026,47.52726,,-35.07074,-9.399622,47.52726,37.37808
1742845009661,104.4374,5832,,Center,507.4861,786.9783,47.90611,,-34.82064,-9.564456,47.90611,37.008
1742845009678,104.4561,5833,,Center,536.1242,787.4229,48.40221,,-34.41594,-9.638584,48.40221,36.44214
1742845009710,104.4874,5835,,Center,739.5559,780.1535,49.94908,,-29.90577,-10.36562,49.94908,32.36122
1742845009749,104.5202,5837,,Center,748.6183,784.2149,49.93185,,-29.64563,-10.12814,49.93185,32.10477
1742845009764,104.5404,5838,,Center,732.3923,782.6156,49.96233,,-30.11131,-10.22638,49.96233,32.47631
1742845009804,104.5732,5840,,Center,717.6915,777.2598,49.96457,,-30.5182,-10.5358,49.96457,32.86937
1742845009820,104.5949,5841,,Center,696.0416,777.5316,49.93932,,-31.0997,-10.51467,49.93932,33.32011
1742845009859,104.6282,5843,,Center,716.4417,778.5462,49.9688,,-30.55526,-10.46236,49.9688,32.87619
1742845009876,104.6501,5844,Eye Hit,Center,769.8527,780.1473,49.85163,Car2-Detailed,-29.01357,-10.34578,49.85163,31.71162
1742845009908,104.6825,5846,Eye Hit,Center,795.7196,780.316,49.69611,Car2-Detailed,-28.21333,-10.30383,49.69611,31.14849
1742845009940,104.7139,5848,Eye Hit,Center,786.7408,781.0208,49.75927,Car2-Detailed,-28.49585,-10.2765,49.75927,31.33206
1742845009973,104.7474,5850,Eye Hit,Center,771.1542,778.1199,49.84518,Car2-Detailed,-28.974,-10.46099,49.84518,31.71632
1742845010005,104.7792,5852,Eye Hit,Center,770.6927,772.1414,49.8377,Car2-Detailed,-28.98235,-10.80334,49.8377,31.82465
1742845010037,104.8113,5854,Eye Hit,Center,767.8711,770.9872,49.84933,Car2-Detailed,-29.06676,-10.87224,49.84933,31.90422
1742845010068,104.8434,5856,Eye Hit,Center,769.2164,767.7326,49.83628,Car2-Detailed,-29.02214,-11.05645,49.83628,31.93025
1742845010102,104.8762,5858,Eye Hit,Center,771.3323,770.914,49.83343,Car2-Detailed,-28.96227,-10.87294,49.83343,31.83149
1742845010134,104.9089,5860,,Center,853.1921,780.6215,49.13396,,-26.33513,-10.17003,49.13396,29.88014
1742845010166,104.941,5862,,Center,859.0854,782.9875,49.06204,,-26.13694,-10.02114,49.06204,29.70679
1742845010199,104.9738,5864,,Center,862.2821,784.4069,49.02185,,-26.02902,-9.932712,49.02185,29.61016
1742845010231,105.0063,5866,,Center,868.0502,785.9191,48.94592,,-25.83284,-9.831813,48.94592,29.45412
1742845010266,105.04,5868,,Center,877.3732,782.7612,48.81388,,-25.51189,-9.983117,48.81388,29.30225
1742845010299,105.0734,5870,,Center,878.6213,781.7052,48.79479,,-25.46828,-10.03877,48.79478,29.29375
1742845010333,105.1063,5872,Eye Hit,Center,801.9617,769.7767,49.63499,Car2-Detailed,-28.00758,-10.89479,49.63499,31.19319
1742845010350,105.1236,5873,Eye Hit,Center,798.6587,770.4249,49.66131,Car2-Detailed,-28.113,-10.86343,49.66131,31.25311
1742845010366,105.1408,5874,Eye Hit,Center,803.9474,769.7215,49.61903,Car2-Detailed,-27.94418,-10.89449,49.61903,31.15135
1742845010399,105.1752,5876,Eye Hit,Center,816.8694,769.4163,49.50768,Car2-Detailed,-27.52826,-10.88742,49.50768,30.87726
1742845010433,105.2077,5878,Eye Hit,Center,828.4348,771.2105,49.39961,Car2-Detailed,-27.15274,-10.76134,49.39961,30.59368
1742845010467,105.2425,5880,Eye Hit,Center,833.7197,768.6002,49.33897,Car2-Detailed,-26.97544,-10.89681,49.33897,30.52614
1742845010500,105.2748,5882,Eye Hit,Center,840.3795,765.7086,49.25985,Car2-Detailed,-26.75107,-11.04376,49.25985,30.435
1742845010534,105.3099,5884,Eye Hit,Center,845.9596,763.9193,49.19143,Car2-Detailed,-26.56236,-11.12993,49.19143,30.34751
1742845010570,105.342,5886,Eye Hit,Center,862.5652,774.0331,49.00741,Car2-Detailed,-26.01369,-10.51643,49.00741,29.79313
1742845010587,105.3611,5887,Eye Hit,Center,860.7944,775.35,49.03209,Car2-Detailed,-26.07473,-10.44709,49.03209,29.80774
1742845010604,105.3779,5888,Eye Hit,Center,862.843,775.2466,49.00575,Car2-Detailed,-26.0053,-10.44747,49.00575,29.7644
1742845010621,105.3948,5889,Eye Hit,Center,867.7946,772.9158,48.93488,Car2-Detailed,-25.83391,-10.56395,48.93488,29.69859
1742845010639,105.4119,5890,Eye Hit,Center,871.3502,771.5478,48.88472,Car2-Detailed,-25.71146,-10.63015,48.88472,29.64598
1742845010656,105.4301,5891,Eye Hit,Center,868.6243,772.7391,48.92324,Car2-Detailed,-25.80536,-10.57133,48.92324,29.68356
1742845010690,105.4629,5893,Eye Hit,Center,868.7093,776.7206,48.92828,Car2-Detailed,-25.80572,-10.3477,48.92828,29.60701
1742845010706,105.4797,5894,Eye Hit,Center,865.7231,775.2756,48.96591,Car2-Detailed,-25.90629,-10.43729,48.96591,29.70011
1742845010739,105.5138,5896,Eye Hit,Center,869.3234,778.1674,48.92202,Car2-Detailed,-25.78583,-10.26464,48.92202,29.56651
1742845010771,105.5453,5898,Eye Hit,Center,869.1685,777.6083,48.92373,Car2-Detailed,-25.79092,-10.29653,48.92373,29.58031
1742845010802,105.5767,5900,Eye Hit,Center,873.4473,777.4192,48.86595,Car2-Detailed,-25.64502,-10.29501,48.86595,29.48869
1742845010835,105.609,5902,Eye Hit,Center,877.9324,777.643,48.80379,Car2-Detailed,-25.49155,-10.26943,48.80379,29.3847
1742845010852,105.626,5903,Eye Hit,Center,879.0742,779.759,48.78918,Car2-Detailed,-25.45315,-10.14725,48.78918,29.31969
1742845010867,105.6438,5904,Eye Hit,Center,881.1916,779.3783,48.75895,Car2-Detailed,-25.38039,-10.16235,48.75895,29.27949
1742845010899,105.674,5906,Eye Hit,Center,880.2755,777.9346,48.77039,Car2-Detailed,-25.41101,-10.24585,48.77039,29.32697
1742845010932,105.7054,5908,Eye Hit,Center,849.0492,755.0697,49.13229,Car2-Detailed,-26.44661,-11.6183,49.13229,30.45235
1742845010964,105.7386,5910,Eye Hit,Center,842.8173,754.8473,49.20423,Car2-Detailed,-26.65464,-11.64788,49.20423,30.59071
1742845010997,105.7713,5912,Eye Hit,Center,839.9266,754.8387,49.2366,Car2-Detailed,-26.75076,-11.65611,49.2366,30.65297
1742845011029,105.8032,5914,Eye Hit,Center,838.1877,751.8684,49.24574,Car2-Detailed,-26.803,-11.82697,49.24574,30.74848
1742845011062,105.8367,5916,Eye Hit,Center,835.3928,749.9244,49.26831,Car2-Detailed,-26.89131,-11.94291,49.26831,30.84653
1742845011094,105.8689,5918,Eye Hit,Center,837.8742,747.7243,49.23174,Car2-Detailed,-26.8039,-12.05911,49.23174,30.83749
1742845011127,105.9009,5920,Eye Hit,Center,840.7296,740.6113,49.16866,Car2-Detailed,-26.69204,-12.44711,49.16866,30.92122
1742845011158,105.9343,5922,Eye Hit,Center,842.2611,737.4824,49.13537,Car2-Detailed,-26.63242,-12.61619,49.13537,30.95374
1742845011191,105.9649,5924,Eye Hit,Center,843.5455,730.8229,49.0841,Car2-Detailed,-26.56983,-12.98013,49.0841,31.06703
1742845011223,105.997,5926,Eye Hit,Center,842.823,730.2192,49.08801,Car2-Detailed,-26.59151,-13.01542,49.08801,31.09498
1742845011238,106.0147,5927,Eye Hit,Center,834.8207,730.7441,49.1784,Car2-Detailed,-26.85777,-13.00956,49.17839,31.25046
1742845011270,106.0451,5929,Eye Hit,Center,838.5514,729.9657,49.13451,Car2-Detailed,-26.73259,-13.042,49.13451,31.18927
1742845011303,106.0775,5931,Eye Hit,Center,835.7988,730.8579,49.16864,Car2-Detailed,-26.82588,-13.0006,49.16864,31.22773
1742845011336,106.1091,5933,Eye Hit,Center,834.9994,730.9786,49.17728,Car2-Detailed,-26.85229,-12.99595,49.17728,31.2418
1742845011352,106.1259,5934,Eye Hit,Center,831.5342,727.6208,49.19312,Car2-Detailed,-26.95506,-13.19079,49.19312,31.38466
1742845011368,106.1428,5935,Eye Hit,Center,832.1119,726.2546,49.179,Car2-Detailed,-26.93164,-13.26449,49.179,31.40171
1742845011401,106.1755,5937,Eye Hit,Center,830.3492,714.4683,49.11794,Car2-Detailed,-26.946,-13.91599,49.11794,31.69273
1742845011436,106.2098,5939,Eye Hit,Center,831.9915,714.1606,49.09814,Car2-Detailed,-26.89062,-13.92781,49.09814,31.66608
1742845011453,106.2266,5940,Eye Hit,Center,870.6943,747.0083,48.81564,Car2-Detailed,-25.69281,-11.99742,48.81564,30.15135
1742845011468,106.2438,5941,Eye Hit,Center,872.2874,745.9879,48.78924,Car2-Detailed,-25.636,-12.04843,48.78924,30.13865
1742845011502,106.2755,5943,Eye Hit,Center,875.9523,744.6754,48.73138,Car2-Detailed,-25.507,-12.10795,48.73138,30.08795
1742845011520,106.2932,5944,Eye Hit,Center,875.4216,746.1087,48.74453,Car2-Detailed,-25.52817,-12.03051,48.74453,30.06894
1742845011536,106.3107,5945,Eye Hit,Center,878.059,746.5144,48.70837,Car2-Detailed,-25.43829,-11.99892,48.70837,30.00385
1742845011570,106.3434,5947,Eye Hit,Center,876.0696,748.4065,48.74377,Car2-Detailed,-25.51033,-11.90109,48.74377,30.00669
1742845011587,106.3611,5948,Eye Hit,Center,873.4655,745.1121,48.76664,Car2-Detailed,-25.59241,-12.09215,48.76664,30.1319
1742845011603,106.378,5949,Eye Hit,Center,875.2938,745.2918,48.74131,Car2-Detailed,-25.52992,-12.07564,48.74131,30.08893
1742845011620,106.3955,5950,Eye Hit,Center,871.7693,745.5332,48.79173,Car2-Detailed,-25.65127,-12.07454,48.79173,30.15928
1742845011653,106.4273,5952,Eye Hit,Center,871.2934,744.7263,48.79471,Car2-Detailed,-25.66566,-12.1207,48.79471,30.18644
1742845011687,106.4606,5954,Eye Hit,Center,873.7762,746.5092,48.76718,Car2-Detailed,-25.58433,-12.0136,48.76718,30.09578
1742845011704,106.4775,5955,Eye Hit,Center,876.3694,746.5961,48.73048,Car2-Detailed,-25.49531,-11.99972,48.73048,30.03837
1742845011719,106.4942,5956,Eye Hit,Center,870.412,744.8698,48.80687,Car2-Detailed,-25.6958,-12.11572,48.80687,30.20229
1742845011756,106.5292,5958,Eye Hit,Center,878.121,743.063,48.69056,Car2-Detailed,-25.42733,-12.18845,48.69056,30.07597
1742845011773,106.5471,5959,Eye Hit,Center,871.9488,739.0712,48.75974,Car2-Detailed,-25.62962,-12.43026,48.75974,30.29299
1742845011805,106.579,5961,Eye Hit,Center,842.6355,710.0714,48.94945,Car2-Detailed,-26.52153,-14.1166,48.94945,31.541
1742845011822,106.5959,5962,Eye Hit,Center,858.2851,709.0323,48.75497,Car2-Detailed,-25.99491,-14.11892,48.75497,31.24699
1742845011840,106.6128,5963,Eye Hit,Center,856.5511,704.7258,48.74445,Car2-Detailed,-26.03596,-14.35816,48.74445,31.38191
1742845011856,106.6304,5964,Eye Hit,Center,871.3878,701.2457,48.52399,Car2-Detailed,-25.52073,-14.48814,48.52399,31.1648
1742845011888,106.663,5966,Eye Hit,Center,890.8304,688.5173,48.1389,Car2-Detailed,-24.80146,-15.08015,48.1389,31.08866
1742845011921,106.6963,5968,Eye Hit,Center,923.2714,689.9037,47.63158,Car2-Detailed,-23.68697,-14.84509,47.63158,30.40817
1742845011953,106.7273,5970,Eye Hit,Center,938.6556,691.1003,47.3711,Car2-Detailed,-23.15508,-14.69849,47.3711,30.06944
1742845011970,106.744,5971,Eye Hit,Center,960.2705,689.9835,46.95549,Car2-Detailed,-22.39157,-14.6299,46.95549,29.66716
1742845011986,106.7612,5972,Eye Hit,Center,941.6126,684.0696,47.25745,Car2-Detailed,-23.02237,-15.0465,47.25745,30.19884
1742845012020,106.7944,5974,Eye Hit,Center,959.0023,671.8076,46.81869,Car2-Detailed,-22.35912,-15.56921,46.81869,30.19691
1742845012053,106.8272,5976,Eye Hit,Center,947.9914,667.0149,46.97833,Car2-Detailed,-22.72094,-15.88216,46.97833,30.54452
1742845012069,106.8439,5977,Eye Hit,Center,963.9292,664.6591,46.65303,Car2-Detailed,-22.15309,-15.89907,46.65303,30.30558
1742845012104,106.8782,5979,Eye Hit,Center,993.6094,662.8373,46.03606,Car2-Detailed,-21.10577,-15.78558,46.03606,29.79145
1742845012136,106.9105,5981,Eye Hit,Center,992.7102,660.3946,46.0293,Car2-Detailed,-21.12552,-15.91301,46.0293,29.88153
1742845012168,106.9427,5983,Eye Hit,Center,983.2944,664.0972,46.25903,Car2-Detailed,-21.47142,-15.7948,46.25903,29.95121
1742845012201,106.977,5985,Eye Hit,Center,985.387,671.8611,46.28948,Car2-Detailed,-21.43209,-15.3904,46.28948,29.68369
1742845012233,107.0086,5987,Eye Hit,Center,977.5274,668.0831,46.41264,Car2-Detailed,-21.6905,-15.63372,46.41264,29.94544
1742845012266,107.0406,5989,Eye Hit,Center,969.549,666.868,46.55929,Car2-Detailed,-21.96413,-15.74849,46.55929,30.13419
1742845012298,107.0737,5991,Eye Hit,Center,959.8961,667.7813,46.75586,Car2-Detailed,-22.30604,-15.76556,46.75586,30.29373
1742845012331,107.1054,5993,Eye Hit,Center,952.6378,667.6758,46.89243,Car2-Detailed,-22.5591,-15.81734,46.89243,30.43649
1742845012362,107.1385,5995,Eye Hit,Center,939.6127,670.8457,47.16348,Car2-Detailed,-23.02867,-15.73624,47.16348,30.59939
1742845012394,107.1693,5997,Eye Hit,Center,934.9973,675.2714,47.28848,Car2-Detailed,-23.21021,-15.53658,47.28848,30.5676
1742845012426,107.2014,5999,Eye Hit,Center,927.788,680.5332,47.46397,Car2-Detailed,-23.48525,-15.30598,47.46397,30.56649
1742845012458,107.2327,6001,Eye Hit,Center,921.6752,682.9651,47.59032,Car2-Detailed,-23.70839,-15.21311,47.59032,30.62208
1742845012491,107.2649,6003,Eye Hit,Center,918.3882,692.7496,47.73129,Car2-Detailed,-23.86523,-14.7194,47.73129,30.43183
1742845012522,107.2967,6005,Eye Hit,Center,930.9276,713.4003,47.66731,Car2-Detailed,-23.50324,-13.56374,47.6673,29.6522
1742845012554,107.3283,6007,Eye Hit,Center,954.5001,728.0838,47.31422,Car2-Detailed,-22.71337,-12.66171,47.31422,28.79343
1742845012586,107.3602,6009,Eye Hit,Center,983.0112,727.5472,46.73255,Car2-Detailed,-21.69851,-12.53493,46.73255,28.2011
1742845012618,107.3918,6011,Eye Hit,Center,929.8054,733.1721,47.79067,SouthSidewalk,-23.59368,-12.50865,47.79067,29.19557
1742845012633,107.4091,6012,Eye Hit,Center,956.6729,734.4033,47.28765,SouthSidewalk,-22.64389,-12.3097,47.28765,28.59202
1742845012666,107.4415,6014,Eye Hit,Center,789.3692,726.4077,49.49973,SouthSidewalk,-28.2754,-13.34231,49.49973,32.27751
1742845012698,107.4727,6016,Eye Hit,Center,797.2247,738.3973,49.50703,SouthSidewalk,-28.06485,-12.65931,49.50703,31.87703
1742845012731,107.5064,6018,Eye Hit,Center,850.0637,742.9814,49.00383,SouthSidewalk,-26.35003,-12.27135,49.00383,30.67492
1742845012763,107.5373,6020,Eye Hit,Center,886.8085,756.657,48.55715,SouthSidewalk,-25.12476,-11.39338,48.55715,29.60274
1742845012794,107.5695,6022,Eye Hit,Center,865.1154,754.2762,48.85178,SouthSidewalk,-25.8623,-11.59668,48.85178,30.12185
1742845012825,107.6006,6024,Eye Hit,Center,796.8308,742.6442,49.49731,SouthSidewalk,-28.07011,-12.41418,49.49731,31.80258
1742845012856,107.6307,6026,Eye Hit,Center,780.93,726.6063,49.51281,SouthSidewalk,-28.51356,-13.3345,49.51281,32.44592
1742845012886,107.6612,6028,Eye Hit,Center,797.6044,711.2112,49.2972,SouthSidewalk,-27.93557,-14.15202,49.2972,32.4255
1742845012916,107.6912,6030,Eye Hit,Center,847.3449,704.1805,48.7716,SouthSidewalk,-26.29836,-14.39686,48.7716,31.58017
1742845012945,107.7201,6032,Eye Hit,Center,864.9396,710.0662,48.60293,SouthSidewalk,-25.73528,-14.01705,48.60293,31.08775
1742845012974,107.7496,6034,Eye Hit,Center,722.8864,736.0718,49.76155,SouthSidewalk,-30.25147,-12.85784,49.76155,33.44724
1742845013003,107.7795,6036,Eye Hit,Center,691.2969,747.9065,49.78952,SouthSidewalk,-31.13683,-12.18529,49.78952,33.88343
1742845013034,107.8103,6038,Eye Hit,Center,761.3307,749.8527,49.73375,SouthSidewalk,-29.17896,-12.0599,49.73375,32.40901
1742845013064,107.8409,6040,Eye Hit,Center,793.676,757.7814,49.58602,SouthSidewalk,-28.20678,-11.57049,49.58602,31.58504
1742845013095,107.8721,6042,Eye Hit,Center,853.3864,760.4886,49.01999,SouthSidewalk,-26.26879,-11.28526,49.01999,30.25235
1742845013111,107.8891,6043,Eye Hit,Center,824.7899,757.8002,49.34819,SouthSidewalk,-27.22378,-11.51386,49.34819,30.92067
1742845013132,107.9085,6044,Eye Hit,Center,893.5899,748.0513,48.42063,SouthSidewalk,-24.87282,-11.84214,48.42063,29.63692
1742845013164,107.9399,6046,Eye Hit,Center,855.3759,766.3425,49.02882,SouthSidewalk,-26.21966,-10.95606,49.02882,30.09617
1742845013204,107.9775,6048,Eye Hit,Center,669.2172,790.8987,49.83387,SE_Tree_30,-31.77206,-9.723887,49.83387,33.69339
1742845013221,107.9946,6049,,Center,602.2189,793.9806,49.30672,,-33.25983,-9.445726,49.30672,35.03911
1742845013259,108.0348,6051,,Center,629.9777,789.481,49.5732,,-32.67983,-9.75415,49.5732,34.52649
1742845013292,108.0672,6053,,Center,605.3718,791.1166,49.33666,,-33.19414,-9.614439,49.33666,35.0098
1742845013330,108.1034,6055,,Center,584.7015,794.8814,49.09457,,-33.59155,-9.353958,49.09457,35.38442
1742845013345,108.1216,6056,,Center,566.111,791.1831,48.85143,,-33.92657,-9.516152,48.85143,35.80243
1742845013378,108.1523,6058,,Center,561.6086,789.9546,48.78634,,-34.00264,-9.572707,48.78634,35.90695
1742845013398,108.1707,6059,,Center,553.5848,793.0626,48.66358,,-34.13268,-9.37394,48.66358,36.03106
1742845013413,108.1894,6060,,Center,547.0979,795.5994,48.56602,,-34.23817,-9.213043,48.56602,36.13165
1742845013447,108.2223,6062,,Center,535.0724,792.7593,48.37327,,-34.42345,-9.33499,48.37327,36.40222
1742845013484,108.2585,6064,,Center,515.4731,784.5403,48.03008,,-34.69896,-9.724243,48.03008,36.88001
1742845013501,108.2764,6065,,Center,502.229,782.6857,47.78361,,-34.8703,-9.776602,47.78362,37.15826
1742845013539,108.3124,6067,,Center,424.5586,783.8757,46.16456,,-35.66842,-9.381948,46.16456,38.62196
1742845013556,108.3298,6068,,Center,401.2985,786.5192,45.62675,,-35.83883,-9.133583,45.62675,39.02772
1742845013591,108.3622,6070,,Center,320.6552,787.9651,43.60637,,-36.19337,-8.656287,43.60637,40.47778
1742845013608,108.3814,6071,,Center,324.8794,796.6628,43.71536,,-36.18188,-8.23917,43.71536,40.32652
1742845013625,108.3983,6072,,Center,281.7797,806.4058,42.57355,,-36.2499,-7.545359,42.57355,41.01397
1742845013641,108.416,6073,Eye Hit,Center,466.0312,798.6861,47.03884,SouthSidewalk,-35.26686,-8.755746,47.03884,37.68609
1742845013675,108.4484,6075,Eye Hit,Center,588.8217,752.3862,48.99253,SouthSidewalk,-33.41026,-11.73681,48.99253,35.85943
1742845013692,108.4662,6076,Eye Hit,Center,547.8895,749.2643,48.40292,SouthSidewalk,-34.10202,-11.77006,48.40292,36.6982
1742845013724,108.4987,6078,Eye Hit,Center,667.8055,728.711,49.53528,SouthSidewalk,-31.6203,-13.22018,49.53528,34.67875
1742845013759,108.5301,6080,Eye Hit,Center,670.8161,718.6792,49.47345,SouthSidewalk,-31.49859,-13.77628,49.47345,34.79572
1742845013775,108.5497,6081,,Center,730.1239,736.7657,49.72025,,-30.02768,-12.80733,49.72025,33.28777
1742845013806,108.5807,6083,,Center,699.156,740.5046,49.73355,,-30.88604,-12.59637,49.73355,33.84944
1742845013837,108.6121,6085,,Center,736.1537,730.8542,49.69754,,-29.84852,-13.14064,49.69754,33.27411
1742845013868,108.6419,6087,,Center,710.9534,739.2233,49.72034,,-30.55398,-12.66643,49.72034,33.63301
1742845013883,108.6586,6088,,Center,756.8475,734.3809,49.65575,,-29.2561,-12.92748,49.65575,32.78698
1742845013912,108.6875,6090,Eye Hit,Center,795.5435,720.3726,49.35288,SouthSidewalk,-28.02328,-13.64631,49.35288,32.27488
1742845013942,108.7174,6092,Eye Hit,Center,810.038,715.2783,49.21077,SouthSidewalk,-27.54878,-13.8963,49.21077,32.08774
1742845013971,108.7466,6094,Eye Hit,Center,791.0363,718.6607,49.38556,SouthSidewalk,-28.16472,-13.75294,49.38556,32.40178
1742845014000,108.7758,6096,Eye Hit,Center,773.3115,723.4432,49.49066,SouthSidewalk,-28.70897,-13.50901,49.49066,32.66397
1742845014028,108.8046,6098,Eye Hit,Center,753.8268,717.3886,49.53651,SouthSidewalk,-29.26847,-13.86773,49.53651,33.17718
1742845014058,108.8331,6100,Eye Hit,Center,748.4283,708.2285,49.48912,SouthSidewalk,-29.38797,-14.37759,49.48912,33.46806
1742845014087,108.862,6102,Eye Hit,Center,743.6075,693.4473,49.37865,SouthSidewalk,-29.45379,-15.18766,49.37865,33.86633
1742845014115,108.8922,6104,,Center,705.7377,749.2794,49.77962,,-30.73375,-12.10388,49.77962,33.5663
1742845014145,108.9202,6106,,Center,558.0512,925.5654,47.87341,,-33.4604,-1.902217,47.87341,34.99445
1742845014173,108.9486,6108,,Center,559.4009,928.965,47.85814,,-33.41405,-1.713938,47.85814,34.95768
1742845014202,108.9784,6110,,Center,583.9905,912.6523,48.33065,,-33.08781,-2.640518,48.33064,34.4809
1742845014231,109.0072,6112,,Center,599.363,902.5895,48.61578,,-32.87041,-3.220621,48.61578,34.19077
1742845014259,109.0364,6114,,Center,621.4822,887.1313,48.97169,,-32.513,-4.117728,48.97169,33.79113
1742845014289,109.0644,6116,,Center,641.2393,865.5379,49.30576,,-32.19696,-5.374401,49.30576,33.50619
1742845014318,109.0922,6118,Eye Hit,Center,639.5822,858.8865,49.34506,SouthWalkingSignal,-32.26777,-5.757423,49.34506,33.59404
1742845014345,109.1217,6120,Eye Hit,Center,638.2534,866.0361,49.29603,SouthWalkingSignal,-32.27188,-5.344946,49.29603,33.56718
1742845014374,109.1502,6122,Eye Hit,Center,614.282,867.2439,49.08606,SouthWalkingSignal,-32.78407,-5.253838,49.08606,34.07487
1742845014402,109.178,6124,Eye Hit,Center,622.4036,847.4299,49.29034,SouthWalkingSignal,-32.69948,-6.402546,49.29034,34.05879
1742845014430,109.207,6126,Eye Hit,Center,629.1484,843.5489,49.33917,SouthWalkingSignal,-32.54815,-6.629862,49.33917,33.94955
1742845014459,109.2353,6128,Eye Hit,Center,642.544,837.7031,49.47749,SouthWalkingSignal,-32.27347,-6.982136,49.47749,33.7182
1742845014488,109.2632,6130,Eye Hit,Center,652.0774,840.3,49.53785,SouthWalkingSignal,-32.05211,-6.842312,49.53785,33.48867
1742845014516,109.2911,6132,Eye Hit,Center,647.6891,842.0963,49.50668,SouthWalkingSignal,-32.15187,-6.735276,49.50668,33.56594
1742845014543,109.3194,6134,Eye Hit,Center,649.2032,841.5276,49.52605,SouthWalkingSignal,-32.12305,-6.770397,49.52605,33.53876
1742845014573,109.3486,6136,Eye Hit,Center,653.192,839.0611,49.57001,SouthWalkingSignal,-32.0424,-6.917471,49.57001,33.47662
1742845014601,109.3771,6138,Eye Hit,Center,654.2859,844.8112,49.51969,SouthWalkingSignal,-31.97998,-6.581954,49.51969,33.39844
1742845014630,109.4057,6140,Eye Hit,Center,657.4656,840.8916,49.56496,SouthWalkingSignal,-31.92219,-6.812217,49.56496,33.36687
1742845014658,109.4344,6142,Eye Hit,Center,658.1519,837.3184,49.5906,SouthWalkingSignal,-31.91991,-7.020231,49.5906,33.38696
1742845014686,109.4618,6144,Eye Hit,Center,655.5586,838.691,49.57446,SouthWalkingSignal,-31.98051,-6.939271,49.57446,33.42929
1742845014714,109.4892,6146,Eye Hit,Center,659.4662,842.507,49.58559,SouthWalkingSignal,-31.88072,-6.722552,49.58559,33.30818
1742845014742,109.5192,6148,Eye Hit,Center,659.387,843.4345,49.58511,SouthWalkingSignal,-31.88257,-6.669518,49.58511,33.30111
1742845014771,109.5469,6150,Eye Hit,Center,657.2298,845.4767,49.56612,SouthWalkingSignal,-31.92941,-6.550117,49.56612,33.32864
1742845014799,109.5758,6152,Eye Hit,Center,655.95,845.2849,49.52587,SouthWalkingSignal,-31.93846,-6.555754,49.52587,33.35809
1742845014828,109.6036,6154,Eye Hit,Center,654.3657,847.313,49.50884,SouthWalkingSignal,-31.97078,-6.437541,49.50883,33.37369
1742845014856,109.6329,6156,Eye Hit,Center,650.595,850.0204,49.47292,SouthWalkingSignal,-32.05058,-6.278307,49.47292,33.43092
1742845014885,109.6607,6158,Eye Hit,Center,646.9929,843.3065,49.4889,SouthWalkingSignal,-32.15936,-6.663763,49.4889,33.56959
1742845014913,109.6895,6160,Eye Hit,Center,638.5562,842.2961,49.43827,SouthWalkingSignal,-32.35674,-6.714652,49.43827,33.76002
1742845014942,109.7178,6162,Eye Hit,Center,636.071,849.2466,49.39461,SouthWalkingSignal,-32.39593,-6.312459,49.39461,33.75063
1742845014970,109.7464,6164,Eye Hit,Center,633.7819,860.3886,49.27855,SouthWalkingSignal,-32.38209,-5.664127,49.27855,33.70726
1742845014999,109.7769,6166,Eye Hit,Center,629.7278,858.4407,49.25311,SouthWalkingSignal,-32.47563,-5.771865,49.25311,33.81002
1742845015027,109.8038,6168,Eye Hit,Center,617.9341,858.9219,49.15325,SouthWalkingSignal,-32.72984,-5.732979,49.15326,34.05913
1742845015056,109.8311,6170,Eye Hit,Center,618.4131,857.1557,49.17637,SouthWalkingSignal,-32.73222,-5.835841,49.17637,34.06283
1742845015085,109.8595,6172,Eye Hit,Center,617.0446,858.2401,49.16462,SouthWalkingSignal,-32.76155,-5.772942,49.16462,34.08349
1742845015113,109.8878,6174,Eye Hit,Center,614.848,859.8162,49.14114,SouthWalkingSignal,-32.80549,-5.680771,49.14114,34.11811
1742845015142,109.9198,6176,Eye Hit,Center,604.8292,856.9163,49.06341,SouthWalkingSignal,-33.02499,-5.835923,49.06341,34.35405
1742845015170,109.9457,6178,Eye Hit,Center,595.6481,859.3745,48.91975,SouthWalkingSignal,-33.17627,-5.680176,48.91975,34.52975
1742845015198,109.9748,6180,Eye Hit,Center,582.8184,863.2141,48.74887,SouthWalkingSignal,-33.40567,-5.444243,48.74887,34.7723
1742845015226,110.0029,6182,Eye Hit,Center,568.5046,868.0352,48.5362,SouthWalkingSignal,-33.64351,-5.150543,48.5362,35.03963
1742845015255,110.0303,6184,Eye Hit,Center,550.8395,887.272,48.14491,SouthWalkingSignal,-33.84184,-4.040313,48.14491,35.29499
1742845015283,110.0599,6186,Eye Hit,Center,544.8375,895.1761,47.99086,SouthWalkingSignal,-33.89259,-3.589662,47.99086,35.38161
1742845015311,110.0864,6188,,Center,624.6834,813.5268,49.42717,,-32.72805,-8.353904,49.42717,34.34781
1742845015339,110.1149,6190,,Center,698.5746,758.4984,49.807,,-30.94765,-11.58081,49.807,33.56152
1742845015369,110.1433,6192,,Center,680.0467,766.2219,49.73949,,-31.41449,-11.12169,49.73949,33.8218
1742845015395,110.1712,6194,Eye Hit,Center,753.9629,630.7037,48.57452,SouthSidewalk,-28.69642,-18.45709,48.57453,35.0849
1742845015423,110.2003,6196,Eye Hit,Center,764.9022,610.5746,48.23447,SouthSidewalk,-28.20422,-19.44825,48.23447,35.38503
1742845015452,110.2265,6198,Eye Hit,Center,750.2247,611.1981,48.30091,SouthSidewalk,-28.63446,-19.44022,48.30091,35.6235
1742845015479,110.2544,6200,Eye Hit,Center,744.3529,633.3404,48.66095,SouthSidewalk,-29.00567,-18.3418,48.66095,35.19359
1742845015507,110.2821,6202,Eye Hit,Center,727.691,657.1064,49.01352,SouthSidewalk,-29.6667,-17.13054,49.01352,34.95114
1742845015534,110.3108,6204,Eye Hit,Center,724.6206,687.8176,49.32519,SouthSidewalk,-29.93896,-15.49166,49.32519,34.34926
1742845015562,110.3383,6206,Eye Hit,Center,718.9905,723.927,49.63052,SouthSidewalk,-30.27856,-13.51955,49.63052,33.74816
1742845015590,110.3661,6208,Eye Hit,Center,717.8761,728.4193,49.6689,SouthSidewalk,-30.33254,-13.27252,49.6689,33.6874
1742845015619,110.3932,6210,Eye Hit,Center,749.3737,631.819,48.63531,SouthSidewalk,-28.85557,-18.41766,48.63531,35.14011
1742845015647,110.4219,6212,Eye Hit,Center,750.343,619.709,48.46128,RoadCrosswalk,-28.72638,-19.02892,48.46128,35.41386
1742845015674,110.452,6214,Eye Hit,Center,743.0854,620.1984,48.49365,RoadCrosswalk,-28.93988,-19.01425,48.49364,35.52915
1742845015702,110.4775,6216,Eye Hit,Center,735.0995,623.7447,48.53261,RoadCrosswalk,-29.17711,-18.83088,48.53261,35.58455
1742845015730,110.506,6218,Eye Hit,Center,728.4613,623.1376,48.53435,RoadCrosswalk,-29.35604,-18.86562,48.53435,35.7155
1742845015758,110.5335,6220,Eye Hit,Center,734.1003,627.8425,48.60217,RoadCrosswalk,-29.24575,-18.62797,48.60217,35.50534
1742845015786,110.5619,6222,Eye Hit,Center,729.2566,640.9237,48.79784,SouthSidewalk,-29.49398,-17.96637,48.79784,35.28786
1742845015813,110.59,6224,Eye Hit,Center,728.4803,648.634,48.90741,SouthSidewalk,-29.58117,-17.57164,48.90741,35.12651
1742845015842,110.6164,6226,Eye Hit,Center,731.4803,652.8822,48.96582,SouthSidewalk,-29.53539,-17.35259,48.96582,34.97599
1742845015870,110.645,6228,Eye Hit,Center,730.9899,652.9578,48.93668,SouthSidewalk,-29.53107,-17.33798,48.93668,34.98328
1742845015897,110.6727,6230,Eye Hit,Center,730.1493,642.6104,48.8065,SouthSidewalk,-29.47517,-17.8746,48.8065,35.23318
1742845015925,110.7019,6232,Eye Hit,Center,722.6146,635.2965,48.7145,SouthSidewalk,-29.62225,-18.25216,48.7145,35.53603
1742845015953,110.7275,6234,Eye Hit,Center,720.4995,629.594,48.63892,SouthSidewalk,-29.63309,-18.5439,48.63892,35.70501
1742845015980,110.7551,6236,Eye Hit,Center,716.5522,624.6516,48.5718,SouthSidewalk,-29.69805,-18.79531,48.5718,35.88903
1742845016007,110.784,6238,Eye Hit,Center,708.9608,621.2518,48.52203,SouthSidewalk,-29.87099,-18.96634,48.52203,36.10054
1742845016033,110.8095,6240,Eye Hit,Center,694.2872,617.2172,48.40741,SouthSidewalk,-30.19259,-19.14681,48.40741,36.44813
1742845016061,110.8369,6242,Eye Hit,Center,677.5886,609.6099,48.24493,SouthSidewalk,-30.53603,-19.50603,48.24493,36.90844
1742845016086,110.8625,6244,Eye Hit,Center,651.7219,594.4066,47.8776,SouthSidewalk,-30.98729,-20.19746,47.87761,37.68837
1742845016113,110.8879,6246,Eye Hit,Center,620.0564,593.6211,47.64676,SouthSidewalk,-31.67088,-20.14335,47.64676,38.22945
1742845016140,110.9152,6248,Eye Hit,Center,595.2628,587.1281,47.31276,SouthSidewalk,-32.0965,-20.3566,47.31276,38.77583
1742845016168,110.9459,6250,Eye Hit,Center,533.1454,572.0515,46.25854,SouthSidewalk,-32.96778,-20.7077,46.25854,40.08439
1742845016196,110.9716,6252,Eye Hit,Center,501.326,564.3578,45.64589,SouthSidewalk,-33.33304,-20.8388,45.64589,40.7355
1742845016224,111.0003,6254,Eye Hit,Center,628.9957,680.6829,48.91285,SouthSidewalk,-32.27103,-15.7648,48.91285,36.28919
1742845016252,111.0278,6256,Eye Hit,Center,643.4399,745.4599,49.50719,SouthSidewalk,-32.26835,-12.25595,49.50719,34.88502
1742845016279,111.0556,6258,Eye Hit,Center,653.1525,739.6443,49.55508,SouthSidewalk,-32.03384,-12.60032,49.55508,34.78534
1742845016309,111.0879,6260,Eye Hit,Center,589.3338,727.2781,48.90307,SouthSidewalk,-33.33543,-13.13223,48.90307,36.22838
1742845016326,111.1051,6261,Eye Hit,Center,554.0033,720.5178,48.37716,SouthSidewalk,-33.92059,-13.3684,48.37716,37.00381
1742845016349,111.124,6262,Eye Hit,Center,567.4895,729.561,48.63057,SouthSidewalk,-33.73619,-12.93106,48.63057,36.61008
1742845016381,111.1553,6264,Eye Hit,Center,680.9293,745.5922,49.73855,SouthSidewalk,-31.38966,-12.30564,49.73855,34.13161
1742845016406,111.1726,6265,Eye Hit,Center,628.7387,739.3829,49.36481,SouthSidewalk,-32.57623,-12.56682,49.36481,35.27207
1742845016422,111.1975,6266,Eye Hit,Center,780.2271,754.209,49.68011,Car2-Detailed,-28.62919,-11.79711,49.68011,31.93439
1742845016463,111.2377,6268,Eye Hit,Center,797.8362,751.7159,49.55791,Car2-Detailed,-28.07696,-11.91064,49.55791,31.60889
1742845016488,111.2545,6269,Eye Hit,Center,756.2681,743.3496,49.75109,Car2-Detailed,-29.32819,-12.43741,49.75109,32.63209
1742845016506,111.2795,6270,Eye Hit,Center,745.0219,740.4157,49.76255,Car2-Detailed,-29.64392,-12.60866,49.76255,32.91716
1742845016522,111.2969,6271,Eye Hit,Center,728.2965,734.1527,49.76456,Car2-Detailed,-30.10465,-12.9689,49.76456,33.3724
1742845016562,111.3353,6273,Eye Hit,Center,689.5209,724.1125,49.65521,Car2-Detailed,-31.10154,-13.51568,49.65521,34.33059
1742845016578,111.3531,6274,Eye Hit,Center,721.6456,730.2332,49.75208,Car2-Detailed,-30.27979,-13.19054,49.75208,33.57834
1742845016618,111.3902,6276,Eye Hit,Center,779.0623,728.149,49.57534,Car2-Detailed,-28.60069,-13.26302,49.57534,32.45338
1742845016635,111.409,6277,Eye Hit,Center,775.6245,725.873,49.5741,Car2-Detailed,-28.69407,-13.3928,49.5741,32.56861
1742845016657,111.4257,6278,Eye Hit,Center,795.0576,726.2599,49.46348,Car2-Detailed,-28.09934,-13.34084,49.46348,32.16404
1742845016674,111.4481,6279,Eye Hit,Center,795.7429,731.4974,49.48535,Car2-Detailed,-28.09304,-13.04773,49.48536,32.04437
1742845016692,111.465,6280,Eye Hit,Center,792.2693,731.8552,49.52016,Car2-Detailed,-28.20778,-13.0365,49.52016,32.10883
1742845016711,111.4823,6281,Eye Hit,Center,795.6125,727.7989,49.47792,Car2-Detailed,-28.09238,-13.25696,49.47792,32.12149
1742845016730,111.5028,6282,Eye Hit,Center,797.2075,729.9657,49.47605,Car2-Detailed,-28.04776,-13.13266,49.47605,32.04494
1742845016746,111.5203,6283,Eye Hit,Center,795.9106,728.3418,49.48395,Car2-Detailed,-28.08767,-13.22763,49.48395,32.10441
1742845016767,111.5383,6284,Eye Hit,Center,796.2189,728.431,49.47644,Car2-Detailed,-28.07499,-13.22053,49.47644,32.09628
1742845016786,111.5573,6285,Eye Hit,Center,800.8313,729.4454,49.45644,Car2-Detailed,-27.9377,-13.15725,49.45644,31.98088
1742845016802,111.5764,6286,Eye Hit,Center,804.9586,729.8793,49.42434,Car2-Detailed,-27.80694,-13.12402,49.42434,31.88704
1742845016841,111.6142,6288,Eye Hit,Center,827.1611,726.1398,49.20562,Car2-Detailed,-27.08071,-13.27823,49.20562,31.50643
1742845016857,111.632,6289,Eye Hit,Center,832.8681,723.7706,49.13761,Car2-Detailed,-26.88846,-13.3941,49.13761,31.43914
1742845016894,111.6659,6291,Eye Hit,Center,853.4387,712.0405,48.82553,Car2-Detailed,-26.16317,-13.97004,48.82553,31.27678
1742845016909,111.6848,6292,Eye Hit,Center,849.1468,709.1173,48.85707,Car2-Detailed,-26.29585,-14.14383,48.85707,31.43062
1742845016950,111.7177,6294,Eye Hit,Center,833.4935,702.0336,48.9696,Car2-Detailed,-26.77962,-14.57654,48.9696,31.90745
1742845016966,111.7401,6295,Eye Hit,Center,843.5275,694.4233,48.7937,Car2-Detailed,-26.41311,-14.95285,48.7937,31.88352
1742845016999,111.7735,6297,Eye Hit,Center,861.9493,685.4564,48.49279,Car2-Detailed,-25.75702,-15.3623,48.49279,31.73475
1742845017035,111.8101,6299,Eye Hit,Center,913.1808,662.587,47.51554,Car2-Detailed,-23.89397,-16.30665,47.51554,31.33352
1742845017068,111.8419,6301,Eye Hit,Center,925.4684,662.2796,47.30415,Car2-Detailed,-23.46676,-16.25089,47.30415,31.1077
1742845017088,111.8588,6302,,Center,703.7831,756.0562,49.84543,,-30.82818,-11.73008,49.84543,33.49396
1742845017105,111.8788,6303,,Center,719.3914,754.467,49.84467,,-30.39818,-11.82135,49.84467,33.19872
1742845017137,111.911,6305,Eye Hit,Center,618.2483,767.9814,49.37617,HighMale2,-32.8697,-10.94024,49.37617,35.05367
1742845017157,111.9279,6306,,Center,582.7247,779.0064,48.99702,,-33.57826,-10.2329,48.99702,35.61889
1742845017174,111.9472,6307,,Center,585.9136,780.9327,49.0282,,-33.51331,-10.13056,49.0282,35.5306
1742845017191,111.9648,6308,Eye Hit,Center,602.4225,771.2263,49.22317,HighMale2,-33.19793,-10.72214,49.22318,35.32677
1742845017224,111.9973,6310,Eye Hit,Center,624.9539,768.9239,49.44929,HighMale2,-32.73531,-10.90269,49.44929,34.90535
1742845017240,112.0149,6311,Eye Hit,Center,640.0353,773.1376,49.563,HighMale2,-32.39789,-10.6867,49.563,34.54021
1742845017272,112.0466,6313,Eye Hit,Center,673.8143,779.0026,49.78333,HighMale2,-31.61349,-10.39731,49.78333,33.7621
1742845017304,112.0801,6315,Eye Hit,Center,690.8837,769.1671,49.83322,HighMale2,-31.17554,-10.97327,49.83322,33.55312
1742845017334,112.1097,6317,Eye Hit,Center,720.5914,771.861,49.88435,HighMale2,-30.38934,-10.82964,49.88435,32.89165
1742845017366,112.1403,6319,Eye Hit,Center,741.0909,768.4745,49.84869,HighMale2,-29.80343,-11.01661,49.84869,32.5141
1742845017398,112.1736,6321,Eye Hit,Center,750.8005,763.4155,49.81399,HighMale2,-29.51565,-11.29968,49.81399,32.39325
1742845017427,112.203,6323,Eye Hit,Center,736.0151,777.9102,49.87826,HighMale2,-29.96088,-10.48011,49.87826,32.47138
1742845017457,112.232,6325,Eye Hit,Center,743.7205,788.0685,49.87688,HighMale2,-29.74786,-9.895139,49.87688,32.15167
1742845017489,112.2624,6327,Eye Hit,Center,748.8996,791.733,49.86898,HighMale2,-29.60056,-9.682791,49.86898,31.98547
1742845017517,112.2932,6329,Eye Hit,Center,750.4778,798.1924,49.86703,HighMale2,-29.55596,-9.310712,49.86703,31.85717
1742845017546,112.3222,6331,Eye Hit,Center,747.1548,805.9886,49.87329,HighMale2,-29.65116,-8.863068,49.87329,31.8205
1742845017574,112.3497,6333,Eye Hit,Center,723.8381,819.4655,49.87389,HighMale2,-30.29356,-8.087706,49.87389,32.15665
1742845017603,112.3787,6335,Eye Hit,Center,687.7741,835.804,49.74478,HighMale2,-31.20561,-7.128966,49.74479,32.7603
1742845017632,112.408,6337,,Center,688.3733,827.5334,49.78526,,-31.21453,-7.609757,49.78526,32.83601
1742845017663,112.4386,6339,Eye Hit,Center,781.7935,771.9603,49.70646,SouthSidewalk,-28.60138,-10.78533,49.70646,31.58974
1742845017693,112.4676,6341,Eye Hit,Center,855.6883,755.9155,48.99166,SouthSidewalk,-26.19135,-11.5372,48.99166,30.2925
1742845017728,112.4991,6343,Eye Hit,Center,816.8318,747.2505,49.38045,SouthSidewalk,-27.45853,-12.12248,49.38045,31.29292
1742845017745,112.5197,6344,Eye Hit,Center,829.1454,747.6318,49.27625,SouthSidewalk,-27.06561,-12.07527,49.27625,31.02474
1742845017760,112.5368,6345,Eye Hit,Center,802.7245,746.7859,49.50617,SouthSidewalk,-27.91404,-12.17997,49.50617,31.59936
1742845017802,112.5769,6347,Eye Hit,Center,746.0502,743.5252,49.78592,SouthSidewalk,-29.62958,-12.43606,49.78592,32.83963
1742845017843,112.6166,6349,Eye Hit,Center,759.285,746.8655,49.76567,SouthSidewalk,-29.2539,-12.23907,49.76567,32.50553
1742845017867,112.6343,6350,Eye Hit,Center,808.7915,763.8594,49.53717,Car2-Detailed,-27.76559,-11.21157,49.53717,31.1517
1742845017885,112.6582,6351,Eye Hit,Center,857.5713,774.5868,49.05544,Car2-Detailed,-26.17444,-10.4953,49.05544,29.89305
1742845017902,112.6757,6352,Eye Hit,Center,851.3198,778.9752,49.13858,Car2-Detailed,-26.3884,-10.26434,49.13858,29.95119
1742845017940,112.7131,6354,Eye Hit,Center,869.8634,782.4292,48.9119,Car2-Detailed,-25.76591,-10.022,48.9119,29.47636
1742845017959,112.7305,6355,Eye Hit,Center,875.0802,777.1954,48.83797,Car2-Detailed,-25.58631,-10.30178,48.83797,29.45658
1742845017979,112.7492,6356,Eye Hit,Center,860.2266,772.8098,49.03519,Car2-Detailed,-26.09175,-10.59161,49.03519,29.86758
1742845017996,112.7703,6357,Eye Hit,Center,884.6561,775.5625,48.70587,Car2-Detailed,-25.25959,-10.36569,48.70588,29.2743
1742845018034,112.8035,6359,Eye Hit,Center,878.9255,781.9683,48.80328,Car2-Detailed,-25.46452,-10.02563,48.80328,29.28207
1742845018053,112.8238,6360,Eye Hit,Center,889.618,778.043,48.64052,Car2-Detailed,-25.09246,-10.21262,48.64052,29.11633
1742845018068,112.8433,6361,Eye Hit,Center,894.3257,775.6629,48.5675,Car2-Detailed,-24.92855,-10.3307,48.5675,29.05679
1742845018105,112.8774,6363,Eye Hit,Center,898.6898,760.7473,48.47048,Car2-Detailed,-24.76197,-11.14414,48.47049,29.25843
1742845018121,112.8962,6364,Eye Hit,Center,901.6091,752.5248,48.39531,Car2-Detailed,-24.64557,-11.58618,48.39531,29.36744
1742845018159,112.9296,6366,Eye Hit,Center,905.5515,745.127,48.30415,Car2-Detailed,-24.49399,-11.97655,48.30415,29.44253
1742845018178,112.9495,6367,Eye Hit,Center,914.2676,749.2262,48.17138,Car2-Detailed,-24.19487,-11.71577,48.17138,29.16382
1742845018194,112.9686,6368,Eye Hit,Center,920.7861,750.3912,48.06641,Car2-Detailed,-23.96915,-11.62569,48.06641,28.99646
1742845018232,113.0078,6370,Eye Hit,Center,936.871,759.555,47.80906,Car2-Detailed,-23.41625,-11.05791,47.80906,28.44232
1742845018267,113.0405,6372,Eye Hit,Center,815.997,688.5391,49.03873,RoadWest,-27.29112,-15.36073,49.03873,32.56306
1742845018286,113.0579,6373,Eye Hit,Center,823.0391,690.4771,48.99161,SouthSidewalk,-27.07443,-15.23645,48.99162,32.38018
1742845018304,113.0774,6374,Eye Hit,Center,836.2054,690.4351,48.85966,SouthSidewalk,-26.64634,-15.19783,48.85966,32.12199
1742845018320,113.0943,6375,Eye Hit,Center,847.3017,685.4863,48.69032,SouthSidewalk,-26.2557,-15.42321,48.69032,32.02156
1742845018342,113.121,6376,Eye Hit,Center,871.9422,683.6942,48.36751,SouthSidewalk,-25.42363,-15.42096,48.36752,31.58199
1742845018383,113.15,6378,Eye Hit,Center,917.4402,686.2594,47.70703,SouthSidewalk,-23.87808,-15.06916,47.70704,30.61924
1742845018401,113.176,6379,Eye Hit,Center,931.5405,682.1311,47.4287,SouthSidewalk,-23.36954,-15.20722,47.4287,30.44989
1742845018418,113.1929,6380,Eye Hit,Center,918.2208,678.7922,47.62223,SouthSidewalk,-23.8151,-15.45275,47.62223,30.80057
1742845018439,113.2099,6381,Eye Hit,Center,943.7773,671.9174,47.11025,SouthSidewalk,-22.89436,-15.66024,47.11025,30.48907
1742845018455,113.2294,6382,Eye Hit,Center,860.5544,660.0349,48.25512,SouthSidewalk,-25.66793,-16.70258,48.25512,32.40017
1742845018494,113.2631,6384,Eye Hit,Center,858.4314,665.1471,48.33603,SouthSidewalk,-25.76763,-16.44533,48.33603,32.30975
1742845018512,113.2854,6385,Eye Hit,Center,880.9753,665.5157,48.04866,SouthSidewalk,-25.01639,-16.32722,48.04866,31.87023
1742845018529,113.3032,6386,Eye Hit,Center,890.3472,662.1283,47.87651,SouthSidewalk,-24.67904,-16.45574,47.87651,31.78056
1742845018566,113.3402,6388,Eye Hit,Center,912.6228,651.567,47.41143,SouthSidewalk,-23.85621,-16.87374,47.41143,31.64633
1742845018600,113.3729,6390,Eye Hit,Center,920.4082,651.0427,47.27687,SouthSidewalk,-23.5853,-16.85452,47.27687,31.51526
1742845018616,113.3896,6391,Eye Hit,Center,920.3436,651.1129,47.27897,SouthSidewalk,-23.58803,-16.8513,47.27897,31.51444
1742845018633,113.4066,6392,Eye Hit,Center,910.0364,652.6494,47.45963,SouthSidewalk,-23.94824,-16.83169,47.45963,31.66495
1742845018667,113.4406,6394,Eye Hit,Center,903.837,652.7438,47.55357,SouthSidewalk,-24.15842,-16.85975,47.55357,31.77854
1742845018683,113.458,6395,Eye Hit,Center,911.3511,651.1276,47.41759,SouthSidewalk,-23.89261,-16.89999,47.41759,31.68228
1742845018717,113.4886,6397,Eye Hit,Center,882.9299,664.3281,47.9907,SouthSidewalk,-24.93443,-16.37324,47.9907,31.86392
1742845018733,113.5074,6398,Eye Hit,Center,866.6299,670.3466,48.27221,SouthSidewalk,-25.51511,-16.13397,48.27221,32.02079
1742845018749,113.5241,6399,Eye Hit,Center,866.2634,671.0359,48.287,SouthSidewalk,-25.5327,-16.10059,48.287,32.01038
1742845018782,113.5556,6401,Eye Hit,Center,839.8408,665.1429,48.5333,SouthSidewalk,-26.37094,-16.51264,48.5333,32.66352
1742845018801,113.5733,6402,Eye Hit,Center,807.3615,667.4933,48.85467,SouthSidewalk,-27.42162,-16.48948,48.85467,33.223
1742845018817,113.5917,6403,Eye Hit,Center,820.2787,667.6176,48.75129,SouthSidewalk,-27.01591,-16.4477,48.75129,32.97472
1742845018856,113.6237,6405,Eye Hit,Center,831.8939,757.4052,49.29632,RoadWest,-27.00182,-11.52412,49.29632,30.77572
1742845018874,113.6463,6406,Eye Hit,Center,815.071,758.9361,49.46096,SouthSidewalk,-27.55139,-11.47525,49.46096,31.10752
1742845018891,113.6642,6407,Eye Hit,Center,837.921,770.2328,49.26788,MicroBus1-Detailed,-26.8223,-10.78827,49.26788,30.40458
1742845018911,113.6822,6408,Eye Hit,Center,818.0422,773.597,49.4777,MicroBus1-Detailed,-27.47956,-10.64225,49.4777,30.77754
1742845018928,113.7023,6409,Eye Hit,Center,806.8052,772.2093,49.56953,MicroBus1-Detailed,-27.83808,-10.74125,49.56953,31.04589
1742845018970,113.7464,6411,Eye Hit,Center,779.0254,763.0254,49.73722,MicroBus1-Detailed,-28.6951,-11.30466,49.73722,31.80267
1742845019008,113.7777,6413,Eye Hit,Center,794.5376,762.2089,49.63442,MicroBus1-Detailed,-28.21071,-11.32805,49.63442,31.48668
1742845019026,113.7996,6414,Eye Hit,Center,826.4054,792.281,49.41026,Car2-Detailed,-27.21396,-9.562434,49.41026,30.27584
1742845019043,113.8169,6415,Eye Hit,Center,844.1322,793.2244,49.22422,Car2-Detailed,-26.62973,-9.472731,49.22422,29.86429
1742845019082,113.8553,6417,Eye Hit,Center,828.2001,785.0173,49.39276,Car2-Detailed,-27.15538,-9.973009,49.39277,30.35704
1742845019099,113.8743,6418,Eye Hit,Center,821.1077,782.4944,49.45756,Car2-Detailed,-27.38466,-10.13004,49.45756,30.55631
1742845019138,113.9123,6420,Eye Hit,Center,803.4259,787.7973,49.61541,MicroBus1-Detailed,-27.95642,-9.858783,49.61541,30.85715
1742845019176,113.9447,6422,Eye Hit,Center,791.7371,787.8892,49.70594,MicroBus1-Detailed,-28.32821,-9.871468,49.70594,31.11212
1742845019193,113.9671,6423,Eye Hit,Center,782.3787,780.2626,49.76687,MicroBus1-Detailed,-28.62007,-10.32154,49.76687,31.43903
1742845019230,114.0024,6425,Eye Hit,Center,762.1119,780.7238,49.87401,MicroBus1-Detailed,-29.23973,-10.31731,49.87401,31.86915
1742845019248,114.0216,6426,Eye Hit,Center,764.9,777.8296,49.86397,MicroBus1-Detailed,-29.15709,-10.48168,49.86398,31.85551
1742845019265,114.0389,6427,Eye Hit,Center,759.5148,774.6572,49.87996,MicroBus1-Detailed,-29.31474,-10.6677,49.87996,32.02227
1742845019286,114.0558,6428,Eye Hit,Center,754.0318,772.3725,49.89903,MicroBus1-Detailed,-29.47702,-10.80332,49.89903,32.17637
1742845019303,114.0774,6429,Eye Hit,Center,747.9471,771.9328,49.9162,MicroBus1-Detailed,-29.65484,-10.83235,49.91619,32.31282
1742845019320,114.0955,6430,Eye Hit,Center,748.9526,765.8378,49.90311,MicroBus1-Detailed,-29.61936,-11.18055,49.90312,32.39167
1742845019356,114.1273,6432,Eye Hit,Center,740.6165,760.994,49.91179,MicroBus1-Detailed,-29.85423,-11.46143,49.91179,32.64789
1742845019373,114.1468,6433,Eye Hit,Center,734.1974,759.5076,49.91814,MicroBus1-Detailed,-30.03493,-11.54839,49.91814,32.80693
1742845019411,114.1805,6435,Eye Hit,Center,725.2631,753.6163,49.9081,MicroBus1-Detailed,-30.27507,-11.88533,49.9081,33.09177
1742845019429,114.2031,6436,Eye Hit,Center,725.9819,749.6362,49.8929,MicroBus1-Detailed,-30.24606,-12.11086,49.8929,33.14499
1742845019446,114.2199,6437,Eye Hit,Center,728.1827,747.2349,49.88187,MicroBus1-Detailed,-30.17875,-12.24653,49.88187,33.14135
1742845019468,114.2388,6438,Eye Hit,Center,715.3707,740.6353,49.8537,MicroBus1-Detailed,-30.51436,-12.61919,49.8537,33.51863
1742845019486,114.259,6439,Eye Hit,Center,683.3994,785.5818,49.91379,MicroBus1-Detailed,-31.43218,-10.04565,49.91379,33.46903
1742845019509,114.2769,6440,Eye Hit,Center,668.9628,782.2535,49.84964,MicroBus1-Detailed,-31.78912,-10.22423,49.84964,33.817
1742845019526,114.2997,6441,Eye Hit,Center,661.1237,783.7396,49.80919,MicroBus1-Detailed,-31.97889,-10.13043,49.80919,33.95919
1742845019552,114.3175,6442,Eye Hit,Center,641.9166,774.3082,49.67042,MicroBus1-Detailed,-32.41652,-10.64279,49.67042,34.4854
1742845019569,114.3428,6443,Eye Hit,Center,637.1259,774.9014,49.63517,MicroBus1-Detailed,-32.52481,-10.60133,49.63517,34.57491
1742845019593,114.3596,6444,Eye Hit,Center,624.4075,769.6929,49.51802,MicroBus1-Detailed,-32.79574,-10.87384,49.51802,34.90558
1742845019611,114.3833,6445,Eye Hit,Center,623.0603,773.4427,49.51384,MicroBus1-Detailed,-32.8298,-10.65872,49.51384,34.88084
1742845019634,114.4028,6446,Eye Hit,Center,597.0275,773.8948,49.24509,MicroBus1-Detailed,-33.3594,-10.57513,49.24509,35.39908
1742845019653,114.4246,6447,Eye Hit,Center,602.2937,770.7524,49.29888,MicroBus1-Detailed,-33.25251,-10.76553,49.29889,35.33575
1742845019676,114.4439,6448,Eye Hit,Center,565.9881,768.533,48.83845,MicroBus1-Detailed,-33.92088,-10.79,48.83845,36.08624
1742845019695,114.4679,6449,Eye Hit,Center,555.7117,766.5383,48.68565,MicroBus1-Detailed,-34.09098,-10.86842,48.68565,36.31403
1742845019719,114.4896,6450,Eye Hit,Center,545.4984,762.0981,48.52081,MicroBus1-Detailed,-34.24915,-11.08019,48.52081,36.57117
1742845019737,114.5133,6451,Eye Hit,Center,524.852,765.1275,48.19144,MicroBus1-Detailed,-34.56599,-10.8364,48.19144,36.93164
1742845019760,114.5309,6452,Eye Hit,Center,705.5629,750.5929,49.90817,MicroBus1-Detailed,-30.81795,-12.05955,49.90817,33.54786
1742845019788,114.5587,6453,Eye Hit,Center,713.1451,745.4553,49.89484,MicroBus1-Detailed,-30.60084,-12.3521,49.89484,33.48012
1742845019824,114.5902,6454,Eye Hit,Center,661.5708,737.9371,49.70303,MicroBus1-Detailed,-31.89847,-12.73577,49.70303,34.64615
1742845019859,114.6216,6455,Eye Hit,Center,641.9875,730.4028,49.53564,MicroBus1-Detailed,-32.32663,-13.12353,49.53564,35.1578
1742845019895,114.6534,6456,Eye Hit,Center,614.225,730.007,49.28519,MicroBus1-Detailed,-32.91861,-13.07973,49.28519,35.70533
1742845019934,114.6885,6457,Eye Hit,Center,581.4561,729.3026,48.9099,MicroBus1-Detailed,-33.55282,-13.01989,48.9099,36.34753
1742845019976,114.7272,6458,Eye Hit,Center,544.105,738.0217,48.4273,MicroBus1-Detailed,-34.22039,-12.40426,48.4273,36.92945
1742845020009,114.77,6459,Eye Hit,Center,513.7117,739.5927,47.92579,MicroBus1-Detailed,-34.67022,-12.18879,47.92579,37.48166
1742845020050,114.8031,6460,Eye Hit,Center,490.7328,744.3746,47.52515,MicroBus1-Detailed,-34.98333,-11.82474,47.52515,37.84773
1742845020081,114.844,6461,Eye Hit,Center,631.9822,739.7263,49.50507,MicroBus1-Detailed,-32.58014,-12.58288,49.50507,35.20277
1742845020123,114.875,6462,Eye Hit,Center,630.4559,730.7621,49.44562,MicroBus1-Detailed,-32.58268,-13.07912,49.44562,35.37734
1742845020167,114.9162,6463,Eye Hit,Center,621.1675,719.1291,49.291,MicroBus1-Detailed,-32.73356,-13.6999,49.291,35.75029
1742845020210,114.9608,6464,Eye Hit,Center,591.9683,716.4504,48.95984,MicroBus1-Detailed,-33.30291,-13.75933,48.95984,36.35225
1742845020252,115.0041,6465,Eye Hit,Center,563.9967,704.625,48.51334,MicroBus1-Detailed,-33.7484,-14.29581,48.51334,37.07072
1742845020292,115.045,6466,Eye Hit,Center,572.7408,700.5398,48.59833,MicroBus1-Detailed,-33.57292,-14.54982,48.59833,36.97644
1742845020335,115.086,6467,Eye Hit,Center,611.2007,902.5391,48.86077,MicroBus1-Detailed,-32.71672,-3.239648,48.86077,33.93526
1742845020377,115.1283,6468,Eye Hit,Center,599.3015,901.8586,48.74323,MicroBus1-Detailed,-32.95823,-3.270162,48.74323,34.19534
1742845020420,115.1704,6469,Eye Hit,Center,599.6921,891.6478,48.84439,MicroBus1-Detailed,-33.01611,-3.852501,48.8444,34.23649
1742845020461,115.214,6470,Eye Hit,Center,611.791,889.3063,48.99118,MicroBus1-Detailed,-32.78806,-3.996396,48.99118,33.98854
1742845020504,115.2558,6471,Eye Hit,Center,611.2498,879.6876,49.06357,MicroBus1-Detailed,-32.85117,-4.546762,49.06357,34.05657
1742845020546,115.2978,6472,Eye Hit,Center,620.6711,877.3804,49.17366,MicroBus1-Detailed,-32.66911,-4.6879,49.17366,33.86822
1742845020588,115.3406,6473,Eye Hit,Center,638.3273,873.0307,49.35738,MicroBus1-Detailed,-32.31004,-4.953192,49.35738,33.51498
1742845020631,115.3842,6474,Eye Hit,Center,656.9788,865.4739,49.54163,MicroBus1-Detailed,-31.92048,-5.4037,49.54163,33.16394
1742845020671,115.4238,6475,Eye Hit,Center,651.3988,869.3011,49.47913,MicroBus1-Detailed,-32.03265,-5.178322,49.47913,33.25694
1742845020700,115.4648,6476,Eye Hit,Center,674.2039,867.4866,49.61586,MicroBus1-Detailed,-31.49646,-5.296535,49.61586,32.77017
1742845020741,115.4929,6477,Eye Hit,Center,706.65,864.0673,49.73294,MicroBus1-Detailed,-30.67989,-5.505199,49.73294,32.07726
1742845020771,115.5349,6478,Eye Hit,Center,727.3002,857.3572,49.7828,MicroBus1-Detailed,-30.14307,-5.896231,49.7828,31.67321
1742845020798,115.5645,6479,,Center,746.5535,849.6572,49.79606,,-29.62177,-6.340202,49.79606,31.31362
1742845020826,115.5914,6480,,Center,761.4197,847.577,49.75723,,-29.19029,-6.454663,49.75723,30.99852
1742845020854,115.6199,6481,,Center,778.7448,845.4074,49.68391,,-28.67203,-6.569668,49.68391,30.6274
1742845020883,115.6467,6482,,Center,795.5353,840.937,49.59952,,-28.16354,-6.814319,49.59952,30.29361
1742845020910,115.6762,6483,,Center,786.0182,832.5919,49.69932,,-28.48136,-7.306543,49.69932,30.60985
1742845020939,115.7034,6484,,Center,770.28,833.189,49.78498,,-28.96303,-7.284952,49.78498,30.95882
1742845020966,115.7316,6485,,Center,710.8245,863.545,49.73747,,-30.56805,-5.535684,49.73747,31.98826
1742845020994,115.7584,6486,,Center,712.1621,863.6454,49.7368,,-30.53091,-5.529915,49.7368,31.95745
1742845021023,115.7877,6487,,Center,732.8154,860.3506,49.75293,,-29.9735,-5.720938,49.75293,31.52172
1742845021051,115.8175,6488,,Center,754.7695,854.3226,49.74165,,-29.36378,-6.06555,49.74165,31.0811
1742845021091,115.8438,6489,,Center,783.6075,854.9911,49.59937,,-28.49009,-6.009974,49.59937,30.41488
1742845021133,115.8849,6490,Eye Hit,Center,658.8669,863.1201,49.55568,NorthDiagonalPole,-31.87788,-5.539829,49.55568,33.14114
1742845021161,115.9268,6491,,Center,653.6448,865.6713,49.50365,,-31.98714,-5.388239,49.50365,33.23524
1742845021189,115.9548,6492,,Center,675.919,866.1733,49.6169,,-31.45014,-5.371793,49.6169,32.7426
1742845021219,115.9814,6493,,Center,692.34,867.0193,49.66604,,-31.03101,-5.328603,49.66604,32.37218
1742845021245,116.0117,6494,Eye Hit,Center,685.983,855.5463,49.72284,NorthDiagonalPole,-31.24101,-5.993077,49.72284,32.60946
1742845021272,116.039,6495,Eye Hit,Center,669.8303,851.4357,49.68147,NorthDiagonalPole,-31.65808,-6.223662,49.68147,33.00042
1742845021300,116.0651,6496,Eye Hit,Center,598.3154,822.0601,49.22309,NorthCarSignal,-33.30951,-7.834772,49.22309,34.80594
1742845021328,116.0927,6497,Eye Hit,Center,587.9411,821.5013,49.10207,NorthCarSignal,-33.50885,-7.847159,49.10207,35.02644
1742845021357,116.121,6498,Eye Hit,Center,599.0098,826.6474,49.21753,NorthCarSignal,-33.28687,-7.573296,49.21753,34.74537
1742845021386,116.1495,6499,Eye Hit,Center,600.8027,829.6022,49.22793,NorthCarSignal,-33.24516,-7.407198,49.22792,34.679
1742845021413,116.1792,6500,Eye Hit,Center,607.6452,831.9263,49.29161,NorthCarSignal,-33.10196,-7.284592,49.29161,34.5133
1742845021440,116.2069,6501,Eye Hit,Center,617.6686,829.2896,49.40281,NorthCarSignal,-32.90325,-7.451217,49.40281,34.32855
1742845021469,116.2332,6502,Eye Hit,Center,621.1172,826.3026,49.44594,NorthCarSignal,-32.83782,-7.62824,49.44594,34.28614
1742845021496,116.2616,6503,Eye Hit,Center,634.6603,830.8467,49.54821,NorthCarSignal,-32.53527,-7.384129,49.54821,33.95388
1742845021524,116.288,6504,Eye Hit,Center,654.7227,839.3008,49.65672,NorthCarSignal,-32.0565,-6.915936,49.65672,33.44138
1742845021553,116.3159,6505,Eye Hit,Center,672.5031,842.4072,49.73746,NorthCarSignal,-31.62036,-6.748837,49.73746,33.02646
1742845021581,116.3436,6506,Eye Hit,Center,711.3296,847.632,49.81237,NorthCarSignal,-30.60019,-6.458772,49.81237,32.12241
1742845021611,116.3727,6507,,Center,624.4274,763.7401,49.48508,,-32.77338,-11.20657,49.48508,34.98959
1742845021639,116.4021,6508,Eye Hit,Center,607.3967,707.3884,49.02031,NW_Tree_30,-32.92649,-14.28889,49.02031,36.21204
1742845021657,116.4298,6509,,Center,592.8038,705.297,48.84561,,-33.2027,-14.35572,48.84562,36.5223
1742845021680,116.4475,6510,,Center,625.2256,712.2533,49.23222,,-32.58422,-14.07419,49.23222,35.78964
1742845021698,116.4707,6511,,Center,645.9564,720.6702,49.45465,,-32.1654,-13.65747,49.45465,35.24515
1742845021714,116.4882,6512,,Center,655.7985,729.755,49.58076,,-31.978,-13.17256,49.58076,34.89751
1742845021731,116.505,6513,,Center,672.4998,736.1744,49.7044,,-31.59944,-12.83719,49.7044,34.45814
1742845021750,116.5219,6514,,Center,676.2925,739.0306,49.73731,,-31.5162,-12.68176,49.73731,34.33421
1742845021765,116.5407,6515,,Center,687.4128,742.6548,49.79435,,-31.24664,-12.48812,49.79435,34.04982
1742845021796,116.5718,6517,,Center,656.2914,733.7162,49.60576,,-31.98064,-12.95249,49.60576,34.82112
1742845021826,116.6012,6519,,Center,624.4651,727.9293,49.33425,,-32.67247,-13.21095,49.33426,35.5404
1742845021855,116.6307,6521,,Center,632.0543,737.6229,49.45677,,-32.54638,-12.6906,49.45677,35.2349
1742845021885,116.6596,6523,,Center,639.5668,742.6982,49.54391,,-32.39823,-12.42284,49.54391,35.00566
1742845021913,116.6888,6525,,Center,644.5066,747.1276,49.60225,,-32.30109,-12.18392,49.60225,34.83746
1742845021942,116.7189,6527,,Center,644.2244,747.2191,49.60212,,-32.30874,-12.1786,49.60212,34.84164
1742845021971,116.7469,6529,,Center,631.5818,743.9113,49.48999,,-32.58115,-12.34005,49.48999,35.14461
1742845022000,116.7761,6531,,Center,601.3239,746.277,49.20532,,-33.21574,-12.13466,49.20532,35.70407
1742845022030,116.8063,6533,Eye Hit,Center,606.9791,748.3101,49.27598,Sedan2-Detailed,-33.10958,-12.03648,49.27599,35.56263
1742845022058,116.8346,6535,Eye Hit,Center,583.627,738.8448,48.96516,Sedan2-Detailed,-33.53204,-12.49552,48.96516,36.15997
1742845022088,116.8647,6537,Eye Hit,Center,550.8796,724.6245,48.43713,NorthSidewalk,-34.04618,-13.15549,48.43713,36.99958
1742845022119,116.8941,6539,Eye Hit,Center,484.0773,720.6348,47.25643,NW_Tree_30,-34.95916,-13.05239,47.25643,38.2966
1742845022133,116.911,6540,Eye Hit,Center,432.5893,717.1141,46.16327,NW_Tree_30,-35.46274,-12.93801,46.16327,39.27394
1742845022163,116.9411,6542,,Center,390.1508,722.1381,45.21445,,-35.79325,-12.40991,45.21445,39.95841
1742845022183,116.9639,6543,,Center,503.023,729.2795,47.66101,,-34.75993,-12.68869,47.66101,37.82535
1742845022211,116.992,6544,,Center,387.3461,724.1968,45.1549,,-35.81604,-12.28625,45.1549,39.98162
1742845022247,117.018,6545,,Center,432.7534,725.8904,46.20823,,-35.4931,-12.4826,46.20823,39.15352
1742845022283,117.044,6546,,Center,451.9855,726.2229,46.62314,,-35.31675,-12.57691,46.62313,38.80254
1742845022320,117.0758,6547,,Center,448.3212,731.9786,46.57199,,-35.37222,-12.2538,46.57199,38.79235
1742845022345,117.1126,6548,,Center,487.032,746.1709,47.42598,,-35.00723,-11.70183,47.42598,37.89332
1742845022373,117.1389,6549,Eye Hit,Center,461.287,748.8549,46.91752,Sedan4-Detailed,-35.29881,-11.43104,46.91752,38.33784
1742845022404,117.1659,6550,Eye Hit,Center,376.8908,751.218,45.00152,Sedan4-Detailed,-35.95414,-10.84149,45.00151,39.84453
1742845022434,117.1967,6551,Eye Hit,Center,422.1885,751.9139,46.07565,Sedan4-Detailed,-35.66002,-11.06317,46.07565,39.01907
1742845022463,117.2274,6552,Eye Hit,Center,528.4635,762.6726,48.23542,Sedan4-Detailed,-34.50136,-10.983,48.23542,36.89327
1742845022493,117.2564,6553,Eye Hit,Center,666.8331,771.3279,49.81352,Sedan4-Detailed,-31.82466,-10.84485,49.81352,34.01744
1742845022522,117.2855,6554,,Center,700.0038,770.3712,49.93023,,-30.98481,-10.92531,49.93023,33.34528
1742845022551,117.3152,6555,,Center,653.2998,771.765,49.73566,,-32.14652,-10.80286,49.73566,34.28881
1742845022593,117.3436,6556,,Center,576.6862,775.9448,48.98736,,-33.73495,-10.40392,48.98736,35.77847
1742845022633,117.3857,6557,,Center,541.6398,774.09,48.4767,,-34.32129,-10.39921,48.4767,36.49334
1742845022676,117.4265,6558,,Center,545.1206,776.163,48.53457,,-34.26898,-10.29555,48.53457,36.39951
1742845022705,117.4688,6559,,Center,707.8219,773.3201,49.94936,,-30.78108,-10.75952,49.94936,33.13687
1742845022736,117.4957,6560,,Center,724.7288,772.4893,49.95438,,-30.31788,-10.80863,49.95438,32.79478
1742845022766,117.5268,6561,,Center,692.7489,770.3865,49.91624,,-31.17607,-10.92148,49.91624,33.4959
1742845022795,117.5579,6562,,Center,714.7975,771.7549,49.95473,,-30.592,-10.851,49.95473,33.01488
1742845022822,117.586,6563,Eye Hit,Center,813.2697,772.245,49.53845,MicroBus1-Detailed,-27.64382,-10.73243,49.53844,30.90507
1742845022842,117.6138,6564,Eye Hit,Center,810.5134,773.0305,49.56363,MicroBus1-Detailed,-27.7333,-10.69307,49.56363,30.95116
1742845022863,117.6328,6565,Eye Hit,Center,837.5797,769.8549,49.29218,MicroBus1-Detailed,-26.84482,-10.81503,49.29218,30.41896
1742845022883,117.6549,6566,Eye Hit,Center,817.0992,761.0109,49.47852,MicroBus1-Detailed,-27.50577,-11.36099,49.47852,31.02553
1742845022905,117.6739,6567,Eye Hit,Center,807.7487,757.388,49.54853,MicroBus1-Detailed,-27.80048,-11.58403,49.54853,31.29274
1742845022923,117.6957,6568,Eye Hit,Center,802.569,760.2727,49.60053,MicroBus1-Detailed,-27.9715,-11.4312,49.60053,31.35021
1742845022941,117.7143,6569,Eye Hit,Center,799.7941,759.3991,49.6187,MicroBus1-Detailed,-28.05777,-11.48536,49.6187,31.42535
1742845022961,117.7315,6570,Eye Hit,Center,787.3373,758.6175,49.70388,MicroBus1-Detailed,-28.44776,-11.55002,49.70388,31.70444
1742845022978,117.7516,6571,Eye Hit,Center,783.3292,760.8402,49.73623,MicroBus1-Detailed,-28.57635,-11.42984,49.73623,31.74975
1742845022995,117.7695,6572,Eye Hit,Center,779.732,760.4417,49.75539,MicroBus1-Detailed,-28.68617,-11.45721,49.75539,31.83318
1742845023030,117.8043,6574,Eye Hit,Center,781.7676,762.8311,49.74836,MicroBus1-Detailed,-28.6262,-11.31839,49.74836,31.74777
1742845023065,117.839,6576,Eye Hit,Center,799.798,768.3903,49.63938,MicroBus1-Detailed,-28.06934,-10.97509,49.63938,31.26415
1742845023081,117.8565,6577,Eye Hit,Center,824.836,770.7698,49.42531,MicroBus1-Detailed,-27.26507,-10.79219,49.42531,30.68002
1742845023118,117.8916,6579,Eye Hit,Center,827.9595,772.661,49.3957,MicroBus1-Detailed,-27.16356,-10.67794,49.3957,30.578
1742845023134,117.9097,6580,Eye Hit,Center,826.8573,773.4928,49.40684,MicroBus1-Detailed,-27.19975,-10.63286,49.40684,30.58715
1742845023170,117.9432,6582,Eye Hit,Center,827.8988,771.4039,49.39077,MicroBus1-Detailed,-27.1625,-10.74849,49.39077,30.60191
1742845023186,117.9602,6583,Eye Hit,Center,822.6328,769.7996,49.44135,MicroBus1-Detailed,-27.33406,-10.85096,49.44135,30.74535
1742845023205,117.9774,6584,Eye Hit,Center,822.1749,768.5332,49.44143,MicroBus1-Detailed,-27.34661,-10.92322,49.44143,30.77816
1742845023219,117.9958,6585,Eye Hit,Center,818.6687,766.9536,49.47261,MicroBus1-Detailed,-27.45962,-11.02032,49.47261,30.88272
1742845023254,118.0285,6587,Eye Hit,Center,822.6696,766.5151,49.43166,MicroBus1-Detailed,-27.32769,-11.03626,49.43166,30.80416
1742845023270,118.0456,6588,Eye Hit,Center,823.7464,767.0366,49.4206,MicroBus1-Detailed,-27.29221,-11.00402,49.4206,30.77132
1742845023304,118.0774,6590,Eye Hit,Center,827.2896,770.1508,49.39252,MicroBus1-Detailed,-27.18007,-10.82027,49.39252,30.6378
1742845023323,118.095,6591,Eye Hit,Center,824.084,768.8184,49.4222,MicroBus1-Detailed,-27.28387,-10.90275,49.4222,30.73158
1742845023339,118.1136,6592,Eye Hit,Center,818.3336,768.3095,49.47859,MicroBus1-Detailed,-27.47208,-10.94426,49.47859,30.86545
1742845023372,118.1473,6594,Eye Hit,Center,814.5952,766.572,49.50978,MicroBus1-Detailed,-27.5916,-11.05031,49.50978,30.9776
1742845023409,118.1829,6596,Eye Hit,Center,818.1495,765.9067,49.47536,MicroBus1-Detailed,-27.47532,-11.08076,49.47535,30.91296
1742845023442,118.2171,6598,Eye Hit,Center,821.7309,766.8635,49.44535,MicroBus1-Detailed,-27.3609,-11.01933,49.44535,30.8181
1742845023459,118.2344,6599,Eye Hit,Center,824.7344,766.2665,49.41356,MicroBus1-Detailed,-27.26136,-11.04636,49.41356,30.76402
1742845023492,118.267,6601,Eye Hit,Center,835.2886,768.1135,49.3096,MicroBus1-Detailed,-26.91667,-10.91798,49.3096,30.50094
1742845023526,118.2998,6603,Eye Hit,Center,839.7393,769.4739,49.26558,MicroBus1-Detailed,-26.77159,-10.83099,49.26558,30.37889
1742845023560,118.333,6605,Eye Hit,Center,846.3541,769.5306,49.19121,MicroBus1-Detailed,-26.55153,-10.81144,49.19121,30.23333
1742845023576,118.3511,6606,Eye Hit,Center,854.3957,769.4504,49.09555,MicroBus1-Detailed,-26.28192,-10.79491,49.09555,30.05874
1742845023593,118.3684,6607,Eye Hit,Center,857.0891,769.3505,49.06129,MicroBus1-Detailed,-26.19062,-10.793,49.06129,30.00156
1742845023625,118.4006,6609,Eye Hit,Center,859.0007,769.3502,49.03794,MicroBus1-Detailed,-26.12641,-10.78786,49.03793,29.95963
1742845023659,118.434,6611,Eye Hit,Center,857.765,769.1741,49.05402,MicroBus1-Detailed,-26.16843,-10.80131,49.05402,29.99004
1742845023692,118.4672,6613,Eye Hit,Center,855.7548,769.1251,49.08059,MicroBus1-Detailed,-26.23708,-10.80997,49.08059,30.03506
1742845023726,118.4995,6615,Eye Hit,Center,862.9032,774.6649,49.00008,MicroBus1-Detailed,-26.00066,-10.47897,49.00008,29.77383
1742845023744,118.5169,6616,Eye Hit,Center,862.5961,774.8789,49.00494,MicroBus1-Detailed,-26.01155,-10.46804,49.00494,29.77668
1742845023759,118.535,6617,Eye Hit,Center,861.9624,775.1936,49.01426,MicroBus1-Detailed,-26.03364,-10.45226,49.01426,29.78485
1742845023793,118.5665,6619,Eye Hit,Center,862.8602,773.9351,49.00131,MicroBus1-Detailed,-26.00248,-10.52055,49.00131,29.78839
1742845023810,118.5833,6620,Eye Hit,Center,861.4988,773.3071,49.01874,MicroBus1-Detailed,-26.04857,-10.55982,49.01874,29.83018
1742845023827,118.6019,6621,Eye Hit,Center,861.1162,772.5671,49.02319,MicroBus1-Detailed,-26.06129,-10.60266,49.02319,29.85249
1742845023860,118.6346,6623,Eye Hit,Center,859.9454,764.5585,49.02134,MicroBus1-Detailed,-26.09198,-11.05536,49.02134,30.03067
1742845023894,118.6673,6625,Eye Hit,Center,841.4718,761.4727,49.23787,MicroBus1-Detailed,-26.70945,-11.27944,49.23787,30.49147
1742845023910,118.6842,6626,Eye Hit,Center,841.8759,759.8937,49.22781,MicroBus1-Detailed,-26.693,-11.3669,49.22781,30.51301
1742845023926,118.7011,6627,Eye Hit,Center,842.99,759.4487,49.2142,MicroBus1-Detailed,-26.65534,-11.38891,49.2142,30.49747
1742845023960,118.7359,6629,Eye Hit,Center,847.0897,760.5643,49.16824,MicroBus1-Detailed,-26.51917,-11.31506,49.16824,30.38733
1742845023994,118.7686,6631,Eye Hit,Center,848.5388,760.2147,49.14853,MicroBus1-Detailed,-26.4692,-11.33022,49.14853,30.36267
1742845024027,118.802,6633,,Center,849.2314,762.1173,49.14454,,-26.44827,-11.22151,49.14454,30.31096
1742845024060,118.8342,6635,,Center,850.6853,765.285,49.13398,,-26.40315,-11.03953,49.13398,30.2187
1742845024077,118.8517,6636,Eye Hit,Center,853.0582,765.04,49.10383,Jeep4-Detailed,-26.3226,-11.04662,49.10383,30.17164
1742845024094,118.8691,6637,Eye Hit,Center,853.1699,765.1031,49.10227,Jeep4-Detailed,-26.31875,-11.04271,49.10226,30.16802
1742845024126,118.9002,6639,Eye Hit,Center,851.1001,763.8865,49.12413,Jeep4-Detailed,-26.3866,-11.11658,49.12413,30.23638
1742845024145,118.9169,6640,Eye Hit,Center,851.9453,760.3502,49.10378,Jeep4-Detailed,-26.35276,-11.31222,49.10378,30.28623
1742845024160,118.9365,6641,Eye Hit,Center,852.0126,759.9462,49.10133,Jeep4-Detailed,-26.34962,-11.3347,49.10133,30.2927
1742845024193,118.9681,6643,Eye Hit,Center,850.4123,759.8799,49.12054,Jeep4-Detailed,-26.40333,-11.34288,49.12054,30.32864
1742845024228,119.0014,6645,Eye Hit,Center,851.3316,761.8648,49.1151,Jeep4-Detailed,-26.37548,-11.22902,49.1151,30.27021
1742845024244,119.0195,6646,Eye Hit,Center,850.3837,763.5763,49.13187,Jeep4-Detailed,-26.4102,-11.13595,49.13187,30.25792
1742845024277,119.0515,6648,Eye Hit,Center,851.0828,763.5912,49.12378,Jeep4-Detailed,-26.38688,-11.13318,49.12378,30.24238
1742845024293,119.0685,6649,Eye Hit,Center,851.2074,764.7177,49.12505,Jeep4-Detailed,-26.38419,-11.06957,49.12505,30.21811
1742845024327,119.1024,6651,Eye Hit,Center,854.4995,767.2524,49.091,Jeep4-Detailed,-26.27666,-10.91845,49.091,30.09804
1742845024360,119.1358,6653,Eye Hit,Center,855.2947,766.6196,49.07994,Jeep4-Detailed,-26.24921,-10.95175,49.07994,30.09267
1742845024394,119.1677,6655,Eye Hit,Center,855.5094,769.3666,49.08366,Jeep4-Detailed,-26.24537,-10.79698,49.08367,30.03589
1742845024411,119.1849,6656,Eye Hit,Center,854.1629,770.3151,49.10275,Jeep4-Detailed,-26.2921,-10.74743,49.10275,30.0476
1742845024427,119.2023,6657,Eye Hit,Center,854.6185,771.0031,49.09835,Jeep4-Detailed,-26.27737,-10.70751,49.09835,30.02471
1742845024459,119.2342,6659,Eye Hit,Center,854.9768,772.3824,49.09653,Jeep4-Detailed,-26.2667,-10.629,49.09653,29.99112
1742845024492,119.2674,6661,Eye Hit,Center,854.9408,772.2591,49.09699,Jeep4-Detailed,-26.26791,-10.63604,49.09699,29.99418
1742845024525,119.2995,6663,Eye Hit,Center,855.2402,775.2663,49.0988,Jeep4-Detailed,-26.26077,-10.46618,49.0988,29.93201
1742845024558,119.3318,6665,Eye Hit,Center,855.4996,773.8014,49.09336,Jeep4-Detailed,-26.25083,-10.54798,49.09336,29.95331
1742845024575,119.3489,6666,Eye Hit,Center,856.2619,773.9504,49.08418,Jeep4-Detailed,-26.22527,-10.53758,49.08418,29.93374
1742845024592,119.3659,6667,Eye Hit,Center,857.4447,773.8488,49.06924,Jeep4-Detailed,-26.18524,-10.53999,49.06924,29.90951
1742845024626,119.3989,6669,Eye Hit,Center,859.6901,774.611,49.04206,Jeep4-Detailed,-26.10993,-10.49112,49.04206,29.84585
1742845024642,119.4163,6670,Eye Hit,Center,859.3504,774.6877,49.04644,Jeep4-Detailed,-26.12146,-10.48776,49.04644,29.85194
1742845024676,119.4497,6672,Eye Hit,Center,860.8128,771.777,49.02268,Jeep4-Detailed,-26.06923,-10.64725,49.02268,29.874
1742845024693,119.4669,6673,Eye Hit,Center,862.3658,771.5898,49.00224,Jeep4-Detailed,-26.01634,-10.65346,49.00224,29.84335
1742845024726,119.5014,6675,Eye Hit,Center,862.4247,769.2266,48.99664,Jeep4-Detailed,-26.01178,-10.7857,48.99665,29.88676
1742845024759,119.5341,6677,Eye Hit,Center,864.157,767.088,48.96888,Jeep4-Detailed,-25.9502,-10.90044,48.96888,29.88969
1742845024793,119.5661,6679,Eye Hit,Center,867.2244,769.9709,48.93372,Jeep4-Detailed,-25.84871,-10.72985,48.93372,29.76704
1742845024809,119.583,6680,Eye Hit,Center,865.5756,771.8032,48.95914,Jeep4-Detailed,-25.90669,-10.63194,48.95914,29.76854
1742845024843,119.6178,6682,Eye Hit,Center,864.5511,775.0382,48.97805,Jeep4-Detailed,-25.94441,-10.45333,48.97805,29.73049
1742845024859,119.6346,6683,Eye Hit,Center,862.7641,774.8811,49.00128,Jeep4-Detailed,-26.00507,-10.46707,49.00129,29.77292
1742845024893,119.6663,6685,Eye Hit,Center,875.8109,780.7271,48.83022,Jeep4-Detailed,-25.56254,-10.10121,48.83022,29.37466
1742845024909,119.6834,6686,Eye Hit,Center,874.032,781.0945,48.85585,Jeep4-Detailed,-25.62395,-10.08581,48.85585,29.40763
1742845024927,119.7012,6687,Eye Hit,Center,871.758,781.1333,48.88773,Jeep4-Detailed,-25.70204,-10.09016,48.88773,29.45768
1742845024960,119.7344,6689,Eye Hit,Center,870.792,778.9764,48.89886,Jeep4-Detailed,-25.73397,-10.21408,48.89886,29.51887
1742845024993,119.7665,6691,Eye Hit,Center,862.5709,772.9294,49.00114,Jeep4-Detailed,-26.01021,-10.57732,49.00114,29.81359
1742845025010,119.7841,6692,Eye Hit,Center,859.4404,771.0581,49.03867,Jeep4-Detailed,-26.11489,-10.69131,49.03867,29.91769
1742845025026,119.8013,6693,Eye Hit,Center,858.7575,769.9361,49.04538,Jeep4-Detailed,-26.13695,-10.75639,49.04538,29.95388
1742845025058,119.8337,6695,Eye Hit,Center,855.6212,766.4302,49.07752,Jeep4-Detailed,-26.23906,-10.96188,49.07752,30.08911
1742845025092,119.8676,6697,Eye Hit,Center,855.1114,767.1736,49.08588,Jeep4-Detailed,-26.25735,-10.92161,49.08588,30.0861
1742845025124,119.8985,6699,Eye Hit,Center,849.9012,764.9459,49.14459,Jeep4-Detailed,-26.43012,-11.06104,49.14459,30.24221
1742845025141,119.9153,6700,Eye Hit,Center,850.9437,766.422,49.13529,Jeep4-Detailed,-26.39684,-10.97535,49.13529,30.19146
1742845025174,119.9484,6702,Eye Hit,Center,847.451,765.7957,49.17572,Jeep4-Detailed,-26.51339,-11.01984,49.17572,30.27946
1742845025191,119.9653,6703,Eye Hit,Center,846.9388,765.7172,49.18177,Jeep4-Detailed,-26.53056,-11.02569,49.18177,30.2921
1742845025224,119.9974,6705,Eye Hit,Center,843.6752,765.6595,49.21981,Jeep4-Detailed,-26.63976,-11.0374,49.21981,30.36419
1742845025240,120.0145,6706,Eye Hit,Center,843.948,763.8691,49.2119,Jeep4-Detailed,-26.62806,-11.13738,49.2119,30.39214
1742845025274,120.0483,6708,Eye Hit,Center,843.7729,761.9274,49.20892,Jeep4-Detailed,-26.63122,-11.2469,49.20892,30.43293
1742845025307,120.0814,6710,Eye Hit,Center,843.6406,762.1308,49.21115,Jeep4-Detailed,-26.63601,-11.23595,49.21115,30.43194
1742845025341,120.1142,6712,Eye Hit,Center,841.8,761.8657,49.23192,Jeep4-Detailed,-26.69729,-11.25572,49.23192,30.47685
1742845025358,120.132,6713,Eye Hit,Center,842.0219,761.5857,49.22894,Jeep4-Detailed,-26.68964,-11.27101,49.22894,30.47741
1742845025374,120.1487,6714,Eye Hit,Center,842.8762,761.6718,49.21908,Jeep4-Detailed,-26.66108,-11.26387,49.21908,30.45728
1742845025407,120.1809,6716,Eye Hit,Center,841.6163,762.1937,49.23486,Jeep4-Detailed,-26.70388,-11.2378,49.23486,30.47459
1742845025424,120.1976,6717,Eye Hit,Center,841.8622,761.8185,49.23137,Jeep4-Detailed,-26.69529,-11.25823,49.23137,30.47638
1742845025440,120.2151,6718,Eye Hit,Center,841.1251,761.6394,49.23914,Jeep4-Detailed,-26.71956,-11.27034,49.23914,30.49582
1742845025472,120.2471,6720,Eye Hit,Center,841.516,761.1393,49.23319,Jeep4-Detailed,-26.7057,-11.29733,49.23319,30.49689
1742845025506,120.2795,6722,Eye Hit,Center,843.3907,760.1385,49.20946,Jeep4-Detailed,-26.6419,-11.34877,49.20946,30.47558
1742845025523,120.2965,6723,Eye Hit,Center,844.639,759.8235,49.1939,Jeep4-Detailed,-26.59957,-11.363,49.1939,30.45464
1742845025539,120.3137,6724,Eye Hit,Center,843.8751,758.981,49.19963,Jeep4-Detailed,-26.62341,-11.41219,49.19963,30.48742
1742845025573,120.346,6726,Eye Hit,Center,843.9507,761.4272,49.20576,Jeep4-Detailed,-26.62468,-11.27471,49.20576,30.4387
1742845025589,120.3631,6727,Eye Hit,Center,845.4623,761.1774,49.18776,Jeep4-Detailed,-26.57388,-11.28465,49.18776,30.41071
1742845025622,120.3962,6729,Eye Hit,Center,845.4937,759.7032,49.18309,Jeep4-Detailed,-26.57051,-11.36726,49.18309,30.43846
1742845025655,120.4301,6731,Eye Hit,Center,846.403,762.785,49.18111,Jeep4-Detailed,-26.54476,-11.19195,49.18111,30.35953
1742845025689,120.4628,6733,Eye Hit,Center,848.2285,761.4452,49.15591,Jeep4-Detailed,-26.48161,-11.26216,49.15591,30.34563
1742845025707,120.4798,6734,Eye Hit,Center,849.9521,762.2117,49.13699,Jeep4-Detailed,-26.42466,-11.21435,49.13699,30.29346
1742845025723,120.4973,6735,Eye Hit,Center,851.5336,761.955,49.11737,Jeep4-Detailed,-26.3712,-11.22448,49.11737,30.26408
1742845025755,120.5296,6737,Eye Hit,Center,851.8264,759.8213,49.10754,Jeep4-Detailed,-26.35799,-11.34305,49.10754,30.2991
1742845025789,120.5639,6739,Eye Hit,Center,854.4102,758.473,49.07164,Jeep4-Detailed,-26.26873,-11.41115,49.07164,30.26955
1742845025823,120.5972,6741,Eye Hit,Center,855.0488,755.7962,49.05484,Jeep4-Detailed,-26.24244,-11.55882,49.05484,30.30866
1742845025839,120.6155,6742,Eye Hit,Center,856.9351,754.6732,49.02759,Jeep4-Detailed,-26.1768,-11.61598,49.0276,30.29038
1742845025873,120.6483,6744,Eye Hit,Center,858.1078,751.8566,49.00209,Jeep4-Detailed,-26.13146,-11.7692,49.00209,30.32178
1742845025906,120.6807,6746,Eye Hit,Center,856.7809,750.7726,49.01474,Jeep4-Detailed,-26.17411,-11.83357,49.01474,30.37223
1742845025940,120.7137,6748,Eye Hit,Center,859.8793,749.4988,48.97039,Jeep4-Detailed,-26.06666,-11.89478,48.97039,30.3317
1742845025958,120.7307,6749,Eye Hit,Center,861.0372,749.4661,48.95544,Jeep4-Detailed,-26.02741,-11.89302,48.95544,30.30755
1742845025974,120.7482,6750,Eye Hit,Center,858.8104,750.2541,48.98678,Jeep4-Detailed,-26.1043,-11.85597,48.98677,30.33918
1742845026010,120.7804,6752,Eye Hit,Center,840.9877,741.0743,49.16145,Jeep4-Detailed,-26.68112,-12.41903,49.16145,30.90627
1742845026027,120.8018,6753,Eye Hit,Center,842.0717,741.262,49.15015,Jeep4-Detailed,-26.64557,-12.40548,49.15015,30.87949
1742845026060,120.8352,6755,Eye Hit,Center,840.7647,740.4319,49.16074,Jeep4-Detailed,-26.68679,-12.45542,49.16074,30.92422
1742845026094,120.8684,6757,Eye Hit,Center,841.2658,739.8423,49.15219,Jeep4-Detailed,-26.66855,-12.48663,49.15219,30.92579
1742845026126,120.9018,6759,Eye Hit,Center,839.6604,741.2149,49.17653,Jeep4-Detailed,-26.72535,-12.41496,49.17653,30.93144
1742845026160,120.9357,6761,,Center,953.2207,770.2842,47.4996,,-22.83592,-10.39835,47.4996,27.8455
1742845026194,120.9686,6763,Eye Hit,Center,967.0679,778.5703,47.23501,MicroBus1-Detailed,-22.3476,-9.888693,47.23501,27.35542
1742845026227,121.0029,6765,Eye Hit,Center,973.2433,779.9999,47.10957,MicroBus1-Detailed,-22.12763,-9.784804,47.10957,27.18409
1742845026264,121.0375,6767,Eye Hit,Center,981.8651,779.6672,46.92877,MicroBus1-Detailed,-21.81932,-9.765147,46.92877,26.99364
1742845026280,121.0548,6768,Eye Hit,Center,984.7775,778.2544,46.86574,MicroBus1-Detailed,-21.71466,-9.828544,46.86574,26.95741
1742845026312,121.0864,6770,,Center,992.5913,775.6958,46.69491,,-21.43406,-9.930597,46.69491,26.83467
1742845026331,121.1038,6771,,Center,1005.42,775.7162,46.41296,,-20.97592,-9.869391,46.41296,26.54063
1742845026347,121.1217,6772,Eye Hit,Center,909.8087,759.2917,48.26364,Jeep4-Detailed,-24.36002,-11.17777,48.26364,29.0446
1742845026363,121.1387,6773,Eye Hit,Center,919.5189,758.4493,48.09608,Jeep4-Detailed,-24.0176,-11.18557,48.09608,28.84894
1742845026397,121.1716,6775,Eye Hit,Center,914.4553,756.7462,48.17815,Jeep4-Detailed,-24.19328,-11.29948,48.17815,28.99668
1742845026431,121.2055,6777,Eye Hit,Center,930.2709,756.2155,47.89922,Jeep4-Detailed,-23.63495,-11.26331,47.89922,28.66087
1742845026465,121.2395,6779,Eye Hit,Center,945.7488,750.6168,47.59378,Jeep4-Detailed,-23.07753,-11.49903,47.59378,28.44643
1742845026484,121.2562,6780,Eye Hit,Center,960.0538,750.4109,47.31426,Jeep4-Detailed,-22.56832,-11.4427,47.31426,28.13768
1742845026502,121.2775,6781,Eye Hit,Center,965.5757,749.9442,47.20205,Jeep4-Detailed,-22.37089,-11.44095,47.20205,28.02739
1742845026519,121.2944,6782,Eye Hit,Center,961.1296,748.1936,47.28429,Jeep4-Detailed,-22.52594,-11.55648,47.28429,28.1659
1742845026539,121.3175,6783,Eye Hit,Center,970.4389,748.4361,47.09715,Jeep4-Detailed,-22.19473,-11.49744,47.09715,27.9563
1742845026567,121.3401,6784,Eye Hit,Center,961.3168,747.6122,47.27771,Jeep4-Detailed,-22.51792,-11.58661,47.27771,28.17547
1742845026593,121.3663,6785,Eye Hit,Center,970.4675,748.6124,47.09568,Jeep4-Detailed,-22.19328,-11.48756,47.09568,27.95151
1742845026629,121.3937,6786,Eye Hit,Center,976.7304,752.6951,46.97953,Jeep4-Detailed,-21.9761,-11.2379,46.97952,27.71718
1742845026668,121.4232,6787,Eye Hit,Center,981.3313,762.6332,46.91028,Jeep4-Detailed,-21.82455,-10.68343,46.91027,27.38377
1742845026704,121.4603,6788,Eye Hit,Center,988.1524,763.0766,46.76593,Jeep4-Detailed,-21.58128,-10.62664,46.76593,27.22063
1742845026732,121.4972,6789,Eye Hit,Center,994.9825,764.6573,46.62196,Jeep4-Detailed,-21.33903,-10.50891,46.62196,27.03052
1742845026762,121.5255,6790,Eye Hit,Center,998.7032,768.7059,46.54902,Jeep4-Detailed,-21.21002,-10.27495,46.54902,26.85308
1742845026793,121.5546,6791,Eye Hit,Center,998.7677,768.5204,46.54771,Jeep4-Detailed,-21.20777,-10.28461,46.54771,26.85588
1742845026822,121.5857,6792,Eye Hit,Center,998.761,767.861,46.54712,Jeep4-Detailed,-21.20767,-10.31999,46.54712,26.87123
1742845026851,121.6156,6793,Eye Hit,Center,1000.246,767.7797,46.51467,Jeep4-Detailed,-21.15475,-10.31706,46.51468,26.83945
1742845026879,121.6446,6794,Eye Hit,Center,1006.669,768.0861,46.37296,Jeep4-Detailed,-20.92586,-10.26917,46.37296,26.68683
1742845026922,121.6729,6795,Eye Hit,Center,1012.981,768.4303,46.23233,Jeep4-Detailed,-20.70128,-10.21968,46.23233,26.5356
1742845026965,121.7154,6796,Eye Hit,Center,1020.223,769.7659,46.06998,Jeep4-Detailed,-20.44438,-10.1128,46.06998,26.33956
1742845027008,121.7587,6797,Eye Hit,Center,1042.646,767.1951,45.54191,Jeep4-Detailed,-19.64625,-10.13205,45.54191,25.89093
1742845027049,121.8014,6798,Eye Hit,Center,1084.003,769.5398,44.53366,Jeep4-Detailed,-18.19444,-9.787283,44.53366,24.8873
1742845027090,121.8421,6799,Eye Hit,Center,1153.308,767.387,42.73927,Jeep4-Detailed,-15.82598,-9.499055,42.73927,23.35815
1742845027133,121.8832,6800,Eye Hit,Center,1142.852,736.6667,42.93979,Jeep4-Detailed,-16.14812,-11.06567,42.93979,24.50772
1742845027174,121.9255,6801,Eye Hit,Center,1244.594,715.8998,40.1683,Jeep4-Detailed,-12.84952,-11.31404,40.1683,23.08485
1742845027203,121.9678,6802,Eye Hit,Center,1308.184,704.7156,38.44752,Jeep4-Detailed,-10.94923,-11.32554,38.44752,22.2801
1742845027244,121.995,6803,,Center,1249.114,710.9897,40.02745,,-12.70458,-11.50113,40.02745,23.17747
1742845027274,122.0372,6804,,Center,1104.685,731.5425,43.90195,,-17.43505,-11.57322,43.90195,25.48552
1742845027300,122.0661,6805,,Center,984.2003,769.0242,46.86164,,-21.7277,-10.3268,46.86164,27.17418
1742845027330,122.0925,6806,,Center,901.2833,787.4819,48.44168,,-24.67788,-9.643307,48.44168,28.67639
1742845027358,122.1221,6807,Eye Hit,Center,838.1341,830.1579,49.23487,NorthWalkingPole,-26.79854,-7.376682,49.23487,29.44666
1742845027387,122.15,6808,,Center,803.7178,844.3154,49.50061,,-27.88375,-6.607738,49.50061,30.06663
1742845027415,122.1803,6809,,Center,877.267,839.0765,48.70297,,-25.45678,-6.795735,48.70297,28.41332
1742845027443,122.2085,6810,,Center,836.3568,852.9233,49.14756,,-26.79923,-6.072407,49.14756,29.20972
1742845027469,122.236,6811,,Center,826.3855,858.8489,49.2177,,-27.10844,-5.744618,49.2177,29.38029
1742845027497,122.2621,6812,,Center,820.0312,882.623,49.10635,,-27.21939,-4.384572,49.10635,29.31159
1742845027525,122.2888,6813,,Center,790.619,881.1117,49.35426,,-28.15825,-4.492743,49.35426,30.01716
1742845027554,122.3158,6814,Eye Hit,Center,763.1613,875.0778,49.5524,NorthCarSignal,-29.02247,-4.855757,49.5524,30.70326
1742845027585,122.3454,6815,Eye Hit,Center,790.965,872.9187,49.41766,NorthCarSignal,-28.18497,-4.96565,49.41766,30.07624
1742845027611,122.3754,6816,Eye Hit,Center,773.1732,876.0034,49.49865,NorthCarSignal,-28.7174,-4.797614,49.49865,30.46429
1742845027630,122.4025,6817,,Center,722.0039,873.6298,49.65269,,-30.20947,-4.948543,49.65269,31.65485
1742845027652,122.4205,6818,,Center,740.1299,878.6222,49.59413,,-29.67755,-4.657042,49.59414,31.20459
1742845027671,122.4428,6819,,Center,747.521,881.5884,49.55156,,-29.44987,-4.483298,49.55156,31.01325
1742845027687,122.4607,6820,,Center,721.6862,882.0768,49.58405,,-30.17642,-4.458432,49.58405,31.59974
1742845027705,122.4779,6821,,Center,730.9843,885.925,49.5438,,-29.89758,-4.234828,49.5438,31.36152
1742845027722,122.495,6822,,Center,752.9054,886.2903,49.49498,,-29.2691,-4.209686,49.49498,30.85579
1742845027738,122.5125,6823,,Center,737.8204,888.2313,49.51456,,-29.69306,-4.100486,49.51456,31.18964
1742845027771,122.5445,6825,Eye Hit,Center,605.2682,743.9578,49.23494,NW_Tree_50,-33.12852,-12.27381,49.23494,35.66177
1742845027802,122.5764,6827,Eye Hit,Center,622.5997,748.0567,49.4218,NW_Tree_50,-32.78134,-12.08663,49.4218,35.25826
1742845027833,122.6081,6829,,Center,605.98,698.8842,48.94304,,-32.91288,-14.74655,48.94304,36.38601
1742845027864,122.6401,6831,Eye Hit,Center,601.7827,695.4919,48.86695,RoadWest,-32.97495,-14.91489,48.86695,36.52388
1742845027894,122.6696,6833,,Center,612.2233,708.881,49.08587,,-32.83973,-14.22335,49.08587,36.09509
1742845027925,122.6993,6835,,Center,618.3124,704.603,49.11091,,-32.69138,-14.47303,49.11091,36.05394
1742845027956,122.7309,6837,,Center,618.1507,710.5159,49.15568,,-32.72557,-14.15096,49.15568,35.95449
1742845027985,122.7603,6839,,Center,607.382,719.1447,49.11021,,-32.98727,-13.64891,49.11021,36.01438
1742845028017,122.7913,6841,,Center,590.2612,719.4454,48.91836,,-33.32081,-13.5786,48.91836,36.33589
1742845028047,122.822,6843,,Center,580.8298,719.334,48.80196,,-33.49564,-13.55244,48.80196,36.51662
1742845028064,122.839,6844,,Center,574.7477,720.209,48.72639,,-33.60739,-13.48238,48.72639,36.61782
1742845028094,122.8693,6846,,Center,557.9924,718.4907,48.4843,,-33.88893,-13.51138,48.4843,36.96046
1742845028125,122.9007,6848,,Center,531.944,718.5675,48.08417,,-34.30078,-13.39566,48.08417,37.44555
1742845028156,122.9334,6850,,Center,478.851,718.1525,47.11855,,-34.99313,-13.14929,47.11855,38.42719
1742845028188,122.964,6852,,Center,420.9792,718.4814,45.89231,,-35.54877,-12.78959,45.89231,39.4619
1742845028224,122.9955,6854,,Center,305.333,711.8031,43.02509,,-36.07488,-12.32206,43.02509,41.54171
1742845028241,123.0177,6855,,Center,314.2144,712.3969,43.25935,,-36.05917,-12.35962,43.25935,41.38531
1742845028257,123.0375,6856,,Center,247.2293,712.0095,41.5049,,-36.13169,-11.87688,41.50491,42.50107
1742845028307,123.0809,6858,,Center,301.2675,718.1796,42.94024,,-36.10011,-11.98195,42.94024,41.53465
1742845028331,123.1092,6859,Eye Hit,Center,410.3924,728.7339,45.6851,Jeep4-Detailed,-35.65529,-12.19141,45.6851,39.51648
1742845028366,123.1377,6860,Eye Hit,Center,460.8215,744.1673,46.85118,Jeep4-Detailed,-35.26093,-11.6683,46.85118,38.4057
1742845028403,123.1695,6861,Eye Hit,Center,441.6215,761.1762,46.48309,Jeep4-Detailed,-35.47663,-10.66433,46.48309,38.55319
1742845028441,123.1969,6862,,Center,399.6176,783.1964,45.54578,,-35.81749,-9.291988,45.54578,39.09175
1742845028481,123.234,6863,,Center,288.5481,793.8989,42.73,,-36.22342,-8.189729,42.73,40.9947
1742845028514,123.2747,6864,,Center,331.3361,785.8293,43.84062,,-36.12926,-8.810815,43.84062,40.3065
1742845028547,123.3082,6865,,Center,380.6229,800.7278,45.07316,,-35.9185,-8.283762,45.07315,39.2767
1742845028573,123.3395,6866,,Center,422.5617,809.805,46.05427,,-35.63398,-7.981651,46.05427,38.41129
1742845028604,123.3659,6867,,Center,461.2416,812.1867,46.89854,,-35.28569,-7.999166,46.89854,37.64927
1742845028635,123.3966,6868,,Center,513.4451,799.4744,47.93158,,-34.68147,-8.878391,47.93158,36.75588
1742845028663,123.4266,6869,,Center,576.5648,791.2441,48.92237,,-33.69349,-9.526428,48.92237,35.59176
1742845028692,123.4544,6870,Eye Hit,Center,622.2814,792.8896,49.44324,NE_Tree_10,-32.80425,-9.534116,49.44324,34.64164
1742845028724,123.4833,6871,Eye Hit,Center,581.7433,793.911,48.99681,NE_Tree_10,-33.60467,-9.390271,48.99681,35.45572
1742845028753,123.515,6872,,Center,621.0751,788.4557,49.4385,,-32.83403,-9.786103,49.4385,34.72234
1742845028782,123.5437,6873,,Center,592.29,791.3577,49.11168,,-33.39748,-9.55692,49.11168,35.27277
1742845028800,123.5729,6874,,Center,788.5364,780.1548,49.68666,,-28.40503,-10.31116,49.68666,31.30729
1742845028822,123.5904,6875,,Center,818.8085,775.105,49.44688,,-27.44152,-10.54943,49.44688,30.73429
1742845028841,123.6127,6876,,Center,840.8038,778.019,49.23563,,-26.72639,-10.3389,49.23563,30.20055
1742845028857,123.6319,6877,,Center,832.0602,774.4385,49.31907,,-27.00976,-10.56017,49.31907,30.45653
1742845028892,123.6639,6879,,Center,847.6598,772.9811,49.14373,,-26.49047,-10.60529,49.14373,30.14088
1742845028908,123.6821,6880,,Center,875.8711,773.7111,48.78946,,-25.53959,-10.48772,48.78946,29.50476
1742845028941,123.7151,6882,,Center,866.5048,773.9645,48.92221,,-25.86206,-10.50187,48.92221,29.70729
1742845028972,123.7467,6884,,Center,862.8151,768.8477,48.9645,,-25.98416,-10.8001,48.9645,29.88543
1742845029005,123.7808,6886,,Center,869.6038,769.7684,48.87527,,-25.75363,-10.72858,48.87527,29.71856
1742845029038,123.8121,6888,,Center,882.7555,776.738,48.69395,,-25.30451,-10.29703,48.69394,29.29426
1742845029069,123.8439,6890,,Center,888.6993,781.8785,48.61428,,-25.10357,-9.991808,48.61428,29.06456
1742845029102,123.8761,6892,,Center,898.1765,779.0809,48.46464,,-24.77271,-10.11765,48.46465,28.90477
1742845029134,123.9102,6894,,Center,898.6852,774.1149,48.45227,,-24.75278,-10.39269,48.45227,28.98957
1742845029167,123.9417,6896,,Center,904.9255,776.4168,48.35703,,-24.53753,-10.24386,48.35703,28.80499
1742845029201,123.9769,6898,,Center,939.1877,773.3777,47.75227,,-23.32737,-10.28316,47.75227,28.09624
1742845029233,124.008,6900,,Center,967.0724,769.4363,47.20339,,-22.33252,-10.3796,47.20339,27.55177
1742845029268,124.0422,6902,,Center,1007.874,760.7393,46.31314,,-20.86805,-10.64866,46.31314,26.83303
1742845029300,124.0747,6904,,Center,1032.034,751.5572,45.73783,,-19.99874,-11.0009,45.73783,26.52078
1742845029333,124.1074,6906,,Center,1042.846,743.059,45.45761,,-19.60486,-11.37933,45.45761,26.50374
1742845029365,124.1397,6908,,Center,1029.203,740.2252,45.76908,,-20.08393,-11.60693,45.76908,26.87677
1742845029398,124.1728,6910,,Center,1007.941,748.516,46.28804,,-20.85503,-11.29568,46.28804,27.13022
1742845029429,124.2043,6912,,Center,990.1153,755.4559,46.70353,,-21.50187,-11.02313,46.70353,27.35547
1742845029461,124.2358,6914,,Center,960.1957,736.6609,47.25404,,-22.53589,-12.17783,47.25404,28.46149
1742845029493,124.2688,6916,,Center,934.9917,740.9114,47.75631,,-23.43997,-12.073,47.75631,28.90325
1742845029525,124.3001,6918,,Center,938.5916,737.8705,47.67754,,-23.30655,-12.2204,47.67754,28.89687
1742845029557,124.3305,6920,,Center,923.4934,722.5907,47.86338,,-23.79638,-13.11194,47.86338,29.58142
1742845029574,124.3472,6921,,Center,917.5325,725.0077,47.97734,,-24.01092,-13.00937,47.97734,29.64858
1742845029590,124.3645,6922,,Center,918.3559,732.4418,48.00238,,-24.00163,-12.60433,48.00238,29.4561
1742845029622,124.3966,6924,,Center,907.4708,746.3538,48.24669,,-24.41374,-11.89402,48.24669,29.37413
1742845029638,124.4136,6925,,Center,909.3782,751.2962,48.23228,,-24.35565,-11.61541,48.23228,29.22488
1742845029671,124.4443,6927,,Center,909.0735,748.3313,48.22313,,-24.35915,-11.77821,48.22313,29.2961
1742845029691,124.4721,6928,,Center,909.0056,735.9128,48.17085,,-24.33454,-12.45564,48.17085,29.57497
1742845029722,124.4975,6930,,Center,919.3731,731.8862,47.97454,,-23.96077,-12.62778,47.97454,29.44749
1742845029757,124.5312,6932,,Center,944.255,729.9782,47.51201,,-23.07707,-12.61078,47.51201,28.96458
1742845029789,124.5633,6934,,Center,972.4399,731.7867,46.96569,,-22.08089,-12.36779,46.96569,28.31913
1742845029820,124.5953,6936,,Center,1008.754,734.8496,46.20166,,-20.79537,-12.00321,46.20166,27.46082
1742845029855,124.63,6938,,Center,1072.049,737.201,44.71586,,-18.564,-11.49591,44.71586,26.02676
1742845029887,124.6629,6940,,Center,1099.419,736.5833,44.02253,,-17.61093,-11.34907,44.02253,25.45055
1742845029904,124.6802,6941,,Center,1137.448,734.342,43.03138,,-16.31094,-11.20484,43.03138,24.6962
1742845029920,124.6976,6942,,Center,999.2627,743.5097,46.41199,,-21.13325,-11.59417,46.41199,27.44577
1742845029939,124.7196,6943,,Center,1068.498,741.2016,44.77161,,-18.67493,-11.30359,44.77161,25.99261
1742845029978,124.7481,6944,Eye Hit,Center,936.756,724.2007,47.51192,NorthSidewalk,-23.27374,-12.92739,47.51192,29.26382
1742845030015,124.7749,6945,Eye Hit,Center,820.7505,698.1118,48.89718,NorthSidewalk,-27.08403,-14.77638,48.89717,32.2507
1742845030049,124.8084,6946,Eye Hit,Center,788.3563,719.4554,49.296,NorthSidewalk,-28.18658,-13.68286,49.296,32.43974
1742845030089,124.8418,6947,,Center,786.9272,730.4041,49.35871,,-28.26138,-13.07666,49.35871,32.24756
1742845030120,124.8811,6948,,Center,783.2384,760.0012,49.57891,,-28.48844,-11.44172,49.57891,31.76661
1742845030148,124.913,6949,,Center,827.306,760.8615,49.18881,,-27.06752,-11.30292,49.18881,30.80883
1742845030178,124.9416,6950,,Center,878.4998,759.1484,48.57487,,-25.35676,-11.25783,48.57487,29.73285
1742845030208,124.971,6951,,Center,858.1929,755.0901,48.84315,,-26.04442,-11.54881,48.84315,30.25493
1742845030236,125.0008,6952,Eye Hit,Center,764.7441,712.3427,49.40992,NorthSidewalk,-28.89585,-14.11991,49.40992,33.06032
1742845030265,125.0284,6953,Eye Hit,Center,738.7646,707.2484,49.4535,NorthSidewalk,-29.63066,-14.42307,49.4535,33.67846
1742845030294,125.0577,6954,Eye Hit,Center,746.5005,702.3743,49.40105,NorthSidewalk,-29.38824,-14.68556,49.40105,33.62514
1742845030323,125.0866,6955,Eye Hit,Center,774.9633,696.9351,49.25035,NorthSidewalk,-28.52465,-14.94999,49.25035,33.18078
1742845030353,125.1154,6956,Eye Hit,Center,789.3831,696.2775,49.1662,NorthSidewalk,-28.08449,-14.96178,49.1662,32.9117
1742845030380,125.1448,6957,Eye Hit,Center,802.7229,689.6868,48.97038,NorthSidewalk,-27.61197,-15.27449,48.97038,32.79666
1742845030408,125.1735,6958,Eye Hit,Center,788.1169,682.6762,49.00724,NorthSidewalk,-28.02797,-15.68251,49.00724,33.23899
1742845030436,125.202,6959,Eye Hit,Center,768.0318,676.4667,49.05618,NorthSidewalk,-28.59993,-16.0496,49.05618,33.76391
1742845030464,125.2282,6960,Eye Hit,Center,738.8976,669.1357,49.07071,NorthSidewalk,-29.39771,-16.46954,49.07071,34.47731
1742845030491,125.2562,6961,Eye Hit,Center,725.9662,669.2579,49.09438,NorthSidewalk,-29.76241,-16.47056,49.09438,34.71682
1742845030520,125.284,6962,Eye Hit,Center,727.4413,681.9055,49.23931,NorthSidewalk,-29.81017,-15.80053,49.23931,34.41893
1742845030548,125.3124,6963,Eye Hit,Center,723.4328,667.7131,49.04557,NorthSidewalk,-29.80141,-16.54156,49.04557,34.79752
1742845030576,125.3412,6964,Eye Hit,Center,724.5131,685.6533,49.24846,NorthSidewalk,-29.89532,-15.59043,49.24846,34.39621
1742845030603,125.3688,6965,Eye Hit,Center,731.2872,681.4935,49.21241,NorthSidewalk,-29.68938,-15.81537,49.21241,34.35447
1742845030630,125.3948,6966,Eye Hit,Center,730.7406,686.2432,49.27506,NorthSidewalk,-29.74205,-15.56538,49.27506,34.26486
1742845030658,125.4237,6967,Eye Hit,Center,737.0366,699.4113,49.40266,NorthSidewalk,-29.64734,-14.85508,49.40266,33.8709
1742845030686,125.4506,6968,Eye Hit,Center,739.4388,683.0281,49.25547,NorthSidewalk,-29.49368,-15.74183,49.25547,34.16639
1742845030714,125.4781,6969,Eye Hit,Center,735.5178,689.2983,49.28994,NorthSidewalk,-29.62103,-15.39636,49.28994,34.10927
1742845030742,125.5062,6970,Eye Hit,Center,732.2709,693.3422,49.34331,NorthSidewalk,-29.74155,-15.18281,49.34331,34.08793
1742845030770,125.5346,6971,Eye Hit,Center,735.4934,680.2588,49.21753,NorthSidewalk,-29.57818,-15.88704,49.21753,34.30069
1742845030798,125.5618,6972,Eye Hit,Center,734.0745,671.9838,49.13581,NorthSidewalk,-29.56755,-16.32982,49.13581,34.50568
1742845030827,125.5905,6973,Eye Hit,Center,733.0757,673.2684,49.15615,NorthSidewalk,-29.60691,-16.26383,49.15615,34.49669
1742845030854,125.6197,6974,Eye Hit,Center,729.875,672.5515,49.11316,NorthSidewalk,-29.66779,-16.29007,49.11316,34.57232
1742845030883,125.647,6975,Eye Hit,Center,728.834,675.7098,49.15237,NorthSidewalk,-29.71973,-16.12401,49.15237,34.52409
1742845030910,125.6755,6976,Eye Hit,Center,727.4303,674.0557,49.13885,NorthSidewalk,-29.74963,-16.21331,49.13885,34.58595
1742845030938,125.703,6977,Eye Hit,Center,730.8663,673.0862,49.1291,NorthSidewalk,-29.65053,-16.26518,49.1291,34.54218
1742845030966,125.7305,6978,Eye Hit,Center,737.0339,670.9124,49.1009,NorthSidewalk,-29.46632,-16.37891,49.1009,34.47335
1742845030994,125.7591,6979,Eye Hit,Center,743.7274,664.0412,49.01328,NorthSidewalk,-29.23261,-16.73838,49.01328,34.49976
1742845031022,125.7864,6980,Eye Hit,Center,752.3727,664.2117,48.99886,NorthSidewalk,-28.99013,-16.72374,48.99886,34.33455
1742845031050,125.815,6981,Eye Hit,Center,766.8871,667.341,48.93989,NorthSidewalk,-28.56307,-16.52701,48.9399,33.99153
1742845031077,125.8429,6982,Eye Hit,Center,774.1288,672.1678,48.96826,NorthSidewalk,-28.38383,-16.26386,48.96826,33.7449
1742845031105,125.8707,6983,Eye Hit,Center,747.2301,611.0859,48.2477,NorthSidewalk,-28.6827,-19.42506,48.2477,35.67804
1742845031133,125.8978,6984,Eye Hit,Center,756.9417,586.387,47.81696,NorthSidewalk,-28.17024,-20.6144,47.81696,36.13012
1742845031161,125.9257,6985,Eye Hit,Center,764.2088,585.5834,47.78724,NorthSidewalk,-27.961,-20.64589,47.78724,36.02969
1742845031189,125.9532,6986,Eye Hit,Center,781.545,585.403,47.71693,NorthSidewalk,-27.46315,-20.62552,47.71693,35.7457
1742845031218,125.9813,6987,Eye Hit,Center,793.0692,604.8094,47.94654,NorthSidewalk,-27.29024,-19.65114,47.94654,35.04543
1742845031245,126.0104,6988,Eye Hit,Center,796.1748,609.2621,48.01105,NorthSidewalk,-27.24463,-19.43089,48.01105,34.87661
1742845031273,126.0392,6989,Eye Hit,Center,802.6476,607.4736,47.94948,NorthSidewalk,-27.03833,-19.50492,47.94948,34.81096
1742845031300,126.0657,6990,Eye Hit,Center,782.5594,599.0925,47.94886,NorthSidewalk,-27.56978,-19.96834,47.94886,35.37305
1742845031327,126.0937,6991,Eye Hit,Center,738.0485,650.0954,48.87349,NorthSidewalk,-29.30247,-17.47705,48.87349,34.91894
1742845031356,126.1197,6992,Eye Hit,Center,696.5831,726.9697,49.61156,NorthSidewalk,-30.88074,-13.34028,49.61156,34.13915
1742845031384,126.1481,6993,Eye Hit,Center,689.9175,727.7293,49.56115,NorthSidewalk,-31.03176,-13.28324,49.56115,34.25808
1742845031411,126.1756,6994,Eye Hit,Center,682.6646,734.2839,49.58158,NorthSidewalk,-31.2431,-12.91366,49.58158,34.28773
1742845031439,126.2042,6995,Eye Hit,Center,678.5148,735.4734,49.57667,NorthSidewalk,-31.35359,-12.84429,49.57668,34.35011
1742845031467,126.2313,6996,Eye Hit,Center,669.9803,744.312,49.58676,NorthSidewalk,-31.59363,-12.34128,49.58676,34.37304
1742845031496,126.2593,6997,Eye Hit,Center,661.0401,747.9443,49.5601,NorthSidewalk,-31.82126,-12.12688,49.5601,34.49369
1742845031524,126.2884,6998,Eye Hit,Center,654.3525,738.8411,49.48147,NorthSidewalk,-31.95348,-12.62747,49.48147,34.77467
1742845031552,126.3162,6999,Eye Hit,Center,739.4846,643.2551,48.76785,NorthSidewalk,-29.20046,-17.82417,48.76785,35.04966
1742845031580,126.3444,7000,Eye Hit,Center,720.7287,642.5938,48.73495,NorthSidewalk,-29.68542,-17.84933,48.73495,35.40338
1742845031608,126.3744,7001,Eye Hit,Center,724.7951,620.8083,48.42814,NorthSidewalk,-29.38982,-18.95439,48.42814,35.83452
1742845031636,126.4006,7002,Eye Hit,Center,720.3258,632.6978,48.61664,NorthSidewalk,-29.62417,-18.36127,48.61663,35.63648
1742845031662,126.4284,7003,Eye Hit,Center,693.7333,635.672,48.63918,NorthSidewalk,-30.35203,-18.20278,48.63918,36.0412
1742845031690,126.4538,7004,Eye Hit,Center,693.7634,648.2455,48.82312,NorthSidewalk,-30.46599,-17.56334,48.82312,35.76421
1742845031719,126.4827,7005,Eye Hit,Center,675.9464,649.5851,48.74715,NorthSidewalk,-30.89811,-17.46051,48.74715,36.05645
1742845031745,126.512,7006,Eye Hit,Center,694.1464,634.3703,48.61447,NorthSidewalk,-30.32551,-18.2666,48.61447,36.06287
1742845031774,126.5388,7007,Eye Hit,Center,740.6613,627.9101,48.54768,NorthSidewalk,-29.0371,-18.60338,48.54768,35.38769
1742845031801,126.5654,7008,Eye Hit,Center,757.0513,621.9188,48.42884,NorthSidewalk,-28.52778,-18.89259,48.42884,35.24236
1742845031829,126.5934,7009,Eye Hit,Center,746.4,631.1803,48.60593,NorthSidewalk,-28.91794,-18.44233,48.60594,35.20825
1742845031857,126.6208,7010,Eye Hit,Center,737.7547,618.8952,48.44665,NorthSidewalk,-29.05441,-19.06864,48.44665,35.65361
1742845031886,126.6483,7011,Eye Hit,Center,727.9702,605.4138,48.24638,NorthSidewalk,-29.19495,-19.74035,48.24638,36.14689
1742845031914,126.6777,7012,Eye Hit,Center,724.2682,589.757,47.94834,NorthSidewalk,-29.11259,-20.48466,47.94834,36.5905
1742845031941,126.7071,7013,Eye Hit,Center,719.8635,568.4623,47.56322,NorthSidewalk,-28.99442,-21.48877,47.56322,37.19001
1742845031969,126.7345,7014,Eye Hit,Center,724.819,564.0549,47.48102,NorthSidewalk,-28.81441,-21.69308,47.48102,37.22096
1742845031998,126.7612,7015,Eye Hit,Center,744.0544,571.3639,47.59975,NorthSidewalk,-28.38096,-21.34585,47.59975,36.72518
1742845032025,126.7906,7016,Eye Hit,Center,750.2892,566.564,47.49845,NorthSidewalk,-28.15705,-21.56352,47.49845,36.7475
1742845032053,126.8169,7017,Eye Hit,Center,752.6615,558.6049,47.30276,NorthSidewalk,-27.97909,-21.90919,47.30276,36.91594
1742845032081,126.8452,7018,Eye Hit,Center,759.3164,546.9425,47.05656,NorthSidewalk,-27.66058,-22.42846,47.05656,37.11735
1742845032109,126.8744,7019,Eye Hit,Center,765.6357,534.3589,46.78391,NorthSidewalk,-27.33707,-22.97774,46.78391,37.35533
1742845032137,126.9014,7020,Eye Hit,Center,769.103,524.3483,46.56732,NorthSidewalk,-27.12138,-23.40927,46.56732,37.5731
1742845032166,126.9303,7021,Eye Hit,Center,772.1711,510.6617,46.26678,NorthSidewalk,-26.86797,-23.98887,46.26678,37.90084
1742845032193,126.9591,7022,Eye Hit,Center,776.7643,500.7367,46.03633,NorthSidewalk,-26.6174,-24.39658,46.03633,38.10725
1742845032222,126.9857,7023,Eye Hit,Center,788.662,487.3842,45.64871,NorthSidewalk,-26.09342,-24.89449,45.64871,38.3098
1742845032248,127.0141,7024,Eye Hit,Center,773.6174,655.6522,48.79235,NorthSidewalk,-28.29565,-17.13515,48.79236,34.13594
1742845032276,127.0424,7025,Eye Hit,Center,773.3579,655.7767,48.8054,NorthSidewalk,-28.31021,-17.13285,48.8054,34.13788
1742845032304,127.0691,7026,Eye Hit,Center,766.6471,675.9055,49.08103,NorthSidewalk,-28.65194,-16.08956,49.08103,33.80286
1742845032331,127.0953,7027,Eye Hit,Center,773.4142,682.4673,49.12924,NorthSidewalk,-28.49653,-15.73335,49.12924,33.52709
1742845032360,127.1229,7028,Eye Hit,Center,779.6086,689.4047,49.17621,NorthSidewalk,-28.3556,-15.35482,49.17621,33.25388
1742845032387,127.1515,7029,Eye Hit,Center,783.184,682.6207,49.09806,NorthSidewalk,-28.21361,-15.71476,49.09806,33.33546
1742845032415,127.179,7030,Eye Hit,Center,786.3036,677.9124,48.99757,NorthSidewalk,-28.07148,-15.94876,48.99757,33.38192
1742845032443,127.2081,7031,Eye Hit,Center,794.0466,666.5748,48.83022,NorthSidewalk,-27.76686,-16.53301,48.83022,33.49691
1742845032471,127.2357,7032,Eye Hit,Center,804.6846,654.2599,48.61155,NorthSidewalk,-27.357,-17.14972,48.61155,33.59233
1742845032500,127.2633,7033,Eye Hit,Center,817.1111,649.092,48.44995,NorthSidewalk,-26.93367,-17.38177,48.44995,33.48937
1742845032527,127.291,7034,Eye Hit,Center,818.978,648.3417,48.4288,NorthSidewalk,-26.87199,-17.41613,48.4288,33.47362
1742845032555,127.3188,7035,Eye Hit,Center,750.3484,707.4944,49.4626,NorthSidewalk,-29.31979,-14.41176,49.4626,33.44497
1742845032584,127.3467,7036,Eye Hit,Center,754.5197,704.0761,49.38472,NorthSidewalk,-29.15988,-14.58386,49.38472,33.43256
1742845032611,127.3757,7037,,Center,723.0343,730.9557,49.63782,,-30.1722,-13.11898,49.63783,33.53717
1742845032638,127.4025,7038,,Center,712.985,727.7302,49.62272,,-30.43833,-13.29974,49.62272,33.79807
1742845032666,127.4305,7039,,Center,712.738,715.2115,49.54375,,-30.39665,-13.99411,49.54374,34.03624
1742845032694,127.4582,7040,,Center,714.8401,717.1205,49.56526,,-30.35232,-13.89109,49.56526,33.95853
1742845032723,127.4861,7041,,Center,715.0771,711.1324,49.52756,,-30.32277,-14.22268,49.52757,34.0682
1742845032751,127.5171,7042,,Center,712.5405,704.0995,49.43159,,-30.33323,-14.5964,49.43159,34.25448
1742845032777,127.5428,7043,,Center,711.5576,699.9739,49.40263,,-30.34227,-14.82303,49.40263,34.35478
1742845032807,127.5701,7044,,Center,708.1358,696.3297,49.37494,,-30.41854,-15.02229,49.37494,34.49313
1742845032834,127.5988,7045,,Center,709.5746,703.2994,49.44986,,-30.42542,-14.64743,49.44986,34.32786
1742845032861,127.6255,7046,,Center,712.5405,693.4206,49.37591,,-30.29906,-15.18833,49.37591,34.46658
1742845032888,127.6529,7047,,Center,708.1967,689.3443,49.34612,,-30.39912,-15.41127,49.34612,34.63213
1742845032918,127.681,7048,,Center,709.6782,693.6608,49.35726,,-30.36561,-15.16884,49.35727,34.51674
1742845032944,127.7097,7049,,Center,712.3987,696.5639,49.39635,,-30.31547,-15.01541,49.39635,34.40627
1742845032972,127.7373,7050,,Center,715.0339,695.7313,49.39856,,-30.24496,-15.06358,49.39856,34.37211
1742845033000,127.7637,7051,,Center,717.4847,692.9151,49.37968,,-30.16659,-15.21831,49.37968,34.38174
1742845033027,127.7915,7052,,Center,718.6045,684.0716,49.29899,,-30.08681,-15.69651,49.29899,34.54176
1742845033055,127.8191,7053,,Center,723.6652,684.0046,49.30177,,-29.95076,-15.70114,49.30177,34.44677
1742845033083,127.8469,7054,,Center,728.491,684.2201,49.2671,,-29.79843,-15.6779,49.2671,34.35025
1742845033111,127.8754,7055,,Center,730.7783,687.2084,49.29747,,-29.75455,-15.51755,49.29747,34.24394
1742845033139,127.9034,7056,,Center,710.7204,676.2195,49.18825,,-30.23334,-16.10689,49.18825,34.85452
1742845033166,127.9313,7057,,Center,697.5295,667.913,49.07983,,-30.52414,-16.54187,49.07983,35.27494
1742845033195,127.9578,7058,Eye Hit,Center,700.8517,666.6531,49.07562,NorthSidewalk,-30.4315,-16.61178,49.07562,35.23992
1742845033222,127.9865,7059,Eye Hit,Center,711.6526,662.2095,49.0415,NorthSidewalk,-30.1179,-16.85167,49.0415,35.13509
1742845033251,128.0138,7060,Eye Hit,Center,724.5877,662.9723,49.01623,NorthSidewalk,-29.75233,-16.7998,49.01624,34.8792
1742845033278,128.0437,7061,Eye Hit,Center,734.0154,662.4581,49.00739,NorthSidewalk,-29.49187,-16.82593,49.00739,34.71564
1742845033306,128.0713,7062,Eye Hit,Center,737.5704,666.8179,49.06039,NorthSidewalk,-29.42748,-16.59728,49.06039,34.55313
1742845033333,128.0977,7063,Eye Hit,Center,721.4572,642.2897,48.77186,NorthSidewalk,-29.68829,-17.87998,48.77186,35.39717
1742845033361,128.1259,7064,Eye Hit,Center,722.7203,634.3959,48.6703,NorthSidewalk,-29.59253,-18.2861,48.6703,35.5548
1742845033389,128.153,7065,Eye Hit,Center,722.765,635.9741,48.70313,NorthSidewalk,-29.61129,-18.20981,48.70313,35.51779
1742845033418,128.1809,7066,Eye Hit,Center,734.9249,648.0049,48.8267,NorthSidewalk,-29.35862,-17.57803,48.8267,35.02348
1742845033445,128.2093,7067,Eye Hit,Center,738.8295,653.9615,48.90853,NorthSidewalk,-29.30239,-17.27147,48.90853,34.81692
1742845033473,128.2372,7068,Eye Hit,Center,767.7314,652.4102,48.81161,NorthSidewalk,-28.46545,-17.32458,48.81161,34.32081
1742845033500,128.2648,7069,Eye Hit,Center,791.7855,650.7659,48.66989,NorthSidewalk,-27.73644,-17.36655,48.6699,33.91615
1742845033528,128.2921,7070,Eye Hit,Center,806.4802,654.2238,48.61694,NorthSidewalk,-27.31183,-17.15367,48.61694,33.55982
1742845033556,128.32,7071,Eye Hit,Center,683.5487,660.0975,48.98163,NorthSidewalk,-30.84114,-16.9505,48.98162,35.69645
1742845033585,128.3479,7072,Eye Hit,Center,640.9525,678.5749,48.97216,NorthSidewalk,-31.98689,-15.90293,48.97216,36.10835
1742845033612,128.3768,7073,Eye Hit,Center,684.5848,680.2583,49.1932,NorthSidewalk,-30.94622,-15.87919,49.1932,35.2625
1742845033640,128.4044,7074,Eye Hit,Center,696.6168,680.6922,49.23857,NorthSidewalk,-30.64767,-15.86923,49.23857,35.02754
1742845033668,128.4317,7075,Eye Hit,Center,739.0502,681.2843,49.25943,NorthSidewalk,-29.50663,-15.84232,49.25943,34.21108
1742845033695,128.4599,7076,Eye Hit,Center,778.3099,682.3878,49.13573,NorthSidewalk,-28.3675,-15.73993,49.13573,33.4346
1742845033723,128.4876,7077,Eye Hit,Center,818.4926,678.2125,48.80958,NorthSidewalk,-27.09635,-15.87061,48.80959,32.75553
1742845033753,128.5155,7078,Eye Hit,Center,860.9819,666.1605,48.23119,NorthSidewalk,-25.64382,-16.35337,48.23119,32.2354
1742845033781,128.5444,7079,Eye Hit,Center,903.9893,653.8309,47.466,NorthSidewalk,-24.10993,-16.76912,47.466,31.74596
1742845033808,128.5724,7080,Eye Hit,Center,886.6024,651.4049,47.70524,NorthSidewalk,-24.68939,-16.98722,47.70524,32.1374
1742845033836,128.5979,7081,Eye Hit,Center,727.9421,695.3494,49.43675,NorthSidewalk,-29.91602,-15.09691,49.43675,34.13041
1742845033864,128.6265,7082,Eye Hit,Center,707.6948,701.6984,49.50089,NorthSidewalk,-30.50818,-14.75395,49.50089,34.39567
1742845033883,128.6538,7083,Eye Hit,Center,724.548,702.5366,49.53086,NorthSidewalk,-30.06578,-14.71489,49.53086,34.05131
1742845033900,128.6732,7084,Eye Hit,Center,738.4066,699.34,49.47938,NorthSidewalk,-29.65595,-14.88212,49.47939,33.84558
1742845033920,128.6899,7085,Eye Hit,Center,767.441,682.374,49.23393,NorthSidewalk,-28.71961,-15.77213,49.23393,33.644
1742845033935,128.711,7086,Eye Hit,Center,787.0751,674.474,49.03803,NorthSidewalk,-28.07377,-16.15646,49.03802,33.44577
1742845033967,128.7427,7088,Eye Hit,Center,829.4869,676.7111,48.72795,NorthSidewalk,-26.75526,-15.92846,48.72795,32.57908
1742845033998,128.7746,7090,Eye Hit,Center,835.6176,693.3568,48.83749,NorthSidewalk,-26.65009,-15.02624,48.83749,32.06519
1742845034028,128.8042,7092,Eye Hit,Center,710.5056,739.587,49.80749,NorthSidewalk,-30.61985,-12.66772,49.80749,33.63572
1742845034058,128.8338,7094,,Center,625.5797,774.1694,49.51345,,-32.76068,-10.61708,49.51345,34.81981
1742845034088,128.863,7096,,Center,607.59,765.6254,49.32825,,-33.12807,-11.0638,49.32825,35.3003
1742845034118,128.8928,7098,Eye Hit,Center,644.3483,755.8979,49.63006,RoadWest,-32.32355,-11.68848,49.63006,34.70507
1742845034147,128.9218,7100,Eye Hit,Center,678.8217,753.8242,49.81836,RoadWest,-31.498,-11.85217,49.81836,34.04045
1742845034176,128.9515,7102,Eye Hit,Center,709.254,753.5555,49.8953,RoadWest,-30.70832,-11.8859,49.8953,33.42277
1742845034205,128.982,7104,Eye Hit,Center,740.4605,751.6205,49.87341,RoadWest,-29.83557,-11.99198,49.87341,32.8115
1742845034236,129.0105,7106,Eye Hit,Center,777.9437,748.261,49.71437,RoadWest,-28.7116,-12.14641,49.71437,32.09124
1742845034265,129.0412,7108,Eye Hit,Center,809.4608,750.8521,49.50361,RoadWest,-27.72848,-11.94706,49.50361,31.37942
1742845034295,129.0712,7110,Eye Hit,Center,869.679,745.9459,48.81356,RoadWest,-25.71909,-12.05686,48.81356,30.1954
1742845034326,129.1014,7112,Eye Hit,Center,874.9011,751.1545,48.76633,RoadWest,-25.55359,-11.75202,48.76633,29.97459
1742845034356,129.1316,7114,Eye Hit,Center,718.1826,750.3345,49.90461,SouthSidewalk,-30.46804,-12.07354,49.90461,33.29345
1742845034386,129.1612,7116,Eye Hit,Center,718.361,749.4748,49.90392,Car3-Detailed,-30.4627,-12.12287,49.90391,33.30443
1742845034419,129.1914,7118,Eye Hit,Center,780.2034,756.6902,49.75777,Car3-Detailed,-28.67459,-11.67319,49.75777,31.89013
1742845034435,129.21,7119,Eye Hit,Center,808.8811,762.9149,49.57435,Car3-Detailed,-27.78397,-11.27407,49.57435,31.16695
1742845034466,129.2427,7121,Eye Hit,Center,863.9314,771.0634,48.99284,Car3-Detailed,-25.96901,-10.68113,48.99284,29.8188
1742845034506,129.2797,7123,Eye Hit,Center,775.2574,762.8961,49.81079,Car3-Detailed,-28.84116,-11.32879,49.81079,31.88496
1742845034521,129.2968,7124,Eye Hit,Center,797.6913,766.097,49.6792,Car3-Detailed,-28.14965,-11.1154,49.6792,31.34993
1742845034561,129.3349,7126,Eye Hit,Center,792.1937,767.9753,49.73011,Car3-Detailed,-28.32945,-11.01905,49.73011,31.43491
1742845034593,129.3686,7128,Eye Hit,Center,810.9527,762.5612,49.57024,Car3-Detailed,-27.72498,-11.29336,49.57024,31.12894
1742845034630,129.4052,7130,Eye Hit,Center,865.7163,754.7024,48.94328,Car3-Detailed,-25.8945,-11.59433,48.94328,30.10025
1742845034663,129.4377,7132,Eye Hit,Center,906.356,764.1193,48.36275,Car3-Detailed,-24.50223,-10.93119,48.36275,29.02005
1742845034695,129.4694,7134,Eye Hit,Center,956.0701,771.5473,47.47307,Car3-Detailed,-22.74848,-10.32335,47.47307,27.75426
1742845034727,129.5016,7136,Eye Hit,Center,958.9552,778.7181,47.42827,Car3-Detailed,-22.65147,-9.921009,47.42827,27.53728
1742845034759,129.5348,7138,Eye Hit,Center,840.2202,749.0386,49.2317,SouthSidewalk,-26.74011,-11.98436,49.2317,30.76125
1742845034790,129.5653,7140,Eye Hit,Center,832.0771,747.4691,49.31178,SouthSidewalk,-27.0053,-12.0932,49.31178,30.96573
1742845034822,129.5963,7142,Eye Hit,Center,882.3261,737.8951,48.63482,SouthSidewalk,-25.28531,-12.46447,48.63482,30.09822
1742845034853,129.6281,7144,Eye Hit,Center,958.5622,727.1784,47.26651,SouthSidewalk,-22.58447,-12.69835,47.26651,28.72977
1742845034885,129.6592,7146,,Center,965.5836,730.4078,47.14064,,-22.34158,-12.48884,47.14064,28.49998
1742845034916,129.6902,7148,,Center,826.9346,736.0867,49.30008,,-27.13888,-12.73784,49.30008,31.30389
1742845034946,129.7205,7150,,Center,663.333,719.6735,49.57675,,-31.76919,-13.7483,49.57675,34.92425
1742845034976,129.7511,7152,,Center,625.074,717.238,49.27862,,-32.61906,-13.80399,49.27862,35.7072
1742845035006,129.7818,7154,,Center,661.3675,712.0554,49.50175,,-31.77484,-14.16258,49.50175,35.09829
1742845035037,129.8119,7156,,Center,587.6383,730.3357,48.95514,,-33.41675,-12.97347,48.95514,36.21297
1742845035066,129.8423,7158,,Center,576.1021,725.8243,48.77803,,-33.60654,-13.18053,48.77803,36.50379
1742845035095,129.8715,7160,,Center,612.1003,715.5529,49.12717,,-32.87069,-13.85714,49.12717,35.98409
1742845035124,129.8997,7162,,Center,651.3989,714.4946,49.44505,,-32.01059,-14.00715,49.44505,35.2475
1742845035155,129.9307,7164,,Center,688.1974,720.0264,49.66208,,-31.14212,-13.75169,49.66208,34.43053
1742845035183,129.9589,7166,,Center,688.5482,709.5079,49.58467,,-31.08398,-14.33214,49.58467,34.61787
1742845035211,129.9874,7168,,Center,680.7646,713.0503,49.58622,,-31.29804,-14.12981,49.58622,34.70362
1742845035225,130.0049,7169,,Center,698.1077,712.2952,49.6283,,-30.84939,-14.18497,49.6283,34.37889
1742845035255,130.033,7171,,Center,690.0572,720.2206,49.66254,,-31.09142,-13.74064,49.66254,34.39036
1742845035286,130.0625,7173,,Center,682.5165,729.0621,49.69698,,-31.31987,-13.24325,49.69698,34.38151
1742845035317,130.0943,7175,,Center,714.269,734.4722,49.79926,,-30.51132,-12.95951,49.79926,33.65022
1742845035352,130.1283,7177,,Center,769.8597,732.7579,49.67384,,-28.9099,-13.02523,49.67384,32.55161
1742845035383,130.1599,7179,Eye Hit,Center,758.659,730.2192,49.70873,HighFemale2,-29.23761,-13.18,49.70873,32.82926
1742845035421,130.1903,7181,,Center,780.2315,728.5308,49.59763,,-28.58154,-13.24704,49.59763,32.42189
1742845035438,130.2123,7182,,Center,795.0333,728.3428,49.49982,,-28.12065,-13.23168,49.49982,32.12236
1742845035469,130.2442,7184,,Center,786.0827,730.8943,49.57695,,-28.40945,-13.10648,49.57695,32.25519
1742845035491,130.2611,7185,,Center,811.7369,736.0096,49.41589,,-27.61724,-12.7721,49.41589,31.62249
1742845035507,130.2815,7186,,Center,835.451,738.6198,49.20217,,-26.85361,-12.56877,49.20217,31.07337
1742845035539,130.3138,7188,,Center,870.558,744.4117,48.79859,,-25.68752,-12.13954,48.7986,30.20886
1742845035575,130.3466,7190,,Center,881.9518,760.8611,48.69851,,-25.32848,-11.19025,48.69851,29.62286
1742845035590,130.3661,7191,,Center,703.2374,758.4233,49.90889,,-30.88247,-11.6087,49.90889,33.46668
1742845035623,130.3974,7193,,Center,699.0009,775.6492,49.94755,,-31.02322,-10.625,49.94756,33.28624
1742845035654,130.4286,7195,,Center,730.4944,776.6268,49.96711,,-30.16655,-10.57273,49.96711,32.60844
1742845035689,130.4636,7197,,Center,738.514,781.4239,49.96487,,-29.94397,-10.2957,49.96487,32.36391
1742845035720,130.4939,7199,Eye Hit,Center,689.8416,783.0981,49.94059,Car5-Detailed,-31.27143,-10.19431,49.94059,33.36911
1742845035752,130.5254,7201,Eye Hit,Center,674.1443,774.1562,49.87088,MicroBus4-Detailed,-31.65999,-10.69448,49.87088,33.82524
1742845035767,130.5426,7202,Eye Hit,Center,683.6818,769.6216,49.90088,MicroBus4-Detailed,-31.41627,-10.96209,49.90088,33.69532
1742845035799,130.575,7204,Eye Hit,Center,692.1039,766.3243,49.91988,MicroBus4-Detailed,-31.19612,-11.15613,49.91988,33.5715
1742845035831,130.6072,7206,Eye Hit,Center,694.2617,766.7963,49.92606,MicroBus4-Detailed,-31.1405,-11.13047,49.92606,33.5196
1742845035863,130.6377,7208,Eye Hit,Center,704.0062,771.9236,49.95638,MicroBus4-Detailed,-30.89064,-10.84165,49.95638,33.23805
1742845035893,130.6688,7210,Eye Hit,Center,711.4049,768.8545,49.95758,MicroBus4-Detailed,-30.68732,-11.01876,49.95758,33.1311
1742845035924,130.6991,7212,Eye Hit,Center,718.7949,763.423,49.94732,MicroBus4-Detailed,-30.47724,-11.32955,49.94732,33.0635
1742845035955,130.7299,7214,Eye Hit,Center,728.6805,758.621,49.92916,MicroBus4-Detailed,-30.19364,-11.60218,49.92916,32.93672
1742845035985,130.7603,7216,Eye Hit,Center,719.3788,756.2593,49.92443,MicroBus4-Detailed,-30.44717,-11.73705,49.92443,33.16903
1742845036016,130.7911,7218,Eye Hit,Center,702.0444,769.0738,49.94518,MicroBus4-Detailed,-30.93782,-11.00345,49.94518,33.32282
1742845036048,130.8222,7220,Eye Hit,Center,695.02,771.2432,49.936,MicroBus4-Detailed,-31.12579,-10.87628,49.936,33.43565
1742845036065,130.84,7221,Eye Hit,Center,692.8619,771.161,49.9312,MicroBus4-Detailed,-31.1823,-10.88,49.9312,33.48177
1742845036095,130.8702,7223,Eye Hit,Center,690.6284,769.8447,49.92195,MicroBus4-Detailed,-31.23809,-10.95397,49.92196,33.54814
1742845036126,130.9008,7225,Eye Hit,Center,688.3654,766.6152,49.90714,MicroBus4-Detailed,-31.29116,-11.13653,49.90714,33.64428
1742845036157,130.9327,7227,Eye Hit,Center,683.5379,765.3236,49.88721,MicroBus4-Detailed,-31.41164,-11.20649,49.88721,33.76369
1742845036189,130.9639,7229,Eye Hit,Center,677.5063,762.6387,49.85634,MicroBus4-Detailed,-31.55822,-11.35398,49.85633,33.92888
1742845036221,130.9953,7231,Eye Hit,Center,678.5925,764.0667,49.86357,MicroBus4-Detailed,-31.53289,-11.27346,49.86357,33.88463
1742845036252,131.0271,7233,Eye Hit,Center,676.1622,763.2551,49.8505,MicroBus4-Detailed,-31.59151,-11.31728,49.85049,33.94696
1742845036283,131.0577,7235,Eye Hit,Center,667.8699,764.8893,49.81582,MicroBus4-Detailed,-31.79761,-11.21535,49.81582,34.09186
1742845036298,131.0754,7236,Eye Hit,Center,663.5886,765.7153,49.79608,MicroBus4-Detailed,-31.90271,-11.1636,49.79608,34.16705
1742845036332,131.1067,7238,Eye Hit,Center,575.7571,770.2437,48.97646,NE_Tree_10,-33.75257,-10.7239,48.97646,35.87096
1742845036362,131.1372,7240,Eye Hit,Center,553.9024,769.5748,48.66605,NE_Tree_10,-34.12586,-10.69343,48.66605,36.31015
1742845036396,131.1689,7242,Eye Hit,Center,544.9563,767.2816,48.52385,NE_Tree_10,-34.26581,-10.79064,48.52385,36.51445
1742845036413,131.1869,7243,Eye Hit,Center,547.1168,772.5065,48.56707,NE_Tree_10,-34.2384,-10.50735,48.56707,36.40588
1742845036428,131.204,7244,Eye Hit,Center,544.8959,772.1684,48.53207,NE_Tree_10,-34.27324,-10.51884,48.53207,36.45363
1742845036459,131.2344,7246,,Center,601.3396,770.3597,49.2869,,-33.27039,-10.78529,49.2869,35.3602
1742845036491,131.2652,7248,Eye Hit,Center,667.7709,770.4386,49.8269,MicroBus4-Detailed,-31.8074,-10.8989,49.8269,34.01122
1742845036523,131.2979,7250,Eye Hit,Center,663.6421,768.8846,49.80196,MicroBus4-Detailed,-31.90501,-10.98272,49.80196,34.11889
1742845036554,131.3297,7252,Eye Hit,Center,661.1218,765.4492,49.77946,MicroBus4-Detailed,-31.95986,-11.17506,49.77946,34.2214
1742845036587,131.3612,7254,Eye Hit,Center,657.5207,757.8832,49.73658,MicroBus4-Detailed,-32.03122,-11.59973,49.73658,34.40905
1742845036619,131.393,7256,Eye Hit,Center,644.2852,746.6523,49.60644,MicroBus4-Detailed,-32.30989,-12.21221,49.60644,34.84937
1742845036635,131.4099,7257,Eye Hit,Center,636.9878,741.2731,49.52686,MicroBus4-Detailed,-32.45761,-12.5,49.52686,35.07936
1742845036667,131.4418,7259,Eye Hit,Center,627.7307,736.0355,49.42453,MicroBus4-Detailed,-32.64315,-12.77282,49.42453,35.34521
1742845036698,131.4753,7261,Eye Hit,Center,649.2844,746.2305,49.64109,MicroBus4-Detailed,-32.19545,-12.24479,49.64109,34.75632
1742845036733,131.5076,7263,Eye Hit,Center,781.9141,895.4555,49.28598,SouthCarSignal,-28.35616,-3.670754,49.28598,30.11974
1742845036765,131.5397,7265,Eye Hit,Center,781.282,898.6146,49.25911,SouthCarSignal,-28.35788,-3.489111,49.25911,30.11499
1742845036798,131.5727,7267,Eye Hit,Center,767.6255,891.1566,49.401,SouthCarSignal,-28.81205,-3.924298,49.401,30.48162
1742845036830,131.6048,7269,Eye Hit,Center,742.0253,879.0602,49.59289,SouthCarSignal,-29.6249,-4.63176,49.59289,31.15794
1742845036863,131.6377,7271,Eye Hit,Center,722.2824,872.3037,49.6701,SouthCarSignal,-30.21243,-5.026261,49.6701,31.65889
1742845036897,131.6706,7273,Eye Hit,Center,718.6006,876.7479,49.63503,SouthCarSignal,-30.292,-4.768228,49.63503,31.70816
1742845036914,131.6875,7274,Eye Hit,Center,725.913,880.3452,49.60335,SouthCarSignal,-30.07241,-4.55931,49.60335,31.51602
1742845036931,131.7061,7275,Eye Hit,Center,721.2272,883.2532,49.57997,SouthCarSignal,-30.1865,-4.390733,49.57997,31.60197
1742845036962,131.7377,7277,Eye Hit,Center,724.0626,889.4476,49.52319,SouthCarSignal,-30.0744,-4.031673,49.52319,31.49629
1742845036998,131.7719,7279,,Center,717.4651,897.6511,49.44421,,-30.20654,-3.557297,49.44421,31.59748
1742845037030,131.8047,7281,,Center,634.758,806.5803,49.61894,,-32.57903,-8.783991,49.61894,34.21693
1742845037064,131.8372,7283,Eye Hit,Center,495.7418,696.9462,47.31031,MicroBus4-Detailed,-34.69435,-14.36037,47.31031,38.43805
1742845037081,131.8551,7284,Eye Hit,Center,492.6825,692.2027,47.21518,MicroBus4-Detailed,-34.70433,-14.58996,47.21518,38.5667
1742845037098,131.8723,7285,Eye Hit,Center,492.4033,694.655,47.2294,MicroBus4-Detailed,-34.72207,-14.46067,47.2294,38.5334
1742845037114,131.8893,7286,Eye Hit,Center,491.3518,696.7062,47.22647,MicroBus4-Detailed,-34.74733,-14.34807,47.22647,38.52043
1742845037149,131.9228,7288,Eye Hit,Center,488.6335,704.9467,47.23623,MicroBus4-Detailed,-34.8254,-13.90182,47.23623,38.44364
1742845037165,131.9396,7289,Eye Hit,Center,487.2201,706.3726,47.21859,MicroBus4-Detailed,-34.84924,-13.819,47.21859,38.44776
1742845037199,131.9724,7291,Eye Hit,Center,487.7546,710.046,47.2541,MicroBus4-Detailed,-34.8615,-13.62911,47.2541,38.38348
1742845037214,131.9896,7292,Eye Hit,Center,489.6591,713.5109,47.31435,MicroBus4-Detailed,-34.8562,-13.45734,47.31435,38.29791
1742845037248,132.0214,7294,Eye Hit,Center,497.2366,715.9919,47.47246,MicroBus4-Detailed,-34.77407,-13.36631,47.47247,38.12338
1742845037266,132.0389,7295,Eye Hit,Center,497.1984,715.7792,47.46951,MicroBus4-Detailed,-34.77293,-13.37726,47.46951,38.12724
1742845037301,132.0726,7297,Eye Hit,Center,505.6103,735.3951,47.73374,MicroBus4-Detailed,-34.74479,-12.37119,47.73374,37.69151
1742845037320,132.0914,7298,Eye Hit,Center,509.5963,741.5519,47.83508,MicroBus4-Detailed,-34.71329,-12.05769,47.83508,37.53214
1742845037335,132.1104,7299,Eye Hit,Center,507.1271,743.4238,47.79744,MicroBus4-Detailed,-34.75113,-11.94481,47.79744,37.5531
1742845037371,132.1425,7301,Eye Hit,Center,502.2212,743.0649,47.70494,MicroBus4-Detailed,-34.8131,-11.94154,47.70494,37.65009
1742845037388,132.1612,7302,Eye Hit,Center,508.36,741.274,47.81077,MicroBus4-Detailed,-34.72828,-12.06688,47.81076,37.55915
1742845037405,132.1791,7303,Eye Hit,Center,500.4101,741.5432,47.66512,MicroBus4-Detailed,-34.83168,-12.01521,47.66512,37.70451
1742845037442,132.2138,7305,Eye Hit,Center,476.1142,743.3001,47.20182,MicroBus4-Detailed,-35.1263,-11.80282,47.20182,38.13401
1742845037459,132.233,7306,Eye Hit,Center,532.3632,731.8281,48.18011,MicroBus4-Detailed,-34.35805,-12.68519,48.18011,37.24094
1742845037475,132.2497,7307,,Center,797.3361,721.7567,49.45152,,-28.03033,-13.59474,49.45152,32.20981
1742845037510,132.2824,7309,Eye Hit,Center,823.3442,721.4865,49.22826,HighFemale2,-27.19692,-13.54857,49.22826,31.68382
1742845037527,132.302,7310,Eye Hit,Center,801.6344,723.0791,49.42636,HighFemale2,-27.89878,-13.5124,49.42636,32.09478
1742845037560,132.3365,7312,,Center,772.808,724.0536,49.61705,,-28.79609,-13.50869,49.61705,32.66207
1742845037597,132.3722,7314,,Center,710.3462,733.4273,49.80296,,-30.62145,-13.02051,49.80296,33.74797
1742845037630,132.4051,7316,,Center,741.746,727.2432,49.7478,,-29.7251,-13.36116,49.7478,33.22891
1742845037667,132.4415,7318,,Center,688.4957,695.0691,49.47453,,-31.01637,-15.12449,49.47453,34.89498
1742845037699,132.4742,7320,Eye Hit,Center,631.338,677.6483,48.98402,SouthSidewalk,-32.25464,-15.95928,48.98402,36.30349
1742845037737,132.5106,7322,,Center,596.196,692.0613,48.78517,,-33.07024,-15.0831,48.78517,36.68803
1742845037752,132.5275,7323,,Center,786.7569,739.2111,49.62683,,-28.41957,-12.64336,49.62683,32.07865
1742845037785,132.5582,7325,,Center,800.4288,751.2958,49.5864,,-28.02213,-11.94151,49.5864,31.56201
1742845037800,132.5753,7326,,Center,761.7542,749.6406,49.80727,,-29.21045,-12.08989,49.80727,32.404
1742845037832,132.607,7328,,Center,695.1675,769.3603,49.92697,,-31.11611,-10.98287,49.92697,33.46134
1742845037863,132.638,7330,,Center,620.5807,771.0559,49.48828,,-32.8806,-10.78952,49.48828,34.96388
1742845037891,132.6664,7332,,Center,550.1321,766.7524,48.60627,,-34.18512,-10.83864,48.60627,36.42029
1742845037920,132.6953,7334,,Center,555.9683,765.9341,48.69312,,-34.08931,-10.90388,48.69312,36.31687
1742845037948,132.724,7336,,Center,584.9149,758.9921,49.07036,,-33.56919,-11.38146,49.07036,35.84259
1742845037976,132.7529,7338,,Center,612.5831,752.8784,49.36287,,-33.01524,-11.79767,49.36287,35.38415
1742845038005,132.7804,7340,,Center,615.9321,747.5565,49.37553,,-32.93241,-12.10375,49.37553,35.39759
1742845038035,132.8101,7342,,Center,565.8444,744.4452,48.76815,,-33.87592,-12.13011,48.76815,36.4207
1742845038063,132.8399,7344,,Center,515.7607,744.5519,47.97512,,-34.65163,-11.92681,47.97512,37.37513
1742845038081,132.857,7345,,Center,539.1751,747.4368,48.38062,,-34.3191,-11.86669,48.38062,36.8906
1742845038111,132.8875,7347,,Center,746.1234,720.2786,49.70992,,-29.58233,-13.75053,49.70992,33.27475
1742845038141,132.9189,7349,,Center,768.3408,722.5295,49.64544,,-28.93501,-13.60373,49.64544,32.78294
1742845038178,132.9504,7351,,Center,770.3156,724.6648,49.6511,,-28.88417,-13.48293,49.6511,32.70052
1742845038194,132.969,7352,,Center,758.6777,724.4748,49.70109,,-29.2326,-13.5073,49.7011,32.94004
1742845038225,133.0013,7354,,Center,842.2905,708.2727,48.95283,,-26.53268,-14.21917,48.95284,31.58866
1742845038263,133.0384,7356,Eye Hit,Center,862.8901,705.4292,48.68303,Jeep3-Detailed,-25.83277,-14.3005,48.68303,31.23735
1742845038294,133.0697,7358,Eye Hit,Center,854.2815,705.173,48.78869,Jeep3-Detailed,-26.12072,-14.34606,48.78869,31.41736
1742845038325,133.0999,7360,Eye Hit,Center,847.6778,709.4195,48.89933,Jeep3-Detailed,-26.35825,-14.1389,48.89933,31.45349
1742845038359,133.1308,7362,Eye Hit,Center,861.5844,705.2786,48.697,Jeep3-Detailed,-25.87529,-14.31316,48.697,31.26731
1742845038374,133.1498,7363,Eye Hit,Center,861.7903,706.4644,48.70123,Jeep3-Detailed,-25.872,-14.2477,48.70123,31.23544
1742845038405,133.1805,7365,Eye Hit,Center,869.6412,706.4885,48.59641,Jeep3-Detailed,-25.60567,-14.21574,48.59641,31.07573
1742845038438,133.2121,7367,Eye Hit,Center,874.5233,707.217,48.53616,Jeep3-Detailed,-25.44311,-14.15738,48.53616,30.95943
1742845038453,133.2299,7368,Eye Hit,Center,873.5356,704.1276,48.52358,Jeep3-Detailed,-25.46297,-14.32659,48.52357,31.05269
1742845038486,133.2625,7370,Eye Hit,Center,876.9667,701.9893,48.45751,Jeep3-Detailed,-25.33652,-14.42669,48.45751,31.03449
1742845038520,133.295,7372,Eye Hit,Center,883.7809,702.4501,48.36215,Jeep3-Detailed,-25.10471,-14.37265,48.36215,30.88577
1742845038557,133.3317,7374,Eye Hit,Center,895.1749,703.9991,48.2029,Jeep3-Detailed,-24.71881,-14.23908,48.2029,30.61723
1742845038574,133.3484,7375,Eye Hit,Center,898.2213,704.6251,48.15993,Jeep3-Detailed,-24.61577,-14.19167,48.15993,30.54004
1742845038613,133.3861,7377,Eye Hit,Center,908.1256,703.6959,47.99375,Jeep3-Detailed,-24.26839,-14.19416,47.99375,30.36163
1742845038637,133.4051,7378,Eye Hit,Center,915.9503,705.5473,47.87704,Jeep3-Detailed,-24.00255,-14.05735,47.87704,30.15612
1742845038655,133.4282,7379,Eye Hit,Center,915.9454,706.861,47.88729,Jeep3-Detailed,-24.00782,-13.98766,47.88729,30.1234
1742845038679,133.4456,7380,Eye Hit,Center,923.5373,711.2871,47.78799,Jeep3-Detailed,-23.75774,-13.71456,47.78799,29.85742
1742845038697,133.4705,7381,Eye Hit,Center,929.6719,713.4804,47.69561,Jeep3-Detailed,-23.55026,-13.56742,47.69561,29.67619
1742845038721,133.4876,7382,Eye Hit,Center,937.7205,715.1505,47.56132,Jeep3-Detailed,-23.2726,-13.4376,47.56132,29.46766
1742845038739,133.5114,7383,Eye Hit,Center,942.9399,714.9972,47.46352,Jeep3-Detailed,-23.08798,-13.4183,47.46352,29.36308
1742845038756,133.5294,7384,Eye Hit,Center,953.2444,710.3115,47.23841,Jeep3-Detailed,-22.70974,-13.61018,47.23841,29.26942
1742845038776,133.5466,7385,Eye Hit,Center,964.3162,716.0343,47.05926,Jeep3-Detailed,-22.33595,-13.24764,47.05927,28.8916
1742845038794,133.5679,7386,Eye Hit,Center,973.0035,715.0314,46.87767,Jeep3-Detailed,-22.02491,-13.25089,46.87767,28.73664
1742845038812,133.5846,7387,Eye Hit,Center,979.0547,715.8723,46.759,Jeep3-Detailed,-21.81294,-13.17185,46.759,28.58825
1742845038832,133.6035,7388,Eye Hit,Center,996.0533,714.3755,46.39,Jeep3-Detailed,-21.20543,-13.14807,46.39,28.27352
1742845038850,133.6225,7389,Eye Hit,Center,1000.465,720.2725,46.32936,Jeep3-Detailed,-21.06487,-12.8156,46.32936,28.02242
1742845038868,133.6409,7390,Eye Hit,Center,1010.031,719.8811,46.1163,Jeep3-Detailed,-20.72444,-12.77759,46.1163,27.83157
1742845038888,133.6582,7391,Eye Hit,Center,1020.054,719.6351,45.88988,Jeep3-Detailed,-20.36875,-12.72781,45.88988,27.6272
1742845038906,133.6792,7392,Eye Hit,Center,1031.516,719.0254,45.62354,Jeep3-Detailed,-19.96181,-12.68614,45.62354,27.40286
1742845038923,133.6966,7393,Eye Hit,Center,1041.161,718.8009,45.39717,Jeep3-Detailed,-19.62102,-12.63497,45.39717,27.20626
1742845038940,133.7147,7394,Eye Hit,Center,1053.718,719.1153,45.10036,Jeep3-Detailed,-19.18007,-12.53602,45.10036,26.93308
1742845038975,133.7495,7396,Eye Hit,Center,1083.834,726.1608,44.39777,Jeep3-Detailed,-18.14306,-11.97964,44.39777,26.09065
1742845039014,133.7834,7398,Eye Hit,Center,1151.396,723.2247,42.65282,Jeep3-Detailed,-15.83899,-11.6533,42.65282,24.75087
1742845039030,133.8055,7399,Eye Hit,Center,1187.543,722.5191,41.69643,Jeep3-Detailed,-14.65171,-11.42604,41.69643,24.01816
1742845039065,133.8398,7401,Eye Hit,Center,1277.703,722.9536,39.30136,Jeep3-Detailed,-11.85378,-10.74993,39.30136,22.15462
1742845039083,133.8567,7402,Eye Hit,Center,1323.689,724.6224,38.09731,MicroBus4-Detailed,-10.52337,-10.34734,38.09731,21.17564
1742845039100,133.8753,7403,Eye Hit,Center,1404.727,718.9853,36.00774,MicroBus4-Detailed,-8.335139,-10.01401,36.00774,19.89209
1742845039134,133.9093,7405,Eye Hit,Center,1302.621,720.0705,38.63628,MicroBus4-Detailed,-11.12166,-10.69668,38.63628,21.77111
1742845039170,133.9432,7407,,Center,1147.452,718.5756,42.73849,,-15.96387,-11.90609,42.73849,24.98406
1742845039186,133.9601,7408,,Center,957.5918,735.0735,47.29741,,-22.62457,-12.27562,47.29741,28.55599
1742845039219,133.992,7410,,Center,936.1091,750.3424,47.77075,,-23.41758,-11.55692,47.77075,28.66341
1742845039236,134.0095,7411,,Center,1059.475,740.1553,45.05733,,-19.01856,-11.43004,45.05733,26.21846
1742845039267,134.0432,7413,,Center,984.8273,767.9095,46.8489,,-21.70557,-10.38422,46.8489,27.1851
1742845039298,134.0753,7415,,Center,829.7406,770.4161,49.38224,,-27.1076,-10.80295,49.38224,30.57965
1742845039329,134.1043,7417,,Center,802.0818,784.2437,49.65565,,-28.01595,-10.07041,49.65565,30.94467
1742845039359,134.1354,7419,,Center,818.6365,796.4456,49.51736,,-27.48534,-9.345165,49.51736,30.38187
1742845039388,134.1637,7421,,Center,921.566,806.2181,48.10683,,-23.9686,-8.536498,48.10683,27.87406
1742845039405,134.1804,7422,,Center,1024.124,807.8558,45.99742,,-20.31311,-8.075323,45.99742,25.41851
1742845039435,134.2108,7424,,Center,976.1559,798.5993,47.06525,,-22.03114,-8.765503,47.06525,26.73837
1742845039465,134.2408,7426,Eye Hit,Center,910.182,778.2798,48.30757,SE_Tree_10,-24.37224,-10.12945,48.30758,28.65051
1742845039495,134.2719,7428,,Center,864.9634,771.5334,48.97827,,-25.93338,-10.65143,48.97828,29.78717
1742845039531,134.3059,7430,,Center,845.2382,766.7002,49.2155,,-26.59496,-10.9775,49.2155,30.31063
1742845039562,134.3376,7432,,Center,752.6785,751.9714,49.86355,,-29.49331,-11.96944,49.86355,32.55147
1742845039597,134.3691,7434,,Center,715.7446,739.7332,49.85994,,-30.50788,-12.67269,49.85994,33.52691
1742845039614,134.3879,7435,,Center,688.9227,742.6417,49.82594,,-31.22491,-12.4968,49.82594,34.01957
1742845039630,134.4051,7436,,Center,694.3621,742.7924,49.84293,,-31.08589,-12.49231,49.84293,33.90715
1742845039661,134.4365,7438,,Center,689.666,745.1474,49.84032,,-31.21348,-12.35629,49.84032,33.96244
1742845039691,134.4658,7440,Eye Hit,Center,667.6835,742.4328,49.73898,NE_Tree_10,-31.75367,-12.48694,49.73898,34.44991
1742845039723,134.496,7442,,Center,678.6505,746.6124,49.80775,,-31.49601,-12.26404,49.80775,34.16077
1742845039738,134.5129,7443,,Center,685.3176,749.4504,49.84244,,-31.33447,-12.10945,49.84245,33.9793
1742845039769,134.543,7445,,Center,679.2265,752.7906,49.83577,,-31.49788,-11.91563,49.83577,34.04874
1742845039799,134.5759,7447,,Center,683.5992,755.9802,49.86317,,-31.3948,-11.73862,49.86317,33.90865
1742845039829,134.6054,7449,,Center,676.0793,758.396,49.84166,,-31.5882,-11.59477,49.84166,34.02397
1742845039860,134.6363,7451,Eye Hit,Center,667.3063,758.6065,49.80077,RoadEast,-31.8035,-11.5731,49.80077,34.19935
1742845039891,134.6655,7453,Eye Hit,Center,646.2947,759.895,49.67767,RoadEast,-32.30118,-11.47058,49.67767,34.60553
1742845039921,134.6959,7455,,Center,627.7087,763.6755,49.54055,,-32.72036,-11.22291,49.54055,34.92457
1742845039952,134.7268,7457,,Center,609.8688,764.9845,49.37209,,-33.0954,-11.11016,49.37209,35.26371
1742845039984,134.758,7459,,Center,590.8997,781.5637,49.18756,,-33.48684,-10.12766,49.18756,35.42248
1742845040016,134.7886,7461,,Center,529.899,789.7742,48.31001,,-34.51642,-9.489196,48.31001,36.53793
1742845040032,134.8076,7462,,Center,501.9178,791.6423,47.81479,,-34.90126,-9.288872,47.81479,37.06505
1742845040064,134.8394,7464,,Center,445.4334,795.3514,46.66601,,-35.51802,-8.865965,46.66601,38.11295
1742845040095,134.8704,7466,,Center,379.2473,801.8731,45.12291,,-35.99242,-8.233174,45.12291,39.29193
1742845040130,134.9049,7468,,Center,268.902,810.1977,42.26966,,-36.29167,-7.30655,42.26966,41.21196
1742845040160,134.9368,7470,Eye Hit,Center,250.273,798.6827,41.77819,SouthSidewalk,-36.2994,-7.776685,41.77819,41.62351
1742845040193,134.9668,7472,,Center,415.0948,795.9954,45.97272,,-35.7604,-8.700051,45.97272,38.67905
1742845040209,134.9835,7473,,Center,539.7746,784.967,48.45679,,-34.35709,-9.786798,48.45679,36.39877
1742845040240,135.0149,7475,Eye Hit,Center,645.4239,778.7933,49.69113,SouthWalkingPole,-32.33381,-10.39019,49.69113,34.35129
1742845040271,135.0464,7477,,Center,687.4893,765.728,49.88439,,-31.30102,-11.18264,49.88439,33.67604
1742845040301,135.0757,7479,,Center,614.8657,762.8272,49.39475,,-32.97432,-11.23812,49.39475,35.19428
1742845040331,135.1071,7481,,Center,660.232,759.8672,49.74432,,-31.96174,-11.48768,49.74432,34.32376
1742845040360,135.1366,7483,,Center,683.729,762.5822,49.86444,,-31.39204,-11.35907,49.86444,33.80209
1742845040390,135.1659,7485,,Center,648.3971,767.3086,49.69535,,-32.25498,-11.04965,49.69535,34.45336
1742845040419,135.1955,7487,,Center,549.204,767.9587,48.58267,,-34.19342,-10.76573,48.58267,36.42287
1742845040450,135.2253,7489,,Center,569.3217,766.2352,48.87518,,-33.85643,-10.92769,48.87518,36.05091
1742845040480,135.2551,7491,,Center,624.7242,750.6418,49.46422,,-32.75146,-11.94944,49.46422,35.17687
1742845040495,135.2721,7492,,Center,598.2709,751.8787,49.20004,,-33.2951,-11.81543,49.20004,35.68127
1742845040525,135.302,7494,,Center,625.4807,751.5257,49.4783,,-32.74011,-11.90245,49.4783,35.14848
1742845040558,135.3326,7496,,Center,611.3489,750.0826,49.34009,,-33.03362,-11.95126,49.34009,35.45006
1742845040574,135.3497,7497,,Center,583.6586,748.7006,49.01725,,-33.56685,-11.95123,49.01725,36.01365
1742845040606,135.382,7499,,Center,542.5712,749.546,48.43857,,-34.26937,-11.76301,48.43857,36.79646
1742845040642,135.4139,7501,,Center,476.8838,748.673,47.25074,,-35.14262,-11.52214,47.25074,38.05039
1742845040658,135.4336,7502,,Center,520.0002,747.2734,48.05344,,-34.59573,-11.79542,48.05344,37.25801
1742845040691,135.465,7504,Eye Hit,Center,756.7486,740.7843,49.799,Jeep3-Detailed,-29.34323,-12.59681,49.799,32.66937
1742845040728,135.5025,7506,Eye Hit,Center,759.045,736.8235,49.76819,Jeep3-Detailed,-29.26197,-12.81645,49.76819,32.69595
1742845040760,135.5356,7508,Eye Hit,Center,765.9445,739.1843,49.74908,Jeep3-Detailed,-29.06123,-12.67602,49.74908,32.50967
1742845040795,135.5658,7510,Eye Hit,Center,727.9005,744.1935,49.86858,Jeep3-Detailed,-30.17848,-12.41827,49.86858,33.20045
1742845040812,135.5862,7511,Eye Hit,Center,711.2599,746.9243,49.87747,Jeep3-Detailed,-30.64211,-12.26332,49.87747,33.49345
1742845040827,135.6034,7512,Eye Hit,Center,697.3987,750.4554,49.87029,Jeep3-Detailed,-31.01935,-12.05838,49.87029,33.71697
1742845040860,135.6346,7514,,Center,705.7891,752.3704,49.89095,,-30.80108,-11.95299,49.89095,33.51356
1742845040894,135.6689,7516,,Center,821.6929,752.162,49.40244,,-27.33818,-11.84782,49.40244,31.09458
1742845040928,135.7036,7518,,Center,829.4393,750.1311,49.31463,,-27.07868,-11.94246,49.31463,30.96927
1742845040959,135.7336,7520,,Center,832.3747,750.6644,49.28412,,-26.98206,-11.90461,49.28412,30.89623
1742845040976,135.7503,7521,,Center,835.884,747.6487,49.23333,,-26.85886,-12.06382,49.23333,30.88132
1742845040993,135.7682,7522,,Center,823.1219,747.8008,49.36283,,-27.27731,-12.08689,49.36283,31.1491
1742845041026,135.8014,7524,Eye Hit,Center,835.5057,753.7314,49.25755,MicroBus4-Detailed,-26.88236,-11.72402,49.25755,30.76936
1742845041046,135.8182,7525,Eye Hit,Center,856.308,767.7583,49.05378,MicroBus4-Detailed,-26.20777,-10.88154,49.05378,30.04886
1742845041063,135.8369,7526,Eye Hit,Center,848.6165,768.6634,49.14733,MicroBus4-Detailed,-26.46644,-10.85093,49.14733,30.20003
1742845041078,135.854,7527,Eye Hit,Center,871.3948,766.6591,48.85181,MicroBus4-Detailed,-25.69295,-10.89861,48.85181,29.73921
1742845041111,135.8851,7529,Eye Hit,Center,850.201,761.3536,49.11192,MicroBus4-Detailed,-26.40442,-11.25733,49.11192,30.30464
1742845041129,135.9018,7530,Eye Hit,Center,840.2018,760.9774,49.22049,MicroBus4-Detailed,-26.73452,-11.30362,49.22049,30.52842
1742845041145,135.9189,7531,Eye Hit,Center,835.4912,757.9599,49.26628,MicroBus4-Detailed,-26.88752,-11.48573,49.26628,30.68781
1742845041161,135.9366,7532,Eye Hit,Center,833.7558,757.0746,49.27834,MicroBus4-Detailed,-26.94132,-11.53872,49.27834,30.74208
1742845041192,135.9665,7534,Eye Hit,Center,825.4667,756.5876,49.36138,MicroBus4-Detailed,-27.21262,-11.58605,49.36139,30.92923
1742845041222,135.9971,7536,Eye Hit,Center,830.6511,758.1313,49.3131,MicroBus4-Detailed,-27.04485,-11.48685,49.3131,30.78858
1742845041253,136.0282,7538,Eye Hit,Center,827.8665,761.8917,49.35313,MicroBus4-Detailed,-27.14268,-11.28194,49.35313,30.77741
1742845041283,136.0578,7540,Eye Hit,Center,825.8666,764.8282,49.37734,MicroBus4-Detailed,-27.21051,-11.12021,49.37734,30.76597
1742845041312,136.0879,7542,Eye Hit,Center,830.7515,760.6703,49.31756,MicroBus4-Detailed,-27.04456,-11.34341,49.31756,30.73822
1742845041342,136.1181,7544,Eye Hit,Center,835.2233,756.758,49.25959,MicroBus4-Detailed,-26.89116,-11.55237,49.25959,30.71667
1742845041372,136.1471,7546,Eye Hit,Center,846.0233,757.0652,49.14025,MicroBus4-Detailed,-26.533,-11.50695,49.14025,30.47829
1742845041402,136.1768,7548,Eye Hit,Center,863.7052,760.1321,48.92077,MicroBus4-Detailed,-25.93692,-11.28238,48.92077,30.03523
1742845041431,136.2069,7550,Eye Hit,Center,868.8428,765.7415,48.8688,MicroBus4-Detailed,-25.77075,-10.95422,48.8688,29.8131
1742845041462,136.2367,7552,Eye Hit,Center,877.8843,770.1594,48.7542,MicroBus4-Detailed,-25.46694,-10.67987,48.7542,29.52836
1742845041491,136.2657,7554,,Center,874.5614,779.7123,48.81837,,-25.59002,-10.15593,48.81837,29.4213
1742845041521,136.2955,7556,,Center,891.3384,782.5278,48.57261,,-25.01128,-9.946923,48.57261,28.99314
1742845041550,136.3257,7558,,Center,895.5167,783.859,48.51155,,-24.86793,-9.859846,48.51155,28.87416
1742845041580,136.3556,7560,,Center,905.936,787.2067,48.34879,,-24.50637,-9.640125,48.34879,28.57593
1742845041610,136.3861,7562,,Center,911.5148,790.6761,48.25983,,-24.31263,-9.429081,48.25983,28.38442
1742845041640,136.4151,7564,,Center,918.2466,794.3286,48.14739,,-24.07705,-9.204154,48.14739,28.16297
1742845041669,136.4442,7566,,Center,920.5139,798.7757,48.10075,,-23.99351,-8.948448,48.10075,28.02994
1742845041699,136.4743,7568,,Center,924.8007,796.8763,48.0299,,-23.84449,-9.040616,48.0299,27.96547
1742845041729,136.5049,7570,Eye Hit,Center,935.5828,796.0093,47.83673,MicroBus4-Detailed,-23.46383,-9.052063,47.83673,27.73241
1742845041759,136.535,7572,,Center,935.5105,789.3567,47.84186,,-23.46827,-9.420236,47.84186,27.86012
1742845041788,136.563,7574,,Center,934.6671,790.0648,47.86061,,-23.49973,-9.384856,47.86061,27.86588
1742845041819,136.5935,7576,Eye Hit,Center,938.1917,792.8744,47.79811,MicroBus4-Detailed,-23.37605,-9.217613,47.79811,27.73118
1742845041848,136.6226,7578,Eye Hit,Center,934.2844,794.9453,47.87229,MicroBus4-Detailed,-23.51559,-9.117595,47.87229,27.78229
1742845041878,136.6537,7580,Eye Hit,Center,931.8212,800.6848,47.91652,MicroBus4-Detailed,-23.60248,-8.808701,47.91652,27.73367
1742845041908,136.6828,7582,Eye Hit,Center,930.1706,803.97,47.94627,MicroBus4-Detailed,-23.66083,-8.63237,47.94627,27.71311
1742845041938,136.7132,7584,Eye Hit,Center,929.8596,806.4693,47.95168,MicroBus4-Detailed,-23.67173,-8.495055,47.95168,27.67629
1742845041967,136.7431,7586,Eye Hit,Center,926.3742,805.9827,48.01675,MicroBus4-Detailed,-23.79626,-8.533512,48.01675,27.76612
1742845041998,136.7743,7588,Eye Hit,Center,920.3972,802.2185,48.12953,MicroBus4-Detailed,-24.01097,-8.762668,48.12953,27.97124
1742845042028,136.8042,7590,Eye Hit,Center,915.6763,804.3072,48.21216,MicroBus4-Detailed,-24.17785,-8.661484,48.21215,28.04411
1742845042058,136.8336,7592,Eye Hit,Center,911.9288,802.1084,48.28021,MicroBus4-Detailed,-24.31186,-8.796188,48.2802,28.16919
1742845042089,136.8631,7594,Eye Hit,Center,909.4766,801.0815,48.32431,MicroBus4-Detailed,-24.3995,-8.861552,48.32431,28.24381
1742845042119,136.8943,7596,Eye Hit,Center,896.2352,803.2007,48.54243,MicroBus4-Detailed,-24.8645,-8.782847,48.54243,28.5125
1742845042150,136.9241,7598,Eye Hit,Center,894.0927,803.7205,48.57716,MicroBus4-Detailed,-24.93976,-8.76005,48.57716,28.55303
1742845042179,136.9541,7600,Eye Hit,Center,886.565,798.8427,48.69796,MicroBus4-Detailed,-25.20417,-9.055833,48.69796,28.80881
1742845042196,136.9711,7601,Eye Hit,Center,883.336,795.8429,48.7514,MicroBus4-Detailed,-25.31874,-9.234446,48.7514,28.93421
1742845042225,137,7603,Eye Hit,Center,874.39,791.139,48.88258,MicroBus4-Detailed,-25.62831,-9.52464,48.88258,29.21914
1742845042255,137.0302,7605,Eye Hit,Center,871.3454,786.0887,48.92387,MicroBus4-Detailed,-25.73219,-9.817859,48.92387,29.3772
1742845042286,137.061,7607,Eye Hit,Center,857.8021,783.1038,49.10614,MicroBus4-Detailed,-26.19524,-10.02359,49.10614,29.73332
1742845042317,137.0907,7609,Eye Hit,Center,858.3045,780.3995,49.09731,MicroBus4-Detailed,-26.1769,-10.17499,49.09731,29.77063
1742845042346,137.1216,7611,Eye Hit,Center,853.09,775.2731,49.15498,MicroBus4-Detailed,-26.34916,-10.4776,49.15498,29.97926
1742845042376,137.1524,7613,Eye Hit,Center,846.6529,772.2999,49.22564,MicroBus4-Detailed,-26.56199,-10.66165,49.22564,30.17552
1742845042406,137.1814,7615,Eye Hit,Center,849.7164,767.0024,49.17662,MicroBus4-Detailed,-26.45236,-10.95157,49.17662,30.20723
1742845042436,137.2131,7617,Eye Hit,Center,847.686,763.1157,49.20004,MicroBus4-Detailed,-26.52012,-11.1775,49.20004,30.32536
1742845042466,137.2421,7619,Eye Hit,Center,840.1841,748.5534,49.23846,MicroBus4-Detailed,-26.74476,-12.01361,49.23846,30.77172
1742845042496,137.2719,7621,Eye Hit,Center,841.0016,750.2242,49.23249,MicroBus4-Detailed,-26.7193,-11.91712,49.23249,30.72091
1742845042526,137.3013,7623,Eye Hit,Center,837.5977,744.598,49.24347,MicroBus4-Detailed,-26.81779,-12.2395,49.24347,30.90616
1742845042556,137.3309,7625,Eye Hit,Center,838.3441,743.35,49.22599,MicroBus4-Detailed,-26.788,-12.30614,49.22599,30.91568
1742845042586,137.3604,7627,Eye Hit,Center,837.3118,741.9735,49.22746,MicroBus4-Detailed,-26.81684,-12.38462,49.22746,30.96548
1742845042600,137.3774,7628,Eye Hit,Center,836.6235,739.769,49.22725,MicroBus4-Detailed,-26.83545,-12.50983,49.22726,31.02509
1742845042630,137.4059,7630,Eye Hit,Center,837.3524,736.1076,49.19765,MicroBus4-Detailed,-26.79951,-12.71026,49.19765,31.0854
1742845042660,137.4359,7632,Eye Hit,Center,839.4554,730.601,49.14112,MicroBus4-Detailed,-26.71167,-13.00776,49.14112,31.15699
1742845042691,137.4663,7634,Eye Hit,Center,847.3599,721.6705,48.99594,MicroBus4-Detailed,-26.41893,-13.47434,48.99594,31.18602
1742845042720,137.4954,7636,Eye Hit,Center,854.1157,720.5795,48.90538,MicroBus4-Detailed,-26.18768,-13.51101,48.90538,31.07082
1742845042751,137.525,7638,,Center,860.7348,715.6732,48.78688,,-25.94593,-13.75445,48.78688,31.04496
1742845042780,137.5558,7640,,Center,871.2268,704.793,48.566,,-25.54714,-14.30189,48.566,31.08367
1742845042810,137.5859,7642,,Center,880.1751,700.5049,48.40538,,-25.22351,-14.49409,48.40538,31.00559
1742845042840,137.6155,7644,,Center,894.9579,697.6973,48.16211,,-24.70366,-14.57722,48.16211,30.77675
1742845042871,137.6458,7646,,Center,909.3727,688.1667,47.85116,,-24.16335,-15.00936,47.85115,30.72973
1742845042902,137.6763,7648,,Center,914.1976,682.1721,47.71703,,-23.96851,-15.2973,47.71703,30.79027
1742845042931,137.7082,7650,,Center,909.6358,671.4886,47.68416,,-24.07209,-15.87466,47.68417,31.1619
1742845042962,137.7379,7652,,Center,908.7213,669.9984,47.68114,,-24.09464,-15.9557,47.68114,31.21934
1742845042992,137.7682,7654,,Center,919.7629,677.1913,47.5699,,-23.74843,-15.5236,47.5699,30.81301
1742845043025,137.7998,7656,,Center,924.4163,684.8065,47.55959,,-23.6211,-15.10223,47.55959,30.51927
1742845043054,137.8299,7658,,Center,933.7916,680.7227,47.35714,,-23.27542,-15.26123,47.35714,30.44343
1742845043085,137.8597,7660,,Center,941.2784,686.4108,47.27282,,-23.03858,-14.92371,47.27282,30.14238
1742845043116,137.8899,7662,,Center,942.4189,690.1683,47.28412,,-23.01431,-14.72238,47.28411,30.01904
1742845043130,137.9067,7663,,Center,943.3423,694.824,47.30411,,-22.99993,-14.47435,47.30411,29.87665
1742845043160,137.9354,7665,,Center,944.3461,702.8054,47.34711,,-22.9946,-14.05149,47.34711,29.64674
1742845043190,137.9653,7667,,Center,947.4821,719.6733,47.40043,,-22.93842,-13.14478,47.40044,29.15077
1742845043220,137.9954,7669,,Center,946.0205,723.0358,47.44848,,-22.99997,-12.97403,47.44848,29.09761
1742845043251,138.0253,7671,,Center,958.0206,729.1185,47.2508,,-22.59109,-12.58832,47.2508,28.69307
1742845043280,138.0555,7673,,Center,970.7435,733.7687,47.02023,,-22.15056,-12.27453,47.02023,28.30599
1742845043310,138.0852,7675,,Center,997.3953,732.1144,46.45248,,-21.19959,-12.21491,46.45248,27.77608
1742845043341,138.1158,7677,,Center,1039.508,711.515,45.39371,,-19.66096,-13.01549,45.39371,27.44859
1742845043371,138.147,7679,,Center,1002.222,715.1567,46.26201,,-20.98937,-13.07014,46.26201,28.12364
1742845043401,138.1768,7681,,Center,1124.753,697.5036,43.21634,,-16.68396,-13.09002,43.21634,26.13713
1742845043431,138.2066,7683,Eye Hit,Center,995.5779,702.6412,46.32518,SouthSidewalk,-21.18797,-13.75704,46.32518,28.6048
1742845043462,138.2377,7685,Eye Hit,Center,918.6205,712.2227,47.88035,SouthSidewalk,-23.93362,-13.68939,47.88035,29.93562
1742845043490,138.2661,7687,Eye Hit,Center,933.8398,707.2389,47.57904,SouthSidewalk,-23.38322,-13.87693,47.57904,29.74748
1742845043520,138.2951,7689,Eye Hit,Center,939.0131,696.2557,47.40238,SouthSidewalk,-23.161,-14.42611,47.40238,29.92612
1742845043550,138.3248,7691,Eye Hit,Center,928.459,692.3074,47.55938,SouthSidewalk,-23.51485,-14.69069,47.55938,30.24172
1742845043579,138.3538,7693,Eye Hit,Center,902.972,723.3629,48.21308,SouthSidewalk,-24.51648,-13.16489,48.21308,29.99261
1742845043609,138.3848,7695,,Center,843.2248,750.3971,49.17334,,-26.62684,-11.89306,49.17334,30.67002
1742845043638,138.4136,7697,,Center,722.3889,782.6606,49.97374,,-30.39419,-10.22624,49.97374,32.68851
1742845043668,138.4429,7699,,Center,793.9506,772.0227,49.69469,,-28.26105,-10.77917,49.69469,31.32701
1742845043697,138.4729,7701,,Center,759.4709,773.5716,49.88731,,-29.32028,-10.7317,49.88731,32.04087
1742845043727,138.5031,7703,,Center,813.019,777.8956,49.5559,,-27.66043,-10.41314,49.5559,30.81223
1742845043757,138.5327,7705,,Center,860.1506,780.1452,49.04514,,-26.09911,-10.1786,49.04514,29.73423
1742845043787,138.5617,7707,Eye Hit,Center,859.4225,761.9125,49.01959,HighFemale2,-26.1052,-11.20456,49.01958,30.09344
1742845043818,138.5931,7709,,Center,853.1854,755.6948,49.07922,,-26.30598,-11.57035,49.07922,30.35089
1742845043849,138.6233,7711,,Center,772.993,751.6947,49.76914,,-28.87926,-11.96273,49.76913,32.13202
1742845043863,138.6404,7712,,Center,789.3455,750.2299,49.66777,,-28.37204,-12.02229,49.66777,31.81564
1742845043894,138.6707,7714,,Center,762.0899,750.2361,49.81368,,-29.20498,-12.05724,49.81368,32.3863
1742845043930,138.7062,7716,,Center,803.5908,753.4349,49.57625,,-27.92984,-11.8167,49.57625,31.45491
1742845043962,138.7378,7718,,Center,838.97,747.3906,49.21476,,-26.76488,-12.07391,49.21476,30.82087
1742845044000,138.7749,7720,,Center,840.6113,749.2778,49.20412,,-26.7145,-11.96412,49.20412,30.74816
1742845044032,138.807,7722,,Center,666.9407,746.2808,49.74531,,-31.77811,-12.26765,49.74531,34.40196
1742845044067,138.8394,7724,,Center,674.239,744.426,49.77154,,-31.59433,-12.38063,49.77155,34.28558
1742845044084,138.8578,7725,,Center,663.3997,744.9669,49.72028,,-31.85934,-12.33696,49.72028,34.49434
1742845044116,138.8898,7727,,Center,693.1511,746.0906,49.84538,,-31.12075,-12.30336,49.84538,33.87609
1742845044131,138.9065,7728,,Center,708.2237,745.8331,49.87266,,-30.72275,-12.32493,49.87266,33.57402
1742845044164,138.9383,7730,,Center,719.3146,745.847,49.87935,,-30.42144,-12.32582,49.87935,33.34733
1742845044181,138.9551,7731,Eye Hit,Center,637.73,744.8401,49.54868,MicroBus2-Detailed,-32.4516,-12.30156,49.54868,35.00824
1742845044197,138.9722,7732,Eye Hit,Center,650.4061,744.5181,49.63934,MicroBus2-Detailed,-32.16357,-12.34243,49.63934,34.76121
1742845044228,139.0035,7734,Eye Hit,Center,614.5114,754.321,49.38047,MicroBus2-Detailed,-32.97444,-11.71955,49.38047,35.3246
1742845044259,139.035,7736,Eye Hit,Center,599.9967,755.6838,49.23159,MicroBus2-Detailed,-33.26955,-11.60685,49.23159,35.5921
1742845044292,139.0671,7738,Eye Hit,Center,633.6279,753.3993,49.55127,MicroBus2-Detailed,-32.56551,-11.81283,49.55127,34.9578
1742845044323,139.0987,7740,Eye Hit,Center,648.9515,753.3903,49.66669,MicroBus2-Detailed,-32.22118,-11.84091,49.66669,34.65096
1742845044355,139.1298,7742,Eye Hit,Center,646.059,754.9111,49.6522,MicroBus2-Detailed,-32.29107,-11.75033,49.6522,34.68574
1742845044387,139.1617,7744,Eye Hit,Center,654.0131,763.7827,49.73373,MicroBus2-Detailed,-32.12569,-11.26042,49.73373,34.39105
1742845044419,139.1933,7746,Eye Hit,Center,647.1663,764.7441,49.69059,MicroBus2-Detailed,-32.28566,-11.19549,49.69059,34.51587
1742845044436,139.2101,7747,Eye Hit,Center,648.7866,764.9541,49.70259,MicroBus2-Detailed,-32.249,-11.18625,49.70259,34.47992
1742845044467,139.2422,7749,Eye Hit,Center,659.0458,766.8784,49.77248,MicroBus2-Detailed,-32.01242,-11.09148,49.77248,34.24257
1742845044501,139.2753,7751,Eye Hit,Center,658.4524,764.1404,49.76199,MicroBus2-Detailed,-32.02198,-11.24631,49.76199,34.29539
1742845044533,139.3091,7753,Eye Hit,Center,656.9942,766.8951,49.76028,MicroBus2-Detailed,-32.06094,-11.08781,49.76028,34.28423
1742845044565,139.3402,7755,Eye Hit,Center,654.1181,765.3011,49.73822,MicroBus2-Detailed,-32.1257,-11.17434,49.73822,34.36638
1742845044599,139.3735,7757,Eye Hit,Center,653.5496,769.5351,49.74452,MicroBus2-Detailed,-32.14539,-10.93268,49.74452,34.3159
1742845044614,139.3902,7758,Eye Hit,Center,651.8852,768.4537,49.73098,MicroBus2-Detailed,-32.18234,-10.99174,49.73098,34.3656
1742845044647,139.4208,7760,Eye Hit,Center,648.1376,766.892,49.70205,MicroBus2-Detailed,-32.26646,-11.07503,49.70205,34.46473
1742845044664,139.4381,7761,Eye Hit,Center,645.0129,766.5394,49.6794,MicroBus2-Detailed,-32.33746,-11.09006,49.67941,34.53333
1742845044696,139.4715,7763,Eye Hit,Center,633.2886,764.4959,49.58345,MicroBus2-Detailed,-32.59595,-11.18553,49.58345,34.80027
1742845044729,139.5044,7765,Eye Hit,Center,629.0844,764.0283,49.54622,MicroBus2-Detailed,-32.68649,-11.20397,49.54622,34.89179
1742845044764,139.5375,7767,Eye Hit,Center,613.4745,764.6075,49.40104,MicroBus2-Detailed,-33.01646,-11.13817,49.40104,35.19689
1742845044781,139.5544,7768,Eye Hit,Center,608.4689,764.9285,49.35032,MicroBus2-Detailed,-33.11895,-11.10847,49.35032,35.29249
1742845044797,139.5718,7769,Eye Hit,Center,592.1304,764.4667,49.16644,MicroBus2-Detailed,-33.43906,-11.09315,49.16644,35.62415
1742845044830,139.6048,7771,Eye Hit,Center,548.3684,763.5947,48.56681,MicroBus2-Detailed,-34.20467,-11.00677,48.56681,36.49577
1742845044864,139.6394,7773,Eye Hit,Center,459.8768,765.4624,46.94584,MicroBus2-Detailed,-35.35665,-10.53822,46.94584,38.16304
1742845044897,139.672,7775,Eye Hit,Center,402.9193,762.1771,45.66328,MicroBus2-Detailed,-35.82665,-10.42346,45.66328,39.25278
1742845044932,139.7047,7777,Eye Hit,Center,331.225,765.0444,43.894,MicroBus2-Detailed,-36.17596,-9.874424,43.894,40.50782
1742845044948,139.7226,7778,,Center,476.0928,750.4233,47.23584,,-35.15217,-11.423,47.23584,38.04284
1742845044982,139.7552,7780,,Center,507.7523,751.3747,47.84501,,-34.76921,-11.51777,47.84501,37.4355
1742845045001,139.7732,7781,,Center,392.5551,751.8326,45.38738,,-35.8699,-10.90224,45.38737,39.55683
1742845045018,139.7918,7782,,Center,477.8607,752.3383,47.27569,,-35.13567,-11.32823,47.27569,37.98562
1742845045034,139.8085,7783,,Center,418.0181,753.1771,45.98799,,-35.69807,-10.97511,45.988,39.08023
1742845045070,139.8419,7785,,Center,361.5263,751.6068,44.62653,,-36.03311,-10.73106,44.62653,40.11356
1742845045086,139.8602,7786,,Center,382.5988,752.6173,45.1487,,-35.92945,-10.80408,45.1487,39.72669
1742845045119,139.8923,7788,,Center,318.1311,757.375,43.53805,,-36.19733,-10.17951,43.53806,40.81539
1742845045133,139.9097,7789,,Center,249.1817,758.1474,41.71934,,-36.27341,-9.717185,41.71934,41.99102
1742845045163,139.9391,7791,,Center,286.9498,761.3165,42.72941,,-36.26063,-9.796138,42.72941,41.31656
1742845045193,139.9694,7793,,Center,463.8387,762.3109,47.01733,,-35.30766,-10.7252,47.01733,38.12595
1742845045224,139.998,7795,,Center,502.7519,766.9232,47.79516,,-34.86493,-10.64829,47.79516,37.33382
1742845045252,140.0278,7797,,Center,398.2402,769.305,45.56254,,-35.86531,-10.02574,45.56254,39.26063
1742845045281,140.0568,7799,,Center,437.8438,771.9072,46.47825,,-35.56987,-10.08771,46.47825,38.50166
1742845045310,140.0857,7801,,Center,513.3253,770.4669,47.99542,,-34.73082,-10.49664,47.99542,37.08762
1742845045340,140.1154,7803,,Center,688.3727,768.2667,49.90113,,-31.2872,-11.04019,49.90113,33.61887
1742845045369,140.1464,7805,,Center,635.0415,770.6229,49.60639,,-32.56303,-10.84006,49.6064,34.67723
1742845045400,140.1764,7807,,Center,732.2469,767.3669,49.93909,,-30.10132,-11.1004,49.93909,32.71828
1742845045435,140.2107,7809,,Center,743.8544,770.3832,49.92498,,-29.77286,-10.92358,49.92498,32.42468
1742845045465,140.2417,7811,,Center,768.8657,775.1098,49.84578,,-29.03732,-10.63434,49.84578,31.81468
1742845045495,140.2713,7813,,Center,789.7408,773.8594,49.72559,,-28.3942,-10.68041,49.72559,31.38644
1742845045532,140.3067,7815,,Center,809.6365,771.0109,49.56784,,-27.75966,-10.80951,49.56784,31.00564
1742845045563,140.338,7817,,Center,783.9028,767.8458,49.75164,,-28.56944,-11.03122,49.75164,31.61483
1742845045594,140.3694,7819,,Center,800.0524,765.7089,49.63522,,-28.06003,-11.12791,49.63522,31.30618
1742845045627,140.4005,7821,,Center,797.4783,758.859,49.63402,,-28.12989,-11.51995,49.63402,31.48456
1742845045643,140.4173,7822,,Center,809.0507,753.2531,49.52354,,-27.75086,-11.81453,49.52354,31.34249
1742845045673,140.4484,7824,,Center,800.23,755.0681,49.60069,,-28.03564,-11.72906,49.60069,31.49573
1742845045703,140.4789,7826,,Center,800.1882,755.6058,49.6013,,-28.03714,-11.69855,49.6013,31.4867
1742845045734,140.5097,7828,,Center,803.4638,757.449,49.58232,,-27.93674,-11.58853,49.58232,31.38294
1742845045764,140.5402,7830,,Center,806.7275,757.6331,49.55636,,-27.83281,-11.57188,49.55635,31.30998
1742845045797,140.5719,7832,,Center,789.6888,747.9302,49.64575,,-28.35003,-12.14859,49.64575,31.8514
1742845045828,140.6031,7834,,Center,800.053,747.5959,49.56998,,-28.02314,-12.14915,49.56998,31.64
1742845045858,140.6334,7836,,Center,812.518,749.0649,49.47402,,-27.6284,-12.04183,49.47402,31.34894
1742845045889,140.6631,7838,,Center,838.2706,750.2628,49.22383,,-26.78883,-11.91296,49.22383,30.7785
1742845045921,140.6959,7840,,Center,883.9875,759.886,48.66421,,-25.25596,-11.23713,48.66421,29.59813
1742845045953,140.7265,7842,,Center,934.9244,759.9856,47.81781,,-23.47193,-11.03621,47.81781,28.47601
1742845045967,140.7432,7843,,Center,971.8861,759.4462,47.09449,,-22.15584,-10.89856,47.09449,27.66768
1742845045998,140.7749,7845,,Center,1034.275,758.1473,45.71232,,-19.93102,-10.64722,45.71232,26.30425
1742845046030,140.8063,7847,,Center,1121.913,754.4628,43.5251,,-16.8714,-10.32275,43.5251,24.4382
1742845046064,140.8386,7849,Eye Hit,Center,974.7256,751.2485,47.00827,SouthSidewalk,-22.04159,-11.32333,47.00827,27.79559
1742845046100,140.8708,7851,Eye Hit,Center,883.2028,750.3699,48.6347,MicroBus2-Detailed,-25.2617,-11.76426,48.6347,29.81181
1742845046118,140.8904,7852,Eye Hit,Center,728.8362,786.7196,49.95794,MicroBus2-Detailed,-30.20675,-9.98897,49.95794,32.49086
1742845046133,140.9088,7853,Eye Hit,Center,764.9772,787.3911,49.86161,MicroBus2-Detailed,-29.15358,-9.931102,49.86161,31.70293
1742845046173,140.945,7855,Eye Hit,Center,678.307,790.2299,49.87889,MicroBus2-Detailed,-31.55044,-9.771099,49.87889,33.51176
1742845046189,140.9636,7856,Eye Hit,Center,712.8826,790.5956,49.95844,MicroBus2-Detailed,-30.64709,-9.765726,49.95844,32.77519
1742845046229,141.0016,7858,Eye Hit,Center,820.0927,789.7494,49.47802,MicroBus2-Detailed,-27.42372,-9.720125,49.47802,30.45751
1742845046245,141.019,7859,Eye Hit,Center,760.7716,787.5108,49.88089,MicroBus2-Detailed,-29.28068,-9.928086,49.88089,31.79218
1742845046262,141.0364,7860,Eye Hit,Center,784.6052,788.2427,49.75677,MicroBus2-Detailed,-28.55309,-9.861253,49.75677,31.2625
1742845046298,141.0718,7862,Eye Hit,Center,700.5211,788.3268,49.93628,MicroBus2-Detailed,-30.9743,-9.892067,49.93628,33.06979
1742845046332,141.105,7864,Eye Hit,Center,678.9581,786.3792,49.87161,MicroBus2-Detailed,-31.52792,-9.991305,49.87161,33.55102
1742845046351,141.1223,7865,Eye Hit,Center,743.1526,784.8124,49.92709,MicroBus2-Detailed,-29.79347,-10.0927,49.92709,32.21296
1742845046367,141.1412,7866,Eye Hit,Center,768.3948,783.843,49.8341,MicroBus2-Detailed,-29.04347,-10.1296,49.8341,31.68426
1742845046400,141.1752,7868,Eye Hit,Center,820.7999,780.1178,49.45425,MicroBus2-Detailed,-27.39124,-10.265,49.45425,30.60371
1742845046434,141.2082,7870,Eye Hit,Center,906.9236,775.0339,48.30652,MicroBus2-Detailed,-24.45861,-10.31019,48.30652,28.78736
1742845046467,141.242,7872,Eye Hit,Center,888.0595,785.5535,48.61217,MicroBus2-Detailed,-25.11965,-9.785353,48.61217,29.01094
1742845046499,141.2746,7874,Eye Hit,Center,799.9818,787.5746,49.62398,MicroBus2-Detailed,-28.05561,-9.873166,49.62399,30.93639
1742845046532,141.3074,7876,Eye Hit,Center,799.3641,796.0184,49.61885,SouthWalkingPole,-28.06963,-9.388727,49.61885,30.81654
1742845046564,141.3393,7878,Eye Hit,Center,836.4056,797.4548,49.27179,SouthWalkingPole,-26.86565,-9.241485,49.27179,29.96828
1742845046595,141.3706,7880,,Center,822.6835,794.7845,49.41271,,-27.31684,-9.420215,49.41271,30.31819
1742845046626,141.4023,7882,,Center,794.3555,784.0093,49.64865,,-28.22378,-10.08243,49.64865,31.11745
1742845046656,141.4309,7884,Eye Hit,Center,770.8796,778.6988,49.78524,SouthSidewalk,-28.9467,-10.41518,49.78524,31.71284
1742845046686,141.4611,7886,Eye Hit,Center,800.9254,773.4642,49.57602,SouthSidewalk,-28.00266,-10.67097,49.57602,31.15149
1742845046717,141.4907,7888,Eye Hit,Center,848.348,764.4014,49.08778,SouthSidewalk,-26.44166,-11.07915,49.08778,30.2864
1742845046745,141.5203,7890,Eye Hit,Center,868.6313,765.8925,48.83354,SouthSidewalk,-25.75786,-10.93775,48.83354,29.81477
1742845046775,141.5501,7892,Eye Hit,Center,689.9763,768.463,49.84276,SouthSidewalk,-31.20647,-11.01587,49.84276,33.58265
1742845046806,141.5806,7894,Eye Hit,Center,533.3439,776.1938,48.29268,SE_Tree_30,-34.41219,-10.24258,48.29268,36.6297
1742845046836,141.6108,7896,Eye Hit,Center,599.9879,773.9623,49.1947,SE_Tree_30,-33.24485,-10.56056,49.1947,35.33884
1742845046865,141.6406,7898,,Center,597.9438,779.3084,49.18277,,-33.2923,-10.25462,49.18277,35.30968
1742845046895,141.671,7900,,Center,650.6749,784.1531,49.65776,,-32.16813,-10.07595,49.65776,34.1699
1742845046925,141.7005,7902,,Center,665.6632,782.3138,49.74777,,-31.81478,-10.19992,49.74777,33.88472
1742845046956,141.73,7904,,Center,687.3626,755.3283,49.78217,,-31.24037,-11.75717,49.78217,33.8423
1742845046985,141.7593,7906,,Center,626.4413,762.3354,49.44761,,-32.69359,-11.27825,49.44761,34.96939
1742845047014,141.7896,7908,,Center,591.531,775.6402,49.12205,,-33.42512,-10.44977,49.12205,35.48615
1742845047045,141.8201,7910,,Center,572.7023,776.3278,48.89178,,-33.77667,-10.36199,48.89178,35.85277
1742845047077,141.8506,7912,,Center,537.52,774.3042,48.36444,,-34.35181,-10.36332,48.36444,36.57127
1742845047091,141.8673,7913,,Center,517.1367,771.7513,48.00896,,-34.6396,-10.42854,48.00896,36.99849
1742845047122,141.8973,7915,,Center,486.0561,769.5126,47.43273,,-35.03778,-10.42586,47.43273,37.62117
1742845047152,141.9274,7917,,Center,446.4282,767.3206,46.61387,,-35.45274,-10.36377,46.61387,38.39305
1742845047184,141.9577,7919,,Center,393.6411,766.9095,45.40892,,-35.8597,-10.11735,45.40892,39.37008
1742845047200,141.975,7920,,Center,317.9595,768.2271,43.50399,,-36.17313,-9.62688,43.50399,40.70977
1742845047231,142.0068,7922,Eye Hit,Center,296.0719,770.4844,42.93221,SouthSidewalk,-36.21651,-9.388494,42.93221,41.07079
1742845047263,142.0384,7924,Eye Hit,Center,520.8386,763.3173,48.01795,SouthSidewalk,-34.54795,-10.89777,48.01795,37.03185
1742845047294,142.0693,7926,Eye Hit,Center,720.6714,756.8054,49.79269,SouthSidewalk,-30.3313,-11.67474,49.79269,33.1332
1742845047327,142.1021,7928,Eye Hit,Center,720.9683,748.8635,49.7407,SouthSidewalk,-30.29147,-12.11832,49.7407,33.26138
1742845047358,142.1331,7930,Eye Hit,Center,700.2548,753.4609,49.74398,SouthSidewalk,-30.86233,-11.85516,49.74398,33.60892
1742845047388,142.1627,7932,Eye Hit,Center,657.1959,755.8665,49.58943,SouthSidewalk,-31.94534,-11.6808,49.58943,34.44664
1742845047419,142.1929,7934,Eye Hit,Center,677.312,759.4246,49.70702,SouthSidewalk,-31.46903,-11.50429,49.70702,33.98268
1742845047434,142.2096,7935,Eye Hit,Center,664.6077,755.6483,49.61356,SouthSidewalk,-31.75786,-11.69897,49.61356,34.30007
1742845047464,142.2407,7937,,Center,710.6536,770.3136,49.80426,,-30.61381,-10.90116,49.80426,33.12404
1742845047493,142.2686,7939,,Center,700.4883,775.4474,49.78625,,-30.88215,-10.60227,49.78625,33.25815
1742845047523,142.2981,7941,,Center,639.1259,779.1276,49.50932,,-32.38767,-10.33309,49.50932,34.47585
1742845047552,142.3278,7943,Eye Hit,Center,617.3928,773.8483,49.32382,SouthSidewalk,-32.85815,-10.59467,49.32382,34.98992
1742845047580,142.3555,7945,Eye Hit,Center,601.9874,763.0935,49.15023,SouthSidewalk,-33.16053,-11.16749,49.15023,35.4474
1742845047609,142.3853,7947,Eye Hit,Center,598.8474,755.6636,49.10173,HighFemale2,-33.21296,-11.57735,49.10173,35.61507
1742845047638,142.4128,7949,Eye Hit,Center,597.5852,761.94,49.11526,SouthSidewalk,-33.25633,-11.22494,49.11526,35.55103
1742845047666,142.4419,7951,Eye Hit,Center,542.3828,772.7273,48.34789,SouthSidewalk,-34.21025,-10.44776,48.34789,36.49579
1742845047695,142.4705,7953,Eye Hit,Center,489.556,776.2774,47.42772,SouthSidewalk,-34.94242,-10.0546,47.42772,37.47542
1742845047723,142.4985,7955,Eye Hit,Center,438.8607,770.2241,46.37094,SouthSidewalk,-35.46172,-10.15445,46.37094,38.50138
1742845047752,142.5277,7957,Eye Hit,Center,458.1311,767.1,46.78746,SouthSidewalk,-35.28246,-10.41433,46.78746,38.17675
1742845047781,142.5564,7959,Eye Hit,Center,477.6272,760.0386,47.18008,SouthSidewalk,-35.07071,-10.88616,47.18008,37.8945
1742845047810,142.5868,7961,Eye Hit,Center,682.6836,750.7363,49.73402,SouthSidewalk,-31.33863,-12.00931,49.73402,34.01177
1742845047839,142.6149,7963,Eye Hit,Center,742.6119,740.6707,49.74831,SouthSidewalk,-29.70163,-12.59044,49.74831,32.96195
1742845047869,142.6449,7965,Eye Hit,Center,664.0723,740.575,49.57706,SouthSidewalk,-31.74915,-12.55258,49.57706,34.55268
1742845047898,142.6754,7967,Eye Hit,Center,656.6124,741.8592,49.55621,SouthSidewalk,-31.93991,-12.47394,49.55621,34.68043
1742845047929,142.7062,7969,Eye Hit,Center,595.4573,754.5258,49.07431,SouthSidewalk,-33.28626,-11.63529,49.07431,35.69828
1742845047959,142.7371,7971,Eye Hit,Center,594.2924,749.2413,49.05851,SouthSidewalk,-33.30709,-11.93078,49.05851,35.79795
1742845047995,142.7711,7973,,Center,743.0031,768.2786,49.88383,,-29.77177,-11.03561,49.88383,32.47692
1742845048027,142.8025,7975,,Center,790.8932,759.0412,49.66099,,-28.32573,-11.51561,49.66099,31.62126
1742845048066,142.8401,7977,,Center,808.1327,756.6356,49.52945,,-27.77927,-11.62266,49.52945,31.29858
1742845048081,142.8569,7978,Eye Hit,Center,788.7288,753.7639,49.66442,SW_Tree_30,-28.38702,-11.81897,49.66442,31.76326
1742845048119,142.8882,7980,,Center,788.8666,763.5418,49.69806,,-28.40248,-11.26618,49.69806,31.584
1742845048135,142.9095,7981,,Center,782.4638,768.5834,49.7491,,-28.60751,-10.98835,49.7491,31.63293
1742845048166,142.9418,7983,,Center,770.928,770.6139,49.81643,,-28.9635,-10.88654,49.81643,31.84517
1742845048198,142.9752,7985,Eye Hit,Center,796.5204,765.6853,49.6547,SportCar3-Detailed,-28.16787,-11.13361,49.6547,31.38236
1742845048232,143.0076,7987,Eye Hit,Center,780.7513,756.2766,49.72762,SportCar3-Detailed,-28.64217,-11.68983,49.72762,31.88598
1742845048265,143.0385,7989,Eye Hit,Center,771.8622,755.3064,49.77033,SportCar3-Detailed,-28.91104,-11.7555,49.77034,32.09069
1742845048295,143.0706,7991,Eye Hit,Center,783.9373,762.1705,49.72633,SportCar3-Detailed,-28.55397,-11.35131,49.72633,31.71328
1742845048329,143.1041,7993,Eye Hit,Center,801.5551,770.8704,49.62402,SportCar3-Detailed,-28.01252,-10.82972,49.62402,31.18283
1742845048361,143.1362,7995,Eye Hit,Center,804.577,769.7772,49.59397,SportCar3-Detailed,-27.91282,-10.88578,49.59397,31.13675
1742845048393,143.1671,7997,Eye Hit,Center,818.3123,768.1996,49.4687,SportCar3-Detailed,-27.46718,-10.9483,49.4687,30.86786
1742845048409,143.184,7998,Eye Hit,Center,819.881,772.655,49.46416,SportCar3-Detailed,-27.42182,-10.69293,49.46416,30.75411
1742845048441,143.2151,8000,Eye Hit,Center,840.2314,781.5889,49.26016,SportCar3-Detailed,-26.75526,-10.14109,49.26015,30.1501
1742845048472,143.247,8002,Eye Hit,Center,855.1844,783.266,49.0807,SportCar3-Detailed,-26.2526,-10.00922,49.0807,29.78874
1742845048505,143.2782,8004,Eye Hit,Center,891.5978,784.2461,48.56074,SportCar3-Detailed,-24.99822,-9.848172,48.56074,28.9553
1742845048521,143.2953,8005,Eye Hit,Center,912.9355,791.3647,48.22346,SportCar3-Detailed,-24.25648,-9.383703,48.22346,28.33925
1742845048552,143.3267,8007,Eye Hit,Center,1004.793,798.0559,46.39877,SouthSidewalk,-20.98556,-8.6704,46.39877,26.07572
1742845048585,143.358,8009,Eye Hit,Center,1042.478,783.0936,45.51884,SouthSidewalk,-19.64051,-9.291866,45.51884,25.51665
1742845048599,143.3755,8010,Eye Hit,Center,1094.861,778.4285,44.21771,SouthSidewalk,-17.80029,-9.26427,44.21771,24.40943
1742845048632,143.4074,8012,Eye Hit,Center,906.191,736.0676,48.10635,SouthSidewalk,-24.37671,-12.43051,48.10635,29.63144
1742845048665,143.4389,8014,Eye Hit,Center,775.3818,728.0125,49.42699,SouthSidewalk,-28.61555,-13.23107,49.42699,32.53122
1742845048695,143.4703,8016,Eye Hit,Center,764.1904,716.7103,49.40297,SouthSidewalk,-28.90689,-13.86897,49.40297,32.98295
1742845048727,143.5014,8018,Eye Hit,Center,844.9008,708.7578,48.73093,SouthSidewalk,-26.34219,-14.12739,48.73093,31.52479
1742845048758,143.532,8020,Eye Hit,Center,826.9258,725.8966,49.04328,SouthSidewalk,-26.99774,-13.24808,49.04328,31.5164
1742845048787,143.5623,8022,Eye Hit,Center,793.5978,727.4439,49.30856,SouthSidewalk,-28.05107,-13.23171,49.30856,32.16997
1742845048817,143.5919,8024,Eye Hit,Center,732.712,743.7039,49.65724,SouthSidewalk,-29.91868,-12.39368,49.65725,33.1105
1742845048844,143.6205,8026,Eye Hit,Center,724.7802,742.6379,49.6758,HighFemale2,-30.1474,-12.45934,49.6758,33.29167
1742845048872,143.6477,8028,Eye Hit,Center,762.6804,717.8036,49.45648,HighFemale2,-28.97942,-13.82155,49.45648,32.99129
1742845048899,143.6756,8030,Eye Hit,Center,784.0856,697.9647,49.13123,HighFemale2,-28.20821,-14.85536,49.13123,32.97916
1742845048926,143.7021,8032,Eye Hit,Center,823.6577,699.1409,48.84507,HighFemale2,-26.97677,-14.7025,48.84507,32.16953
1742845048954,143.7292,8034,Eye Hit,Center,802.4249,730.7706,49.25386,HighFemale2,-27.77992,-13.02803,49.25386,31.9212
1742845048982,143.7572,8036,Eye Hit,Center,765.2808,714.1599,49.37243,SouthSidewalk,-28.8593,-14.00561,49.37243,33.01261
1742845049010,143.7852,8038,Eye Hit,Center,748.6919,683.8228,49.16814,SouthSidewalk,-29.19021,-15.66891,49.16814,33.97233
1742845049037,143.8135,8040,Eye Hit,Center,741.8565,652.2969,48.7652,SouthSidewalk,-29.13502,-17.31443,48.76521,34.7991
1742845049065,143.8409,8042,Eye Hit,Center,750.5994,666.0792,48.93526,SouthSidewalk,-29.00042,-16.59657,48.93526,34.32576
1742845049093,143.869,8044,Eye Hit,Center,758.0682,701.8401,49.29425,SouthSidewalk,-29.0099,-14.68428,49.29425,33.40897
1742845049121,143.8962,8046,Eye Hit,Center,755.9557,696.9263,49.2801,SouthSidewalk,-29.05904,-14.9594,49.2801,33.5531
1742845049149,143.9242,8048,Eye Hit,Center,758.6719,684.8813,49.17842,SouthSidewalk,-28.92534,-15.61215,49.17842,33.7578
1742845049177,143.9518,8050,Eye Hit,Center,762.4499,672.4552,49.04396,SouthSidewalk,-28.74395,-16.27273,49.04396,33.95982
1742845049205,143.9817,8052,Eye Hit,Center,768.0383,662.2637,48.91079,SouthSidewalk,-28.51499,-16.80358,48.91079,34.08611
1742845049234,144.0091,8054,Eye Hit,Center,774.1209,676.835,48.99089,SouthSidewalk,-28.39716,-16.0075,48.99088,33.63948
1742845049260,144.0373,8056,Eye Hit,Center,777.6263,680.3793,49.01276,SouthSidewalk,-28.31499,-15.81422,49.01276,33.49273
1742845049289,144.063,8058,Eye Hit,Center,775.9177,620.0552,48.24031,SouthSidewalk,-27.91425,-18.92283,48.24031,34.95642
1742845049316,144.0923,8060,Eye Hit,Center,777.2838,600.5214,47.92382,SouthSidewalk,-27.69497,-19.87893,47.92382,35.4263
1742845049344,144.1197,8062,Eye Hit,Center,781.1114,636.0826,48.46286,SouthSidewalk,-27.90406,-18.11388,48.46286,34.46807
1742845049371,144.147,8064,Eye Hit,Center,784.4119,552.9075,47.0543,SouthSidewalk,-27.00729,-22.10338,47.0543,36.56355
1742845049400,144.176,8066,Eye Hit,Center,800.7276,530.9651,46.46899,SouthSidewalk,-26.25275,-23.00513,46.46899,36.91285
1742845049427,144.2044,8068,Eye Hit,Center,799.7863,580.4788,47.46045,SouthSidewalk,-26.83755,-20.78424,47.46045,35.57309
1742845049456,144.2304,8070,Eye Hit,Center,786.6523,628.3297,48.34894,SouthSidewalk,-27.69056,-18.5038,48.34895,34.56009
1742845049483,144.2594,8072,Eye Hit,Center,787.0873,633.4664,48.44421,SouthSidewalk,-27.73349,-18.25307,48.44421,34.42478
1742845049511,144.2859,8074,Eye Hit,Center,794.8226,682.3434,48.99807,SouthSidewalk,-27.84131,-15.69844,48.99807,33.117
1742845049538,144.3136,8076,Eye Hit,Center,786.0507,681.0916,49.04837,SouthSidewalk,-28.10743,-15.78529,49.04837,33.31462
1742845049566,144.3418,8078,Eye Hit,Center,784.7443,672.6317,48.92257,SouthSidewalk,-28.07063,-16.22237,48.92257,33.5325
1742845049595,144.3701,8080,Eye Hit,Center,780.96,696.9787,49.19654,SouthSidewalk,-28.33061,-14.93122,49.19654,33.06208
1742845049622,144.3983,8082,Eye Hit,Center,779.3999,705.7633,49.28762,SouthSidewalk,-28.42551,-14.45912,49.28762,32.90495
1742845049650,144.4253,8084,Eye Hit,Center,775.5203,683.7701,49.1168,SouthSidewalk,-28.43221,-15.65555,49.1168,33.45761
1742845049677,144.4531,8086,Eye Hit,Center,770.918,678.4034,49.09141,SouthSidewalk,-28.54224,-15.95139,49.09142,33.66549
1742845049705,144.4806,8088,Eye Hit,Center,772.8108,673.6281,49.03825,SouthSidewalk,-28.46009,-16.20443,49.03825,33.73679
1742845049733,144.5091,8090,Eye Hit,Center,766.3752,657.3915,48.82825,SouthSidewalk,-28.51171,-17.04978,48.82825,34.22971
1742845049761,144.5374,8092,,Center,740.3683,724.6513,49.55866,,-29.64979,-13.45857,49.55865,33.30599
1742845049789,144.5647,8094,,Center,744.4558,749.7898,49.69605,,-29.61984,-12.05436,49.69605,32.76078
1742845049818,144.5927,8096,,Center,741.843,771.3648,49.78114,,-29.74237,-10.83571,49.78114,32.45138
1742845049845,144.6207,8098,,Center,742.5509,758.188,49.75912,,-29.70976,-11.58753,49.75912,32.6549
1742845049872,144.6482,8100,,Center,733.618,755.0881,49.77783,,-29.96643,-11.76981,49.77783,32.89371
1742845049901,144.6763,8102,,Center,724.9207,754.8397,49.74482,,-30.18542,-11.77623,49.74482,33.07816
1742845049930,144.7068,8104,,Center,716.4528,752.1462,49.74615,,-30.41882,-11.9312,49.74615,33.29833
1742845049957,144.732,8106,,Center,710.3044,744.5288,49.71912,,-30.57106,-12.36171,49.71912,33.55398
1742845049986,144.7611,8108,,Center,706.1216,738.1574,49.68913,,-30.66736,-12.71971,49.68913,33.74948
1742845050013,144.7886,8110,Eye Hit,Center,774.4493,666.1129,48.95633,SouthSidewalk,-28.36827,-16.60185,48.95633,33.8773
1742845050041,144.8157,8112,Eye Hit,Center,789.2939,644.9226,48.61423,SouthSidewalk,-27.7716,-17.67457,48.61423,34.10369
1742845050069,144.8439,8114,Eye Hit,Center,782.4935,651.6111,48.70147,SouthSidewalk,-28.00429,-17.33045,48.70147,34.06745
1742845050096,144.8723,8116,Eye Hit,Center,786.8812,657.8273,48.75888,SouthSidewalk,-27.91918,-17.00101,48.75888,33.83805
1742845050124,144.8996,8118,Eye Hit,Center,773.3034,659.9307,48.86457,SouthSidewalk,-28.34601,-16.91931,48.86457,34.04184
1742845050153,144.928,8120,Eye Hit,Center,762.4049,654.662,48.85289,SouthSidewalk,-28.63319,-17.21232,48.85289,34.36658
1742845050180,144.956,8122,Eye Hit,Center,752.3143,655.553,48.90709,SouthSidewalk,-28.93742,-17.18104,48.90709,34.53233
1742845050208,144.9848,8124,Eye Hit,Center,743.3565,669.6834,49.11072,SouthSidewalk,-29.30079,-16.45187,49.11072,34.38154
1742845050236,145.0118,8126,Eye Hit,Center,728.483,683.5047,49.24241,SouthSidewalk,-29.78371,-15.71062,49.24241,34.3654
1742845050263,145.0396,8128,Eye Hit,Center,711.8472,668.3091,49.08941,SouthSidewalk,-30.14205,-16.52264,49.08941,35.0006
1742845050291,145.0662,8130,Eye Hit,Center,695.6667,658.2225,48.958,SouthSidewalk,-30.49871,-17.04822,48.958,35.51453
1742845050320,145.0948,8132,Eye Hit,Center,689.2513,658.8511,48.95992,SouthSidewalk,-30.67332,-17.0134,48.95992,35.61848
1742845050346,145.1223,8134,Eye Hit,Center,789.1612,657.0734,48.77953,SouthSidewalk,-27.8696,-17.05063,48.77953,33.81349
1742845050374,145.1503,8136,Eye Hit,Center,781.4706,679.5186,49.09547,SouthSidewalk,-28.25857,-15.88959,49.09547,33.43823
1742845050411,145.1854,8138,Eye Hit,Center,774.08,683.2874,49.18765,SouthSidewalk,-28.51234,-15.70552,49.18765,33.49607
1742845050438,145.2143,8140,Eye Hit,Center,741.6141,678.3012,49.26102,SouthSidewalk,-29.43785,-16.01233,49.26102,34.22638
1742845050466,145.242,8142,Eye Hit,Center,695.6535,677.3802,49.21862,SouthSidewalk,-30.66142,-16.05094,49.21862,35.11338
1742845050494,145.2698,8144,Eye Hit,Center,648.0848,667.3842,48.9063,SouthSidewalk,-31.75129,-16.51306,48.9063,36.1959
1742845050521,145.2979,8146,Eye Hit,Center,636.998,666.5578,48.83142,SouthSidewalk,-32.00157,-16.53435,48.83142,36.41443
1742845050550,145.326,8148,Eye Hit,Center,710.8638,689.8934,49.41221,SouthSidewalk,-30.36708,-15.40062,49.41221,34.57004
1742845050576,145.353,8150,Eye Hit,Center,714.8313,694.8462,49.47358,SouthSidewalk,-30.29642,-15.13704,49.47358,34.39382
1742845050604,145.3802,8152,Eye Hit,Center,716.1465,696.9832,49.50439,SouthSidewalk,-30.27935,-15.02427,49.50439,34.3255
1742845050631,145.4083,8154,Eye Hit,Center,664.5635,692.7548,49.30777,SouthSidewalk,-31.56333,-15.20517,49.30777,35.3951
1742845050659,145.4361,8156,Eye Hit,Center,617.8922,691.5745,48.96138,SouthSidewalk,-32.6032,-15.16504,48.96138,36.29382
1742845050688,145.4641,8158,Eye Hit,Center,627.8112,693.4462,49.07987,SouthSidewalk,-32.41332,-15.09577,49.07987,36.07449
1742845050714,145.4911,8160,Eye Hit,Center,645.5187,703.483,49.31611,SouthSidewalk,-32.08721,-14.59727,49.31611,35.55746
1742845050742,145.519,8162,Eye Hit,Center,686.9025,744.4737,49.80701,HighFemale2,-31.26861,-12.38678,49.80701,34.02959
1742845050770,145.546,8164,Eye Hit,Center,696.2753,745.6519,49.84583,HighFemale2,-31.03505,-12.32875,49.84583,33.82009
1742845050798,145.5773,8166,Eye Hit,Center,653.3806,745.121,49.65426,HighFemale2,-32.0917,-12.31168,49.65426,34.69225
1742845050827,145.6063,8168,Eye Hit,Center,681.6845,751.5961,49.83329,HighFemale2,-31.42868,-11.98366,49.83329,34.01807
1742845050842,145.6238,8169,,Center,748.1667,792.0014,49.95218,,-29.67015,-9.68332,49.95218,31.9973
1742845050875,145.6526,8171,Eye Hit,Center,759.4813,788.0488,49.91698,MicroBus2-Detailed,-29.33744,-9.904243,49.91698,31.81187
1742845050904,145.6815,8173,Eye Hit,Center,742.7896,785.1495,49.96822,MicroBus2-Detailed,-29.82803,-10.08157,49.96822,32.21563
1742845050934,145.7112,8175,,Center,718.0806,780.8928,49.98573,,-30.52038,-10.3307,49.98573,32.8063
1742845050963,145.7408,8177,,Center,694.1913,779.7886,49.94918,,-31.15686,-10.38678,49.94918,33.32571
1742845050998,145.7702,8179,,Center,655.5262,775.8885,49.77192,,-32.10878,-10.57378,49.77192,34.18428
1742845051013,145.7891,8180,Eye Hit,Center,666.7178,770.8785,49.82602,MicroBus2-Detailed,-31.83581,-10.87342,49.82602,34.0264
1742845051042,145.8183,8182,Eye Hit,Center,679.9426,757.7825,49.84996,NorthSidewalk,-31.48713,-11.63188,49.84996,33.95473
1742845051073,145.8479,8184,Eye Hit,Center,648.7287,752.8474,49.66446,NorthSidewalk,-32.22584,-11.87145,49.66446,34.66382
1742845051103,145.8803,8186,Eye Hit,Center,637.7224,750.3305,49.57242,NorthSidewalk,-32.46735,-11.99336,49.57242,34.92293
1742845051132,145.9095,8188,Eye Hit,Center,604.9987,755.4595,49.2839,NorthSidewalk,-33.16879,-11.63196,49.2839,35.49646
1742845051162,145.9383,8190,,Center,578.0247,756.9706,48.96564,,-33.68382,-11.47148,48.96564,36.00613
1742845051197,145.973,8192,Eye Hit,Center,566.39,744.8846,48.7623,NorthSidewalk,-33.85717,-12.10391,48.7623,36.40383
1742845051227,146.0033,8194,Eye Hit,Center,693.5632,727.8834,49.74743,NorthSidewalk,-31.04827,-13.32425,49.74743,34.18284
1742845051258,146.033,8196,,Center,752.4659,731.7498,49.75352,,-29.43406,-13.104,49.75352,32.92616
1742845051289,146.065,8198,,Center,760.4263,732.4948,49.7274,,-29.20007,-13.05426,49.7274,32.74962
1742845051308,146.0832,8199,,Center,725.5919,732.7949,49.80452,,-30.2032,-13.0574,49.80452,33.45195
1742845051324,146.1022,8200,,Center,704.1175,734.9058,49.80636,,-30.79482,-12.93648,49.80636,33.84703
1742845051369,146.1481,8202,,Center,616.2174,743.8986,49.35157,,-32.90866,-12.30628,49.35157,35.44783
1742845051395,146.1758,8203,Eye Hit,Center,613.9611,726.9291,49.24166,NorthSidewalk,-32.89671,-13.24306,49.24166,35.76023
1742845051422,146.2025,8204,Eye Hit,Center,698.2878,713.8451,49.66688,NorthSidewalk,-30.86844,-14.10733,49.66689,34.34632
1742845051451,146.2311,8205,Eye Hit,Center,641.902,712.6265,49.39324,NorthSidewalk,-32.23602,-14.09895,49.39325,35.46349
1742845051478,146.2593,8206,Eye Hit,Center,656.7373,706.7891,49.45062,NorthSidewalk,-31.86843,-14.44845,49.45062,35.28286
1742845051508,146.2873,8207,Eye Hit,Center,616.4728,715.4036,49.20627,NorthSidewalk,-32.80483,-13.8879,49.20627,35.9031
1742845051537,146.3165,8208,Eye Hit,Center,583.1405,710.6927,48.80621,NorthSidewalk,-33.43629,-14.0403,48.80621,36.61349
1742845051570,146.3448,8209,Eye Hit,Center,586.879,702.5935,48.79224,NorthSidewalk,-33.32601,-14.49228,48.79224,36.67895
1742845051611,146.3725,8210,Eye Hit,Center,575.5218,687.996,48.52563,NorthSidewalk,-33.44819,-15.23055,48.52563,37.13972
1742845051652,146.4054,8211,Eye Hit,Center,613.211,685.2253,48.9307,NorthSidewalk,-32.70924,-15.5141,48.93069,36.49632
1742845051681,146.4444,8212,Eye Hit,Center,598.1644,688.9133,48.80888,NorthSidewalk,-33.03326,-15.26769,48.80888,36.70746
1742845051713,146.4754,8213,Eye Hit,Center,533.9991,694.9308,47.98553,NorthSidewalk,-34.17596,-14.67699,47.98553,37.77974
1742845051748,146.5067,8214,Eye Hit,Center,475.6579,684.1995,46.84581,NorthSidewalk,-34.87316,-14.90846,46.84581,38.99354
1742845051783,146.5419,8215,Eye Hit,Center,474.0485,690.49,46.86711,NorthSidewalk,-34.93066,-14.57501,46.86711,38.92404
1742845051813,146.5758,8216,Eye Hit,Center,643.1913,705.2105,49.36579,NorthSidewalk,-32.18298,-14.51368,49.36579,35.57069
1742845051840,146.6062,8217,Eye Hit,Center,658.8481,712.8717,49.52914,NorthSidewalk,-31.86133,-14.12375,49.52914,35.13236
1742845051870,146.6329,8218,Eye Hit,Center,626.7095,707.1191,49.25123,NorthSidewalk,-32.55645,-14.37141,49.25123,35.85066
1742845051899,146.6628,8219,Eye Hit,Center,586.1104,713.527,48.8728,NorthSidewalk,-33.40178,-13.89967,48.8728,36.51096
1742845051928,146.6917,8220,Eye Hit,Center,608.861,710.1608,49.10495,NorthSidewalk,-32.94365,-14.1564,49.10495,36.13696
1742845051956,146.7212,8221,Eye Hit,Center,567.522,710.2968,48.61568,NorthSidewalk,-33.72498,-14.00774,48.61568,36.91257
1742845051998,146.7494,8222,Eye Hit,Center,630.1543,700.8126,49.24059,NorthSidewalk,-32.45577,-14.7267,49.24059,35.89722
1742845052040,146.7916,8223,Eye Hit,Center,631.3858,706.4882,49.28947,NorthSidewalk,-32.45447,-14.41848,49.28947,35.77284
1742845052082,146.8347,8224,Eye Hit,Center,582.8232,700.4537,48.73406,NorthSidewalk,-33.3954,-14.59529,48.73406,36.79079
1742845052124,146.8761,8225,Eye Hit,Center,578.2411,704.9727,48.71249,NorthSidewalk,-33.50386,-14.33481,48.71249,36.80005
1742845052165,146.916,8226,Eye Hit,Center,731.512,730.6271,49.81777,NorthSidewalk,-30.04839,-13.18535,49.81777,33.37213
1742845052196,146.9565,8227,Eye Hit,Center,693.6873,731.2714,49.79035,NorthSidewalk,-31.07164,-13.14106,49.79035,34.12024
1742845052226,146.9872,8228,Eye Hit,Center,704.5325,729.5687,49.79891,NorthSidewalk,-30.7788,-13.24115,49.79891,33.93381
1742845052254,147.0169,8229,Eye Hit,Center,759.9109,730.8102,49.73874,NorthSidewalk,-29.22087,-13.154,49.73874,32.79239
1742845052273,147.0451,8230,Eye Hit,Center,749.3835,731.8875,49.78162,NorthSidewalk,-29.53541,-13.10343,49.78162,32.98628
1742845052296,147.0632,8231,Eye Hit,Center,812.4261,736.5419,49.43837,Car1-Detailed,-27.61101,-12.74755,49.43837,31.59743
1742845052313,147.0865,8232,Eye Hit,Center,842.3061,736.5864,49.13437,SportCar3-Detailed,-26.63066,-12.66672,49.13437,30.97148
1742845052331,147.1033,8233,Eye Hit,Center,834.2947,735.6071,49.21827,SportCar3-Detailed,-26.89384,-12.74393,49.21827,31.15981
1742845052351,147.122,8234,Eye Hit,Center,837.4432,737.5141,49.1911,SportCar3-Detailed,-26.79348,-12.62862,49.1911,31.05429
1742845052367,147.1423,8235,Eye Hit,Center,834.3279,734.8888,49.21151,SportCar3-Detailed,-26.88923,-12.78291,49.21151,31.17399
1742845052400,147.1757,8237,Eye Hit,Center,849.2892,732.9536,49.02896,SportCar3-Detailed,-26.38451,-12.84509,49.02896,30.90166
1742845052416,147.1924,8238,Eye Hit,Center,870.0658,736.3199,48.77847,SportCar3-Detailed,-25.69017,-12.58986,48.77847,30.39222
1742845052448,147.2224,8240,Eye Hit,Center,859.5811,743.8699,48.95072,SportCar3-Detailed,-26.06425,-12.20801,48.95072,30.45429
1742845052465,147.2401,8241,Eye Hit,Center,858.9787,745.3363,48.96437,SportCar3-Detailed,-26.0878,-12.12848,48.96437,30.43663
1742845052496,147.2726,8243,Eye Hit,Center,851.8178,745.1913,49.05111,SportCar3-Detailed,-26.32794,-12.1582,49.05111,30.59216
1742845052529,147.3039,8245,Eye Hit,Center,846.0513,745.3499,49.11969,SportCar3-Detailed,-26.52113,-12.1662,49.11969,30.71155
1742845052560,147.3353,8247,Eye Hit,Center,848.3671,746.8802,49.09799,SportCar3-Detailed,-26.44665,-12.07411,49.09799,30.63113
1742845052592,147.368,8249,Eye Hit,Center,846.7459,744.3894,49.10645,SportCar3-Detailed,-26.49515,-12.21724,49.10645,30.71637
1742845052624,147.3981,8251,Eye Hit,Center,779.583,734.5618,49.64693,Car1-Detailed,-28.62771,-12.91477,49.64693,32.31691
1742845052639,147.415,8252,Eye Hit,Center,779.8679,734.0039,49.64166,Car1-Detailed,-28.61687,-12.94539,49.64166,32.32191
1742845052671,147.4459,8254,Eye Hit,Center,775.6512,734.4316,49.66681,Car1-Detailed,-28.74699,-12.92752,49.66681,32.40039
1742845052703,147.4774,8256,Eye Hit,Center,774.2256,736.4891,49.68601,Car1-Detailed,-28.79721,-12.81443,49.68601,32.39009
1742845052719,147.4942,8257,Eye Hit,Center,772.7574,737.8431,49.70165,Car1-Detailed,-28.84657,-12.74092,49.70165,32.39454
1742845052752,147.5261,8259,Eye Hit,Center,772.9052,734.4481,49.68345,Car1-Detailed,-28.83195,-12.9309,49.68345,32.45653
1742845052768,147.5429,8260,Eye Hit,Center,774.7524,733.954,49.67083,Car1-Detailed,-28.77398,-12.95584,49.67083,32.42808
1742845052801,147.5762,8262,Eye Hit,Center,780.4276,733.4514,49.63734,Car1-Detailed,-28.59904,-12.97589,49.63734,32.32116
1742845052833,147.6083,8264,Eye Hit,Center,783.1596,734.5703,49.62835,Car1-Detailed,-28.519,-12.90955,49.62835,32.24308
1742845052868,147.6441,8266,Eye Hit,Center,789.1395,735.0058,49.59372,Car1-Detailed,-28.33537,-12.87557,49.59372,32.11114
1742845052901,147.675,8268,Eye Hit,Center,791.7399,736.5739,49.5853,Car1-Detailed,-28.25937,-12.78354,49.5853,32.02655
1742845052932,147.7076,8270,Eye Hit,Center,796.5226,735.6167,49.54685,Car1-Detailed,-28.10664,-12.82843,49.54685,31.94633
1742845052966,147.7413,8272,Eye Hit,Center,797.8981,732.1837,49.51822,Car1-Detailed,-28.05279,-13.01709,49.51822,31.98615
1742845052998,147.7732,8274,Eye Hit,Center,795.1613,728.7256,49.51801,Car1-Detailed,-28.12748,-13.21482,49.51801,32.11206
1742845053032,147.806,8276,Eye Hit,Center,804.8392,722.0394,49.4025,Car1-Detailed,-27.7979,-13.56505,49.4025,32.05086
1742845053050,147.8233,8277,Eye Hit,Center,804.089,723.9559,49.42053,Car1-Detailed,-27.82853,-13.46066,49.42053,32.02639
1742845053065,147.8408,8278,Eye Hit,Center,804.2081,718.5356,49.3834,Car1-Detailed,-27.80437,-13.75949,49.3834,32.13705
1742845053096,147.8719,8280,Eye Hit,Center,808.6157,815.0109,49.57726,NE_Tree_30,-27.79287,-8.294354,49.57726,30.32887
1742845053129,147.9031,8282,,Center,812.9114,914.4897,48.86389,,-27.27707,-2.566013,48.86389,29.27891
1742845053144,147.9199,8283,Eye Hit,Center,813.0364,912.8812,48.88063,SouthCarSignal,-27.28304,-2.657698,48.88063,29.28364
1742845053160,147.9366,8284,Eye Hit,Center,812.8635,909.2864,48.92133,SouthCarSignal,-27.31043,-2.862765,48.92133,29.30597
1742845053192,147.9666,8286,Eye Hit,Center,814.2515,905.5162,48.94967,SouthCarSignal,-27.28873,-3.077479,48.94967,29.29329
1742845053223,147.9984,8288,Eye Hit,Center,816.2406,907.6532,48.91003,SouthCarSignal,-27.21293,-2.954277,48.91003,29.23384
1742845053255,148.03,8290,Eye Hit,Center,818.6995,908.3073,48.88115,SouthCarSignal,-27.1305,-2.915618,48.88115,29.17138
1742845053288,148.0618,8292,Eye Hit,Center,819.0342,747.5991,49.41484,NE_Tree_30,-27.41758,-12.11112,49.41484,31.23958
1742845053305,148.0792,8293,Eye Hit,Center,821.2936,749.4464,49.40009,NE_Tree_30,-27.34777,-12.00217,49.40009,31.1557
1742845053320,148.0966,8294,Eye Hit,Center,816.5563,652.3519,48.62739,Car1-Detailed,-27.04719,-17.26252,48.62739,33.41861
1742845053353,148.1258,8296,Eye Hit,Center,817.6647,655.1627,48.65166,Car1-Detailed,-27.03092,-17.11321,48.65166,33.32839
1742845053371,148.1434,8297,Eye Hit,Center,818.9283,657.6563,48.67045,Car1-Detailed,-27.0074,-16.97983,48.67045,33.24332
1742845053386,148.1611,8298,Eye Hit,Center,815.0601,664.1641,48.78216,Car1-Detailed,-27.17357,-16.65258,48.78216,33.15728
1742845053418,148.1928,8300,Eye Hit,Center,817.6703,664.2985,48.76114,Car1-Detailed,-27.09159,-16.63777,48.76114,33.10463
1742845053455,148.2274,8302,Eye Hit,Center,817.5994,670.1583,48.82818,Car1-Detailed,-27.13076,-16.3304,48.82818,32.96449
1742845053469,148.2454,8303,Eye Hit,Center,819.1115,669.5989,48.80794,Car1-Detailed,-27.07876,-16.35529,48.80794,32.94916
1742845053502,148.2761,8305,Eye Hit,Center,822.1976,666.8644,48.74928,Car1-Detailed,-26.96315,-16.48941,48.74928,32.95651
1742845053534,148.3103,8307,Eye Hit,Center,825.1049,670.6265,48.76367,Car1-Detailed,-26.89285,-16.2826,48.76367,32.80993
1742845053566,148.3415,8309,Eye Hit,Center,827.8092,673.81,48.77208,Car1-Detailed,-26.82466,-16.10624,48.77208,32.68122
1742845053599,148.3745,8311,Eye Hit,Center,834.148,694.626,48.91256,Car1-Detailed,-26.73075,-14.97769,48.91256,32.06477
1742845053632,148.4054,8313,Eye Hit,Center,848.0553,701.6926,48.81845,Car1-Detailed,-26.30448,-14.55091,48.81845,31.62343
1742845053649,148.4222,8314,Eye Hit,Center,854.2136,710.7438,48.81628,Car1-Detailed,-26.13732,-14.0404,48.81628,31.29053
1742845053664,148.44,8315,Eye Hit,Center,858.9022,713.4503,48.77702,Car1-Detailed,-25.99004,-13.87672,48.77702,31.13309
1742845053696,148.4714,8317,Eye Hit,Center,859.1737,716.0155,48.79169,Car1-Detailed,-25.99055,-13.73646,48.79169,31.06919
1742845053729,148.5038,8319,Eye Hit,Center,864.0834,715.1499,48.72207,Car1-Detailed,-25.82139,-13.76555,48.72207,30.98818
1742845053761,148.5372,8321,Eye Hit,Center,859.093,713.5826,48.77549,Car1-Detailed,-25.98409,-13.86884,48.77549,31.12618
1742845053793,148.5678,8323,Eye Hit,Center,863.5629,713.4109,48.71744,Car1-Detailed,-25.83294,-13.86199,48.71744,31.03866
1742845053825,148.5999,8325,Eye Hit,Center,858.2585,712.52,48.779,Car1-Detailed,-26.00843,-13.92956,48.779,31.16746
1742845053857,148.6318,8327,Eye Hit,Center,861.0262,714.7648,48.75932,Car1-Detailed,-25.92343,-13.79765,48.75932,31.05961
1742845053888,148.6629,8329,Eye Hit,Center,860.1824,716.7748,48.78432,Car1-Detailed,-25.95946,-13.69158,48.78432,31.03126
1742845053921,148.6954,8331,Eye Hit,Center,857.9352,717.8735,48.8204,Car1-Detailed,-26.03922,-13.63987,48.8204,31.05265
1742845053953,148.7263,8333,Eye Hit,Center,858.8693,717.3411,48.80466,Car1-Detailed,-26.00566,-13.66545,48.80466,31.04545
1742845053969,148.7431,8334,Eye Hit,Center,861.2688,717.8466,48.77694,Car1-Detailed,-25.92627,-13.62921,48.77694,30.98468
1742845054001,148.7763,8336,Eye Hit,Center,865.4951,716.3375,48.7124,Car1-Detailed,-25.7783,-13.69611,48.7124,30.93208
1742845054033,148.808,8338,Eye Hit,Center,877.9895,715.9731,48.54008,Car1-Detailed,-25.35228,-13.66802,48.54008,30.68338
1742845054066,148.8423,8340,Eye Hit,Center,912.5397,720.2552,48.03569,Car1-Detailed,-24.17254,-13.2887,48.03569,29.86655
1742845054099,148.8759,8342,Eye Hit,Center,859.778,733.3396,48.89432,Car1-Detailed,-26.02891,-12.788,48.89433,30.6734
1742845054116,148.8931,8343,,Center,837.7451,752.381,49.244,,-26.81408,-11.79743,49.244,30.74786
1742845054133,148.9124,8344,,Center,894.5339,755.0973,48.49583,,-24.8862,-11.46612,48.49583,29.46688
1742845054161,148.9397,8345,,Center,924.9669,753.6451,47.98463,,-23.81761,-11.4258,47.98463,28.83359
1742845054200,148.9675,8346,,Center,842.5854,791.0001,49.263,,-26.69279,-9.606666,49.263,29.93617
1742845054234,148.9962,8347,,Center,813.5141,813.1994,49.53694,,-27.6363,-8.391168,49.53695,30.24399
1742845054270,149.0275,8348,,Center,851.6176,818.1428,49.12421,,-26.37262,-8.041094,49.12421,29.30359
1742845054310,149.0637,8349,,Center,959.7166,816.5922,47.36897,,-22.60323,-7.838528,47.36897,26.79617
1742845054337,149.103,8350,,Center,928.6025,812.7982,47.96797,,-23.71306,-8.14772,47.96797,27.59694
1742845054367,149.1294,8351,,Center,772.7123,828.7369,49.78473,,-28.89603,-7.540539,49.78473,30.95771
1742845054400,149.1599,8352,,Center,735.4166,843.643,49.84552,,-29.95768,-6.692389,49.84552,31.62578
1742845054430,149.1923,8353,,Center,699.1268,848.3796,49.81219,,-30.93567,-6.415798,49.81219,32.38539
1742845054460,149.2229,8354,,Center,718.4843,849.1185,49.83003,,-30.4142,-6.375519,49.83003,31.94869
1742845054489,149.2525,8355,,Center,697.311,849.3146,49.8049,,-30.98109,-6.361094,49.8049,32.41659
1742845054519,149.2816,8356,,Center,734.9236,848.9863,49.82336,,-29.95793,-6.38227,49.82336,31.58221
1742845054547,149.3108,8357,,Center,770.5569,846.6817,49.72393,,-28.9199,-6.50174,49.72393,30.80028
1742845054575,149.3401,8358,,Center,813.1924,848.3886,49.4231,,-27.58157,-6.365124,49.4231,29.80141
1742845054603,149.3678,8359,,Center,799.9194,840.0883,49.57269,,-28.02832,-6.859229,49.57269,30.20297
1742845054631,149.3958,8360,Eye Hit,Center,802.7491,820.6111,49.62163,NorthWalkingPole,-27.97846,-7.981113,49.62164,30.38429
1742845054660,149.4239,8361,,Center,812.6437,824.8779,49.52581,,-27.65389,-7.721993,49.52581,30.10232
1742845054688,149.4528,8362,,Center,853.6166,829.4172,49.07607,,-26.2926,-7.394824,49.07607,29.09761
1742845054715,149.481,8363,,Center,903.1577,832.5797,48.35804,,-24.58525,-7.11009,48.35804,27.88932
1742845054743,149.509,8364,,Center,908.3865,828.9824,48.28371,,-24.40807,-7.299557,48.28371,27.81773
1742845054770,149.5365,8365,,Center,781.114,818.07,49.77483,,-28.6594,-8.151778,49.77483,30.90557
1742845054798,149.5626,8366,,Center,754.304,815.6401,49.90264,,-29.47165,-8.312622,49.90265,31.53433
1742845054826,149.5911,8367,,Center,748.9692,815.4442,49.91804,,-29.62776,-8.326423,49.91804,31.65472
1742845054854,149.6175,8368,,Center,763.4198,813.577,49.87034,,-29.20157,-8.42595,49.87034,31.35974
1742845054882,149.6444,8369,,Center,803.9058,814.8113,49.62046,,-27.94613,-8.31312,49.62046,30.43798
1742845054913,149.6737,8370,,Center,777.7373,814.0357,49.79855,,-28.7659,-8.387408,49.79855,31.03528
1742845054942,149.705,8371,,Center,747.3843,835.9973,49.85194,,-29.63216,-7.133101,49.85194,31.44088
1742845054960,149.7321,8372,,Center,724.8361,835.9459,49.88646,,-30.27371,-7.14109,49.88646,31.94381
1742845054982,149.7511,8373,,Center,762.6304,832.2717,49.81417,,-29.19041,-7.341859,49.81417,31.1419
1742845055000,149.7732,8374,,Center,774.946,833.4688,49.75124,,-28.81523,-7.263891,49.75124,30.85011
1742845055017,149.7905,8375,,Center,754.2343,833.1268,49.841,,-29.43715,-7.296567,49.841,31.32028
1742845055037,149.8075,8376,,Center,777.7579,835.4991,49.72592,,-28.72337,-7.143712,49.72592,30.76241
1742845055055,149.8284,8377,,Center,753.2365,790.1832,49.92448,,-29.51396,-9.782695,49.92448,31.91468
1742845055087,149.8602,8379,,Center,609.3411,672.3986,48.72712,,-32.67725,-16.17077,48.72712,36.80526
1742845055118,149.8925,8381,,Center,595.1276,673.1416,48.58425,,-32.9627,-16.08166,48.58426,37.04927
1742845055149,149.9234,8383,,Center,625.0472,679.0426,48.94426,,-32.39846,-15.86755,48.94426,36.39291
1742845055180,149.9544,8385,,Center,640.9017,679.2643,49.07405,,-32.05481,-15.89707,49.07405,36.09607
1742845055210,149.9851,8387,,Center,648.592,679.5015,49.13067,,-31.88319,-15.90192,49.13067,35.94901
1742845055240,150.0151,8389,,Center,661.6417,682.4984,49.24098,,-31.6,-15.76745,49.24098,35.64787
1742845055270,150.0444,8391,,Center,665.9873,683.7747,49.27521,,-31.50376,-15.70585,49.27521,35.54163
1742845055299,150.0755,8393,,Center,658.137,686.5685,49.2611,,-31.70823,-15.54238,49.2611,35.63465
1742845055330,150.1073,8395,,Center,648.5434,689.9441,49.23485,,-31.95212,-15.34234,49.23486,35.7505
1742845055360,150.1361,8397,,Center,646.5175,693.4114,49.25369,,-32.01944,-15.1513,49.25368,35.72367
1742845055391,150.1676,8399,,Center,650.7147,693.9544,49.28724,,-31.92702,-15.1306,49.28724,35.63431
1742845055421,150.1956,8401,,Center,654.7808,690.6839,49.28295,,-31.81363,-15.31541,49.28296,35.61926
1742845055451,150.226,8403,,Center,652.4139,689.9063,49.26141,,-31.86409,-15.35286,49.26141,35.67852
1742845055481,150.2558,8405,,Center,652.8621,689.9543,49.26515,,-31.85431,-15.35122,49.26515,35.66915
1742845055496,150.2729,8406,,Center,651.8331,690.2552,49.26107,,-31.87967,-15.33284,49.26107,35.6828
1742845055526,150.3014,8408,,Center,649.1738,691.698,49.25739,,-31.9496,-15.24977,49.25739,35.70569
1742845055556,150.3316,8410,,Center,645.5486,691.9777,49.23581,,-32.03415,-15.22712,49.23581,35.76863
1742845055586,150.3618,8412,,Center,642.2079,694.1882,49.23272,,-32.12296,-15.10071,49.23272,35.79045
1742845055615,150.3902,8414,,Center,638.9813,696.2314,49.22745,,-32.2072,-14.98305,49.22745,35.81363
1742845055645,150.4195,8416,,Center,634.8094,696.7148,49.19956,,-32.30227,-14.94697,49.19956,35.8834
1742845055675,150.45,8418,,Center,628.3753,697.652,49.15499,,-32.44764,-14.88036,49.15499,35.98763
1742845055690,150.4677,8419,,Center,624.1443,698.1766,49.1223,,-32.54079,-14.84066,49.1223,36.05778
1742845055719,150.495,8421,,Center,617.877,699.7387,49.07825,,-32.68143,-14.73899,49.07825,36.14783
1742845055748,150.5242,8423,,Center,607.575,702.0103,48.99475,,-32.9045,-14.58552,48.99475,36.30156
1742845055778,150.5548,8425,,Center,592.5523,705.5191,48.85783,,-33.21778,-14.34683,48.85783,36.52327
1742845055808,150.5847,8427,,Center,579.9663,707.8636,48.72171,,-33.46379,-14.17508,48.72171,36.7198
1742845055838,150.6143,8429,,Center,573.2051,710.1082,48.65219,,-33.59766,-14.02883,48.65219,36.80939
1742845055868,150.6435,8431,,Center,556.005,712.4602,48.42858,,-33.90312,-13.83301,48.42859,37.09272
1742845055904,150.6785,8433,,Center,508.3782,718.2437,47.69016,,-34.64019,-13.30372,47.69016,37.88598
1742845055919,150.6961,8434,,Center,482.0345,718.5737,47.1986,,-34.96962,-13.14858,47.1986,38.36324
1742845055950,150.7257,8436,,Center,449.9134,721.4506,46.5582,,-35.32082,-12.81567,46.5582,38.90462
1742845055989,150.762,8438,Eye Hit,Center,531.9788,725.1365,48.13788,NorthSidewalk,-34.33817,-13.04574,48.13787,37.34637
1742845056003,150.7798,8439,Eye Hit,Center,494.6388,726.8021,47.48685,NorthSidewalk,-34.85274,-12.77802,47.48685,38.01537
1742845056042,150.8141,8441,,Center,544.022,730.2104,48.35646,,-34.17257,-12.82183,48.35646,37.04502
1742845056058,150.8354,8442,Eye Hit,Center,669.002,728.722,49.65262,Car1-Detailed,-31.6624,-13.25094,49.65262,34.65495
1742845056083,150.8616,8443,Eye Hit,Center,715.0786,724.4302,49.74876,Car1-Detailed,-30.45814,-13.52291,49.74876,33.81693
1742845056119,150.892,8444,Eye Hit,Center,608.3842,732.8978,49.20737,Car1-Detailed,-33.02531,-12.89484,49.20737,35.77241
1742845056153,150.9214,8445,Eye Hit,Center,579.493,735.3148,48.88338,Car1-Detailed,-33.5876,-12.67363,48.88338,36.29294
1742845056188,150.9514,8446,Eye Hit,Center,554.7518,744.1772,48.58221,Car1-Detailed,-34.04429,-12.09887,48.58221,36.63794
1742845056226,150.9812,8447,Eye Hit,Center,532.5563,750.947,48.26065,NorthSidewalk,-34.41035,-11.64175,48.26065,36.96918
1742845056268,151.0189,8448,Eye Hit,Center,598.4249,711.0951,48.95798,NorthSidewalk,-33.12712,-14.06135,48.95798,36.31874
1742845056300,151.0604,8449,Eye Hit,Center,612.161,704.7416,49.05538,NorthSidewalk,-32.82102,-14.44881,49.05538,36.16771
1742845056342,151.0927,8450,Eye Hit,Center,663.0169,660.0248,48.9894,RoadCrosswalk,-31.40136,-16.95729,48.9894,36.07234
1742845056378,151.136,8451,Eye Hit,Center,774.1204,594.282,48.03596,RoadCrosswalk,-27.84366,-20.27124,48.03596,35.64002
1742845056408,151.1716,8452,Eye Hit,Center,870.4102,543.32,46.2965,RoadCrosswalk,-24.37419,-22.25958,46.2965,35.48848
1742845056435,151.2014,8453,Eye Hit,Center,947.2181,480.4401,43.98964,RoadCrosswalk,-21.29426,-24.34229,43.98964,36.32386
1742845056464,151.2275,8454,Eye Hit,Center,1006.361,450.0125,42.40774,RoadCrosswalk,-19.14375,-24.95588,42.40775,36.56344
1742845056494,151.2578,8455,Eye Hit,Center,1005.82,443.7953,42.29059,RoadCrosswalk,-19.10351,-25.19023,42.29059,36.78031
1742845056522,151.2862,8456,Eye Hit,Center,1002.6,446.437,42.40076,RoadCrosswalk,-19.22865,-25.12662,42.40076,36.73076
1742845056552,151.3147,8457,Eye Hit,Center,983.7297,442.1827,42.62347,RoadCrosswalk,-19.77371,-25.46785,42.62347,37.10609
1742845056580,151.3437,8458,Eye Hit,Center,955.2722,443.8504,43.09713,RoadCrosswalk,-20.67057,-25.66801,43.09713,37.40509
1742845056608,151.3734,8459,Eye Hit,Center,927.5463,448.1759,43.58319,RoadCrosswalk,-21.57086,-25.73987,43.58319,37.61634
1742845056636,151.4006,8460,Eye Hit,Center,915.3185,450.7566,43.80121,RoadCrosswalk,-21.97446,-25.7383,43.80121,37.69133
1742845056664,151.4291,8461,Eye Hit,Center,899.786,441.7676,43.78788,RoadCrosswalk,-22.34328,-26.18464,43.78788,38.17097
1742845056692,151.4562,8462,Eye Hit,Center,907.4661,438.7693,43.62635,RoadCrosswalk,-22.07587,-26.23899,43.62635,38.16739
1742845056720,151.484,8463,Eye Hit,Center,1031.456,485.8138,42.65803,RoadEast,-18.66571,-23.34082,42.65803,35.01534
1742845056747,151.5119,8464,Eye Hit,Center,1025.079,489.1874,42.84201,RoadEast,-18.89706,-23.2748,42.84201,34.9838
1742845056775,151.5409,8465,Eye Hit,Center,1046.658,537.6597,43.25998,RoadEast,-18.56602,-21.08212,43.25998,32.99861
1742845056803,151.568,8466,Eye Hit,Center,1052.66,544.1202,43.23759,RoadEast,-18.41313,-20.74892,43.23759,32.68397
1742845056844,151.5952,8467,Eye Hit,Center,1051.215,536.7407,43.15109,RoadEast,-18.41073,-21.07482,43.15109,32.96388
1742845056874,151.6382,8468,Eye Hit,Center,1044.873,530.4614,43.17929,RoadEast,-18.57395,-21.40156,43.17929,33.27597
1742845056900,151.6667,8469,Eye Hit,Center,1046.638,518.6696,42.94545,RoadEast,-18.43151,-21.87001,42.94545,33.66301
1742845056928,151.6931,8470,Eye Hit,Center,1148.862,502.4478,40.49526,RoadEast,-15.09445,-21.38027,40.49525,32.87421
1742845056969,151.7207,8471,Eye Hit,Center,1181.246,532.3929,40.17759,RoadEast,-14.25768,-19.82427,40.17759,31.29016
1742845057011,151.7618,8472,Eye Hit,Center,1235.587,520.2514,38.74801,RoadEast,-12.58786,-19.66166,38.748,31.0693
1742845057040,151.805,8473,Eye Hit,Center,1279.313,522.9675,37.75249,RoadEast,-11.35306,-19.03827,37.75249,30.41932
1742845057067,151.8326,8474,Eye Hit,Center,1090.255,614.9117,43.35452,RoadEast,-17.56305,-17.26366,43.35452,29.59831
1742845057108,151.8597,8475,,Center,851.0999,724.1704,48.9542,,-26.29533,-13.3215,48.9542,31.05377
1742845057137,151.9022,8476,,Center,661.5781,798.915,49.81706,,-31.97144,-9.259765,49.81706,33.74895
1742845057164,151.9291,8477,,Center,646.2322,799.1058,49.71983,,-32.3303,-9.230693,49.71983,34.06788
1742845057205,151.9565,8478,,Center,638.6923,792.5374,49.66709,,-32.50276,-9.597359,49.66709,34.30747
1742845057235,151.999,8479,,Center,646.8691,795.0157,49.72727,,-32.31765,-9.466913,49.72726,34.10617
1742845057261,152.0268,8480,,Center,643.8986,785.9547,49.70456,,-32.38441,-9.982112,49.70456,34.28568
1742845057290,152.0544,8481,,Center,624.7652,783.9459,49.5465,,-32.80482,-10.06528,49.5465,34.70516
1742845057319,152.0826,8482,,Center,593.6485,784.86,49.22208,,-33.43564,-9.947556,49.22208,35.32547
1742845057346,152.112,8483,,Center,543.0167,788.833,48.5239,,-34.31781,-9.583956,48.5239,36.28972
1742845057374,152.14,8484,,Center,723.1501,728.0983,49.78319,,-30.25738,-13.32148,49.78319,33.58742
1742845057416,152.1688,8485,,Center,747.509,722.7182,49.708,,-29.54316,-13.61006,49.708,33.19952
1742845057457,152.2094,8486,,Center,688.8262,723.0588,49.69749,,-31.14706,-13.58765,49.69749,34.36329
1742845057485,152.249,8487,,Center,641.3436,715.9568,49.40208,,-32.25702,-13.91169,49.40208,35.41604
1742845057512,152.2757,8488,,Center,580.7419,719.1966,48.81196,,-33.50488,-13.56303,48.81196,36.5205
1742845057545,152.3038,8489,,Center,611.0768,731.8729,49.23657,,-32.97172,-12.96071,49.23657,35.73646
1742845057572,152.3362,8490,,Center,685.3251,735.6266,49.76315,,-31.28441,-12.88387,49.76315,34.21145
1742845057592,152.3632,8491,Eye Hit,Center,742.7643,735.9905,49.79955,NorthSidewalk,-29.72803,-12.87239,49.79955,33.04455
1742845057613,152.3816,8492,,Center,730.6933,740.1232,49.84146,,-30.08522,-12.64557,49.84146,33.21567
1742845057632,152.4044,8493,,Center,721.799,740.4526,49.84788,,-30.33389,-12.62818,49.84788,33.3911
1742845057648,152.4222,8494,,Center,765.1343,744.2084,49.76874,,-29.09498,-12.39246,49.76874,32.43282
1742845057683,152.4555,8496,,Center,787.6202,749.0666,49.66896,,-28.42002,-12.08928,49.66896,31.87358
1742845057699,152.4744,8497,,Center,785.1419,749.4531,49.68604,,-28.49777,-12.07126,49.68604,31.91839
1742845057730,152.5044,8499,,Center,780.0471,751.4972,49.72528,,-28.66016,-11.96338,49.72528,31.98761
1742845057759,152.5349,8501,,Center,770.0542,750.9102,49.7763,,-28.96419,-12.00946,49.7763,32.20778
1742845057789,152.5637,8503,,Center,758.3643,749.551,49.82108,,-29.31179,-12.09836,49.82108,32.4762
1742845057819,152.5934,8505,,Center,754.5748,749.2649,49.83342,,-29.4233,-12.11791,49.83342,32.56014
1742845057848,152.6224,8507,,Center,758.9562,750.6093,49.82337,,-29.29685,-12.03811,49.82337,32.44491
1742845057878,152.6543,8509,,Center,778.9892,750.3994,49.72811,,-28.69084,-12.02704,49.72812,32.02994
1742845057907,152.683,8511,,Center,783.5682,750.8009,49.70288,,-28.55063,-11.998,49.70288,31.92647
1742845057936,152.712,8513,,Center,784.821,752.2558,49.7011,,-28.51522,-11.91414,49.7011,31.87333
1742845057966,152.7419,8515,,Center,790.1223,751.0858,49.66206,,-28.34747,-11.97184,49.66206,31.78335
1742845057996,152.7721,8517,,Center,792.2209,751.1334,49.64814,,-28.282,-11.96566,49.64814,31.73822
1742845058025,152.8006,8519,,Center,798.4401,751.8101,49.60606,,-28.08771,-11.9169,49.60606,31.5944
1742845058055,152.8301,8521,,Center,808.8162,758.9077,49.54804,,-27.771,-11.49717,49.54804,31.24184
1742845058085,152.8596,8523,,Center,809.0247,759.527,49.54819,,-27.76538,-11.46166,49.54819,31.2259
1742845058114,152.8892,8525,,Center,813.8511,758.5329,49.50312,,-27.60822,-11.50807,49.50312,31.14115
1742845058145,152.9212,8527,,Center,826.894,758.4113,49.37889,,-27.18336,-11.48617,49.37889,30.86393
1742845058174,152.9494,8529,,Center,833.9713,757.2043,49.30179,,-26.94827,-11.53688,49.30179,30.73497
1742845058204,152.9792,8531,Eye Hit,Center,846.1193,757.4037,49.16622,Jeep2-Detailed,-26.54442,-11.4939,49.16622,30.46964
1742845058234,153.0093,8533,Eye Hit,Center,859.1556,757.0083,49.00499,Jeep2-Detailed,-26.10466,-11.47846,49.00499,30.19583
1742845058264,153.0408,8535,Eye Hit,Center,882.5945,755.0349,48.67661,Jeep2-Detailed,-25.29982,-11.51239,48.67661,29.72782
1742845058296,153.0712,8537,,Center,908.0728,754.7078,48.27834,,-24.41371,-11.43643,48.27834,29.17989
1742845058312,153.0887,8538,,Center,856.5316,888.9658,48.66614,,-25.99466,-3.989005,48.66614,28.38658
1742845058344,153.1172,8540,Eye Hit,Center,865.1277,977.8584,47.46827,SouthCarSignal,-25.12955,0.978157,47.46827,27.91453
1742845058358,153.1351,8541,Eye Hit,Center,883.8116,978.6844,47.21625,SouthCarSignal,-24.50907,1.017996,47.21625,27.45319
1742845058388,153.1637,8543,Eye Hit,Center,915.2705,980.2863,46.73439,SouthCarSignal,-23.44724,1.093897,46.73439,26.66848
1742845058419,153.1944,8545,Eye Hit,Center,963.3607,980.6338,45.9099,SouthCarSignal,-21.81463,1.092981,45.9099,25.44315
1742845058452,153.2292,8547,,Center,999.8719,985.4657,45.13773,,-20.53785,1.326331,45.13773,24.5107
1742845058492,153.2698,8549,,Center,952.3645,936.2331,46.68766,,-22.46764,-1.280367,46.68766,25.7347
1742845058520,153.2969,8550,,Center,839.7583,843.0355,49.17459,,-26.72163,-6.63682,49.17459,29.24502
1742845058555,153.3246,8551,,Center,928.8573,848.1258,47.8446,,-23.64535,-6.176253,47.8446,27.05761
1742845058590,153.3522,8552,,Center,857.9995,809.8536,49.06139,,-26.16601,-8.500007,49.06139,29.28226
1742845058627,153.3832,8553,,Center,775.704,789.2947,49.82836,,-28.83905,-9.814993,49.82837,31.44031
1742845058653,153.4188,8554,,Center,822.1566,784.6658,49.47673,,-27.36663,-10.00997,49.47673,30.49642
1742845058682,153.4454,8555,,Center,867.5746,786.3777,48.95014,,-25.84791,-9.80689,48.95015,29.45664
1742845058713,153.4754,8556,,Center,913.5573,789.1519,48.24903,,-24.25279,-9.511815,48.24903,28.36616
1742845058743,153.5059,8557,,Center,965.5208,790.0749,47.27806,,-22.40835,-9.270078,47.27806,27.15444
1742845058772,153.536,8558,,Center,951.0621,788.8839,47.56477,,-22.92394,-9.391626,47.56477,27.51186
1742845058802,153.5645,8559,,Center,896.9815,771.8727,48.50266,,-24.82415,-10.52894,48.50266,29.07158
1742845058831,153.5941,8560,,Center,839.9849,762.1456,49.25174,,-26.75739,-11.24428,49.25174,30.51079
1742845058861,153.6232,8561,Eye Hit,Center,827.7015,754.6086,49.35905,Truck1-Detailed,-27.15043,-11.69809,49.35905,30.91928
1742845058890,153.6535,8562,Eye Hit,Center,870.6809,749.7308,48.82817,Truck1-Detailed,-25.69977,-11.84719,48.82817,30.095
1742845058919,153.682,8563,Eye Hit,Center,910.1387,744.6281,48.20778,Truck1-Detailed,-24.32304,-11.98042,48.20778,29.35468
1742845058947,153.7113,8564,Eye Hit,Center,952.8923,741.4751,47.42191,Truck1-Detailed,-22.80717,-11.95771,47.42191,28.50352
1742845058975,153.7409,8565,Eye Hit,Center,1002.736,742.835,46.39094,Truck1-Detailed,-21.0347,-11.62501,46.39094,27.38688
1742845059003,153.7682,8566,Eye Hit,Center,1000.468,743.2298,46.44224,Truck1-Detailed,-21.11611,-11.61659,46.44224,27.4264
1742845059031,153.7958,8567,,Center,818.0321,737.1014,49.37564,,-27.42314,-12.69953,49.37564,31.46922
1742845059059,153.8235,8568,,Center,816.0156,738.4365,49.40068,,-27.49206,-12.62985,49.40068,31.48447
1742845059087,153.852,8569,,Center,816.9115,738.3995,49.39236,,-27.46299,-12.62979,49.39236,31.46646
1742845059114,153.8803,8570,,Center,865.2004,738.5887,48.8512,,-25.8597,-12.4808,48.8512,30.44637
1742845059155,153.908,8571,,Center,929.1317,728.7718,47.80085,,-23.61648,-12.75401,47.80085,29.31434
1742845059196,153.9483,8572,,Center,926.8574,725.7312,47.82421,,-23.68807,-12.9279,47.82421,29.43513
1742845059238,153.9896,8573,Eye Hit,Center,767.1748,747.7233,49.77474,NW_Tree_10,-29.0424,-12.19212,49.77474,32.32588
1742845059279,154.0305,8574,,Center,763.2328,758.0595,49.83072,,-29.18352,-11.61142,49.83072,32.22351
1742845059308,154.0715,8575,,Center,761.4662,759.4362,49.84271,,-29.23916,-11.53511,49.8427,32.23673
1742845059339,154.0989,8576,,Center,802.5352,761.092,49.60377,,-27.97425,-11.38502,49.60377,31.33601
1742845059368,154.1297,8577,,Center,794.6525,760.4666,49.66132,,-28.22284,-11.43403,49.66132,31.51555
1742845059397,154.1589,8578,,Center,733.3209,762.2821,49.92706,,-30.06446,-11.39066,49.92706,32.77903
1742845059416,154.1878,8579,,Center,606.7062,766.2243,49.33187,,-33.15457,-11.03054,49.33187,35.30963
1742845059437,154.2063,8580,,Center,631.8849,766.3098,49.57158,,-32.62656,-11.07924,49.57158,34.80252
1742845059456,154.2276,8581,Eye Hit,Center,605.2404,765.8452,49.31537,Jeep5-Detailed,-33.1834,-11.04831,49.31537,35.34416
1742845059473,154.2457,8582,Eye Hit,Center,614.9828,765.9662,49.41612,Jeep5-Detailed,-32.98538,-11.06409,49.41611,35.14754
1742845059493,154.2629,8583,Eye Hit,Center,635.1655,765.7433,49.59773,Jeep5-Detailed,-32.55394,-11.11744,49.59772,34.74437
1742845059510,154.2838,8584,Eye Hit,Center,645.4006,765.699,49.67634,Jeep5-Detailed,-32.32483,-11.13771,49.67634,34.53774
1742845059526,154.301,8585,Eye Hit,Center,652.9164,765.0346,49.72532,Jeep5-Detailed,-32.15037,-11.1868,49.72532,34.39481
1742845059559,154.3331,8587,Eye Hit,Center,639.1501,764.2845,49.62571,Jeep5-Detailed,-32.46314,-11.20718,49.62571,34.68497
1742845059589,154.364,8589,Eye Hit,Center,626.5278,768.7994,49.53184,Jeep5-Detailed,-32.74691,-10.92807,49.53184,34.87535
1742845059621,154.3957,8591,Eye Hit,Center,621.3765,768.7628,49.48454,Jeep5-Detailed,-32.85637,-10.91972,49.48454,34.97977
1742845059636,154.4127,8592,Eye Hit,Center,624.7598,768.4131,49.51455,Jeep5-Detailed,-32.78381,-10.94636,49.51455,34.91648
1742845059667,154.4422,8594,Eye Hit,Center,634.3663,766.5677,49.59306,Jeep5-Detailed,-32.57276,-11.06928,49.59306,34.74868
1742845059697,154.4739,8596,Eye Hit,Center,641.2632,766.4865,49.64676,Jeep5-Detailed,-32.41898,-11.08581,49.64676,34.61017
1742845059729,154.504,8598,Eye Hit,Center,643.95,765.4285,49.66419,Jeep5-Detailed,-32.35669,-11.15032,49.66419,34.57108
1742845059760,154.5352,8600,Eye Hit,Center,651.7689,762.3743,49.70957,Jeep5-Detailed,-32.17168,-11.33573,49.70958,34.45763
1742845059791,154.5658,8602,Eye Hit,Center,650.6179,763.5828,49.70531,Jeep5-Detailed,-32.20051,-11.26554,49.70531,34.46302
1742845059823,154.5969,8604,Eye Hit,Center,643.0985,765.6913,49.65839,Jeep5-Detailed,-32.37626,-11.13405,49.65839,34.58454
1742845059853,154.6277,8606,,Center,607.7913,771.6626,49.35514,,-33.14064,-10.72605,49.35514,35.21314
1742845059885,154.6587,8608,,Center,600.1699,774.1106,49.27635,,-33.29508,-10.56962,49.27635,35.33321
1742845059900,154.6758,8609,,Center,596.7487,774.4995,49.23772,,-33.362,-10.53918,49.23772,35.39665
1742845059931,154.7076,8611,,Center,592.6981,775.8265,49.19316,,-33.44181,-10.45439,49.19316,35.46036
1742845059963,154.7384,8613,Eye Hit,Center,592.674,779.2906,49.19806,Jeep5-Detailed,-33.44578,-10.25875,49.19806,35.41586
1742845059996,154.7711,8615,Eye Hit,Center,593.4283,779.8073,49.20773,Jeep5-Detailed,-33.43187,-10.23148,49.20773,35.39407
1742845060027,154.8033,8617,Eye Hit,Center,643.024,782.1533,49.68791,Jeep5-Detailed,-32.39756,-10.19674,49.68791,34.35468
1742845060059,154.8341,8619,Eye Hit,Center,643.6732,781.6609,49.6926,Jeep5-Detailed,-32.38281,-10.22596,49.6926,34.34801
1742845060091,154.8655,8621,Eye Hit,Center,637.8631,782.3658,49.64923,Jeep5-Detailed,-32.5138,-10.17668,49.64923,34.45786
1742845060123,154.8981,8623,Eye Hit,Center,631.7726,783.1123,49.60056,Jeep5-Detailed,-32.64872,-10.12395,49.60056,34.57277
1742845060154,154.9289,8625,Eye Hit,Center,624.6997,783.6019,49.53957,Jeep5-Detailed,-32.80203,-10.08353,49.53957,34.71102
1742845060186,154.9602,8627,Eye Hit,Center,614.5,785.6624,49.44436,Jeep5-Detailed,-33.01742,-9.946647,49.44436,34.89241
1742845060201,154.977,8628,Eye Hit,Center,607.6675,785.8646,49.37423,Jeep5-Detailed,-33.15684,-9.921041,49.37423,35.02887
1742845060233,155.0089,8630,Eye Hit,Center,596.7484,784.5324,49.25301,Jeep5-Detailed,-33.37235,-9.972412,49.25301,35.26699
1742845060265,155.0408,8632,Eye Hit,Center,578.587,790.2194,49.03283,Jeep5-Detailed,-33.71481,-9.605914,49.03283,35.56329
1742845060297,155.0728,8634,Eye Hit,Center,570.0204,792.6966,48.91888,Jeep5-Detailed,-33.86782,-9.443825,48.91888,35.70624
1742845060332,155.1067,8636,Eye Hit,Center,541.7869,792.0242,48.50085,Jeep5-Detailed,-34.33445,-9.400866,48.50085,36.27756
1742845060364,155.1392,8638,Eye Hit,Center,524.6581,789.5228,48.21832,Jeep5-Detailed,-34.59043,-9.485159,48.21832,36.64383
1742845060401,155.1756,8640,Eye Hit,Center,495.7246,788.6233,47.69586,Jeep5-Detailed,-34.97754,-9.431871,47.69586,37.21812
1742845060434,155.2084,8642,Eye Hit,Center,480.0573,787.8515,47.3902,Jeep5-Detailed,-35.16331,-9.413729,47.39021,37.52878
1742845060455,155.2255,8643,Eye Hit,Center,462.0697,786.0386,47.02105,Jeep5-Detailed,-35.35636,-9.4387,47.02105,37.89215
1742845060472,155.2476,8644,Eye Hit,Center,448.1812,784.5959,46.72455,Jeep5-Detailed,-35.4917,-9.4569,46.72455,38.17077
1742845060489,155.2655,8645,Eye Hit,Center,445.3177,783.65,46.6609,Jeep5-Detailed,-35.51711,-9.495099,46.6609,38.23479
1742845060510,155.2836,8646,Eye Hit,Center,414.281,782.798,45.96198,Jeep5-Detailed,-35.7727,-9.397931,45.96198,38.82438
1742845060538,155.3092,8647,Eye Hit,Center,383.2805,785.9507,45.2254,Jeep5-Detailed,-35.97347,-9.082917,45.2254,39.36508
1742845060564,155.3374,8648,Eye Hit,Center,354.2983,784.9167,44.50574,Jeep5-Detailed,-36.11318,-8.991353,44.50574,39.90234
1742845060600,155.3656,8649,Eye Hit,Center,294.2233,785.1456,42.95265,Jeep5-Detailed,-36.27759,-8.666279,42.95265,40.96975
1742845060636,155.3962,8650,Eye Hit,Center,254.3703,784.4676,41.89235,Jeep5-Detailed,-36.30382,-8.48511,41.89235,41.66758
1742845060674,155.4295,8651,,Center,436.7704,747.9847,46.39902,,-35.53675,-11.35126,46.39902,38.79992
1742845060713,155.4671,8652,,Center,501.6871,742.5211,47.70261,,-34.82545,-11.97097,47.70261,37.66744
1742845060755,155.5065,8653,,Center,453.359,740.9512,46.73146,,-35.36337,-11.81177,46.73146,38.58398
1742845060789,155.548,8654,,Center,380.4099,744.7181,45.07457,,-35.92493,-11.19713,45.07457,39.85603
1742845060830,155.5821,8655,,Center,266.5054,749.7409,42.16449,,-36.25717,-10.2299,42.16449,41.77983
1742845060863,155.6229,8656,,Center,391.2613,735.5147,45.29932,,-35.83267,-11.73404,45.29932,39.77239
1742845060905,155.6556,8657,,Center,525.9222,732.7717,48.08057,,-34.45806,-12.60672,48.08057,37.34839
1742845060935,155.6976,8658,,Center,580.1075,732.8159,48.88526,,-33.57232,-12.8151,48.88526,36.31921
1742845060976,155.7275,8659,,Center,570.3137,733.9337,48.7606,,-33.75035,-12.71954,48.7606,36.48988
1742845061007,155.7706,8660,,Center,503.7824,735.7784,47.70214,,-34.76993,-12.34189,47.70214,37.72029
1742845061034,155.8001,8661,,Center,526.9562,737.6146,48.11784,,-34.4573,-12.34758,48.11784,37.25995
1742845061062,155.8269,8662,,Center,630.1337,751.3505,49.50374,,-32.62978,-11.91858,49.50374,35.05859
1742845061102,155.8541,8663,,Center,626.3759,759.389,49.49854,,-32.72903,-11.4581,49.49854,35.0136
1742845061143,155.8949,8664,,Center,553.0986,762.8885,48.62635,,-34.1196,-11.05995,48.62635,36.41295
1742845061172,155.9365,8665,,Center,571.4199,762.2473,48.88737,,-33.80825,-11.15551,48.88737,36.06317
1742845061213,155.9657,8666,Eye Hit,Center,607.1166,767.7458,49.33374,Jeep2-Detailed,-33.14465,-10.94421,49.33374,35.28029
1742845061244,156.0069,8667,Eye Hit,Center,725.4365,765.5714,49.93855,Jeep2-Detailed,-30.28876,-11.20373,49.93855,32.89011
1742845061270,156.0354,8668,Eye Hit,Center,747.3723,766.1718,49.90584,Jeep2-Detailed,-29.66452,-11.16193,49.90584,32.41946
1742845061301,156.0603,8669,Eye Hit,Center,719.3002,762.7289,49.93304,Jeep2-Detailed,-30.45459,-11.36631,49.93304,33.06423
1742845061332,156.0916,8670,Eye Hit,Center,672.7871,761.9478,49.82209,Jeep2-Detailed,-31.66635,-11.3859,49.82209,34.03609
1742845061359,156.1228,8671,Eye Hit,Center,636.6074,762.6124,49.59631,Jeep2-Detailed,-32.51353,-11.29627,49.59631,34.76076
1742845061387,156.1497,8672,,Center,647.9834,764.7204,49.68649,,-32.26058,-11.19608,49.68649,34.49968
1742845061406,156.1777,8673,,Center,635.6196,766.2031,49.59626,,-32.54055,-11.0908,49.59626,34.72857
1742845061428,156.1959,8674,,Center,803.2489,774.0799,49.62539,,-27.96689,-10.6462,49.62539,31.0905
1742845061447,156.2189,8675,,Center,829.6233,774.3195,49.3854,,-27.11253,-10.58115,49.3854,30.51196
1742845061464,156.2378,8676,,Center,820.319,774.4213,49.47705,,-27.417,-10.59494,49.47705,30.71337
1742845061501,156.2752,8678,,Center,800.611,773.6956,49.64385,,-28.0496,-10.67232,49.64385,31.15432
1742845061534,156.3088,8680,,Center,788.846,771.8719,49.72374,,-28.41771,-10.79401,49.72374,31.43955
1742845061567,156.3414,8682,,Center,804.5493,771.0446,49.6053,,-27.91996,-10.81579,49.6053,31.11514
1742845061600,156.3764,8684,,Center,843.9093,767.9796,49.21219,,-26.62928,-10.9041,49.21219,30.31563
1742845061633,156.4071,8686,,Center,858.8312,762.6272,49.0169,,-26.11979,-11.16356,49.0169,30.09241
1742845061665,156.44,8688,,Center,860.7423,762.2407,48.98861,,-26.05302,-11.17898,48.98861,30.05833
1742845061697,156.4728,8690,,Center,874.7262,766.1051,48.80867,,-25.5805,-10.92027,48.80867,29.67692
1742845061731,156.5066,8692,,Center,900.3763,767.9158,48.42565,,-24.69398,-10.73333,48.42566,29.07506
1742845061767,156.5401,8694,,Center,951.6125,769.8205,47.5154,,-22.88571,-10.42718,47.5154,27.8916
1742845061784,156.5572,8695,,Center,963.3091,764.5043,47.27392,,-22.46411,-10.66417,47.27392,27.74511
1742845061799,156.5747,8696,,Center,996.1637,764.0358,46.58065,,-21.28975,-10.53302,46.58065,27.01838
1742845061835,156.6097,8698,Eye Hit,Center,940.1944,738.1661,47.61077,Jeep5-Detailed,-23.23178,-12.18713,47.61077,28.85553
1742845061869,156.6463,8700,Eye Hit,Center,831.2729,723.1058,49.1065,Jeep5-Detailed,-26.91469,-13.42326,49.1065,31.48626
1742845061905,156.6841,8702,Eye Hit,Center,893.7074,724.2751,48.293,Jeep5-Detailed,-24.80414,-13.13587,48.293,30.165
1742845061944,156.7134,8703,Eye Hit,Center,1040.255,725.2242,45.37666,Jeep5-Detailed,-19.63486,-12.29294,45.37666,27.0451
1742845061979,156.7417,8704,Eye Hit,Center,1136.306,732.4955,42.99962,Jeep5-Detailed,-16.32602,-11.28811,42.99962,24.77783
1742845062015,156.7734,8705,Eye Hit,Center,1186.277,739.737,41.69051,NorthSidewalk,-14.67878,-10.59616,41.69051,23.47246
1742845062052,156.8087,8706,Eye Hit,Center,1253.941,749.5053,39.89327,NorthSidewalk,-12.55567,-9.68966,39.89327,21.68062
1742845062094,156.8455,8707,Eye Hit,Center,1511.263,755.3256,33.39726,NorthSidewalk,-5.766477,-7.887505,33.39726,16.30722
1742845062125,156.8866,8708,,Center,1376.01,778.1537,36.7407,,-9.087324,-7.709357,36.7407,17.97061
1742845062167,156.9179,8709,,Center,1212.929,829.194,41.0078,,-13.83498,-6.189569,41.0078,20.28424
1742845062200,156.9603,8710,,Center,995.1375,810.5284,46.52663,,-21.29141,-8.024648,46.52663,26.06054
1742845062241,156.9924,8711,Eye Hit,Center,863.2484,813.9304,48.88695,Jeep2-Detailed,-25.93131,-8.239847,48.88695,29.09897
1742845062270,157.0327,8712,Eye Hit,Center,724.2868,819.1429,49.87159,Jeep2-Detailed,-30.27981,-8.105785,49.87159,32.15076
1742845062311,157.0607,8713,Eye Hit,Center,664.5736,833.5956,49.69037,Jeep2-Detailed,-31.80796,-7.247789,49.69037,33.28613
1742845062346,157.103,8714,Eye Hit,Center,699.5552,833.6694,49.8192,Jeep2-Detailed,-30.92825,-7.262214,49.8192,32.52543
1742845062376,157.1374,8715,Eye Hit,Center,741.2848,836.5585,49.80464,Jeep2-Detailed,-29.77175,-7.094037,49.80464,31.57099
1742845062403,157.1671,8716,Eye Hit,Center,701.9786,831.9018,49.84093,Jeep2-Detailed,-30.87506,-7.367096,49.84093,32.49154
1742845062422,157.1936,8717,,Center,653.1633,810.8513,49.71485,,-32.13683,-8.556141,49.71485,33.78021
1742845062445,157.2123,8718,,Center,673.4149,813.2236,49.81033,,-31.64161,-8.436141,49.81033,33.3222
1742845062462,157.2361,8719,,Center,562.0976,794.384,48.78533,,-33.98878,-9.323139,48.78534,35.84569
1742845062500,157.2724,8721,,Center,532.0856,789.153,48.32092,,-34.46588,-9.525987,48.32092,36.50191
1742845062518,157.2903,8722,,Center,536.1351,794.51,48.38857,,-34.40595,-9.240289,48.38857,36.36164
1742845062534,157.3087,8723,,Center,536.6055,800.723,48.38993,,-34.39435,-8.893522,48.38993,36.28432
1742845062569,157.3421,8725,,Center,538.4426,807.2367,48.40726,,-34.35756,-8.53293,48.40725,36.17885
1742845062588,157.3603,8726,,Center,534.8046,805.2614,48.35327,,-34.41637,-8.633525,48.35327,36.27208
1742845062603,157.3782,8727,,Center,527.4501,806.3719,48.22597,,-34.52158,-8.54917,48.22597,36.40705
1742845062636,157.4106,8729,,Center,528.3383,798.2139,48.24628,,-34.51245,-9.006805,48.24628,36.47543
1742845062670,157.444,8731,,Center,497.2733,804.0235,47.68419,,-34.9282,-8.58227,47.68419,37.02645
1742845062703,157.4772,8733,,Center,487.5685,802.8734,47.49835,,-35.04658,-8.611882,47.49835,37.2275
1742845062719,157.4939,8734,,Center,482.0137,808.0547,47.3887,,-35.11102,-8.308557,47.3887,37.28482
1742845062735,157.5107,8735,,Center,453.7015,813.4503,46.79506,,-35.40264,-7.91314,46.79506,37.78338
1742845062768,157.5421,8737,,Center,374.3488,831.0826,44.92384,,-35.95513,-6.682788,44.92384,39.14781
1742845062801,157.577,8739,,Center,312.6258,829.8425,43.36715,,-36.18707,-6.513266,43.36715,40.29272
1742845062817,157.5946,8740,Eye Hit,Center,338.3384,822.9157,44.04525,Jeep2-Detailed,-36.12762,-6.967102,44.04525,39.87376
1742845062853,157.6311,8742,Eye Hit,Center,392.9951,795.1525,45.41594,NorthSidewalk,-35.88144,-8.638852,45.41594,39.09864
1742845062878,157.6594,8743,Eye Hit,Center,315.087,789.1552,43.44772,NorthSidewalk,-36.19526,-8.565116,43.44772,40.56628
1742845062913,157.6896,8744,Eye Hit,Center,494.6218,742.6957,47.46438,NorthSidewalk,-34.83669,-11.9016,47.46438,37.79735
1742845062948,157.7181,8745,Eye Hit,Center,637.0781,726.6797,49.29034,NorthSidewalk,-32.30014,-13.27026,49.29034,35.31578
1742845062983,157.7458,8746,Eye Hit,Center,645.8663,724.9382,49.32225,NorthWalkingPole,-32.08174,-13.37801,49.32225,35.17384
1742845063021,157.778,8747,Eye Hit,Center,632.2135,712.1982,49.11274,NorthSidewalk,-32.31566,-14.04323,49.11274,35.65693
1742845063063,157.8145,8748,Eye Hit,Center,590.0528,702.6008,48.60499,NorthSidewalk,-33.11295,-14.4363,48.60498,36.6196
1742845063096,157.8556,8749,Eye Hit,Center,606.4702,691.9302,48.73578,NorthSidewalk,-32.7603,-15.07527,48.73577,36.4999
1742845063129,157.8887,8750,Eye Hit,Center,645.1784,699.2505,49.13831,NorthSidewalk,-31.98075,-14.78459,49.13831,35.64103
1742845063157,157.9207,8751,Eye Hit,Center,729.8981,702.5163,49.42563,NorthSidewalk,-29.85592,-14.68476,49.42563,33.94727
1742845063188,157.9494,8752,Eye Hit,Center,764.8572,664.3076,48.95396,NorthSidewalk,-28.62614,-16.70301,48.95396,34.09879
1742845063218,157.9797,8753,Eye Hit,Center,766.8691,652.4109,48.76381,NorthSidewalk,-28.46078,-17.30761,48.76381,34.3367
1742845063247,158.0104,8754,Eye Hit,Center,758.6608,640.0211,48.64691,NorthSidewalk,-28.61301,-17.96146,48.64692,34.77849
1742845063276,158.0406,8755,Eye Hit,Center,738.2759,673.7394,49.13432,NorthSidewalk,-29.45268,-16.2298,49.13432,34.3884
1742845063304,158.0681,8756,,Center,631.9337,913.1016,48.76664,,-32.09546,-2.63904,48.76664,33.43937
1742845063333,158.0961,8757,,Center,598.9698,959.3408,47.87991,,-32.38326,-0.03637254,47.87991,34.07222
1742845063361,158.1247,8758,,Center,606.5729,966.6258,47.85773,,-32.16737,0.3658394,47.85773,33.90857
1742845063390,158.1527,8759,,Center,612.195,952.5292,48.12588,,-32.19822,-0.4149227,48.12588,33.78637
1742845063418,158.1819,8760,,Center,611.1309,937.279,48.33004,,-32.3632,-1.267152,48.33004,33.82771
1742845063446,158.2105,8761,,Center,608.6801,928.5446,48.3855,,-32.46581,-1.756266,48.3855,33.89965
1742845063474,158.2395,8762,,Center,600.2856,930.9194,48.2785,,-32.61777,-1.620146,48.2785,34.07639
1742845063502,158.2658,8763,,Center,599.7785,933.3661,48.24911,,-32.61142,-1.482776,48.24911,34.08209
1742845063529,158.2942,8764,,Center,611.6556,930.8571,48.40561,,-32.39978,-1.627731,48.40561,33.82934
1742845063557,158.3209,8765,,Center,741.8444,742.9491,49.70602,,-29.69745,-12.44909,49.70602,32.93652
1742845063586,158.3493,8766,Eye Hit,Center,792.4177,619.1704,48.22042,NorthSidewalk,-27.46347,-18.96432,48.22042,34.6884
1742845063613,158.3792,8767,Eye Hit,Center,785.1458,620.074,48.24108,NorthSidewalk,-27.66891,-18.92203,48.24108,34.79351
1742845063641,158.4062,8768,Eye Hit,Center,786.7599,610.1592,48.08111,NorthSidewalk,-27.53432,-19.40934,48.08112,35.01674
1742845063668,158.4339,8769,Eye Hit,Center,779.3547,611.9056,48.15476,NorthSidewalk,-27.77336,-19.34209,48.15476,35.10092
1742845063696,158.4614,8770,Eye Hit,Center,772.0967,619.7119,48.31742,NorthSidewalk,-28.0608,-18.97225,48.31742,35.03214
1742845063724,158.4884,8771,Eye Hit,Center,764.4531,625.7842,48.44959,NorthSidewalk,-28.34201,-18.68463,48.44959,35.01748
1742845063753,158.5166,8772,Eye Hit,Center,791.6169,583.3013,47.62917,NorthSidewalk,-27.14779,-20.70296,47.62917,35.63336
1742845063780,158.5468,8773,Eye Hit,Center,774.8297,594.1213,47.87408,NorthSidewalk,-27.73109,-20.21187,47.87408,35.63222
1742845063809,158.5748,8774,Eye Hit,Center,776.4778,593.9223,47.8742,NorthSidewalk,-27.6876,-20.22287,47.8742,35.60949
1742845063835,158.6021,8775,Eye Hit,Center,780.1822,603.5206,48.02803,NorthSidewalk,-27.67833,-19.75581,48.02803,35.2999
1742845063862,158.6268,8776,Eye Hit,Center,781.0215,616.3431,48.24047,NorthSidewalk,-27.7784,-19.12955,48.24047,34.95988
1742845063891,158.6543,8777,Eye Hit,Center,787.5137,636.808,48.51508,NorthSidewalk,-27.76264,-18.09268,48.51508,34.33463
1742845063919,158.6832,8778,Eye Hit,Center,793.3668,634.2517,48.45147,NorthSidewalk,-27.56967,-18.21201,48.45147,34.29233
1742845063947,158.7115,8779,Eye Hit,Center,796.3364,639.0201,48.46705,NorthSidewalk,-27.49907,-17.95108,48.46705,34.12022
1742845063975,158.74,8780,Eye Hit,Center,793.4926,626.1403,48.31054,NorthSidewalk,-27.48612,-18.6111,48.31054,34.49304
1742845064003,158.7667,8781,Eye Hit,Center,782.8725,627.1452,48.39525,NorthSidewalk,-27.81809,-18.58761,48.39525,34.65689
1742845064030,158.7951,8782,Eye Hit,Center,773.241,635.1217,48.56453,NorthSidewalk,-28.17362,-18.2056,48.56453,34.63319
1742845064059,158.8225,8783,Eye Hit,Center,768.3153,643.1968,48.70267,NorthSidewalk,-28.38622,-17.8037,48.70266,34.52798
1742845064087,158.8507,8784,Eye Hit,Center,771.989,635.3176,48.58144,NorthSidewalk,-28.21702,-18.201,48.58144,34.65097
1742845064114,158.8796,8785,Eye Hit,Center,772.7033,631.0342,48.4827,NorthSidewalk,-28.14055,-18.40371,48.4827,34.74247
1742845064142,158.9068,8786,Eye Hit,Center,780.7312,624.0435,48.34325,NorthSidewalk,-27.84534,-18.74062,48.34325,34.77205
1742845064170,158.9353,8787,Eye Hit,Center,754.7318,595.4489,47.99872,NorthSidewalk,-28.33588,-20.19088,47.99872,35.93782
1742845064199,158.9623,8788,Eye Hit,Center,755.1581,583.8839,47.79992,NorthSidewalk,-28.20728,-20.74509,47.79992,36.22355
1742845064227,158.9917,8789,Eye Hit,Center,768.7554,574.5181,47.58691,NorthSidewalk,-27.72433,-21.16692,47.58691,36.24118
1742845064254,159.0196,8790,Eye Hit,Center,775.9149,578.4,47.63258,NorthSidewalk,-27.56266,-20.97391,47.63258,36.02222
1742845064282,159.0468,8791,Eye Hit,Center,787.819,572.7946,47.43435,NorthSidewalk,-27.13621,-21.19351,47.43435,35.97516
1742845064309,159.0753,8792,Eye Hit,Center,791.6856,565.9745,47.29161,NorthSidewalk,-26.95358,-21.50191,47.29161,36.09505
1742845064337,159.103,8793,Eye Hit,Center,796.8356,550.0713,46.9628,NorthSidewalk,-26.63265,-22.21411,46.9628,36.44498
1742845064366,159.13,8794,Eye Hit,Center,817.7701,548.5659,46.79303,NorthSidewalk,-25.99553,-22.21503,46.79303,36.158
1742845064393,159.158,8795,Eye Hit,Center,821.3082,552.0024,46.84137,NorthSidewalk,-25.9309,-22.05233,46.84137,36.00615
1742845064421,159.1858,8796,Eye Hit,Center,825.8474,555.0716,46.83541,NorthSidewalk,-25.81021,-21.88372,46.83541,35.84829
1742845064449,159.2144,8797,Eye Hit,Center,833.3168,552.4194,46.73083,NorthSidewalk,-25.55988,-21.97782,46.73083,35.80499
1742845064476,159.2414,8798,Eye Hit,Center,836.7646,546.358,46.59309,NorthSidewalk,-25.39584,-22.23884,46.59309,35.92334
1742845064504,159.2693,8799,Eye Hit,Center,840.6948,542.1887,46.48353,NorthSidewalk,-25.23526,-22.41014,46.48353,35.98169
1742845064532,159.2964,8800,Eye Hit,Center,841.106,528.8363,46.21925,NorthSidewalk,-25.0813,-22.99486,46.21925,36.3608
1742845064559,159.3248,8801,Eye Hit,Center,848.1216,518.6641,45.94752,NorthSidewalk,-24.75587,-23.39899,45.94753,36.55217
1742845064588,159.3517,8802,Eye Hit,Center,857.1662,503.4655,45.5402,NorthSidewalk,-24.30901,-23.99034,45.5402,36.8686
1742845064617,159.3817,8803,Eye Hit,Center,862.1093,497.7216,45.33894,NorthSidewalk,-24.07784,-24.18473,45.33894,36.96899
1742845064644,159.4097,8804,Eye Hit,Center,867.0771,485.5123,45.02346,NorthSidewalk,-23.78682,-24.65073,45.02346,37.26558
1742845064671,159.4362,8805,Eye Hit,Center,872.0347,478.0819,44.80824,NorthSidewalk,-23.55046,-24.91714,44.80824,37.42171
1742845064699,159.4629,8806,Eye Hit,Center,876.3435,470.2789,44.58946,NorthSidewalk,-23.3294,-25.19691,44.58946,37.60014
1742845064728,159.4918,8807,Eye Hit,Center,881.4307,457.565,44.24915,NorthSidewalk,-23.02707,-25.6538,44.24915,37.92065
1742845064756,159.5197,8808,Eye Hit,Center,886.6609,462.2097,44.29887,NorthSidewalk,-22.92503,-25.4452,44.29887,37.7091
1742845064785,159.5477,8809,Eye Hit,Center,893.6113,448.9409,43.92226,NorthSidewalk,-22.56159,-25.90142,43.92226,38.0275
1742845064812,159.5768,8810,Eye Hit,Center,895.1246,435.8676,43.5764,NorthSidewalk,-22.34752,-26.35474,43.5764,38.4128
1742845064840,159.6047,8811,Eye Hit,Center,897.5323,419.6211,43.17467,NorthSidewalk,-22.0841,-26.92127,43.17467,38.88622
1742845064867,159.632,8812,Eye Hit,Center,902.4279,420.9955,43.15769,NorthSidewalk,-21.95877,-26.84219,43.15769,38.784
1742845064895,159.6595,8813,Eye Hit,Center,899.5562,414.5836,43.04769,NorthSidewalk,-21.97105,-27.09219,43.04769,39.01775
1742845064923,159.6872,8814,Eye Hit,Center,902.8912,402.5748,42.73309,NorthSidewalk,-21.7318,-27.48642,42.73309,39.35053
1742845064951,159.7153,8815,Eye Hit,Center,900.4427,393.5373,42.5509,NorthSidewalk,-21.69667,-27.81301,42.5509,39.65879
1742845064978,159.7428,8816,Eye Hit,Center,889.7385,399.4692,42.7869,NorthSidewalk,-22.06987,-27.6743,42.7869,39.60046
1742845065007,159.7719,8817,Eye Hit,Center,883.0772,404.8988,42.99504,NorthSidewalk,-22.33536,-27.53961,42.99504,39.51271
1742845065034,159.7999,8818,Eye Hit,Center,803.6713,502.6706,45.95455,NorthSidewalk,-25.88744,-24.25069,45.95455,37.66422
1742845065061,159.8268,8819,Eye Hit,Center,748.2955,664.1771,49.0465,NorthSidewalk,-29.12873,-16.74207,49.0465,34.41151
1742845065089,159.8548,8820,,Center,722.0253,761.1019,49.8175,,-30.30916,-11.43351,49.8175,33.03407
1742845065118,159.8818,8821,,Center,717.9877,760.1282,49.7831,,-30.39921,-11.48163,49.7831,33.13394
1742845065145,159.9105,8822,,Center,715.1136,753.0638,49.76352,,-30.46622,-11.88279,49.76352,33.31047
1742845065173,159.9383,8823,,Center,706.7828,751.7554,49.75611,,-30.69054,-11.95599,49.75611,33.50342
1742845065200,159.9662,8824,,Center,708.1102,754.922,49.77357,,-30.66483,-11.7783,49.77357,33.4236
1742845065228,159.9929,8825,,Center,698.1223,757.8199,49.771,,-30.9377,-11.61136,49.771,33.58173
1742845065256,160.0211,8826,,Center,701.1409,741.5176,49.71341,,-30.81905,-12.53305,49.71341,33.79184
1742845065284,160.0506,8827,Eye Hit,Center,699.454,643.7474,48.80029,NorthSidewalk,-30.29843,-17.8083,48.80029,35.76023
1742845065312,160.0772,8828,Eye Hit,Center,698.7538,648.2204,48.8236,NorthSidewalk,-30.33177,-17.5648,48.8236,35.6746
1742845065339,160.1051,8829,Eye Hit,Center,697.1145,648.3993,48.82628,NorthSidewalk,-30.37763,-17.55571,48.82628,35.70032
1742845065367,160.1312,8830,Eye Hit,Center,698.1465,643.6119,48.76892,NorthSidewalk,-30.31416,-17.80448,48.76892,35.7867
1742845065395,160.1597,8831,Eye Hit,Center,700.0231,643.6097,48.77835,NorthSidewalk,-30.26948,-17.8081,48.77835,35.75308
1742845065423,160.1871,8832,Eye Hit,Center,702.7347,642.2305,48.77097,NorthSidewalk,-30.19188,-17.88299,48.77097,35.73494
1742845065451,160.2154,8833,Eye Hit,Center,699.124,648.3395,48.8536,NorthSidewalk,-30.34041,-17.56889,48.8536,35.66531
1742845065478,160.2429,8834,Eye Hit,Center,702.3183,639.0972,48.69828,NorthSidewalk,-30.15808,-18.03245,48.69828,35.81215
1742845065506,160.2706,8835,Eye Hit,Center,703.9867,649.1021,48.84489,NorthSidewalk,-30.20389,-17.52291,48.84489,35.56071
1742845065534,160.2992,8836,Eye Hit,Center,702.7929,645.8069,48.80739,NorthSidewalk,-30.21287,-17.6949,48.80739,35.65474
1742845065563,160.3269,8837,Eye Hit,Center,702.6285,660.4508,49.00219,NorthSidewalk,-30.33789,-16.93761,49.00219,35.33917
1742845065591,160.3551,8838,Eye Hit,Center,701.323,669.2863,49.11296,NorthSidewalk,-30.44187,-16.47511,49.11296,35.17564
1742845065620,160.3832,8839,Eye Hit,Center,705.7765,686.8553,49.27345,NorthSidewalk,-30.4202,-15.5301,49.27345,34.72873
1742845065647,160.4124,8840,Eye Hit,Center,712.8672,702.274,49.4309,NorthSidewalk,-30.32388,-14.70026,49.4309,34.28396
1742845065675,160.4395,8841,Eye Hit,Center,722.045,718.4611,49.56654,NorthSidewalk,-30.15594,-13.81467,49.56654,33.79022
1742845065702,160.467,8842,Eye Hit,Center,767.4054,687.3707,49.2065,NorthSidewalk,-28.70458,-15.47972,49.2065,33.53514
1742845065730,160.4947,8843,Eye Hit,Center,772.8856,697.1852,49.27758,NorthSidewalk,-28.59696,-14.94398,49.27758,33.21617
1742845065757,160.5221,8844,Eye Hit,Center,779.3916,711.209,49.36375,NorthSidewalk,-28.46965,-14.17131,49.36375,32.79091
1742845065786,160.55,8845,Eye Hit,Center,782.8562,748.371,49.52676,NorthSidewalk,-28.46893,-12.09434,49.52676,31.98642
1742845065815,160.5797,8846,Eye Hit,Center,784.6074,788.5882,49.61064,NorthSidewalk,-28.46918,-9.812606,49.61064,31.25703
1742845065842,160.6076,8847,Eye Hit,Center,778.8215,784.7097,49.64857,NorthSidewalk,-28.64954,-10.04227,49.64857,31.44452
1742845065871,160.6383,8848,Eye Hit,Center,770.2044,754.0066,49.63336,NorthSidewalk,-28.8769,-11.79756,49.63336,32.14878
1742845065897,160.6645,8849,Eye Hit,Center,748.908,720.5605,49.54604,NorthSidewalk,-29.40865,-13.68895,49.54604,33.21334
1742845065925,160.6899,8850,Eye Hit,Center,746.6129,692.9203,49.33659,NorthSidewalk,-29.34684,-15.20465,49.33659,33.81906
1742845065953,160.7194,8851,Eye Hit,Center,747.9876,691.593,49.2871,NorthSidewalk,-29.28,-15.26499,49.2871,33.82041
1742845065980,160.7456,8852,Eye Hit,Center,752.9923,701.401,49.36992,NorthSidewalk,-29.19277,-14.73185,49.36992,33.51781
1742845066008,160.7732,8853,Eye Hit,Center,751.8121,700.2637,49.37423,NorthSidewalk,-29.2275,-14.79794,49.37423,33.56454
1742845066036,160.8002,8854,Eye Hit,Center,747.7985,691.1113,49.31551,NorthSidewalk,-29.30202,-15.30106,49.31551,33.83419
1742845066064,160.8274,8855,Eye Hit,Center,740.865,665.4889,49.07276,NorthSidewalk,-29.34564,-16.67671,49.07276,34.52095
1742845066092,160.8564,8856,Eye Hit,Center,732.9502,650.0703,48.90471,NorthSidewalk,-29.45884,-17.4897,48.90471,35.01262
1742845066121,160.8844,8857,Eye Hit,Center,727.0573,632.7209,48.68163,NorthSidewalk,-29.48286,-18.38451,48.68163,35.51633
1742845066148,160.9124,8858,Eye Hit,Center,722.3718,626.2207,48.56392,NorthSidewalk,-29.53719,-18.70427,48.56392,35.75025
1742845066176,160.9406,8859,Eye Hit,Center,722.2628,630.7836,48.64296,NorthSidewalk,-29.5882,-18.47864,48.64296,35.64628
1742845066204,160.9686,8860,Eye Hit,Center,727.6177,624.2943,48.55611,NorthSidewalk,-29.39181,-18.80925,48.55611,35.70309
1742845066232,160.9957,8861,Eye Hit,Center,719.2361,604.6169,48.25871,NorthSidewalk,-29.43511,-19.78976,48.25871,36.31511
1742845066260,161.0238,8862,Eye Hit,Center,714.3707,554.991,47.36463,NorthSidewalk,-29.017,-22.13533,47.36463,37.61544
1742845066288,161.0518,8863,Eye Hit,Center,709.9904,524.6382,46.74025,NorthSidewalk,-28.74753,-23.4805,46.74025,38.45435
1742845066316,161.0795,8864,Eye Hit,Center,707.2961,500.3189,46.18107,NorthSidewalk,-28.47229,-24.49565,46.18107,39.1217
1742845066344,161.1082,8865,Eye Hit,Center,691.4709,471.791,45.49799,NorthSidewalk,-28.44867,-25.63099,45.49799,40.0846
1742845066371,161.1362,8866,Eye Hit,Center,689.3997,477.5392,45.62666,NorthSidewalk,-28.5813,-25.40079,45.62666,39.9646
1742845066399,161.1628,8867,Eye Hit,Center,706.7225,533.4777,46.89604,NorthSidewalk,-28.92795,-23.08041,46.89604,38.27811
1742845066427,161.1913,8868,Eye Hit,Center,706.7117,566.013,47.54538,NorthSidewalk,-29.32878,-21.61511,47.54538,37.46245
1742845066455,161.22,8869,Eye Hit,Center,706.7866,573.9428,47.69554,NorthSidewalk,-29.41944,-21.24689,47.69554,37.26602
1742845066483,161.2466,8870,Eye Hit,Center,708.3421,567.1343,47.53933,NorthSidewalk,-29.28226,-21.55088,47.53933,37.40857
1742845066510,161.275,8871,Eye Hit,Center,707.2546,538.1358,46.96579,NorthSidewalk,-28.95718,-22.8623,46.96579,38.15178
1742845066539,161.3035,8872,Eye Hit,Center,709.2341,536.4632,46.93739,NorthSidewalk,-28.88838,-22.93908,46.93739,38.16388
1742845066566,161.3308,8873,Eye Hit,Center,708.9791,601.9834,48.17386,NorthSidewalk,-29.65616,-19.90124,48.17386,36.55225
1742845066594,161.358,8874,Eye Hit,Center,706.4971,678.8278,49.23323,NorthSidewalk,-30.37578,-15.97343,49.23323,34.8797
1742845066622,161.3867,8875,Eye Hit,Center,713.0542,670.985,49.16127,NorthSidewalk,-30.15341,-16.39492,49.16127,34.92112
1742845066650,161.4143,8876,Eye Hit,Center,726.0256,668.9184,49.10903,NorthSidewalk,-29.76968,-16.49459,49.10903,34.723
1742845066677,161.4422,8877,Eye Hit,Center,730.3853,652.8478,48.92084,NorthSidewalk,-29.53785,-17.33871,48.92085,34.99688
1742845066706,161.4704,8878,Eye Hit,Center,734.7819,649.0817,48.87553,NorthSidewalk,-29.39185,-17.53502,48.87553,35.00164
1742845066733,161.4984,8879,Eye Hit,Center,737.6459,639.2966,48.74782,NorthSidewalk,-29.23796,-18.03964,48.74782,35.17448
1742845066761,161.5256,8880,Eye Hit,Center,751.2386,644.0583,48.79097,NorthSidewalk,-28.89768,-17.78739,48.79097,34.81794
1742845066790,161.5533,8881,Eye Hit,Center,757.2186,657.1763,48.9495,NorthSidewalk,-28.82996,-17.10426,48.9495,34.40442
1742845066817,161.5815,8882,Eye Hit,Center,775.5327,660.4966,48.88382,NorthSidewalk,-28.29701,-16.89409,48.88382,33.98707
1742845066845,161.6092,8883,Eye Hit,Center,655.6151,712.5844,49.35382,NorthSidewalk,-31.83664,-14.09014,49.35382,35.19999
1742845066873,161.6379,8884,Eye Hit,Center,647.6394,718.4606,49.3506,NorthSidewalk,-32.05188,-13.75468,49.35061,35.25078
1742845066900,161.6653,8885,Eye Hit,Center,648.2064,720.7523,49.37504,NorthSidewalk,-32.05228,-13.63077,49.37504,35.2
1742845066928,161.6922,8886,Eye Hit,Center,676.5364,717.6204,49.51247,NorthSidewalk,-31.36707,-13.84777,49.51247,34.70293
1742845066956,161.72,8887,Eye Hit,Center,695.3232,718.5304,49.58396,NorthSidewalk,-30.89806,-13.81557,49.58396,34.31753
1742845066985,161.7476,8888,Eye Hit,Center,717.9181,716.6612,49.60349,NorthSidewalk,-30.29144,-13.92811,49.60349,33.90634
1742845067012,161.7767,8889,Eye Hit,Center,747.0108,712.0345,49.50502,NorthSidewalk,-29.43615,-14.16465,49.50502,33.41962
1742845067040,161.8044,8890,Eye Hit,Center,779.129,699.0474,49.27288,NorthSidewalk,-28.42439,-14.83672,49.27288,33.05347
1742845067068,161.8316,8891,Eye Hit,Center,789.2003,688.6053,49.1222,NorthSidewalk,-28.06432,-15.38313,49.1222,33.08485
1742845067095,161.8595,8892,Eye Hit,Center,628.6234,715.1256,49.19313,NorthSidewalk,-32.46606,-13.89996,49.19313,35.67513
1742845067123,161.8886,8893,Eye Hit,Center,624.0469,717.7841,49.1788,NorthSidewalk,-32.58086,-13.74506,49.1788,35.71767
1742845067151,161.9155,8894,Eye Hit,Center,649.3835,715.4021,49.36519,NorthSidewalk,-32.01382,-13.93295,49.36519,35.27049
1742845067179,161.9437,8895,Eye Hit,Center,680.6029,706.6307,49.43314,NorthSidewalk,-31.20582,-14.4524,49.43314,34.82588
1742845067206,161.9722,8896,Eye Hit,Center,707.7545,696.3969,49.41908,NorthSidewalk,-30.45613,-15.03194,49.41908,34.49917
1742845067233,161.9979,8897,Eye Hit,Center,739.2906,693.251,49.38829,NorthSidewalk,-29.57725,-15.20175,49.38829,33.95401
1742845067261,162.0245,8898,Eye Hit,Center,735.6825,712.5441,49.57404,NorthSidewalk,-29.78724,-14.15527,49.57404,33.63419
1742845067290,162.0508,8899,Eye Hit,Center,692.5498,734.0016,49.70866,NorthSidewalk,-31.05188,-12.96306,49.70866,34.09509
1742845067319,162.081,8900,Eye Hit,Center,656.7678,743.2692,49.61559,NorthSidewalk,-31.97392,-12.40808,49.61559,34.65444
1742845067337,162.1097,8901,Eye Hit,Center,675.0587,738.5906,49.68093,NorthSidewalk,-31.51433,-12.69259,49.68093,34.36629
1742845067354,162.1273,8902,Eye Hit,Center,651.7469,726.1671,49.50188,NorthSidewalk,-32.03786,-13.35648,49.50188,35.03799
1742845067374,162.1445,8903,Eye Hit,Center,691.7645,722.0374,49.64806,NorthSidewalk,-31.03555,-13.63267,49.64806,34.32371
1742845067390,162.1642,8904,Eye Hit,Center,710.749,724.4352,49.71051,NorthSidewalk,-30.55355,-13.51214,49.71051,33.90316
1742845067423,162.1964,8906,Eye Hit,Center,745.8282,729.0408,49.71748,NorthSidewalk,-29.59494,-13.24984,49.71748,33.11227
1742845067438,162.2134,8907,Eye Hit,Center,765.8447,725.2396,49.61937,NorthSidewalk,-28.9882,-13.44138,49.61937,32.7799
1742845067470,162.2448,8909,Eye Hit,Center,754.6349,723.2228,49.65786,NorthSidewalk,-29.31801,-13.56736,49.65786,33.04616
1742845067500,162.276,8911,Eye Hit,Center,708.6917,745.3345,49.84044,NW_Tree_10,-30.69003,-12.34568,49.84044,33.57304
1742845067531,162.307,8913,Eye Hit,Center,589.8593,787.721,49.16153,Truck1-Detailed,-33.49736,-9.772905,49.16153,35.36638
1742845067560,162.336,8915,Eye Hit,Center,570.5058,794.1337,48.91797,Truck1-Detailed,-33.8541,-9.362473,48.91797,35.6797
1742845067590,162.3666,8917,Eye Hit,Center,601.0452,785.3097,49.2962,Truck1-Detailed,-33.28467,-9.936961,49.2962,35.17025
1742845067622,162.397,8919,Eye Hit,Center,625.6418,784.42,49.54412,Truck1-Detailed,-32.77927,-10.03778,49.54412,34.68105
1742845067652,162.4265,8921,Eye Hit,Center,658.0969,790.3602,49.79041,Truck1-Detailed,-32.05004,-9.746359,49.79041,33.93284
1742845067682,162.4569,8923,Eye Hit,Center,699.5523,792.4266,49.95663,Truck1-Detailed,-31.01365,-9.659788,49.95663,33.03305
1742845067713,162.4876,8925,Eye Hit,Center,725.9197,787.2706,49.975,Truck1-Detailed,-30.29755,-9.960557,49.975,32.54504
1742845067742,162.519,8927,Eye Hit,Center,742.5023,785.7256,49.95217,Truck1-Detailed,-29.82637,-10.04518,49.95218,32.21307
1742845067772,162.5475,8929,Eye Hit,Center,758.5836,784.5392,49.90461,Truck1-Detailed,-29.35489,-10.10396,49.90461,31.8853
1742845067802,162.5774,8931,Eye Hit,Center,777.4387,783.8414,49.81658,Truck1-Detailed,-28.78452,-10.12624,49.81658,31.48839
1742845067834,162.6091,8933,Eye Hit,Center,797.0928,781.7773,49.68977,Truck1-Detailed,-28.17205,-10.21874,49.68977,31.09435
1742845067864,162.6397,8935,Eye Hit,Center,814.351,780.8888,49.54978,Truck1-Detailed,-27.62057,-10.2408,49.54979,30.73198
1742845067894,162.6698,8937,Eye Hit,Center,831.2171,785.5406,49.39239,Truck1-Detailed,-27.0729,-9.943159,49.39239,30.2814
1742845067924,162.6993,8939,Eye Hit,Center,832.6937,782.6288,49.37754,Truck1-Detailed,-27.02452,-10.10612,49.37754,30.29866
1742845067954,162.7292,8941,Eye Hit,Center,843.6015,785.6389,49.26158,Truck1-Detailed,-26.66438,-9.911185,49.26158,30.00489
1742845067985,162.7596,8943,Eye Hit,Center,856.5558,791.0016,49.10841,Truck1-Detailed,-26.23024,-9.57652,49.10841,29.62316
1742845068015,162.7903,8945,Eye Hit,Center,883.7554,787.1413,48.73534,Truck1-Detailed,-25.29911,-9.720904,48.73534,29.07906
1742845068045,162.8199,8947,Eye Hit,Center,900.173,790.4061,48.48402,Truck1-Detailed,-24.72918,-9.488049,48.48402,28.64786
1742845068061,162.8368,8948,Eye Hit,Center,912.834,791.5837,48.27642,Truck1-Detailed,-24.28583,-9.381862,48.27642,28.33756
1742845068090,162.8658,8950,,Center,914.8818,792.6157,48.24186,,-24.21391,-9.317728,48.24186,28.27168
1742845068121,162.8959,8952,,Center,823.4674,770.1019,49.4644,,-27.32402,-10.83885,49.46441,30.7218
1742845068151,162.9261,8954,,Center,812.5303,763.8044,49.54939,,-27.67016,-11.21754,49.54939,31.07236
1742845068183,162.9567,8956,,Center,841.1258,764.2345,49.26454,,-26.73332,-11.12863,49.26454,30.44654
1742845068198,162.9744,8957,,Center,866.9408,766.908,48.95418,,-25.86719,-10.90745,48.95418,29.83216
1742845068228,163.0036,8959,,Center,919.7819,774.5795,48.14844,,-24.03675,-10.30162,48.14844,28.50808
1742845068258,163.0334,8961,,Center,931.7117,775.9746,47.93691,,-23.61542,-10.17918,47.93691,28.2114
1742845068288,163.0628,8963,Eye Hit,Center,925.2396,767.2857,48.03776,SW_Tree_10,-23.83675,-10.68236,48.03776,28.53551
1742845068319,163.094,8965,,Center,779.9388,750.4758,49.73893,,-28.67101,-12.0253,49.73893,32.00863
1742845068348,163.1232,8967,,Center,677.7145,741.9218,49.78015,,-31.50426,-12.52671,49.78015,34.25727
1742845068378,163.1525,8969,,Center,664.5018,745.3577,49.73044,,-31.83559,-12.31709,49.73044,34.46593
1742845068407,163.1819,8971,,Center,710.4106,753.788,49.90898,,-30.68486,-11.87564,49.90898,33.39507
1742845068436,163.2119,8973,,Center,758.1693,756.5997,49.85357,,-29.33628,-11.7008,49.85357,32.3554
1742845068465,163.2408,8975,,Center,811.2433,757.718,49.52618,,-27.69239,-11.56011,49.52618,31.2121
1742845068494,163.2705,8977,,Center,791.4885,752.6719,49.65733,,-28.30732,-11.87979,49.65733,31.72513
1742845068523,163.2981,8979,,Center,739.1475,712.6021,49.65052,,-29.73822,-14.1739,49.65052,33.56442
1742845068552,163.3269,8981,,Center,718.9087,683.5446,49.40659,,-30.14418,-15.76073,49.40659,34.54688
1742845068580,163.3552,8983,,Center,744.3797,691.1629,49.45382,,-29.47755,-15.34114,49.45382,33.89926
1742845068609,163.3858,8985,,Center,777.5433,695.1558,49.36403,,-28.52018,-15.08581,49.36403,33.16858
1742845068637,163.4127,8987,,Center,810.484,696.0601,49.14606,,-27.50045,-14.96783,49.14606,32.50034
1742845068665,163.4424,8989,,Center,839.7157,700.7786,48.90129,,-26.57426,-14.62709,48.90129,31.81166
1742845068692,163.4691,8991,,Center,826.6376,695.4265,48.99099,,-26.97675,-14.95649,48.99099,32.19512
1742845068720,163.4964,8993,,Center,654.6417,676.5669,49.12686,,-31.71664,-16.0671,49.12686,35.89404
1742845068748,163.525,8995,,Center,647.072,679.0447,49.106,,-31.90839,-15.91979,49.106,35.98602
1742845068776,163.5522,8997,Eye Hit,Center,668.1555,687.4185,49.31618,SouthWalkingPole,-31.47091,-15.5114,49.31618,35.42989
1742845068805,163.5812,8999,Eye Hit,Center,708.1259,692.0019,49.48331,SouthWalkingPole,-30.48558,-15.30234,49.48331,34.57986
1742845068834,163.6102,9001,Eye Hit,Center,751.5751,698.0772,49.49583,SouthWalkingPole,-29.30597,-14.95918,49.49583,33.61461
1742845068862,163.6398,9003,,Center,763.934,695.6995,49.43219,,-28.93098,-15.07553,49.43219,33.42316
1742845068891,163.6686,9005,,Center,790.6552,703.4662,49.35595,,-28.15823,-14.61001,49.35595,32.73029
1742845068921,163.6978,9007,,Center,687.2241,721.1613,49.67475,,-31.17675,-13.69021,49.67475,34.42915
1742845068951,163.727,9009,,Center,682.8949,724.5712,49.68506,,-31.30198,-13.49745,49.68506,34.45334
1742845068982,163.7565,9011,,Center,725.9772,731.7969,49.79688,,-30.18797,-13.11257,49.79688,33.46236
1742845069010,163.7871,9013,,Center,779.0601,734.0084,49.64701,,-28.6421,-12.9466,49.64701,32.33847
1742845069046,163.821,9015,,Center,795.6465,743.5338,49.59194,,-28.15619,-12.38703,49.59194,31.8102
1742845069077,163.8524,9017,,Center,723.8775,748.149,49.88827,,-30.30121,-12.19537,49.88828,33.21392
1742845069107,163.8818,9019,,Center,585.4651,765.6657,49.09048,,-33.56804,-11.00823,49.09048,35.7399
1742845069137,163.9124,9021,,Center,630.2164,765.389,49.56345,,-32.66688,-11.12998,49.56345,34.84939
1742845069171,163.9458,9023,Eye Hit,Center,593.359,779.6165,49.21581,Sedan3-Detailed,-33.43925,-10.24405,49.21581,35.39795
1742845069201,163.9769,9025,Eye Hit,Center,624.9649,779.4761,49.54935,Sedan3-Detailed,-32.80125,-10.32141,49.54936,34.76032
1742845069231,164.0068,9027,Eye Hit,Center,658.681,777.3329,49.79939,Sedan3-Detailed,-32.03976,-10.49659,49.79939,34.09891
1742845069262,164.0367,9029,Eye Hit,Center,676.0961,775.9123,49.88554,Sedan3-Detailed,-31.61554,-10.59658,49.88554,33.75927
1742845069292,164.0658,9031,,Center,677.957,773.2957,49.88897,,-31.56646,-10.74804,49.88897,33.75901
1742845069321,164.0956,9033,,Center,677.8171,777.2589,49.89445,,-31.57378,-10.52102,49.89445,33.70404
1742845069351,164.1253,9035,Eye Hit,Center,671.9002,776.7719,49.86752,NE_Tree_30,-31.71964,-10.54329,49.86752,33.83378
1742845069379,164.1548,9037,Eye Hit,Center,683.5786,774.1941,49.91235,NE_Tree_30,-31.42634,-10.70129,49.91235,33.62922
1742845069408,164.1856,9039,Eye Hit,Center,688.4581,766.346,49.911,NE_Tree_30,-31.29103,-11.153,49.911,33.64653
1742845069438,164.2129,9041,,Center,698.3419,759.8638,49.9174,,-31.02265,-11.52784,49.9174,33.5444
1742845069467,164.2427,9043,,Center,700.5974,754.8913,49.90775,,-30.9545,-11.81194,49.90775,33.57847
1742845069496,164.2727,9045,,Center,705.1026,754.6744,49.91309,,-30.83366,-11.82558,49.91309,33.48951
1742845069526,164.3015,9047,,Center,701.5695,756.2504,49.91112,,-30.9298,-11.7345,49.91112,33.53632
1742845069556,164.3305,9049,Eye Hit,Center,729.2705,754.792,49.91642,Sedan3-Detailed,-30.16968,-11.81971,49.91642,32.98893
1742845069585,164.3602,9051,Eye Hit,Center,725.7397,746.0998,49.88269,Sedan3-Detailed,-30.24654,-12.31199,49.88269,33.21129
1742845069614,164.3896,9053,Eye Hit,Center,725.7443,747.5975,49.88828,Sedan3-Detailed,-30.24979,-12.22716,49.88828,33.18514
1742845069644,164.4202,9055,Eye Hit,Center,720.2753,752.3764,49.90884,Sedan3-Detailed,-30.41296,-11.9569,49.90884,33.21571
1742845069673,164.4489,9057,Eye Hit,Center,712.3195,749.6682,49.89486,Sedan3-Detailed,-30.6236,-12.10963,49.89486,33.42508
1742845069703,164.4799,9059,Eye Hit,Center,705.3077,743.1159,49.8589,Sedan3-Detailed,-30.79454,-12.47786,49.8589,33.67991
1742845069733,164.509,9061,Eye Hit,Center,694.5582,745.0304,49.8458,Sedan3-Detailed,-31.08228,-12.36449,49.8458,33.86538
1742845069762,164.538,9063,Eye Hit,Center,686.9653,746.3658,49.82932,Sedan3-Detailed,-31.28089,-12.28362,49.82932,33.99682
1742845069792,164.5683,9065,Eye Hit,Center,679.193,752.0062,49.82461,Sedan3-Detailed,-31.49174,-11.95801,49.82462,34.06203
1742845069823,164.5986,9067,Eye Hit,Center,676.765,752.9553,49.81762,Sedan3-Detailed,-31.5541,-11.9018,49.81762,34.09607
1742845069854,164.6273,9069,Eye Hit,Center,675.3917,755.4946,49.82044,Sedan3-Detailed,-31.59366,-11.7565,49.82043,34.08358
1742845069884,164.6577,9071,Eye Hit,Center,674.7913,755.8921,49.8193,Sedan3-Detailed,-31.60945,-11.73344,49.81931,34.08953
1742845069913,164.6876,9073,Eye Hit,Center,664.6272,753.0118,49.75933,Sedan3-Detailed,-31.85064,-11.88463,49.75933,34.34099
1742845069943,164.7185,9075,Eye Hit,Center,660.9052,751.6315,49.73312,Sedan3-Detailed,-31.93606,-11.95767,49.73312,34.43788
1742845069972,164.7474,9077,Eye Hit,Center,658.4563,754.217,49.72871,Sedan3-Detailed,-32.00046,-11.80828,49.72871,34.44676
1742845070002,164.7784,9079,Eye Hit,Center,655.4587,754.1945,49.71026,Sedan3-Detailed,-32.07086,-11.80502,49.71025,34.50753
1742845070033,164.8083,9081,Eye Hit,Center,650.6613,755.2739,49.68258,Sedan3-Detailed,-32.18459,-11.73667,49.68258,34.58757
1742845070063,164.8388,9083,Eye Hit,Center,644.4474,758.9186,49.65123,Sedan3-Detailed,-32.33463,-11.52054,49.65123,34.65748
1742845070093,164.8689,9085,Eye Hit,Center,643.3509,764.1234,49.65843,Sedan3-Detailed,-32.36937,-11.22385,49.65843,34.60234
1742845070123,164.8983,9087,Eye Hit,Center,643.2549,761.9198,49.65096,Sedan3-Detailed,-32.36713,-11.34849,49.65096,34.63679
1742845070154,164.9284,9089,Eye Hit,Center,642.4742,762.1365,49.64578,Sedan3-Detailed,-32.38515,-11.33482,49.64578,34.64934
1742845070182,164.9579,9091,Eye Hit,Center,639.9089,767.7656,49.64156,Sedan3-Detailed,-32.45271,-11.01136,49.64156,34.61917
1742845070213,164.9875,9093,Eye Hit,Center,636.7879,770.0621,49.62243,Sedan3-Detailed,-32.52571,-10.87574,49.62243,34.64973
1742845070242,165.0171,9095,Eye Hit,Center,634.7462,766.7505,49.59848,Sedan3-Detailed,-32.56592,-11.05989,49.59848,34.73833
1742845070273,165.048,9097,Eye Hit,Center,632.6259,765.6687,49.5781,Sedan3-Detailed,-32.61057,-11.11738,49.5781,34.79677
1742845070303,165.0782,9099,Eye Hit,Center,632.5369,760.8912,49.56479,Sedan3-Detailed,-32.60426,-11.38761,49.56479,34.86798
1742845070333,165.1089,9101,Eye Hit,Center,632.7581,758.3531,49.55885,Sedan3-Detailed,-32.5943,-11.53143,49.55885,34.901
1742845070362,165.1395,9103,Eye Hit,Center,629.3423,755.6295,49.52118,Sedan3-Detailed,-32.66291,-11.67813,49.52118,35.00987
1742845070394,165.1696,9105,Eye Hit,Center,628.5608,752.2745,49.50259,Sedan3-Detailed,-32.672,-11.86542,49.50259,35.07587
1742845070424,165.1994,9107,Eye Hit,Center,629.2529,753.887,49.51433,Sedan3-Detailed,-32.66084,-11.77625,49.51434,35.03781
1742845070454,165.2299,9109,Eye Hit,Center,625.8548,752.0422,49.47744,Sedan3-Detailed,-32.72933,-11.8728,49.47744,35.13327
1742845070485,165.2596,9111,Eye Hit,Center,626.722,753.0259,49.48881,Sedan3-Detailed,-32.71317,-11.81927,49.48881,35.10118
1742845070515,165.289,9113,Eye Hit,Center,629.2401,750.2958,49.50006,Sedan3-Detailed,-32.65178,-11.97792,49.50006,35.0924
1742845070545,165.3201,9115,Eye Hit,Center,628.3563,751.6259,49.49746,Sedan3-Detailed,-32.67421,-11.9012,49.49746,35.08974
1742845070575,165.3503,9117,Eye Hit,Center,623.0104,753.6154,49.45704,Sedan3-Detailed,-32.7935,-11.7781,49.45704,35.16623
1742845070606,165.3821,9119,Eye Hit,Center,620.2609,755.8611,49.43944,Sedan3-Detailed,-32.85689,-11.64567,49.43944,35.1876
1742845070637,165.4122,9121,Eye Hit,Center,620.0812,755.7662,49.43694,Sedan3-Detailed,-32.86014,-11.65055,49.43694,35.19261
1742845070668,165.443,9123,Eye Hit,Center,614.6304,758.4164,49.39308,Sedan3-Detailed,-32.97963,-11.48909,49.39308,35.26237
1742845070702,165.4752,9125,Eye Hit,Center,613.1226,757.4784,49.37516,Sedan3-Detailed,-33.00875,-11.53842,49.37516,35.30599
1742845070717,165.4937,9126,Eye Hit,Center,615.0411,759.3665,49.40071,Sedan3-Detailed,-32.97351,-11.43678,49.40071,35.24044
1742845070748,165.5233,9128,Eye Hit,Center,617.1727,759.4011,49.42208,Sedan3-Detailed,-32.92961,-11.43985,49.42208,35.19743
1742845070764,165.54,9129,Eye Hit,Center,616.8204,759.6349,49.41933,Sedan3-Detailed,-32.93739,-11.42583,49.41933,35.20108
1742845070801,165.5763,9131,Eye Hit,Center,617.024,759.433,49.42081,Sedan3-Detailed,-32.93282,-11.43766,49.42081,35.19994
1742845070839,165.6083,9133,Eye Hit,Center,615.9596,758.379,49.40703,Sedan3-Detailed,-32.95268,-11.4946,49.40703,35.23646
1742845070856,165.6297,9134,Eye Hit,Center,616.9792,758.0059,49.41599,Sedan3-Detailed,-32.93083,-11.51799,49.41599,35.22158
1742845070872,165.6468,9135,Eye Hit,Center,618.9911,757.5435,49.43408,Sedan3-Detailed,-32.88797,-11.54841,49.43408,35.18818
1742845070910,165.6796,9137,Eye Hit,Center,619.3932,756.3909,49.43392,Sedan3-Detailed,-32.87689,-11.6142,49.43392,35.19709
1742845070926,165.7011,9138,Eye Hit,Center,620.8607,756.8209,49.44931,Sedan3-Detailed,-32.84707,-11.59328,49.44931,35.16153
1742845070959,165.7335,9140,Eye Hit,Center,619.4406,757.235,49.43746,Sedan3-Detailed,-32.87797,-11.56693,49.43746,35.18377
1742845070995,165.7695,9142,Eye Hit,Center,620.6766,755.8763,49.44476,Sedan3-Detailed,-32.84907,-11.64617,49.44476,35.17913
1742845071028,165.8036,9144,Eye Hit,Center,639.0562,756.979,49.60596,Sedan3-Detailed,-32.45279,-11.62092,49.60596,34.79506
1742845071062,165.836,9146,Eye Hit,Center,651.3688,757.3752,49.69541,Sedan3-Detailed,-32.17349,-11.61914,49.69542,34.54114
1742845071079,165.8533,9147,Eye Hit,Center,655.3141,757.7626,49.72194,Sedan3-Detailed,-32.08236,-11.60315,49.72194,34.45551
1742845071095,165.8711,9148,Eye Hit,Center,654.2275,757.4298,49.71397,Sedan3-Detailed,-32.10704,-11.62044,49.71397,34.48258
1742845071130,165.9031,9150,Eye Hit,Center,651.7651,757.7626,49.69898,Sedan3-Detailed,-32.16492,-11.59779,49.69898,34.52724
1742845071146,165.9202,9151,Eye Hit,Center,644.7829,757.0675,49.64862,Sedan3-Detailed,-32.32372,-11.62581,49.64862,34.67857
1742845071163,165.9375,9152,Eye Hit,Center,641.7354,756.8873,49.62553,Sedan3-Detailed,-32.39219,-11.63081,49.62553,34.74263
1742845071198,165.9712,9154,Eye Hit,Center,637.265,756.1787,49.58881,Sedan3-Detailed,-32.49061,-11.66268,49.58881,34.84304
1742845071216,165.9893,9155,Eye Hit,Center,634.4047,754.0006,49.55816,Sedan3-Detailed,-32.54878,-11.78006,49.55816,34.93317
1742845071232,166.0067,9156,Eye Hit,Center,629.7955,753.0793,49.51622,Sedan3-Detailed,-32.64725,-11.82279,49.51622,35.03914
1742845071267,166.0408,9158,Eye Hit,Center,623.2238,752.7858,49.45689,Sedan3-Detailed,-32.78759,-11.82542,49.45689,35.17441
1742845071286,166.058,9159,Eye Hit,Center,613.9589,753.3508,49.37035,Sedan3-Detailed,-32.98274,-11.77252,49.37035,35.34991
1742845071302,166.0764,9160,Eye Hit,Center,608.0577,752.9457,49.30834,Sedan3-Detailed,-33.10197,-11.78068,49.30833,35.47266
1742845071336,166.1111,9162,Eye Hit,Center,601.2643,754.3984,49.24026,Sedan3-Detailed,-33.24095,-11.68196,49.24026,35.58566
1742845071373,166.1451,9164,Eye Hit,Center,586.142,754.7631,49.06394,Sedan3-Detailed,-33.53156,-11.61935,49.06394,35.878
1742845071389,166.1635,9165,Eye Hit,Center,584.1163,749.6671,49.02,Sedan3-Detailed,-33.55635,-11.8973,49.02,35.99074
1742845071406,166.1802,9166,Eye Hit,Center,579.8884,749.4766,48.96543,Sedan3-Detailed,-33.63329,-11.89489,48.96543,36.07595
1742845071442,166.2144,9168,Eye Hit,Center,575.0378,749.5089,48.90202,Sedan3-Detailed,-33.72069,-11.87762,48.90202,36.16988
1742845071458,166.2327,9169,Eye Hit,Center,571.9835,749.2084,48.85986,Sedan3-Detailed,-33.77401,-11.88433,48.85986,36.23352
1742845071494,166.2655,9171,Eye Hit,Center,562.5156,749.7613,48.73046,Sedan3-Detailed,-33.93929,-11.82162,48.73046,36.40914
1742845071511,166.2843,9172,Eye Hit,Center,560.1478,749.4391,48.69555,Sedan3-Detailed,-33.97865,-11.83136,48.69555,36.45951
1742845071528,166.3018,9173,Eye Hit,Center,558.3959,748.9772,48.66841,Sedan3-Detailed,-34.00677,-11.85077,48.66842,36.49984
1742845071563,166.3371,9175,Eye Hit,Center,555.321,748.7803,48.62263,Sedan3-Detailed,-34.05733,-11.85056,48.62263,36.56189
1742845071580,166.354,9176,Eye Hit,Center,553.6532,749.3071,48.59984,Sedan3-Detailed,-34.08612,-11.81553,48.59984,36.58668
1742845071598,166.3716,9177,Eye Hit,Center,552.2692,749.0903,48.57821,Sedan3-Detailed,-34.10807,-11.82232,48.57821,36.61633
1742845071614,166.3882,9178,Eye Hit,Center,550.9012,749.403,48.55904,Sedan3-Detailed,-34.13129,-11.80023,48.55904,36.63835
1742845071633,166.4062,9179,Eye Hit,Center,547.638,749.2621,48.50869,Sedan3-Detailed,-34.18329,-11.79578,48.50869,36.70304
1742845071651,166.4238,9180,Eye Hit,Center,548.9587,746.8067,48.51935,Sedan3-Detailed,-34.15542,-11.93588,48.51935,36.71192
1742845071667,166.4424,9181,Eye Hit,Center,547.994,746.3834,48.50291,Sedan3-Detailed,-34.16969,-11.95552,48.50291,36.73636
1742845071703,166.4754,9183,Eye Hit,Center,546.453,745.7007,48.47625,Sedan3-Detailed,-34.19214,-11.98724,48.47625,36.77548
1742845071720,166.4945,9184,Eye Hit,Center,547.1469,744.3127,48.48116,Sedan3-Detailed,-34.17703,-12.06611,48.48116,36.78174
1742845071754,166.5274,9186,Eye Hit,Center,547.8735,744.5715,48.49328,Sedan3-Detailed,-34.16612,-12.05453,48.49328,36.76416
1742845071773,166.5443,9187,Eye Hit,Center,544.9386,743.6461,48.44372,Sedan3-Detailed,-34.20971,-12.09394,48.44372,36.83335
1742845071790,166.5641,9188,Eye Hit,Center,545.363,744.8751,48.45537,Sedan3-Detailed,-34.20658,-12.02809,48.45538,36.80791
1742845071825,166.5975,9190,Eye Hit,Center,544.9899,743.7512,48.4445,Sedan3-Detailed,-34.20889,-12.08823,48.4445,36.83088
1742845071842,166.6153,9191,Eye Hit,Center,543.5047,745.0508,48.42662,Sedan3-Detailed,-34.23597,-12.01116,48.42662,36.841
1742845071859,166.6325,9192,Eye Hit,Center,541.343,745.2341,48.39297,Sedan3-Detailed,-34.26994,-11.99267,48.39297,36.87976
1742845071877,166.6498,9193,Eye Hit,Center,543.2695,744.5226,48.42026,Sedan3-Detailed,-34.23776,-12.03915,48.42026,36.85291
1742845071893,166.6676,9194,Eye Hit,Center,541.2994,743.8557,48.38597,Sedan3-Detailed,-34.26615,-12.0679,48.38597,36.89991
1742845071929,166.703,9196,Eye Hit,Center,542.9886,748.3374,48.4302,Sedan3-Detailed,-34.25229,-11.82841,48.4302,36.8051
1742845071947,166.7205,9197,Eye Hit,Center,544.781,749.8128,48.46414,Sedan3-Detailed,-34.22835,-11.75426,48.46414,36.75036
1742845071962,166.7374,9198,Eye Hit,Center,542.2102,749.6878,48.42277,Sedan3-Detailed,-34.26785,-11.75124,48.42278,36.80143
1742845071999,166.7723,9200,Eye Hit,Center,537.4862,754.4341,48.36337,Sedan3-Detailed,-34.35195,-11.47189,48.36337,36.82766
1742845072015,166.7896,9201,Eye Hit,Center,535.4598,758.1578,48.34265,Sedan3-Detailed,-34.39133,-11.25933,48.34266,36.81716
1742845072033,166.8067,9202,Eye Hit,Center,527.6961,759.9166,48.2181,Sedan3-Detailed,-34.50939,-11.13246,48.2181,36.9436
1742845072053,166.8235,9203,Eye Hit,Center,517.061,761.5795,48.03924,Sedan3-Detailed,-34.66346,-10.99899,48.03924,37.12643
1742845072068,166.8433,9204,Eye Hit,Center,504.3809,762.1271,47.81149,Sedan3-Detailed,-34.83384,-10.91656,47.81149,37.36195
1742845072103,166.877,9206,Eye Hit,Center,478.7317,758.1008,47.30768,Sedan3-Detailed,-35.13671,-11.02135,47.30768,37.89749
1742845072122,166.8939,9207,Eye Hit,Center,447.2065,757.4984,46.64907,Sedan3-Detailed,-35.45947,-10.90029,46.64907,38.49299
1742845072139,166.9128,9208,Eye Hit,Center,415.2594,757.1202,45.93192,Sedan3-Detailed,-35.72449,-10.75287,45.93192,39.08484
1742845072155,166.9297,9209,Eye Hit,Center,405.7941,752.9114,45.70085,Sedan3-Detailed,-35.78361,-10.92071,45.70085,39.30543
1742845072191,166.9641,9211,Eye Hit,Center,470.376,760.3991,47.1448,SouthSidewalk,-35.23322,-10.85841,47.1448,38.02634
1742845072208,166.9824,9212,,Center,652.8779,760.1538,49.70736,,-32.1398,-11.46265,49.70736,34.46851
1742845072242,167.016,9214,,Center,639.8733,764.2635,49.62806,,-32.44486,-11.20905,49.62806,34.67068
1742845072261,167.0327,9215,,Center,558.4789,766.1797,48.71639,,-34.03807,-10.89535,48.71639,36.26452
1742845072278,167.0513,9216,,Center,569.9371,765.2365,48.87767,,-33.84154,-10.98455,48.87767,36.05209
1742845072294,167.0687,9217,,Center,520.8888,767.9115,48.11926,,-34.61951,-10.66561,48.11926,36.97322
1742845072327,167.1009,9219,Eye Hit,Center,514.0333,772.6017,48.00839,SouthSidewalk,-34.72145,-10.38135,48.00838,37.04814
1742845072345,167.1177,9220,,Center,538.389,783.2676,48.43562,,-34.37914,-9.877483,48.43562,36.44606
1742845072361,167.1356,9221,,Center,487.8008,784.7057,47.53189,,-35.06524,-9.614325,47.53189,37.41409
1742845072393,167.1663,9223,,Center,524.2847,800.0829,48.20169,,-34.58843,-8.894594,48.20169,36.53562
1742845072408,167.1836,9224,,Center,476.1999,800.0141,47.30144,,-35.19818,-8.732266,47.30144,37.47676
1742845072439,167.2133,9226,,Center,684.46,808.3523,49.90236,,-31.39576,-8.732131,49.90236,33.14553
1742845072469,167.2442,9228,,Center,599.8897,805.3282,49.27825,,-33.30399,-8.79492,49.27826,34.95372
1742845072499,167.2751,9230,,Center,529.4193,805.6161,48.28565,,-34.5118,-8.601743,48.28565,36.37567
1742845072529,167.3045,9232,,Center,561.1041,805.7636,48.78181,,-34.01307,-8.681941,48.78181,35.73898
1742845072557,167.3334,9234,,Center,637.6636,809.4055,49.63816,,-32.51203,-8.625683,49.63816,34.12313
1742845072586,167.3628,9236,,Center,666.1105,811.4789,49.82231,,-31.85015,-8.538525,49.82231,33.49852
1742845072614,167.3897,9238,,Center,606.5826,815.3214,49.34191,,-33.16469,-8.237282,49.34191,34.70501
1742845072643,167.4181,9240,Eye Hit,Center,636.7308,814.0291,49.6265,SW_Tree_10,-32.52994,-8.358815,49.6265,34.08973
1742845072671,167.4468,9242,,Center,739.2829,818.4245,49.93312,,-29.90375,-8.157306,49.93312,31.83027
1742845072699,167.4762,9244,,Center,699.6473,819.6796,49.93004,,-30.99452,-8.084426,49.93004,32.6813
1742845072729,167.5054,9246,,Center,734.1093,822.1723,49.93473,,-30.04734,-7.941566,49.93473,31.89791
1742845072757,167.5327,9248,,Center,802.0888,821.5921,49.62162,,-27.99654,-7.925086,49.62162,30.38607
1742845072787,167.5616,9250,,Center,829.3105,803.3536,49.40938,,-27.13423,-8.931046,49.40939,30.03454
1742845072815,167.5909,9252,,Center,857.5928,803.113,49.08383,,-26.18901,-8.885676,49.08384,29.39828
1742845072846,167.6199,9254,,Center,829.382,806.6426,49.40681,,-27.13086,-8.743049,49.40681,29.98241
1742845072861,167.637,9255,,Center,826.3533,808.8344,49.43575,,-27.22942,-8.623143,49.43575,30.01779
1742845072890,167.6651,9257,,Center,809.9821,816.3792,49.57241,,-27.75275,-8.215255,49.57241,30.27878
1742845072919,167.6943,9259,,Center,802.3861,820.2179,49.62461,,-27.99009,-8.004124,49.62461,30.39782
1742845072949,167.7236,9261,,Center,813.2635,814.8722,49.54657,,-27.64853,-8.297153,49.54657,30.2258
1742845072977,167.7526,9263,,Center,855.7531,807.5753,49.10288,,-26.24904,-8.636256,49.10288,29.36918
1742845073006,167.7819,9265,,Center,866.3292,803.913,48.96906,,-25.89158,-8.819697,48.96906,29.18631
1742845073036,167.811,9267,,Center,878.6656,801.8882,48.80252,,-25.47112,-8.903818,48.80252,28.93785
1742845073065,167.8404,9269,,Center,896.4189,800.3593,48.53514,,-24.85585,-8.94057,48.53514,28.55693
1742845073094,167.8699,9271,,Center,921.2834,801.7745,48.11848,,-23.98191,-8.785259,48.11848,27.95856
1742845073124,167.9006,9273,,Center,978.9156,798.4494,47.00648,,-21.932,-8.76263,47.00648,26.67656
1742845073154,167.9292,9275,Eye Hit,Center,1017.298,795.0031,46.16351,RoadWest,-20.56044,-8.78898,46.16351,25.84412
1742845073185,167.9612,9277,Eye Hit,Center,899.323,780.6865,48.47956,SouthSidewalk,-24.74966,-10.03088,48.47956,28.84832
1742845073216,167.9918,9279,Eye Hit,Center,759.9326,782.6925,49.89518,Sedan3-Detailed,-29.31218,-10.20826,49.89518,31.885
1742845073235,168.011,9280,Eye Hit,Center,830.5617,782.7985,49.38577,Sedan3-Detailed,-27.08714,-10.098,49.38577,30.34276
1742845073266,168.0419,9282,Eye Hit,Center,843.4466,780.1757,49.23901,Sedan3-Detailed,-26.65637,-10.21713,49.23901,30.10392
1742845073304,168.0753,9284,Eye Hit,Center,952.4891,771.3673,47.50878,Sedan3-Detailed,-22.85952,-10.34091,47.50879,27.8388
1742845073321,168.0952,9285,Eye Hit,Center,980.6717,766.82,46.92945,Sedan3-Detailed,-21.85056,-10.46096,46.92945,27.30336
1742845073363,168.1363,9287,Eye Hit,Center,1009.004,756.3859,46.28407,Sedan3-Detailed,-20.82608,-10.8745,46.28407,26.91281
1742845073395,168.1694,9289,Eye Hit,Center,951.8265,759.2315,47.48811,Sedan3-Detailed,-22.86695,-11.00143,47.48811,28.11826
1742845073432,168.2076,9291,Eye Hit,Center,975.7676,757.9493,46.9981,Sedan3-Detailed,-22.00978,-10.95747,46.9981,27.61579
1742845073465,168.24,9293,Eye Hit,Center,1077.028,748.8614,44.64011,Sedan3-Detailed,-18.40984,-10.87584,44.64011,25.59418
1742845073501,168.2754,9295,Eye Hit,Center,1224.158,737.6697,40.75882,Sedan3-Detailed,-13.49829,-10.45653,40.75882,22.72971
1742845073533,168.3079,9297,Eye Hit,Center,1215.391,743.3691,41.00436,SouthSidewalk,-13.77808,-10.24985,41.00436,22.7238
1742845073564,168.34,9299,Eye Hit,Center,1114.467,751.9252,43.68502,SouthSidewalk,-17.11298,-10.48867,43.68502,24.6769
1742845073595,168.3703,9301,Eye Hit,Center,1103.834,763.007,43.9803,SouthSidewalk,-17.48684,-9.997189,43.9803,24.60761
1742845073625,168.401,9303,,Center,1147.379,774.774,42.85806,,-16.01026,-9.160067,42.85806,23.28632
1742845073656,168.4316,9305,,Center,1013.049,788.828,46.20544,,-20.68751,-9.126215,46.20544,26.07526
1742845073687,168.4618,9307,,Center,798.6173,795.0639,49.63737,,-28.10058,-9.446959,49.63737,30.84785
1742845073718,168.4935,9309,,Center,691.6484,793.463,49.90591,,-31.19995,-9.590213,49.90591,33.18641
1742845073749,168.5227,9311,,Center,648.2841,790.9539,49.70374,,-32.26353,-9.695267,49.70374,34.12908
1742845073764,168.5401,9312,,Center,698.3127,790.5712,49.92126,,-31.02586,-9.759782,49.92126,33.08507
1742845073795,168.5706,9314,,Center,737.4943,786.6146,49.93055,,-29.95152,-9.989598,49.93055,32.30713
1742845073825,168.6012,9316,Eye Hit,Center,687.4719,782.4013,49.90018,SE_Tree_30,-31.31141,-10.22604,49.90018,33.4287
1742845073856,168.6307,9318,Eye Hit,Center,658.896,761.4478,49.73737,Truck1-Detailed,-31.99397,-11.39519,49.73737,34.32684
1742845073887,168.6619,9320,Eye Hit,Center,625.9834,764.4312,49.50879,Truck1-Detailed,-32.74656,-11.17247,49.50879,34.94838
1742845073918,168.6932,9322,,Center,604.9395,768.2067,49.31579,,-33.19187,-10.91407,49.31579,35.31755
1742845073948,168.7225,9324,,Center,591.0868,760.1584,49.14068,,-33.44985,-11.33159,49.14068,35.70457
1742845073978,168.7538,9326,,Center,571.6041,760.6232,48.89649,,-33.80957,-11.24917,48.89649,36.0816
1742845074009,168.7838,9328,,Center,568.4886,760.309,48.85396,,-33.8642,-11.25708,48.85395,36.1469
1742845074039,168.8144,9330,,Center,556.0557,759.0078,48.67318,,-34.073,-11.2886,48.67318,36.40712
1742845074070,168.8448,9332,,Center,527.4441,761.05,48.22745,,-34.52281,-11.07152,48.22745,36.9338
1742845074102,168.8767,9334,,Center,491.7176,765.3508,47.58841,,-35.00403,-10.68864,47.58841,37.56338
1742845074133,168.9081,9336,,Center,432.7332,759.6166,46.34225,,-35.59656,-10.71529,46.34225,38.73553
1742845074163,168.9386,9338,Eye Hit,Center,357.7485,759.9624,44.55389,Truck1-Detailed,-36.06738,-10.2841,44.55389,40.09026
1742845074195,168.9697,9340,Eye Hit,Center,254.6631,750.0657,41.83869,Truck1-Detailed,-36.25056,-10.13505,41.83869,41.97652
1742845074226,169.0023,9342,Eye Hit,Center,289.9888,748.6509,42.75422,SouthSidewalk,-36.20996,-10.42665,42.75422,41.3912
1742845074257,169.0324,9344,Eye Hit,Center,473.0568,737.9525,47.06071,SouthSidewalk,-35.10072,-12.05781,47.06071,38.26078
1742845074289,169.0636,9346,Eye Hit,Center,606.8014,738.5938,49.13969,SouthSidewalk,-33.02284,-12.55431,49.13969,35.71405
1742845074320,169.0938,9348,Eye Hit,Center,642.6596,760.6818,49.52045,SouthSidewalk,-32.29834,-11.38933,49.52045,34.66717
1742845074351,169.1249,9350,Eye Hit,Center,670.4356,783.0112,49.73065,SouthSidewalk,-31.6728,-10.15638,49.73066,33.77579
1742845074381,169.1555,9352,Eye Hit,Center,588.4464,791.7363,49.03849,SouthSidewalk,-33.45178,-9.521349,49.03849,35.34608
1742845074410,169.1859,9354,Eye Hit,Center,496.9028,795.4761,47.60536,SouthSidewalk,-34.8802,-9.037517,47.60535,37.1217
1742845074439,169.2143,9356,,Center,522.7714,797.0365,48.07586,,-34.53831,-9.040279,48.07586,36.59813
1742845074468,169.2435,9358,,Center,440.2579,798.2531,46.4071,,-35.45359,-8.661345,46.4071,38.1828
1742845074497,169.2731,9360,,Center,585.386,789.0569,48.9791,,-33.49402,-9.661159,48.9791,35.44032
1742845074526,169.3019,9362,,Center,621.4617,785.7643,49.38291,,-32.78658,-9.928441,49.38291,34.74901
1742845074555,169.33,9364,,Center,647.6349,793.8866,49.61148,,-32.22143,-9.509404,49.61148,34.10466
1742845074585,169.3593,9366,,Center,579.2888,792.8845,48.93266,,-33.62698,-9.435851,48.93266,35.51741
1742845074613,169.39,9368,,Center,494.2685,802.5223,47.54483,,-34.90501,-8.639532,47.54483,37.10035
1742845074643,169.4188,9370,,Center,525.9819,804.5813,48.13048,,-34.49224,-8.63157,48.13048,36.45472
1742845074674,169.45,9372,,Center,727.48,792.2529,49.90676,,-30.21317,-9.660053,49.90676,32.43936
1742845074705,169.4825,9374,,Center,691.4717,801.1571,49.84159,,-31.16459,-9.135417,49.84159,33.0876
1742845074724,169.5007,9375,,Center,878.448,784.9868,48.74224,,-25.44552,-9.843331,48.74224,29.23756
1742845074757,169.531,9377,,Center,902.739,788.8961,48.38306,,-24.60914,-9.552632,48.38306,28.6172
1742845074771,169.5479,9378,,Center,909.0024,788.3775,48.29025,,-24.39495,-9.563233,48.29025,28.48441
1742845074807,169.5782,9380,,Center,865.9788,786.4852,48.92127,,-25.87576,-9.794949,48.92126,29.49049
1742845074824,169.5974,9381,,Center,871.8911,779.868,48.84592,,-25.67648,-10.15289,48.84592,29.47798
1742845074855,169.6298,9383,Eye Hit,Center,873.0826,763.9347,48.80569,SW_Tree_30,-25.62322,-11.04173,48.80569,29.75558
1742845074887,169.6609,9385,,Center,884.0343,755.5237,48.63025,,-25.23707,-11.47398,48.63025,29.68644
1742845074906,169.6781,9386,,Center,859.2297,754.9197,48.9623,,-26.07991,-11.5865,48.9623,30.23592
1742845074921,169.6962,9387,,Center,842.5491,757.3577,49.17691,,-26.64712,-11.49902,49.17692,30.54748
1742845074953,169.7268,9389,,Center,833.0928,755.47,49.27579,,-26.95796,-11.62948,49.27579,30.78727
1742845074985,169.7598,9391,Eye Hit,Center,861.9285,758.4278,48.94847,SW_Tree_50,-25.99961,-11.38512,48.94847,30.1076
1742845075019,169.7928,9393,,Center,875.3665,752.387,48.74222,,-25.52844,-11.67684,48.74223,29.93904
1742845075034,169.8096,9394,,Center,880.4254,752.9048,48.66711,,-25.35316,-11.62989,48.66711,29.81896
1742845075067,169.8421,9396,,Center,899.1232,759.8855,48.40686,,-24.71788,-11.1777,48.40686,29.26676
1742845075098,169.8736,9398,,Center,896.5933,762.6295,48.45421,,-24.80973,-11.03522,48.4542,29.26584
1742845075131,169.9062,9400,,Center,895.3202,763.923,48.47197,,-24.8529,-10.96697,48.47197,29.26751
1742845075162,169.9368,9402,,Center,893.9366,747.4289,48.44452,,-24.87584,-11.88274,48.44452,29.64282
1742845075192,169.9675,9404,,Center,903.4952,750.4137,48.30808,,-24.55083,-11.68286,48.30808,29.37175
1742845075225,169.9981,9406,,Center,914.0439,742.9596,48.10754,,-24.16874,-12.04819,48.10754,29.30781
1742845075239,170.016,9407,,Center,930.7463,745.8649,47.83362,,-23.59003,-11.8192,47.83361,28.88136
1742845075270,170.045,9409,,Center,936.014,759.7797,47.78009,,-23.42467,-11.03881,47.78009,28.45637
1742845075302,170.0765,9411,,Center,942.9315,766.3647,47.6719,,-23.18956,-10.65156,47.67191,28.16022
1742845075332,170.1084,9413,,Center,949.7802,761.8428,47.53477,,-22.94312,-10.86899,47.53477,28.10584
1742845075364,170.1399,9415,,Center,963.4844,750.9029,47.23557,,-22.44132,-11.39681,47.23557,28.05087
1742845075397,170.1721,9417,,Center,966.9315,753.629,47.1767,,-22.32356,-11.23432,47.1767,27.9116
1742845075428,170.204,9419,,Center,985.0261,756.6704,46.81182,,-21.68325,-10.98315,46.81182,27.43982
1742845075464,170.2388,9421,,Center,995.5818,758.7808,46.5908,,-21.30936,-10.81772,46.5908,27.15478
1742845075496,170.2705,9423,,Center,988.9556,753.404,46.71862,,-21.53873,-11.13735,46.71862,27.43016
1742845075527,170.3013,9425,,Center,988.7766,751.0863,46.71638,,-21.54231,-11.26174,46.71638,27.48976
1742845075544,170.3182,9426,,Center,987.8401,750.829,46.73779,,-21.57635,-11.28082,46.73779,27.51663
1742845075575,170.3497,9428,Eye Hit,Center,983.5742,745.1064,46.80971,Car4-Detailed,-21.7198,-11.60728,46.80971,27.74905
1742845075607,170.3831,9430,Eye Hit,Center,964.5174,742.1782,47.19177,Car4-Detailed,-22.39359,-11.86132,47.19177,28.23482
1742845075638,170.4132,9432,Eye Hit,Center,948.7751,750.2776,47.53515,Car4-Detailed,-22.96968,-11.50336,47.53515,28.38789
1742845075671,170.4447,9434,Eye Hit,Center,928.408,761.6193,47.9536,Car4-Detailed,-23.71111,-10.97719,47.9536,28.58496
1742845075687,170.4618,9435,Eye Hit,Center,921.7043,761.4871,48.07342,Car4-Detailed,-23.94829,-11.01195,48.07342,28.73605
1742845075719,170.4936,9437,Eye Hit,Center,896.0367,762.2997,48.50423,Car4-Detailed,-24.85026,-11.06512,48.50423,29.28484
1742845075750,170.5247,9439,Eye Hit,Center,879.4533,769.5266,48.77134,Car4-Detailed,-25.43365,-10.71935,48.77134,29.50603
1742845075765,170.5416,9440,Eye Hit,Center,873.9972,766.1389,48.84269,Car4-Detailed,-25.61798,-10.92582,48.84269,29.69221
1742845075799,170.5732,9442,Eye Hit,Center,869.4821,756.6707,48.87822,Sedan3-Detailed,-25.75846,-11.46778,48.87822,29.97893
1742845075830,170.605,9444,Eye Hit,Center,867.0837,748.1037,48.87516,Sedan3-Detailed,-25.82156,-11.95033,48.87517,30.20596
1742845075861,170.6362,9446,Eye Hit,Center,863.8618,758.3312,48.95009,Sedan3-Detailed,-25.94822,-11.39091,48.95009,30.06757
1742845075878,170.6533,9447,Eye Hit,Center,861.4719,765.5622,48.99915,Car4-Detailed,-26.03889,-10.99353,48.99915,29.97791
1742845075909,170.6858,9449,Eye Hit,Center,857.4921,769.4462,49.05565,Car4-Detailed,-26.1767,-10.78633,49.05564,29.99092
1742845075941,170.7158,9451,Eye Hit,Center,863.5651,759.4269,48.94971,Car4-Detailed,-25.95604,-11.32901,48.94971,30.05227
1742845075972,170.7472,9453,Eye Hit,Center,875.6447,758.8135,48.78039,Car4-Detailed,-25.54094,-11.32425,48.78039,29.8018
1742845076003,170.7794,9455,Eye Hit,Center,884.1672,764.5609,48.67126,Car4-Detailed,-25.25478,-10.97622,48.67126,29.50004
1742845076036,170.8107,9457,Eye Hit,Center,899.4249,769.5875,48.4431,Car4-Detailed,-24.72831,-10.6437,48.4431,29.06262
1742845076067,170.842,9459,Eye Hit,Center,920.3165,772.0364,48.09676,Car4-Detailed,-23.99677,-10.43184,48.09676,28.54758
1742845076098,170.8744,9461,,Center,934.0204,777.399,47.85587,,-23.5145,-10.08329,47.85587,28.13034
1742845076133,170.9078,9463,,Center,966.6706,785.671,47.22438,,-22.35292,-9.499507,47.22438,27.21698
1742845076165,170.9398,9465,,Center,1000.324,790.0483,46.50859,,-21.14998,-9.120629,46.50859,26.34629
1742845076198,170.9716,9467,,Center,1047.979,793.1584,45.40496,,-19.45347,-8.741217,45.40496,25.15988
1742845076214,170.9883,9468,Eye Hit,Center,1096.195,791.3411,44.20671,SouthSidewalk,-17.76329,-8.603278,44.20672,24.0594
1742845076230,171.0052,9469,Eye Hit,Center,1144.083,795.8002,42.96011,SouthSidewalk,-16.12655,-8.139605,42.96011,22.80628
1742845076262,171.0365,9471,Eye Hit,Center,1170.806,811.4429,42.23226,SouthSidewalk,-15.23025,-7.239509,42.23226,21.76678
1742845076292,171.0665,9473,Eye Hit,Center,971.2532,721.1804,46.86574,SouthSidewalk,-22.0646,-12.91498,46.86574,28.61358
1742845076324,171.0983,9475,Eye Hit,Center,813.3198,694.3749,48.99763,SouthSidewalk,-27.34068,-15.01796,48.99763,32.4824
1742845076356,171.1301,9477,Eye Hit,Center,816.7101,695.4297,48.96487,SouthSidewalk,-27.23075,-14.94833,48.96487,32.39153
1742845076385,171.16,9479,Eye Hit,Center,833.8784,675.2112,48.61428,SouthSidewalk,-26.57497,-15.9755,48.61428,32.53057
1742845076414,171.1895,9481,Eye Hit,Center,881.8552,670.5602,47.9917,SouthSidewalk,-24.96343,-16.0285,47.9917,31.72243
1742845076444,171.219,9483,Eye Hit,Center,864.1111,666.3,48.18511,SouthSidewalk,-25.53608,-16.32985,48.18511,32.17205
1742845076472,171.2475,9485,Eye Hit,Center,769.7712,608.326,48.19901,SouthSidewalk,-28.05392,-19.55898,48.19901,35.35718
1742845076500,171.276,9487,Eye Hit,Center,798.934,610.9661,48.03936,SouthSidewalk,-27.18752,-19.34777,48.03936,34.78462
1742845076527,171.3033,9489,Eye Hit,Center,781.3243,590.129,47.8007,SouthSidewalk,-27.51719,-20.40098,47.8007,35.62608
1742845076552,171.3293,9491,Eye Hit,Center,811.64,579.301,47.41678,SouthSidewalk,-26.50253,-20.82969,47.41678,35.40891
1742845076578,171.3543,9493,Eye Hit,Center,854.4243,579.1769,47.01928,SouthSidewalk,-25.16971,-20.66171,47.01928,34.70527
1742845076604,171.3813,9495,Eye Hit,Center,880.3165,572.7822,46.56095,SouthSidewalk,-24.25877,-20.80381,46.56096,34.46415
1742845076632,171.4072,9497,Eye Hit,Center,919.8654,573.3895,46.02255,SouthSidewalk,-22.97334,-20.53112,46.02255,33.80114
1742845076659,171.4354,9499,Eye Hit,Center,914.9313,563.4604,45.93232,SouthSidewalk,-23.05343,-21.01705,45.93232,34.18312
1742845076688,171.4631,9501,Eye Hit,Center,724.8732,554.15,47.26502,SouthSidewalk,-28.68192,-22.13458,47.26502,37.47099
1742845076715,171.4908,9503,Eye Hit,Center,707.5493,530.7932,46.79171,SouthSidewalk,-28.84224,-23.17399,46.79171,38.33385
1742845076743,171.5188,9505,Eye Hit,Center,698.7828,527.6393,46.72432,SouthSidewalk,-29.02684,-23.31084,46.72432,38.54667
1742845076770,171.5458,9507,Eye Hit,Center,715.4027,499.9268,46.14813,SouthSidewalk,-28.24544,-24.49896,46.14813,39.0149
1742845076798,171.5746,9509,Eye Hit,Center,729.1322,507.1035,46.27051,SouthSidewalk,-27.96961,-24.18073,46.27051,38.62706
1742845076826,171.6027,9511,Eye Hit,Center,747.549,486.3554,45.78515,SouthSidewalk,-27.21067,-25.02322,45.78515,38.91769
1742845076854,171.63,9513,Eye Hit,Center,769.1484,488.0956,45.77712,SouthSidewalk,-26.66001,-24.92698,45.77712,38.56535
1742845076882,171.6571,9515,Eye Hit,Center,777.5181,517.8053,46.41869,SouthSidewalk,-26.81915,-23.68497,46.41869,37.62579
1742845076910,171.6857,9517,Eye Hit,Center,780.0344,506.3328,46.1715,SouthSidewalk,-26.61218,-24.17002,46.1715,37.90495
1742845076938,171.713,9519,Eye Hit,Center,792.7795,500.7624,45.99282,SouthSidewalk,-26.18557,-24.37212,45.99282,37.87535
1742845076965,171.7414,9521,Eye Hit,Center,794.074,491.5262,45.74693,SouthSidewalk,-26.01288,-24.7294,45.74693,38.11668
1742845076993,171.7695,9523,Eye Hit,Center,803.0649,468.0201,45.15747,SouthSidewalk,-25.45354,-25.63571,45.15747,38.65966
1742845077009,171.7866,9524,Eye Hit,Center,809.7847,461.6966,44.98556,SouthSidewalk,-25.18974,-25.86623,44.98556,38.75036
1742845077035,171.8107,9526,Eye Hit,Center,807.2651,460.9432,44.95008,SouthSidewalk,-25.23241,-25.88493,44.95008,38.80586
1742845077063,171.8394,9528,Eye Hit,Center,808.5405,463.1078,44.99302,SouthSidewalk,-25.22482,-25.79723,44.99302,38.72644
1742845077091,171.8681,9530,Eye Hit,Center,809.6201,465.836,45.05063,SouthSidewalk,-25.23028,-25.68848,45.05063,38.6334
1742845077120,171.8958,9532,Eye Hit,Center,741.9836,610.4298,48.27509,SouthSidewalk,-28.83882,-19.47256,48.27509,35.78461
1742845077147,171.922,9534,Eye Hit,Center,734.989,689.7416,49.31879,SouthSidewalk,-29.65276,-15.38015,49.31879,34.11018
1742845077174,171.9496,9536,Eye Hit,Center,737.2185,695.6328,49.37666,SouthSidewalk,-29.62678,-15.06256,49.37666,33.94489
1742845077202,171.9788,9538,Eye Hit,Center,742.3528,690.9009,49.27769,SouthSidewalk,-29.42772,-15.30136,49.27769,33.94392
1742845077230,172.007,9540,Eye Hit,Center,753.0532,684.1058,49.18939,SouthSidewalk,-29.08437,-15.65955,49.18939,33.88253
1742845077258,172.0332,9542,Eye Hit,Center,759.2934,681.1481,49.14619,SouthSidewalk,-28.88951,-15.81358,49.14619,33.82726
1742845077286,172.0616,9544,Eye Hit,Center,767.9875,680.8336,49.11813,SouthSidewalk,-28.63725,-15.82236,49.11813,33.66757
1742845077313,172.0888,9546,Eye Hit,Center,773.9361,662.8327,48.90091,SouthSidewalk,-28.35,-16.76811,48.90091,33.96264
1742845077342,172.1177,9548,Eye Hit,Center,783.2728,658.1889,48.80735,SouthSidewalk,-28.04417,-16.99762,48.80735,33.89679
1742845077369,172.1452,9550,Eye Hit,Center,786.5248,640.2507,48.51136,SouthSidewalk,-27.787,-17.89865,48.51136,34.26812
1742845077397,172.1732,9552,Eye Hit,Center,777.4965,638.7949,48.55338,SouthSidewalk,-28.05308,-17.99565,48.55338,34.46723
1742845077425,172.2005,9554,Eye Hit,Center,781.3271,669.3505,48.92847,SouthSidewalk,-28.16633,-16.40968,48.92847,33.67293
1742845077454,172.2281,9556,Eye Hit,Center,777.7949,679.4473,49.06939,SouthSidewalk,-28.34313,-15.88527,49.06939,33.51041
1742845077480,172.2558,9558,Eye Hit,Center,776.733,664.8655,48.92429,SouthSidewalk,-28.28801,-16.66135,48.92429,33.86311
1742845077508,172.2834,9560,Eye Hit,Center,770.2823,651.3525,48.79643,SouthSidewalk,-28.38787,-17.37876,48.79643,34.29868
1742845077536,172.3114,9562,Eye Hit,Center,761.8032,643.2278,48.68253,SouthSidewalk,-28.5495,-17.79448,48.68253,34.64558
1742845077564,172.3401,9564,Eye Hit,Center,756.7366,640.4063,48.66639,SouthSidewalk,-28.67617,-17.94713,48.66639,34.80419
1742845077592,172.3672,9566,Eye Hit,Center,757.1517,645.8683,48.7434,SouthSidewalk,-28.71038,-17.66834,48.7434,34.66808
1742845077620,172.3955,9568,Eye Hit,Center,776.2925,634.9226,48.51751,SouthSidewalk,-28.06461,-18.19927,48.51751,34.5832
1742845077649,172.4233,9570,Eye Hit,Center,904.6428,613.7086,46.90157,SouthSidewalk,-23.80631,-18.74121,46.90157,32.86217
1742845077675,172.4523,9572,Eye Hit,Center,912.4154,622.3603,46.91052,SouthSidewalk,-23.60955,-18.27648,46.91052,32.47541
1742845077703,172.4795,9574,Eye Hit,Center,910.1786,638.4888,47.11563,SouthSidewalk,-23.77097,-17.47948,47.11563,32.05653
1742845077732,172.5073,9576,Eye Hit,Center,905.1551,636.5379,47.17446,SouthSidewalk,-23.93148,-17.60748,47.17446,32.20312
1742845077769,172.5445,9578,Eye Hit,Center,897.5995,636.1752,47.29382,SouthSidewalk,-24.18932,-17.67187,47.29382,32.35106
1742845077797,172.5729,9580,Eye Hit,Center,881.5536,642.936,47.6234,SouthSidewalk,-24.77978,-17.42352,47.62341,32.45953
1742845077825,172.5997,9582,Eye Hit,Center,873.3727,627.2297,47.53922,SouthSidewalk,-24.9507,-18.2543,47.53922,33.03643
1742845077853,172.6281,9584,Eye Hit,Center,871.5731,602.8723,47.21583,SouthSidewalk,-24.82789,-19.4572,47.21583,33.7459
1742845077881,172.6563,9586,Eye Hit,Center,870.4673,586.8814,46.97815,SouthSidewalk,-24.73158,-20.22608,46.97815,34.21902
1742845077908,172.6844,9588,Eye Hit,Center,880.6142,595.0538,46.99426,SouthSidewalk,-24.4768,-19.78986,46.99425,33.81373
1742845077936,172.7115,9590,Eye Hit,Center,881.9613,615.7555,47.2629,SouthSidewalk,-24.58157,-18.774,47.2629,33.20244
1742845077965,172.7409,9592,Eye Hit,Center,886.4146,635.8293,47.49313,SouthSidewalk,-24.58454,-17.76519,47.49313,32.56437
1742845077992,172.768,9594,Eye Hit,Center,892.5228,618.8595,47.18707,SouthSidewalk,-24.26698,-18.57485,47.18707,32.92847
1742845078008,172.7889,9595,Eye Hit,Center,893.437,605.6937,47.00428,SouthSidewalk,-24.14925,-19.21689,47.00428,33.28821
1742845078033,172.8104,9597,Eye Hit,Center,897.509,600.3053,46.83295,SouthSidewalk,-23.95594,-19.43806,46.83295,33.3739
1742845078060,172.8349,9599,Eye Hit,Center,897.3677,577.5622,46.47194,SouthSidewalk,-23.7749,-20.5077,46.47194,34.04397
1742845078088,172.8638,9601,Eye Hit,Center,895.1252,569.0407,46.3598,SouthSidewalk,-23.77493,-20.91413,46.3598,34.33381
1742845078117,172.8917,9603,Eye Hit,Center,896.8444,562.5367,46.22297,SouthSidewalk,-23.66088,-21.19941,46.22297,34.50047
1742845078145,172.92,9605,Eye Hit,Center,895.9005,565.707,46.29349,SouthSidewalk,-23.7211,-21.0624,46.2935,34.42077
1742845078174,172.9498,9607,Eye Hit,Center,881.7657,572.5963,46.60379,SouthSidewalk,-24.2438,-20.83309,46.60379,34.44601
1742845078201,172.9774,9609,Eye Hit,Center,888.106,570.0896,46.43975,SouthSidewalk,-23.9959,-20.89404,46.43975,34.41655
1742845078229,173.0054,9611,Eye Hit,Center,759.1183,699.915,49.35234,SouthSidewalk,-29.01546,-14.81114,49.35234,33.42848
1742845078257,173.0324,9613,Eye Hit,Center,754.8471,709.0183,49.44721,SouthSidewalk,-29.18784,-14.32033,49.4472,33.32494
1742845078286,173.0606,9615,Eye Hit,Center,755.6108,708.9637,49.45137,SouthSidewalk,-29.16945,-14.32454,49.45137,33.31087
1742845078313,173.0886,9617,Eye Hit,Center,762.5074,712.1934,49.45938,SouthSidewalk,-28.98585,-14.14254,49.45938,33.10798
1742845078341,173.1171,9619,Eye Hit,Center,767.2826,712.3568,49.44894,SouthSidewalk,-28.84937,-14.13031,49.44894,33.00935
1742845078369,173.1445,9621,Eye Hit,Center,774.0502,717.4965,49.41183,SouthSidewalk,-28.64309,-13.8266,49.41183,32.7688
1742845078397,173.1725,9623,Eye Hit,Center,782.4935,698.7209,49.22867,SouthSidewalk,-28.30744,-14.84201,49.22867,32.99423
1742845078424,173.2005,9625,Eye Hit,Center,795.2316,687.6299,49.05414,SouthSidewalk,-27.86209,-15.417,49.05413,32.98926
1742845078453,173.2273,9627,Eye Hit,Center,800.4917,672.2369,48.86652,SouthSidewalk,-27.61362,-16.22616,48.86652,33.24165
1742845078480,173.2556,9629,Eye Hit,Center,792.7181,677.4728,48.99028,SouthSidewalk,-27.8938,-15.97123,48.99028,33.26891
1742845078508,173.2834,9631,Eye Hit,Center,678.8319,675.4687,49.14754,SouthSidewalk,-31.07359,-16.13611,49.14754,35.46664
1742845078536,173.312,9633,Eye Hit,Center,694.6724,679.191,49.20016,SouthSidewalk,-30.67657,-15.94206,49.20016,35.09473
1742845078564,173.34,9635,Eye Hit,Center,692.7453,681.1061,49.22508,SouthSidewalk,-30.74449,-15.84141,49.22508,35.09203
1742845078592,173.3677,9637,Eye Hit,Center,705.0819,682.6799,49.27508,SouthSidewalk,-30.4401,-15.76802,49.27508,34.82708
1742845078621,173.3956,9639,Eye Hit,Center,730.7991,682.017,49.28216,SouthSidewalk,-29.74474,-15.80789,49.28217,34.35264
1742845078648,173.4238,9641,Eye Hit,Center,755.0023,675.9049,49.17287,SouthSidewalk,-29.0217,-16.11967,49.17287,34.02434
1742845078661,173.4413,9642,Eye Hit,Center,768.6585,674.5174,49.08712,SouthSidewalk,-28.60098,-16.17021,49.08712,33.7957
1742845078689,173.4651,9644,Eye Hit,Center,793.7933,668.2245,48.88085,SouthSidewalk,-27.80248,-16.4571,48.88085,33.46297
1742845078717,173.492,9646,Eye Hit,Center,811.622,667.7219,48.74646,SouthSidewalk,-27.24622,-16.44012,48.74646,33.13669
1742845078745,173.5207,9648,Eye Hit,Center,810.0509,673.1743,48.82803,SouthSidewalk,-27.33416,-16.16048,48.82803,33.0369
1742845078773,173.5485,9650,Eye Hit,Center,837.8412,669.6029,48.49332,SouthSidewalk,-26.40275,-16.24948,48.49332,32.59133
1742845078800,173.5764,9652,Eye Hit,Center,688.5549,706.8728,49.45794,SouthSidewalk,-31.00434,-14.44588,49.45794,34.6673
1742845078828,173.6042,9654,Eye Hit,Center,680.2193,700.9894,49.3893,SouthSidewalk,-31.18862,-14.761,49.3893,34.93967
1742845078855,173.6322,9656,Eye Hit,Center,705.5157,696.3391,49.42102,SouthSidewalk,-30.51843,-15.03573,49.42102,34.5434
1742845078883,173.6595,9658,Eye Hit,Center,721.7993,692.0652,49.40073,SouthSidewalk,-30.06176,-15.27322,49.40073,34.31602
1742845078911,173.6864,9660,Eye Hit,Center,744.6067,679.3101,49.25335,SouthSidewalk,-29.35187,-15.95252,49.25335,34.14767
1742845078938,173.714,9662,Eye Hit,Center,745.1575,678.1564,49.25086,SouthSidewalk,-29.33541,-16.0173,49.25086,34.16219
1742845078967,173.7433,9664,Eye Hit,Center,776.0925,675.3356,49.07637,SouthSidewalk,-28.39329,-16.12024,49.07637,33.63564
1742845078994,173.7708,9666,,Center,691.7303,717.947,49.58543,,-30.99734,-13.84945,49.58543,34.399
1742845079021,173.7973,9668,,Center,637.2236,768.276,49.55077,,-32.46682,-10.96212,49.55077,34.66631
1742845079050,173.826,9670,,Center,630.5318,784.0411,49.53283,,-32.63806,-10.05702,49.53283,34.58588
1742845079077,173.8534,9672,,Center,659.3599,774.8138,49.73687,,-31.9809,-10.62799,49.73687,34.12071
1742845079105,173.8818,9674,,Center,687.8659,765.3731,49.85218,,-31.27046,-11.19577,49.85218,33.67373
1742845079133,173.9101,9676,,Center,725.4065,759.9811,49.87007,,-30.24806,-11.51006,49.87007,32.9822
1742845079160,173.9388,9678,,Center,762.9981,758.5758,49.78181,,-29.16133,-11.5704,49.78181,32.21944
1742845079187,173.9649,9680,,Center,763.7381,759.6049,49.78933,,-29.14539,-11.51308,49.78933,32.18594
1742845079215,173.991,9682,,Center,755.2228,766.1743,49.84833,,-29.41429,-11.14888,49.84833,32.25357
1742845079242,174.0198,9684,Eye Hit,Center,611.1218,775.4738,49.37843,SouthSidewalk,-33.06549,-10.51392,49.37843,35.09462
1742845079272,174.053,9686,Eye Hit,Center,664.798,771.418,49.78477,SouthSidewalk,-31.86223,-10.83346,49.78477,34.058
1742845079304,174.083,9688,Eye Hit,Center,691.7199,772.8566,49.90186,SouthSidewalk,-31.19544,-10.77595,49.90186,33.47993
1742845079334,174.1119,9690,,Center,738.0189,774.4553,49.93052,,-29.93704,-10.69014,49.93052,32.48302
1742845079364,174.1416,9692,Eye Hit,Center,770.4359,775.3322,49.8283,SouthSidewalk,-28.98395,-10.61788,49.8283,31.77735
1742845079393,174.1732,9694,,Center,751.2872,785.5645,49.92426,,-29.56756,-10.04871,49.92426,32.02668
1742845079427,174.2069,9696,Eye Hit,Center,733.0012,801.9161,49.97205,SouthWalkingPole,-30.10037,-9.115481,49.97205,32.18462
1742845079460,174.2374,9698,,Center,721.5316,814.5576,49.96687,,-30.41367,-8.38565,49.96687,32.26787
1742845079494,174.2677,9700,,Center,781.3831,819.8305,49.77473,,-28.65195,-8.050554,49.77473,30.87619
1742845079510,174.2849,9701,,Center,803.8918,816.4081,49.62418,,-27.9486,-8.222311,49.62418,30.41602
1742845079525,174.3017,9702,,Center,825.7455,813.8207,49.43386,,-27.24496,-8.338245,49.43386,29.958
1742845079557,174.3335,9704,Eye Hit,Center,816.6347,803.1111,49.54229,NE_Tree_30,-27.55392,-8.968864,49.54229,30.323
1742845079592,174.3645,9706,Eye Hit,Center,775.9396,787.7945,49.85512,NorthSidewalk,-28.84805,-9.906608,49.85512,31.45854
1742845079610,174.3834,9707,Eye Hit,Center,742.2731,783.5502,49.97881,SportCar4-Detailed,-29.8486,-10.17599,49.97881,32.25103
1742845079624,174.4017,9708,Eye Hit,Center,759.1724,788.0466,49.93501,SportCar4-Detailed,-29.35655,-9.908011,49.93501,31.8186
1742845079657,174.4327,9710,Eye Hit,Center,770.105,792.7344,49.8891,SportCar4-Detailed,-29.02842,-9.629029,49.8891,31.50977
1742845079674,174.4496,9711,Eye Hit,Center,788.8475,795.9363,49.78467,SportCar4-Detailed,-28.45251,-9.424855,49.78468,31.05006
1742845079694,174.468,9712,Eye Hit,Center,823.6373,794.7804,49.49716,SportCar4-Detailed,-27.33747,-9.436507,49.49717,30.29698
1742845079709,174.4876,9713,Eye Hit,Center,834.6102,792.7639,49.37898,SportCar4-Detailed,-26.97304,-9.528878,49.37898,30.085
1742845079751,174.5297,9715,Eye Hit,Center,851.5388,773.3923,49.16838,SportCar4-Detailed,-26.39846,-10.58717,49.16838,30.04802
1742845079781,174.5574,9716,Eye Hit,Center,917.1383,779.0501,48.21679,SportCar4-Detailed,-24.14125,-10.06756,48.21679,28.4787
1742845079804,174.5844,9717,Eye Hit,Center,882.7924,762.4634,48.73119,SportCar4-Detailed,-25.32286,-11.1076,48.73119,29.57218
1742845079833,174.613,9718,Eye Hit,Center,819.0726,749.2684,49.45469,SportCar4-Detailed,-27.43864,-12.02562,49.45469,31.20626
1742845079861,174.6405,9719,Eye Hit,Center,834.4788,746.8829,49.28723,SportCar4-Detailed,-26.9265,-12.12046,49.28723,30.92642
1742845079890,174.6689,9720,Eye Hit,Center,870.41,733.1689,48.77855,SportCar4-Detailed,-25.68094,-12.76722,48.77855,30.4535
1742845079921,174.6958,9721,Eye Hit,Center,917.5615,744.6047,48.10856,SportCar4-Detailed,-24.07582,-11.95706,48.10856,29.19506
1742845079960,174.7245,9722,Eye Hit,Center,962.2365,743.6293,47.26959,SportCar4-Detailed,-22.49005,-11.80172,47.26959,28.24963
1742845080001,174.7532,9723,Eye Hit,Center,973.5875,740.8239,47.01958,SportCar4-Detailed,-22.07643,-11.89159,47.01958,28.07092
1742845080043,174.7945,9724,Eye Hit,Center,1009.003,737.3179,46.24132,SportCar4-Detailed,-20.80687,-11.88174,46.24132,27.3914
1742845080079,174.8359,9725,Eye Hit,Center,1022.976,734.2433,45.90846,SportCar4-Detailed,-20.30292,-11.95908,45.90845,27.16993
1742845080112,174.8724,9726,Eye Hit,Center,1005.435,732.4797,46.29006,SportCar4-Detailed,-20.91998,-12.15279,46.29006,27.59402
1742845080143,174.9061,9727,Eye Hit,Center,958.9776,715.4582,47.16022,SportCar4-Detailed,-22.52286,-13.30754,47.16022,29.01777
1742845080170,174.9368,9728,Eye Hit,Center,800.689,701.0292,49.25171,SportCar4-Detailed,-27.8259,-14.71762,49.25171,32.58399
1742845080201,174.9632,9729,Eye Hit,Center,788.4932,700.0252,49.32374,SportCar4-Detailed,-28.19872,-14.79635,49.32374,32.84753
1742845080229,174.9942,9730,Eye Hit,Center,796.6421,696.7239,49.23703,SportCar4-Detailed,-27.92763,-14.95797,49.23703,32.75888
1742845080258,175.0218,9731,Eye Hit,Center,815.663,693.4137,49.05353,SportCar4-Detailed,-27.30842,-15.08954,49.05354,32.45803
1742845080287,175.0504,9732,Eye Hit,Center,846.4604,698.3848,48.77629,SportCar4-Detailed,-26.3247,-14.72441,48.77629,31.73231
1742845080328,175.08,9733,Eye Hit,Center,850.2726,706.0449,48.78897,SportCar4-Detailed,-26.22887,-14.297,48.78897,31.47818
1742845080370,175.1214,9734,Eye Hit,Center,686.0942,713.9746,49.5827,Car4-Detailed,-31.14992,-14.07585,49.5827,34.58257
1742845080400,175.164,9735,Eye Hit,Center,686.549,711.7933,49.57122,Car4-Detailed,-31.13026,-14.1974,49.57122,34.61409
1742845080440,175.1927,9736,Eye Hit,Center,747.9085,723.7654,49.67548,Car4-Detailed,-29.51289,-13.54108,49.67548,33.17122
1742845080483,175.2334,9737,Eye Hit,Center,801.1298,742.8029,49.50958,Car4-Detailed,-27.95954,-12.4082,49.50958,31.7096
1742845080525,175.2777,9738,Eye Hit,Center,804.2956,740.3879,49.47676,Car4-Detailed,-27.85454,-12.53794,49.47676,31.69062
1742845080564,175.3195,9739,Eye Hit,Center,755.9014,730.2293,49.70209,Car4-Detailed,-29.30936,-13.17768,49.7021,32.88517
1742845080605,175.3581,9740,Eye Hit,Center,779.2195,732.4205,49.62172,Car4-Detailed,-28.62315,-13.03087,49.62172,32.36613
1742845080645,175.3985,9741,Eye Hit,Center,849.4968,737.524,49.03055,Car4-Detailed,-26.37974,-12.58685,49.03055,30.80058
1742845080688,175.4399,9742,Eye Hit,Center,926.5958,739.482,47.89083,Car4-Detailed,-23.72798,-12.18611,47.89083,29.117
1742845080729,175.4807,9743,Eye Hit,Center,957.7043,750.1157,47.3542,Car4-Detailed,-22.6488,-11.46843,47.3542,28.19601
1742845080772,175.5208,9744,Eye Hit,Center,804.2496,824.9362,49.59348,SportCar4-Detailed,-27.92151,-7.729131,49.59348,30.29265
1742845080805,175.5638,9745,Eye Hit,Center,786.0282,825.5485,49.72578,SportCar4-Detailed,-28.49624,-7.714657,49.72578,30.69748
1742845080836,175.596,9746,Eye Hit,Center,807.3635,827.7159,49.56441,SportCar4-Detailed,-27.81993,-7.565598,49.56441,30.18544
1742845080865,175.6278,9747,Eye Hit,Center,826.5128,837.3715,49.35294,SportCar4-Detailed,-27.17945,-6.98357,49.35294,29.62275
1742845080893,175.657,9748,Eye Hit,Center,801.9894,847.3957,49.5252,SportCar4-Detailed,-27.94487,-6.434942,49.5252,30.0718
1742845080921,175.6848,9749,Eye Hit,Center,666.4738,838.9698,49.75416,SportCar2-Detailed,-31.79659,-6.948494,49.75417,33.19094
1742845080948,175.712,9750,Eye Hit,Center,675.2826,840.2537,49.79515,SportCar2-Detailed,-31.58063,-6.880508,49.79515,32.98715
1742845080967,175.7396,9751,Eye Hit,Center,598.3337,841.4211,49.18179,SW_Tree_10,-33.28105,-6.729539,49.18179,34.6208
1742845080991,175.7578,9752,,Center,575.762,848.6721,48.86904,,-33.67842,-6.277726,48.86904,35.03148
1742845081007,175.7814,9753,,Center,574.8231,846.5076,48.86991,,-33.70436,-6.39995,48.86991,35.0688
1742845081032,175.7982,9754,,Center,570.0052,840.7007,48.83037,,-33.80697,-6.722056,48.83037,35.21782
1742845081049,175.8238,9755,Eye Hit,Center,575.0289,842.5205,48.88535,SW_Tree_10,-33.70945,-6.626873,48.88535,35.098
1742845081067,175.8407,9756,Eye Hit,Center,571.2452,843.7578,48.83122,SW_Tree_10,-33.77412,-6.549872,48.83121,35.1661
1742845081087,175.8578,9757,Eye Hit,Center,574.5104,846.5026,48.85931,SW_Tree_10,-33.70548,-6.398751,48.85931,35.07533
1742845081104,175.8775,9758,Eye Hit,Center,573.2136,847.0194,48.84109,SW_Tree_10,-33.72787,-6.367301,48.84109,35.09808
1742845081121,175.8952,9759,Eye Hit,Center,620.1428,836.4142,49.42205,SportCar2-Detailed,-32.84854,-7.047838,49.42205,34.20707
1742845081157,175.9287,9761,Eye Hit,Center,622.3703,836.5807,49.44182,SportCar2-Detailed,-32.80088,-7.041224,49.44182,34.15835
1742845081173,175.9484,9762,Eye Hit,Center,622.6422,837.262,49.4429,SportCar2-Detailed,-32.79417,-7.002536,49.4429,34.14614
1742845081206,175.9798,9764,Eye Hit,Center,624.7817,839.4121,49.45119,SportCar2-Detailed,-32.74127,-6.880898,49.45119,34.08055
1742845081240,176.0125,9766,Eye Hit,Center,623.1982,840.4196,49.43225,SportCar2-Detailed,-32.77193,-6.820931,49.43225,34.10484
1742845081256,176.0312,9767,Eye Hit,Center,625.2449,839.3078,49.45314,SportCar2-Detailed,-32.7299,-6.887213,49.45314,34.0717
1742845081290,176.0635,9769,Eye Hit,Center,629.326,841.4699,49.47835,SportCar2-Detailed,-32.63511,-6.767283,49.47836,33.9648
1742845081305,176.0804,9770,Eye Hit,Center,627.4084,843.1862,49.4549,SportCar2-Detailed,-32.67201,-6.666159,49.4549,33.98996
1742845081339,176.1141,9772,Eye Hit,Center,625.9335,843.9824,49.43409,SportCar2-Detailed,-32.69851,-6.617901,49.43409,34.01415
1742845081358,176.1309,9773,Eye Hit,Center,623.2518,842.9462,49.41601,SportCar2-Detailed,-32.75972,-6.674486,49.41602,34.08058
1742845081373,176.1479,9774,Eye Hit,Center,623.5067,841.3008,49.42437,SportCar2-Detailed,-32.75829,-6.769507,49.42437,34.09016
1742845081407,176.1798,9776,Eye Hit,Center,610.8624,843.4769,49.29509,SportCar2-Detailed,-33.01673,-6.628069,49.29509,34.33856
1742845081425,176.1978,9777,Eye Hit,Center,610.6718,844.0626,49.28833,SportCar2-Detailed,-33.0174,-6.593876,49.28833,34.33741
1742845081440,176.215,9778,Eye Hit,Center,605.9914,843.9164,49.24113,SportCar2-Detailed,-33.11303,-6.595827,49.24113,34.43758
1742845081473,176.246,9780,Eye Hit,Center,607.6111,843.4201,49.25738,SportCar2-Detailed,-33.0799,-6.6262,49.25738,34.40775
1742845081490,176.2629,9781,Eye Hit,Center,598.9086,841.1915,49.17531,SportCar2-Detailed,-33.26105,-6.741583,49.17531,34.61075
1742845081507,176.2816,9782,Eye Hit,Center,595.103,839.8905,49.13877,SportCar2-Detailed,-33.33958,-6.810439,49.13877,34.70218
1742845081539,176.3134,9784,Eye Hit,Center,589.8803,836.0877,49.09269,SportCar2-Detailed,-33.44987,-7.019415,49.09269,34.84573
1742845081575,176.346,9786,Eye Hit,Center,552.7202,832.6595,48.60334,SportCar2-Detailed,-34.11361,-7.141707,48.60334,35.64408
1742845081590,176.3656,9787,Eye Hit,Center,552.616,830.9168,48.60655,SportCar2-Detailed,-34.11866,-7.239896,48.60655,35.66189
1742845081624,176.3972,9789,Eye Hit,Center,545.424,829.2143,48.50175,SportCar2-Detailed,-34.23769,-7.319579,48.50175,35.82392
1742845081639,176.415,9790,Eye Hit,Center,543.8175,828.3466,48.4806,SportCar1-Detailed,-34.26576,-7.364838,48.48059,35.86447
1742845081673,176.4479,9792,Eye Hit,Center,540.4771,829.1115,48.42311,SportCar1-Detailed,-34.31442,-7.313428,48.42311,35.92532
1742845081707,176.4817,9794,Eye Hit,Center,538.1058,825.8621,48.39736,SportCar1-Detailed,-34.35954,-7.49103,48.39737,36.00303
1742845081741,176.5137,9796,Eye Hit,Center,538.5035,820.7327,48.41576,SportCar1-Detailed,-34.36197,-7.78052,48.41576,36.04313
1742845081758,176.5315,9797,Eye Hit,Center,538.092,819.3186,48.41333,SportCar1-Detailed,-34.37126,-7.858984,48.41333,36.06497
1742845081774,176.5493,9798,Eye Hit,Center,537.9209,817.0142,48.41655,SportCar1-Detailed,-34.37811,-7.988236,48.41655,36.09076
1742845081806,176.5809,9800,Eye Hit,Center,545.9727,812.4277,48.54982,SportCar1-Detailed,-34.25691,-8.267295,48.54982,35.9744
1742845081842,176.616,9802,Eye Hit,Center,555.796,803.2953,48.71237,SportCar1-Detailed,-34.10741,-8.808208,48.71237,35.87262
1742845081858,176.6327,9803,Eye Hit,Center,561.4766,801.2216,48.79794,SportCar1-Detailed,-34.01428,-8.940402,48.79794,35.78102
1742845081893,176.6657,9805,Eye Hit,Center,571.7006,797.312,48.94337,SportCar1-Detailed,-33.83939,-9.187912,48.94337,35.61897
1742845081909,176.6837,9806,Eye Hit,Center,582.4198,793.5496,49.08693,SportCar1-Detailed,-33.64814,-9.427959,49.08693,35.4463
1742845081943,176.7171,9808,Eye Hit,Center,581.5423,785.8955,49.07256,SportCar1-Detailed,-33.66206,-9.858553,49.07256,35.55636
1742845081975,176.7499,9810,Eye Hit,Center,593.2828,783.8572,49.21733,SportCar1-Detailed,-33.44235,-10.00349,49.21733,35.34544
1742845082010,176.7834,9812,Eye Hit,Center,585.7211,784.0626,49.12525,SportCar1-Detailed,-33.58488,-9.973157,49.12525,35.49512
1742845082026,176.8004,9813,Eye Hit,Center,588.7346,782.3907,49.16194,SportCar1-Detailed,-33.52816,-10.0755,49.16194,35.45554
1742845082062,176.8335,9815,Eye Hit,Center,599.4503,772.5824,49.2755,SportCar1-Detailed,-33.31409,-10.65629,49.2755,35.36803
1742845082079,176.8528,9816,Eye Hit,Center,604.546,766.7021,49.31849,SportCar1-Detailed,-33.2044,-11.00028,49.31849,35.34615
1742845082096,176.8708,9817,Eye Hit,Center,605.5547,764.9832,49.32613,SportCar1-Detailed,-33.18208,-11.09982,49.32613,35.3499
1742845082129,176.9029,9819,Eye Hit,Center,609.5786,765.4301,49.3698,SportCar1-Detailed,-33.10178,-11.08423,49.3698,35.26328
1742845082147,176.9199,9820,Eye Hit,Center,610.6946,767.1581,49.38554,SportCar1-Detailed,-33.0819,-10.98923,49.38554,35.21681
1742845082162,176.9375,9821,Eye Hit,Center,607.8478,766.548,49.35551,SportCar1-Detailed,-33.13935,-11.01738,49.35551,35.2823
1742845082195,176.9698,9823,Eye Hit,Center,612.2869,767.1078,49.40276,SportCar1-Detailed,-33.05001,-10.99589,49.40276,35.18559
1742845082230,177.0019,9825,Eye Hit,Center,609.1534,761.2099,49.35582,SportCar1-Detailed,-33.10399,-11.32133,49.35582,35.33131
1742845082246,177.0201,9826,Eye Hit,Center,609.124,755.0486,49.33443,SportCar1-Detailed,-33.09043,-11.66722,49.33443,35.42074
1742845082263,177.0368,9827,Eye Hit,Center,606.0072,754.6242,49.30113,SportCar1-Detailed,-33.15294,-11.68361,49.30113,35.48867
1742845082295,177.0704,9829,Eye Hit,Center,605.1233,753.0468,49.28532,SportCar1-Detailed,-33.16636,-11.76954,49.28532,35.52917
1742845082331,177.1047,9831,Eye Hit,Center,603.0013,749.9636,49.25016,SportCar1-Detailed,-33.20039,-11.93625,49.25016,35.61633
1742845082362,177.1364,9833,Eye Hit,Center,603.4165,748.7863,49.2482,SportCar1-Detailed,-33.18779,-12.00265,49.2482,35.62561
1742845082397,177.1709,9835,Eye Hit,Center,598.5234,748.0228,49.18889,SportCar1-Detailed,-33.28071,-12.03155,49.18889,35.73299
1742845082413,177.188,9836,Eye Hit,Center,602.1208,748.1002,49.22742,SportCar1-Detailed,-33.209,-12.03664,49.22742,35.66127
1742845082447,177.2205,9838,Eye Hit,Center,603.6901,745.415,49.23123,SportCar1-Detailed,-33.16891,-12.19007,49.23123,35.67065
1742845082465,177.2388,9839,Eye Hit,Center,598.4817,744.3897,49.16769,SportCar1-Detailed,-33.26749,-12.23248,49.16769,35.78797
1742845082482,177.2564,9840,Eye Hit,Center,593.095,744.1789,49.10361,SportCar1-Detailed,-33.37017,-12.22853,49.10361,35.89626
1742845082500,177.2749,9841,Eye Hit,Center,589.6417,744.1025,49.0611,SportCar1-Detailed,-33.43481,-12.22224,49.0611,35.96464
1742845082538,177.3123,9843,Eye Hit,Center,586.2183,741.4796,49.00453,SportCar1-Detailed,-33.48889,-12.35659,49.00454,36.07029
1742845082577,177.3459,9845,Eye Hit,Center,581.6797,737.5874,48.92535,SportCar1-Detailed,-33.55737,-12.55628,48.92535,36.21648
1742845082594,177.3677,9846,Eye Hit,Center,584.8297,734.7101,48.95002,SportCar1-Detailed,-33.48916,-12.72507,48.95002,36.19947
1742845082628,177.4023,9848,Eye Hit,Center,583.6709,729.176,48.90345,SportCar1-Detailed,-33.48859,-13.02526,48.90345,36.30709
1742845082664,177.4373,9850,Eye Hit,Center,567.8017,725.856,48.67178,SportCar1-Detailed,-33.75637,-13.15015,48.67178,36.66101
1742845082680,177.4543,9851,Eye Hit,Center,548.439,724.2264,48.38284,SportCar1-Detailed,-34.0732,-13.16289,48.38284,37.0515
1742845082697,177.4715,9852,Eye Hit,Center,541.5867,723.2454,48.26807,SportCar1-Detailed,-34.175,-13.18635,48.26807,37.19493
1742845082733,177.5065,9854,Eye Hit,Center,529.7122,722.3392,48.06685,SportCar1-Detailed,-34.34765,-13.18162,48.06685,37.43029
1742845082749,177.5233,9855,Eye Hit,Center,530.7807,722.4135,48.08746,SportCar1-Detailed,-34.33401,-13.18323,48.08746,37.4093
1742845082765,177.5399,9856,Eye Hit,Center,521.6786,722.2562,47.93019,SportCar1-Detailed,-34.46258,-13.14872,47.93019,37.58089
1742845082800,177.5739,9858,Eye Hit,Center,497.8676,714.988,47.45531,SportCar1-Detailed,-34.74499,-13.41652,47.45531,38.12664
1742845082817,177.5912,9859,Eye Hit,Center,492.307,707.243,47.30218,SportCar1-Detailed,-34.7781,-13.79601,47.30219,38.34286
1742845082833,177.6079,9860,Eye Hit,Center,477.3206,706.8661,47.0061,SportCar1-Detailed,-34.94933,-13.73009,47.0061,38.61869
1742845082867,177.6433,9862,Eye Hit,Center,446.6342,704.6777,46.35978,SportCar1-Detailed,-35.25423,-13.65838,46.35978,39.19811
1742845082902,177.6806,9864,Eye Hit,Center,408.6625,694.0092,45.44076,SportCar1-Detailed,-35.50799,-13.947,45.44076,40.01445
1742845082954,177.7249,9866,Eye Hit,Center,439.9169,669.7917,45.93767,SportCar1-Detailed,-35.10359,-15.38313,45.93767,39.83859
1742845082991,177.754,9867,Eye Hit,Center,348.0077,671.0429,43.81963,SportCar1-Detailed,-35.70864,-14.61069,43.81963,41.36313
1742845083028,177.7853,9868,Eye Hit,Center,291.3043,671.8429,42.40125,SportCar1-Detailed,-35.88021,-14.09861,42.40125,42.27678
1742845083064,177.8201,9869,Eye Hit,Center,216.3132,658.42,40.37354,SportCar1-Detailed,-35.83594,-14.04968,40.37354,43.63307
1742845083092,177.8571,9870,Eye Hit,Center,202.7572,652.8259,39.98533,SportCar1-Detailed,-35.79062,-14.17267,39.98533,43.91178
1742845083121,177.8857,9871,Eye Hit,Center,97.79115,655.7054,37.30193,SportCar1-Detailed,-35.55045,-13.09761,37.30193,45.4454
1742845083152,177.914,9872,Eye Hit,Center,105.8031,645.8923,37.45001,SportCar1-Detailed,-35.52592,-13.57376,37.45001,45.44082
1742845083181,177.9449,9873,,Center,343.8383,658.5677,43.6258,,-35.65111,-15.17395,43.6258,41.60967
1742845083210,177.9761,9874,,Center,357.7769,654.7897,43.93293,,-35.564,-15.47234,43.93293,41.43801
1742845083237,178.0034,9875,,Center,351.8944,662.1744,43.85749,,-35.64537,-15.07201,43.85749,41.42594
1742845083279,178.0303,9876,Eye Hit,Center,237.8204,667.9649,41.00593,NorthWalkingPole,-35.91034,-13.81815,41.00594,43.17775
1742845083308,178.0728,9877,,Center,262.1255,675.0458,41.68774,,-35.94802,-13.70727,41.68774,42.70325
1742845083349,178.1016,9878,,Center,433.5325,676.4737,45.87527,,-35.21762,-15.00856,45.87527,39.84457
1742845083378,178.1423,9879,,Center,579.1287,682.2898,48.48851,,-33.32605,-15.53815,48.48851,37.17418
1742845083420,178.1736,9880,,Center,570.2962,697.4089,48.51297,,-33.57943,-14.69952,48.51297,37.07431
1742845083460,178.2147,9881,,Center,506.9761,717.3615,47.65972,,-34.65498,-13.34377,47.65973,37.92478
1742845083501,178.254,9882,,Center,495.3213,708.802,47.38916,,-34.76318,-13.73604,47.38916,38.26488
1742845083543,178.2952,9883,,Center,628.2369,714.2968,49.28963,,-32.54027,-13.97441,49.28963,35.6968
1742845083586,178.337,9884,,Center,725.6055,716.9985,49.71045,,-30.14578,-13.9388,49.71045,33.74749
1742845083628,178.3776,9885,Eye Hit,Center,725.6861,715.7028,49.70123,SportCar2-Detailed,-30.13797,-14.01052,49.70123,33.7708
1742845083659,178.4202,9886,Eye Hit,Center,739.4741,723.1216,49.73505,SportCar2-Detailed,-29.77988,-13.59432,49.73505,33.35324
1742845083691,178.4509,9887,Eye Hit,Center,765.2781,720.7532,49.6391,SportCar2-Detailed,-29.01524,-13.70367,49.6391,32.88012
1742845083719,178.4826,9888,Eye Hit,Center,742.63,725.2064,49.74258,SportCar2-Detailed,-29.69772,-13.47665,49.74258,33.24986
1742845083747,178.5108,9889,Eye Hit,Center,774.2334,729.1212,49.65005,SportCar2-Detailed,-28.77616,-13.22732,49.65005,32.53288
1742845083774,178.5381,9890,Eye Hit,Center,791.5798,730.7898,49.55501,SportCar2-Detailed,-28.24649,-13.10654,49.55501,32.14422
1742845083794,178.5654,9891,Eye Hit,Center,777.8345,731.9977,49.64602,SportCar2-Detailed,-28.67512,-13.06149,49.64602,32.40284
1742845083816,178.5846,9892,Eye Hit,Center,796.7195,733.5121,49.53302,SportCar2-Detailed,-28.0934,-12.94523,49.53302,31.98403
1742845083834,178.6077,9893,Eye Hit,Center,796.5067,735.2227,49.54386,SportCar2-Detailed,-28.10537,-12.85016,49.54386,31.95444
1742845083858,178.6247,9894,Eye Hit,Center,814.4961,740.4775,49.42442,SouthWalkingPole,-27.54673,-12.51959,49.42442,31.4755
1742845083875,178.6488,9895,Eye Hit,Center,832.8105,740.5552,49.24593,SouthWalkingPole,-26.9493,-12.46987,49.24593,31.08929
1742845083894,178.6662,9896,Eye Hit,Center,835.2401,740.176,49.21768,SouthWalkingPole,-26.86782,-12.4843,49.21768,31.04588
1742845083913,178.6842,9897,Eye Hit,Center,831.2759,740.7537,49.26138,SouthWalkingPole,-26.99949,-12.4625,49.26138,31.11756
1742845083931,178.7038,9898,Eye Hit,Center,835.1914,740.7681,49.21912,SouthWalkingPole,-26.86993,-12.45106,49.21912,31.03483
1742845083948,178.7217,9899,Eye Hit,Center,830.5106,743.9611,49.28297,SouthWalkingPole,-27.03214,-12.28561,49.28297,31.06895
1742845083968,178.7391,9900,Eye Hit,Center,836.8894,744.6989,49.21642,SouthWalkingPole,-26.82232,-12.22714,49.21642,30.91916
1742845083987,178.7592,9901,Eye Hit,Center,838.7375,745.2859,49.19866,Car4-Detailed,-26.76244,-12.18933,49.19867,30.86811
1742845084003,178.7779,9902,Eye Hit,Center,844.2288,746.386,49.1401,Car4-Detailed,-26.5816,-12.11239,49.1401,30.72922
1742845084039,178.8113,9904,Eye Hit,Center,857.5341,749.936,48.99118,SportCar2-Detailed,-26.14116,-11.87516,48.99118,30.37307
1742845084056,178.8292,9905,Eye Hit,Center,858.384,750.1223,48.98175,SportCar2-Detailed,-26.11315,-11.86223,48.98175,30.35102
1742845084073,178.8465,9906,Eye Hit,Center,869.4228,751.3463,48.83948,SportCar2-Detailed,-25.73964,-11.75884,48.83948,30.0887
1742845084094,178.8633,9907,Eye Hit,Center,883.5365,753.1688,48.64504,SportCar2-Detailed,-25.25811,-11.60978,48.64504,29.74611
1742845084111,178.8848,9908,Eye Hit,Center,898.3558,751.1602,48.41251,SportCar2-Detailed,-24.74127,-11.66637,48.41251,29.46717
1742845084129,178.9034,9909,Eye Hit,Center,920.2034,752.7424,48.05332,SportCar2-Detailed,-23.97808,-11.4922,48.05332,28.95752
1742845084164,178.9364,9911,Eye Hit,Center,964.9577,759.1447,47.22765,SportCar2-Detailed,-22.39914,-10.94576,47.22765,27.82867
1742845084181,178.9546,9912,Eye Hit,Center,779.7886,731.3571,49.61066,SportCar1-Detailed,-28.60117,-13.0889,49.61066,32.37529
1742845084199,178.973,9913,Eye Hit,Center,808.2635,734.6884,49.42567,SportCar1-Detailed,-27.7175,-12.85005,49.42567,31.72132
1742845084215,178.9916,9914,Eye Hit,Center,797.7116,732.1344,49.49648,SportCar1-Detailed,-28.04556,-13.01421,49.49648,31.99099
1742845084233,179.0094,9915,Eye Hit,Center,859.2015,735.5808,48.88625,SportCar1-Detailed,-26.04016,-12.65945,48.88625,30.63737
1742845084252,179.0277,9916,Eye Hit,Center,885.1647,732.9257,48.51857,SportCar1-Detailed,-25.14883,-12.71285,48.51857,30.14789
1742845084275,179.0542,9917,Eye Hit,Center,970.6876,733.6123,46.99806,SportCar1-Detailed,-22.14157,-12.27716,46.99805,28.31105
1742845084314,179.0835,9918,Eye Hit,Center,1137.309,726.6028,43.00648,SportCar1-Detailed,-16.30481,-11.58242,43.00648,24.94058
1742845084349,179.1121,9919,Eye Hit,Center,1276.552,725.9647,39.30846,NorthSidewalk,-11.8809,-10.61542,39.30846,22.06363
1742845084384,179.1428,9920,Eye Hit,Center,1411.782,723.1443,35.80132,NorthSidewalk,-8.14791,-9.784795,35.80132,19.57837
1742845084424,179.1769,9921,Eye Hit,Center,1315.043,749.3523,38.31632,NorthSidewalk,-10.76677,-9.313364,38.31632,20.3819
1742845084465,179.2159,9922,,Center,967.6963,798.6326,47.13557,,-22.2842,-8.776802,47.13557,26.93584
1742845084499,179.2581,9923,,Center,951.2462,816.8739,47.4433,,-22.86057,-7.835441,47.4433,26.99283
1742845084531,179.2919,9924,,Center,944.5384,828.4761,47.55082,,-23.08848,-7.216516,47.55082,26.9633
1742845084558,179.3232,9925,,Center,1061.312,840.3798,44.95586,,-18.93014,-6.205319,44.95586,23.89952
1742845084589,179.3507,9926,,Center,1128.319,848.9158,43.24384,,-16.60943,-5.54307,43.24384,22.04363
1742845084617,179.3802,9927,,Center,1259.294,851.057,39.75347,,-12.39418,-4.997403,39.75347,18.58086
1742845084648,179.4079,9928,,Center,1175.706,845.2117,42.01065,,-15.03667,-5.564495,42.01065,20.88922
1742845084680,179.4389,9929,,Center,897.4332,826.4839,48.42508,,-24.77236,-7.460584,48.42508,28.11365
1742845084707,179.4707,9930,Eye Hit,Center,780.1512,819.3594,49.76006,NW_Tree_30,-28.67734,-8.07533,49.76006,30.91004
1742845084726,179.4977,9931,,Center,686.1337,820.5644,49.8915,,-31.34284,-8.027181,49.8915,32.96324
1742845084742,179.5158,9932,,Center,681.0574,815.0828,49.8877,,-31.48026,-8.342289,49.8877,33.13665
1742845084763,179.5334,9933,,Center,702.2595,812.4796,49.95138,,-30.93573,-8.502907,49.95138,32.71201
1742845084779,179.5532,9934,Eye Hit,Center,663.0495,802.8941,49.82666,SW_Tree_10,-31.93713,-9.032882,49.82666,33.66792
1742845084811,179.5847,9936,Eye Hit,Center,630.1508,798.0388,49.59919,SW_Tree_10,-32.69223,-9.269399,49.59919,34.41545
1742845084826,179.6017,9937,Eye Hit,Center,627.4147,797.4907,49.57661,SW_Tree_10,-32.75224,-9.296573,49.57661,34.47881
1742845084857,179.6315,9939,Eye Hit,Center,629.5632,795.9014,49.59299,SW_Tree_10,-32.70424,-9.390652,49.59299,34.45401
1742845084887,179.6618,9941,,Center,636.0235,798.2148,49.64098,,-32.55882,-9.267173,49.64098,34.29151
1742845084916,179.6924,9943,,Center,630.713,796.7251,49.59363,,-32.67318,-9.343664,49.59364,34.42003
1742845084946,179.7217,9945,,Center,624.0074,793.3555,49.53214,,-32.81604,-9.524617,49.53214,34.6003
1742845084976,179.7513,9947,,Center,621.0135,796.5616,49.50049,,-32.87688,-9.335369,49.50049,34.62233
1742845085005,179.781,9949,,Center,608.4865,797.162,49.3704,,-33.13194,-9.276552,49.3704,34.87254
1742845085035,179.8104,9951,,Center,600.3974,786.5938,49.27739,,-33.2896,-9.860051,49.27739,35.1672
1742845085065,179.8415,9953,,Center,582.739,784.6032,49.0609,,-33.62165,-9.929389,49.06091,35.54828
1742845085095,179.8712,9955,,Center,548.588,787.5992,48.57917,,-34.20747,-9.664001,48.57917,36.19369
1742845085126,179.9013,9957,,Center,482.5146,795.1296,47.40304,,-35.10853,-9.018105,47.40304,37.40449
1742845085157,179.9328,9959,,Center,449.893,803.8034,46.71489,,-35.44021,-8.419583,46.71489,37.94584
1742845085188,179.9622,9961,Eye Hit,Center,509.0017,810.5217,47.86487,LowFemale2,-34.75061,-8.255816,47.86487,36.73112
1742845085201,179.9801,9962,Eye Hit,Center,464.5785,813.5877,46.98431,LowFemale2,-35.26367,-7.937802,46.98431,37.57184
1742845085236,180.0126,9964,,Center,374.8849,811.9155,44.92231,,-35.94061,-7.676143,44.92231,39.28679
1742845085254,180.0343,9965,,Center,383.0642,828.3318,45.0948,,-35.87497,-6.851351,45.0948,39.00483
1742845085279,180.0601,9966,,Center,234.9848,825.0815,41.25436,,-36.19248,-6.422556,41.25436,41.70126
1742845085315,180.0883,9967,,Center,-36.06614,856.4657,34.21706,,-35.13918,-4.087884,34.21706,45.9542
1742845085351,180.1153,9968,,Center,-196.3933,907.0867,30.53528,,-34.06107,-1.864438,30.53528,48.16681
1742845085388,180.1438,9969,,Center,-145.1703,853.5585,31.70775,,-34.47221,-3.894411,31.70775,47.57294
1742845085413,180.1831,9970,,Center,206.0006,833.8772,40.39975,,-36.08922,-5.879577,40.39975,42.14763
1742845085442,180.2068,9971,Eye Hit,Center,373.282,826.15,44.77214,NorthSidewalk,-35.86008,-6.915055,44.77214,39.2042
1742845085472,180.2351,9972,,Center,444.211,837.5044,46.39201,,-35.34079,-6.557343,46.39201,37.76811
1742845085502,180.2649,9973,,Center,493.0674,846.6223,47.36325,,-34.8031,-6.196313,47.36325,36.73646
1742845085531,180.2952,9974,,Center,407.7811,860.9642,45.49138,,-35.56968,-5.198636,45.49138,38.31601
1742845085561,180.3235,9975,,Center,313.0234,851.256,43.20407,,-36.0415,-5.421298,43.20407,40.15097
1742845085590,180.3536,9976,,Center,365.5846,842.6748,44.57578,,-35.89225,-6.034671,44.57578,39.23157
1742845085620,180.3832,9977,,Center,429.8199,829.8473,46.14766,,-35.52131,-6.930511,46.14766,38.10516
1742845085647,180.4111,9978,,Center,393.5815,826.0763,45.28786,,-35.76559,-6.998502,45.28786,38.8242
1742845085680,180.4391,9979,,Center,657.729,824.0405,49.63374,,-31.95927,-7.786722,49.63374,33.53398
1742845085710,180.472,9980,,Center,757.2029,829.3599,49.75972,,-29.3076,-7.501072,49.75972,31.29823
1742845085737,180.5017,9981,Eye Hit,Center,814.2051,832.8455,49.40381,LowMale2,-27.54318,-7.24878,49.40381,29.96325
1742845085756,180.5285,9982,,Center,850.4075,836.5619,49.02747,,-26.35343,-6.98315,49.02747,29.07733
1742845085779,180.5475,9983,,Center,841.4634,828.3011,49.14827,,-26.66107,-7.468888,49.14828,29.39457
1742845085797,180.5699,9984,,Center,867.2901,834.6246,48.82353,,-25.78872,-7.063246,48.82353,28.70759
1742845085813,180.5873,9985,,Center,914.6196,840.581,48.0952,,-24.14725,-6.627462,48.0952,27.50323
1742845085834,180.6045,9986,,Center,906.0579,833.5313,48.25793,,-24.45707,-7.042352,48.25793,27.80675
1742845085853,180.6239,9987,,Center,908.301,827.2859,48.25194,,-24.39427,-7.389183,48.25194,27.84501
1742845085868,180.6437,9988,,Center,904.7044,827.3621,48.30877,,-24.51893,-7.393652,48.30877,27.92897
1742845085904,180.6766,9990,,Center,892.7569,843.7817,48.43855,,-24.90431,-6.495903,48.43855,27.9837
1742845085921,180.6948,9991,,Center,897.7712,850.1776,48.33877,,-24.71919,-6.125717,48.33878,27.78215
1742845085937,180.7119,9992,,Center,895.881,849.8322,48.36916,,-24.78521,-6.148747,48.36916,27.83183
1742845085971,180.7446,9994,,Center,930.0435,824.4326,47.90581,,-23.64423,-7.493887,47.90581,27.373
1742845085988,180.762,9995,,Center,936.7038,812.3485,47.81625,,-23.42419,-8.146755,47.81625,27.41403
1742845086004,180.7793,9996,,Center,936.162,808.1685,47.83363,,-23.44701,-8.380362,47.83363,27.49909
1742845086038,180.8121,9998,,Center,931.153,805.1795,47.93157,,-23.62757,-8.562802,47.93157,27.66878
1742845086071,180.8453,10000,,Center,928.0335,802.5738,47.99365,,-23.74083,-8.718167,47.99365,27.78767
1742845086104,180.8781,10002,,Center,925.4925,803.5258,48.03963,,-23.83097,-8.673742,48.03963,27.82982
1742845086137,180.9111,10004,,Center,926.5766,798.8867,48.02588,,-23.7954,-8.928475,48.02588,27.88782
1742845086154,180.9278,10005,,Center,949.8621,799.9585,47.59612,,-22.97057,-8.789562,47.59612,27.32718
1742845086172,180.9449,10006,,Center,949.3703,798.597,47.60918,,-22.98981,-8.866805,47.60918,27.36414
1742845086188,180.9621,10007,,Center,953.4266,799.5828,47.52905,,-22.84467,-8.797851,47.52905,27.25111
1742845086204,180.9792,10008,,Center,951.8191,798.2122,47.56407,,-22.90372,-8.879633,47.56408,27.31439
1742845086238,181.0118,10010,,Center,944.8408,785.7923,47.7029,,-23.15436,-9.589225,47.7029,27.71591
1742845086255,181.0296,10011,,Center,938.795,790.753,47.81541,,-23.36858,-9.338045,47.81541,27.75783
1742845086288,181.0617,10013,,Center,939.3464,797.8158,47.80488,,-23.34887,-8.946465,47.80488,27.61167
1742845086305,181.0787,10014,,Center,938.4367,801.0386,47.82352,,-23.38199,-8.772086,47.82352,27.57345
1742845086322,181.096,10015,,Center,934.0697,805.3346,47.89981,,-23.53478,-8.548545,47.89981,27.59796
1742845086355,181.1287,10017,,Center,923.1798,805.2466,48.09581,,-23.92026,-8.588472,48.09581,27.85341
1742845086372,181.1455,10018,,Center,922.3962,813.2359,48.10109,,-23.9437,-8.145925,48.10109,27.73527
1742845086388,181.1632,10019,,Center,913.7583,809.0718,48.25031,,-24.24807,-8.4031,48.25031,28.00712
1742845086422,181.196,10021,,Center,922.7332,802.8492,48.09918,,-23.93379,-8.72211,48.09917,27.9059
1742845086439,181.213,10022,,Center,930.3303,796.895,47.96827,,-23.66745,-9.027914,47.96827,27.83741
1742845086472,181.2453,10024,,Center,940.1191,802.3323,47.77769,,-23.31521,-8.692244,47.77769,27.51067
1742845086489,181.262,10025,,Center,939.5265,804.997,47.781,,-23.33246,-8.545931,47.781,27.47646
1742845086506,181.2795,10026,,Center,938.1389,810.0746,47.80079,,-23.37874,-8.269576,47.80079,27.4195
1742845086522,181.2964,10027,,Center,932.6179,818.3987,47.88243,,-23.56463,-7.823767,47.88243,27.40904
1742845086555,181.328,10029,,Center,942.4719,814.7596,47.7053,,-23.21791,-7.994995,47.7053,27.23674
1742845086572,181.345,10030,,Center,953.345,812.1686,47.50075,,-22.83322,-8.102789,47.50076,27.02438
1742845086589,181.3628,10031,,Center,962.457,805.8891,47.32786,,-22.51201,-8.416318,47.32786,26.92217
1742845086605,181.3797,10032,,Center,972.3043,805.8074,47.12699,,-22.16025,-8.384911,47.12699,26.69139
1742845086623,181.3967,10033,,Center,973.1987,807.6055,47.10477,,-22.12654,-8.283212,47.10477,26.63679
1742845086641,181.4139,10034,,Center,988.768,809.7259,46.77213,,-21.56824,-8.110345,46.77213,26.22759
1742845086658,181.4319,10035,,Center,866.2623,811.2751,48.92583,,-25.87052,-8.396264,48.92583,29.07062
1742845086692,181.465,10037,,Center,841.9841,815.6465,49.20992,,-26.68036,-8.19685,49.20992,29.56124
1742845086708,181.4825,10038,,Center,854.8756,818.1321,49.04481,,-26.24176,-8.028652,49.04482,29.22869
1742845086742,181.5156,10040,,Center,867.9869,822.1884,48.86542,,-25.79205,-7.770571,48.86542,28.86585
1742845086759,181.5325,10041,,Center,883.0824,822.6844,48.64348,,-25.2695,-7.707448,48.64348,28.50686
1742845086775,181.5507,10042,,Center,890.6358,814.1774,48.55459,,-25.02084,-8.169929,48.55458,28.46163
1742845086810,181.5853,10044,,Center,954.0361,816.2215,47.41617,,-22.77446,-7.866598,47.41617,26.93766
1742845086826,181.604,10045,Eye Hit,Center,948.7817,813.3401,47.52594,NorthSidewalk,-22.96506,-8.042898,47.52594,27.11193
1742845086851,181.625,10046,Eye Hit,Center,785.4839,752.2678,49.59866,NorthSidewalk,-28.4383,-11.88883,49.59866,31.85913
1742845086879,181.6516,10047,Eye Hit,Center,836.6882,758.662,49.15102,NorthSidewalk,-26.79213,-11.41891,49.15102,30.64852
1742845086902,181.6782,10048,Eye Hit,Center,843.8893,747.3448,49.02481,NorthSidewalk,-26.52843,-12.02975,49.02481,30.71706
1742845086939,181.7054,10049,Eye Hit,Center,897.2361,740.1102,48.25607,NorthSidewalk,-24.69116,-12.24407,48.25607,29.73182
1742845086977,181.732,10050,Eye Hit,Center,980.5798,750.7527,46.75957,NorthSidewalk,-21.77384,-11.29018,46.75957,27.67845
1742845087016,181.7708,10051,Eye Hit,Center,989.8992,760.9953,46.58553,NorthSidewalk,-21.45311,-10.69743,46.58553,27.22974
1742845087045,181.8089,10052,Eye Hit,Center,908.0259,722.7731,47.98233,NorthSidewalk,-24.26527,-13.13447,47.98233,29.90083
1742845087073,181.8383,10053,Eye Hit,Center,883.2102,721.8401,48.36662,NorthSidewalk,-25.12227,-13.29169,48.36662,30.43986
1742845087105,181.8658,10054,Eye Hit,Center,923.175,718.0867,47.71854,NorthSidewalk,-23.73275,-13.32037,47.71854,29.69745
1742845087138,181.8981,10055,Eye Hit,Center,891.3239,705.0455,48.14555,NorthSidewalk,-24.79177,-14.16392,48.14555,30.66993
1742845087168,181.9314,10056,Eye Hit,Center,815.1285,676.0911,48.78804,NorthSidewalk,-27.17501,-15.9831,48.78804,32.87054
1742845087195,181.9602,10057,Eye Hit,Center,746.6647,654.3923,48.91605,NorthSidewalk,-29.09529,-17.24968,48.91605,34.66299
1742845087224,181.9877,10058,Eye Hit,Center,720.8139,648.5341,48.87457,NorthSidewalk,-29.76817,-17.56543,48.87457,35.26808
1742845087253,182.0167,10059,Eye Hit,Center,734.5357,653.8542,48.93851,NorthSidewalk,-29.43636,-17.28804,48.93851,34.89813
1742845087281,182.0462,10060,Eye Hit,Center,746.7944,655.1644,48.89619,NorthSidewalk,-29.07998,-17.19922,48.89619,34.64305
1742845087308,182.0735,10061,Eye Hit,Center,763.9005,652.7374,48.81461,NorthSidewalk,-28.57043,-17.3072,48.81461,34.38375
1742845087337,182.1012,10062,Eye Hit,Center,778.4002,645.5494,48.65865,NorthSidewalk,-28.08963,-17.65545,48.65865,34.28775
1742845087365,182.1287,10063,Eye Hit,Center,790.0791,638.3556,48.49995,NorthSidewalk,-27.68529,-18.00046,48.49995,34.25013
1742845087394,182.1579,10064,Eye Hit,Center,804.1707,638.0416,48.40615,NorthSidewalk,-27.25515,-17.98318,48.40615,34.00239
1742845087422,182.1872,10065,Eye Hit,Center,808.2825,633.8669,48.28271,NorthSidewalk,-27.07604,-18.16994,48.28271,34.03306
1742845087449,182.2136,10066,Eye Hit,Center,808.378,633.8779,48.29006,NorthSidewalk,-27.07761,-18.17216,48.29006,34.03109
1742845087478,182.2421,10067,Eye Hit,Center,800.0397,622.848,48.2021,NorthSidewalk,-27.25019,-18.75247,48.2021,34.46021
1742845087505,182.2702,10068,Eye Hit,Center,796.6334,605.7612,47.96993,NorthSidewalk,-27.20915,-19.60802,47.96993,34.95935
1742845087534,182.2974,10069,Eye Hit,Center,793.264,592.054,47.77496,NorthSidewalk,-27.18744,-20.28392,47.77496,35.3749
1742845087561,182.3255,10070,Eye Hit,Center,796.0579,585.1079,47.64539,NorthSidewalk,-27.0402,-20.61077,47.64539,35.51158
1742845087590,182.354,10071,Eye Hit,Center,812.4979,592.7491,47.66879,NorthSidewalk,-26.62081,-20.20066,47.66879,35.03187
1742845087617,182.3819,10072,Eye Hit,Center,820.9063,596.9059,47.64149,NorthSidewalk,-26.3844,-19.96046,47.64149,34.7776
1742845087645,182.409,10073,Eye Hit,Center,822.191,604.4989,47.76282,NorthSidewalk,-26.41771,-19.59278,47.76283,34.55198
1742845087673,182.4379,10074,Eye Hit,Center,828.1995,596.0276,47.57711,NorthSidewalk,-26.15718,-19.98177,47.57711,34.67731
1742845087700,182.4649,10075,Eye Hit,Center,839.1985,586.9904,47.32363,NorthSidewalk,-25.73044,-20.36887,47.32363,34.73961
1742845087728,182.492,10076,Eye Hit,Center,840.4985,582.2743,47.23269,NorthSidewalk,-25.64709,-20.58666,47.23269,34.84894
1742845087756,182.5199,10077,Eye Hit,Center,835.3964,584.3162,47.32104,NorthSidewalk,-25.82836,-20.51361,47.32104,34.87711
1742845087784,182.5486,10078,Eye Hit,Center,833.5084,588.4038,47.37682,NorthSidewalk,-25.90819,-20.31441,47.37682,34.79595
1742845087812,182.5765,10079,Eye Hit,Center,840.7078,589.8938,47.33234,NorthSidewalk,-25.69573,-20.21391,47.33234,34.6338
1742845087840,182.6053,10080,Eye Hit,Center,839.5211,593.3869,47.40401,NorthSidewalk,-25.7657,-20.05356,47.40401,34.55745
1742845087868,182.6315,10081,Eye Hit,Center,797.9063,607.0731,47.98036,NorthSidewalk,-27.18135,-19.53962,47.98036,34.90332
1742845087895,182.6595,10082,Eye Hit,Center,658.448,681.3525,49.07861,NorthSidewalk,-31.58234,-15.78023,49.07861,35.72977
1742845087924,182.6872,10083,Eye Hit,Center,633.4603,711.4084,49.17984,NorthSidewalk,-32.32595,-14.10725,49.17984,35.64682
1742845087951,182.7162,10084,Eye Hit,Center,639.6526,707.4493,49.16141,NorthSidewalk,-32.14577,-14.32644,49.16141,35.59815
1742845087979,182.7437,10085,Eye Hit,Center,649.9171,702.9219,49.20207,NorthSidewalk,-31.89353,-14.59544,49.20207,35.48384
1742845088007,182.7718,10086,Eye Hit,Center,662.7746,698.7865,49.25126,NorthSidewalk,-31.5758,-14.84506,49.25126,35.31512
1742845088034,182.7985,10087,Eye Hit,Center,673.0814,698.7198,49.30844,NorthSidewalk,-31.33187,-14.86606,49.30844,35.1196
1742845088062,182.8259,10088,Eye Hit,Center,678.919,683.1043,49.19436,NorthSidewalk,-31.10084,-15.71799,49.19436,35.31203
1742845088090,182.8542,10089,Eye Hit,Center,688.0865,687.3167,49.27614,NorthSidewalk,-30.90313,-15.50464,49.27614,35.05535
1742845088119,182.882,10090,Eye Hit,Center,683.4836,679.3849,49.19056,NorthSidewalk,-30.97446,-15.92788,49.19056,35.30073
1742845088146,182.9102,10091,Eye Hit,Center,681.1985,685.3542,49.21217,NorthSidewalk,-31.05017,-15.59602,49.21217,35.22452
1742845088174,182.9384,10092,Eye Hit,Center,669.5164,690.9346,49.22768,NorthSidewalk,-31.37744,-15.28395,49.22768,35.33624
1742845088202,182.9656,10093,Eye Hit,Center,671.6516,700.9062,49.33638,NorthSidewalk,-31.38858,-14.75009,49.33638,35.10569
1742845088229,182.994,10094,Eye Hit,Center,668.9926,710.1422,49.40831,NorthSidewalk,-31.50686,-14.24497,49.40831,34.98552
1742845088257,183.0212,10095,Eye Hit,Center,674.7451,699.7996,49.35589,NorthSidewalk,-31.31668,-14.8188,49.35589,35.06726
1742845088285,183.0489,10096,Eye Hit,Center,740.4304,598.653,48.12435,NorthSidewalk,-28.79003,-20.06585,48.12436,36.09993
1742845088313,183.0774,10097,Eye Hit,Center,739.381,600.4747,48.12535,NorthSidewalk,-28.81851,-19.96511,48.12535,36.07285
1742845088340,183.1059,10098,Eye Hit,Center,763.8957,586.7005,47.82328,NorthSidewalk,-27.99035,-20.59979,47.82328,36.00622
1742845088368,183.1321,10099,Eye Hit,Center,767.713,593.7977,47.93392,NorthSidewalk,-27.95409,-20.25487,47.93393,35.76054
1742845088397,183.1603,10100,Eye Hit,Center,759.564,605.7433,48.16878,NorthSidewalk,-28.30777,-19.69022,48.16878,35.59758
1742845088425,183.1909,10101,Eye Hit,Center,756.9709,614.8231,48.32591,NorthSidewalk,-28.46929,-19.24823,48.32591,35.41746
1742845088453,183.217,10102,Eye Hit,Center,753.3715,619.0578,48.40546,NorthSidewalk,-28.61236,-19.04338,48.40546,35.37666
1742845088480,183.2456,10103,Eye Hit,Center,745.7148,636.7734,48.65009,NorthSidewalk,-28.96262,-18.14506,48.65009,35.0884
1742845088508,183.273,10104,Eye Hit,Center,784.9373,564.5806,47.29948,NorthSidewalk,-27.1343,-21.58145,47.29948,36.24123
1742845088536,183.3006,10105,Eye Hit,Center,784.189,567.4579,47.36206,NorthSidewalk,-27.18976,-21.45282,47.36206,36.17645
1742845088564,183.3284,10106,Eye Hit,Center,779.8201,599.0574,47.95375,NorthSidewalk,-27.64511,-19.97221,47.95375,35.42055
1742845088591,183.356,10107,Eye Hit,Center,763.8948,624.6262,48.44231,NorthSidewalk,-28.35268,-18.7465,48.44231,35.05561
1742845088620,183.384,10108,Eye Hit,Center,746.7221,619.4705,48.43127,NorthSidewalk,-28.8054,-19.03044,48.43127,35.48302
1742845088647,183.4122,10109,Eye Hit,Center,730.1744,629.5681,48.57834,NorthSidewalk,-29.33669,-18.52211,48.57834,35.53432
1742845088675,183.4398,10110,Eye Hit,Center,721.0027,632.1882,48.63303,NorthSidewalk,-29.61598,-18.39602,48.63303,35.63618
1742845088702,183.4668,10111,Eye Hit,Center,720.7382,620.9738,48.48237,NorthSidewalk,-29.53131,-18.96636,48.48236,35.9015
1742845088731,183.4942,10112,Eye Hit,Center,722.3347,621.0182,48.49701,NorthSidewalk,-29.49749,-18.96969,48.49701,35.87261
1742845088759,183.5227,10113,Eye Hit,Center,725.2446,628.7137,48.6246,NorthSidewalk,-29.49697,-18.58779,48.6246,35.64153
1742845088787,183.5509,10114,Eye Hit,Center,724.5355,642.3732,48.83021,NorthSidewalk,-29.64082,-17.89671,48.83021,35.33983
1742845088814,183.5791,10115,Eye Hit,Center,721.6545,658.7474,49.01936,NorthSidewalk,-29.83361,-17.03984,49.01936,35.02605
1742845088842,183.6069,10116,Eye Hit,Center,714.457,647.0923,48.87693,NorthSidewalk,-29.94115,-17.64775,48.87693,35.41562
1742845088870,183.634,10117,Eye Hit,Center,706.9261,622.5824,48.52782,NorthSidewalk,-29.92906,-18.894,48.52782,36.10529
1742845088898,183.662,10118,Eye Hit,Center,707.6459,598.4232,48.14289,NorthSidewalk,-29.67253,-20.08624,48.14289,36.65956
1742845088926,183.6894,10119,Eye Hit,Center,711.234,588.257,47.97136,NorthSidewalk,-29.47177,-20.57739,47.97136,36.84396
1742845088954,183.7174,10120,Eye Hit,Center,704.2543,576.6588,47.75723,NorthSidewalk,-29.52427,-21.12481,47.75724,37.24088
1742845088981,183.747,10121,Eye Hit,Center,707.7154,566.0014,47.53479,NorthSidewalk,-29.2959,-21.61084,47.53479,37.44659
1742845089009,183.7742,10122,Eye Hit,Center,711.7554,559.7988,47.41942,NorthSidewalk,-29.11903,-21.89792,47.41941,37.53635
1742845089037,183.8006,10123,Eye Hit,Center,715.3027,527.4397,46.76513,NorthSidewalk,-28.62568,-23.3419,46.76513,38.30242
1742845089065,183.8287,10124,Eye Hit,Center,717.4926,498.6048,46.13664,NorthSidewalk,-28.18518,-24.56326,46.13664,39.01941
1742845089092,183.8575,10125,Eye Hit,Center,723.832,493.7784,46.03098,NorthSidewalk,-27.95952,-24.76336,46.03098,39.05558
1742845089121,183.8839,10126,Eye Hit,Center,746.2674,498.4516,46.11608,NorthSidewalk,-27.43998,-24.5604,46.11608,38.60923
1742845089148,183.9121,10127,Eye Hit,Center,757.6149,477.2983,45.57635,NorthSidewalk,-26.8333,-25.38548,45.57635,39.02386
1742845089176,183.9408,10128,Eye Hit,Center,768.7036,594.7556,47.94671,NorthSidewalk,-27.93533,-20.20741,47.94671,35.71942
1742845089204,183.9686,10129,Eye Hit,Center,777.0182,596.2045,47.94271,NorthSidewalk,-27.71292,-20.12544,47.94271,35.54153
1742845089232,183.9957,10130,Eye Hit,Center,785.7961,583.7082,47.68793,NorthSidewalk,-27.33452,-20.70612,47.68793,35.71935
1742845089260,184.0238,10131,Eye Hit,Center,786.523,558.5424,47.22772,NorthSidewalk,-27.05178,-21.87786,47.22772,36.37806
1742845089287,184.0521,10132,Eye Hit,Center,776.8107,564.5864,47.40033,NorthSidewalk,-27.40482,-21.6271,47.40033,36.37191
1742845089316,184.0796,10133,Eye Hit,Center,784.3402,557.8177,47.20827,NorthSidewalk,-27.09753,-21.90829,47.20827,36.43234
1742845089343,184.108,10134,Eye Hit,Center,745.9914,669.2758,49.10293,NorthSidewalk,-29.22469,-16.4723,49.10292,34.34101
1742845089371,184.1349,10135,Eye Hit,Center,739.1785,692.2004,49.36194,NorthSidewalk,-29.56454,-15.25352,49.36194,33.97807
1742845089399,184.1631,10136,Eye Hit,Center,745.8631,689.975,49.33107,NorthSidewalk,-29.36398,-15.37063,49.33107,33.89561
1742845089427,184.1908,10137,Eye Hit,Center,751.2956,674.985,49.16596,NorthSidewalk,-29.11823,-16.16954,49.16596,34.11493
1742845089455,184.2186,10138,Eye Hit,Center,758.5466,669.2855,49.04676,NorthSidewalk,-28.8513,-16.4529,49.04676,34.10459
1742845089482,184.2467,10139,Eye Hit,Center,764.759,664.6221,48.97132,NorthSidewalk,-28.63895,-16.69118,48.97132,34.09346
1742845089510,184.2762,10140,Eye Hit,Center,773.2606,662.88,48.91397,NorthSidewalk,-28.37581,-16.76997,48.91397,33.97421
1742845089538,184.3031,10141,Eye Hit,Center,778.9164,652.6589,48.76163,NorthSidewalk,-28.13518,-17.29289,48.76163,34.10855
1742845089565,184.3297,10142,Eye Hit,Center,784.9828,642.7156,48.60027,NorthSidewalk,-27.87931,-17.79315,48.60027,34.23605
1742845089594,184.3571,10143,Eye Hit,Center,786.4489,626.8189,48.37095,NorthSidewalk,-27.7086,-18.59655,48.37094,34.60139
1742845089622,184.3865,10144,Eye Hit,Center,787.4425,614.504,48.18238,NorthSidewalk,-27.57415,-19.20871,48.18238,34.89415
1742845089649,184.4148,10145,Eye Hit,Center,788.4541,601.8025,47.9387,NorthSidewalk,-27.40792,-19.81416,47.9387,35.2024
1742845089677,184.4418,10146,Eye Hit,Center,795.9526,600.5992,47.87809,NorthSidewalk,-27.17506,-19.85558,47.87809,35.10539
1742845089704,184.4687,10147,Eye Hit,Center,793.5287,599.9511,47.89023,NorthSidewalk,-27.24603,-19.89643,47.89023,35.16371
1742845089732,184.4965,10148,Eye Hit,Center,755.2158,637.1816,48.65303,NorthSidewalk,-28.70916,-18.12315,48.65303,34.90799
1742845089760,184.525,10149,Eye Hit,Center,752.5826,645.1769,48.77973,NorthSidewalk,-28.85484,-17.72041,48.77973,34.76744
1742845089789,184.5518,10150,Eye Hit,Center,752.1822,639.3889,48.71036,NorthSidewalk,-28.82457,-18.02057,48.71036,34.91048
1742845089817,184.5811,10151,Eye Hit,Center,755.4457,633.0828,48.5802,NorthSidewalk,-28.66001,-18.32582,48.5802,35.00149
1742845089844,184.609,10152,Eye Hit,Center,759.0686,635.9642,48.61751,NorthSidewalk,-28.58478,-18.17835,48.61751,34.86776
1742845089871,184.6362,10153,Eye Hit,Center,740.0231,676.5341,49.18476,NorthSidewalk,-29.43547,-16.08792,49.18476,34.29479
1742845089899,184.6642,10154,,Center,668.3179,767.232,49.68944,,-31.70465,-11.05269,49.68944,34.04755
1742845089926,184.6908,10155,,Center,667.9501,777.748,49.71764,,-31.73274,-10.45566,49.71764,33.9016
1742845089955,184.7181,10156,,Center,675.3559,777.2823,49.75969,,-31.55613,-10.49127,49.75969,33.75481
1742845089983,184.7468,10157,,Center,683.6448,770.034,49.74825,,-31.3212,-10.90485,49.74825,33.68987
1742845090010,184.7753,10158,,Center,689.0901,762.7659,49.75327,,-31.17478,-11.3233,49.75327,33.68901
1742845090038,184.8027,10159,,Center,697.8418,765.7361,49.7879,,-30.95591,-11.16043,49.7879,33.46189
1742845090066,184.8302,10160,,Center,701.1777,769.7721,49.80904,,-30.87732,-10.93317,49.80904,33.33004
1742845090094,184.8575,10161,,Center,710.1168,772.345,49.83102,,-30.64501,-10.79011,49.83102,33.10378
1742845090122,184.8867,10162,,Center,719.1005,771.4106,49.83901,,-30.40273,-10.84564,49.839,32.92999
1742845090151,184.9147,10163,,Center,734.2734,774.1069,49.80069,,-29.96217,-10.68228,49.80069,32.56782
1742845090179,184.9434,10164,,Center,744.8938,769.1537,49.77654,,-29.65577,-10.96174,49.77654,32.42272
1742845090206,184.9719,10165,,Center,694.1656,761.5871,49.7657,,-31.04312,-11.39371,49.7657,33.60299
1742845090233,184.9977,10166,,Center,595.2472,762.2499,49.07892,,-33.29506,-11.19903,49.07892,35.59304
1742845090260,185.0249,10167,,Center,604.5416,763.6935,49.1952,,-33.12151,-11.14355,49.1952,35.38811
1742845090289,185.0522,10168,,Center,626.5206,758.2928,49.40176,,-32.66111,-11.49827,49.40176,35.02684
1742845090317,185.0814,10169,,Center,661.2192,753.3,49.60814,,-31.8472,-11.83206,49.60814,34.40529
1742845090344,185.1095,10170,,Center,692.7225,757.205,49.75854,,-31.07829,-11.64376,49.75854,33.70246
1742845090372,185.1367,10171,,Center,723.1605,749.9816,49.77385,,-30.25142,-12.06222,49.77385,33.19714
1742845090400,185.1638,10172,,Center,712.5081,771.9795,49.85023,,-30.59101,-10.81538,49.85023,33.05936
1742845090428,185.1917,10173,,Center,680.3281,757.4208,49.74974,,-31.41324,-11.62936,49.74974,33.95259
1742845090456,185.2204,10174,,Center,591.8027,755.0162,49.05509,,-33.37219,-11.60303,49.05509,35.7632
1742845090484,185.2486,10175,,Center,590.6257,762.3301,49.07074,,-33.41473,-11.19267,49.07074,35.68349
1742845090512,185.2766,10176,,Center,628.873,768.6963,49.46278,,-32.63722,-10.91869,49.46278,34.82941
1742845090539,185.3042,10177,,Center,671.142,769.6444,49.7534,,-31.66789,-10.92836,49.7534,33.9536
1742845090566,185.3288,10178,,Center,711.2698,763.0398,49.85441,,-30.62766,-11.33053,49.85441,33.22614
1742845090597,185.3568,10179,,Center,738.3476,758.8838,49.83579,,-29.87119,-11.56526,49.83579,32.73085
1742845090624,185.3872,10180,Eye Hit,Center,726.2086,761.7653,49.86811,NorthSidewalk,-30.2248,-11.40689,49.86811,32.93605
1742845090642,185.4139,10181,Eye Hit,Center,600.7283,762.9246,49.21603,NorthSidewalk,-33.23916,-11.19202,49.21603,35.47482
1742845090659,185.4324,10182,Eye Hit,Center,614.799,764.1395,49.36037,NorthSidewalk,-32.95318,-11.15555,49.36037,35.17698
1742845090696,185.4692,10184,Eye Hit,Center,605.5484,767.5085,49.27271,NorthSidewalk,-33.1463,-10.9442,49.27271,35.31496
1742845090728,185.5019,10186,Eye Hit,Center,626.3501,768.9567,49.48301,NorthSidewalk,-32.71948,-10.90824,49.48301,34.8767
1742845090759,185.5331,10188,Eye Hit,Center,648.1541,766.1214,49.65182,NorthSidewalk,-32.23339,-11.10796,49.65182,34.47563
1742845090789,185.5631,10190,Eye Hit,Center,646.5493,765.1324,49.64214,LowFemale2,-32.27109,-11.16242,49.64214,34.5227
1742845090819,185.5932,10192,Eye Hit,Center,645.8505,758.2183,49.6142,NorthSidewalk,-32.27206,-11.55188,49.6142,34.63969
1742845090848,185.6236,10194,,Center,577.2421,773.2815,48.95785,,-33.69961,-10.54819,48.95785,35.80181
1742845090877,185.6525,10196,,Center,566.708,778.1743,48.82583,,-33.8927,-10.24408,48.82582,35.94848
1742845090907,185.6818,10198,,Center,584.0291,779.79,49.06246,,-33.58777,-10.20222,49.06246,35.58283
1742845090937,185.7117,10200,,Center,605.3688,788.9882,49.3073,,-33.17447,-9.729851,49.3073,35.03627
1742845090966,185.7421,10202,,Center,635.2538,775.7142,49.58146,,-32.54086,-10.54334,49.58146,34.60182
1742845090997,185.7718,10204,,Center,654.3779,777.3752,49.72625,,-32.11084,-10.47891,49.72625,34.18699
1742845091027,185.8015,10206,,Center,658.0986,780.4442,49.75801,,-32.02914,-10.30926,49.75801,34.06737
1742845091057,185.8315,10208,Eye Hit,Center,638.9534,790.1435,49.63617,MicroBus3-Detailed,-32.47537,-9.728479,49.63617,34.33287
1742845091087,185.8622,10210,Eye Hit,Center,637.4435,787.1913,49.62794,MicroBus3-Detailed,-32.51136,-9.895926,49.62794,34.40245
1742845091117,185.8921,10212,Eye Hit,Center,657.6772,785.7023,49.77069,MicroBus3-Detailed,-32.04887,-10.01001,49.77069,34.00395
1742845091148,185.9232,10214,Eye Hit,Center,675.5829,788.126,49.86757,MicroBus3-Detailed,-31.61828,-9.890066,49.86757,33.59764
1742845091179,185.9534,10216,Eye Hit,Center,704.6839,796.1108,49.9536,MicroBus3-Detailed,-30.87023,-9.446737,49.9536,32.87321
1742845091210,185.9844,10218,Eye Hit,Center,745.8702,798.756,49.92928,MicroBus3-Detailed,-29.71986,-9.289763,49.92928,31.94933
1742845091241,186.015,10220,Eye Hit,Center,773.3762,799.4318,49.82414,MicroBus3-Detailed,-28.90064,-9.231432,49.82414,31.33829
1742845091270,186.0453,10222,Eye Hit,Center,807.9937,803.8997,49.58029,MicroBus3-Detailed,-27.8116,-8.930541,49.58029,30.50449
1742845091301,186.0771,10224,Eye Hit,Center,828.8804,810.4153,49.37884,MicroBus3-Detailed,-27.12918,-8.522985,49.37885,29.93694
1742845091331,186.1064,10226,Eye Hit,Center,832.459,819.6447,49.32538,MicroBus3-Detailed,-27.00235,-7.988596,49.32538,29.72153
1742845091362,186.1371,10228,Eye Hit,Center,871.611,827.2884,48.82663,MicroBus3-Detailed,-25.67389,-7.477189,48.82663,28.7079
1742845091393,186.1671,10230,Eye Hit,Center,916.857,831.8049,48.11057,MicroBus3-Detailed,-24.09554,-7.116649,48.11057,27.57468
1742845091424,186.1994,10232,Eye Hit,Center,960.6432,842.61,47.25788,MicroBus3-Detailed,-22.52605,-6.40138,47.25788,26.36005
1742845091454,186.2289,10234,Eye Hit,Center,1010.243,849.03,46.18093,MicroBus3-Detailed,-20.74808,-5.913397,46.18093,25.04054
1742845091487,186.2596,10236,,Center,1046.847,852.0336,45.32308,,-19.44672,-5.646384,45.32307,24.07458
1742845091504,186.2775,10237,,Center,1078.395,857.5894,44.53123,,-18.33132,-5.262343,44.53123,23.18433
1742845091533,186.3085,10239,,Center,956.244,852.3119,47.30984,,-22.66572,-5.878735,47.30984,26.3328
1742845091564,186.3386,10241,,Center,800.1724,834.6115,49.59156,,-28.03206,-7.17511,49.59156,30.26277
1742845091594,186.3693,10243,,Center,739.5341,829.7593,49.9025,,-29.87849,-7.499549,49.90249,31.68745
1742845091624,186.3991,10245,,Center,657.8796,828.9176,49.73742,,-32.0219,-7.523127,49.73742,33.47859
1742845091654,186.429,10247,,Center,546.8356,832.9725,48.51122,,-34.20657,-7.110599,48.51122,35.76144
1742845091684,186.4584,10249,,Center,548.1623,837.348,48.51379,,-34.17284,-6.86613,48.51379,35.69619
1742845091714,186.4884,10251,,Center,552.1703,837.9721,48.56969,,-34.10474,-6.839027,48.56969,35.60874
1742845091743,186.519,10253,,Center,591.2927,840.1765,49.08669,,-33.40751,-6.786919,49.08669,34.77938
1742845091773,186.5481,10255,,Center,638.7945,845.3505,49.52819,,-32.40907,-6.552281,49.52819,33.72689
1742845091803,186.578,10257,,Center,690.7151,839.6573,49.83161,,-31.17916,-6.919762,49.83161,32.65641
1742845091833,186.6089,10259,,Center,693.5546,834.2311,49.86132,,-31.11959,-7.236022,49.86132,32.65065
1742845091863,186.6376,10261,,Center,660.6453,829.2503,49.73994,,-31.94757,-7.504349,49.73994,33.41578
1742845091892,186.6677,10263,,Center,641.9232,835.0743,49.59126,,-32.36468,-7.148586,49.59126,33.75714
1742845091922,186.6969,10265,,Center,641.0907,836.8224,49.57529,,-32.37705,-7.046427,49.57529,33.75783
1742845091952,186.7275,10267,,Center,684.0535,833.8112,49.82405,,-31.35769,-7.254751,49.82405,32.86216
1742845091981,186.756,10269,,Center,676.3084,830.5582,49.80442,,-31.5583,-7.438838,49.80442,33.06453
1742845092011,186.7869,10271,,Center,622.1155,800.9399,49.49921,,-32.84593,-9.085119,49.49921,34.54664
1742845092041,186.8162,10273,,Center,612.9499,797.8624,49.41102,,-33.03745,-9.244412,49.41102,34.77254
1742845092071,186.8472,10275,,Center,650.045,795.4568,49.71781,,-32.22434,-9.439692,49.71782,34.03437
1742845092101,186.8774,10277,,Center,697.7784,791.699,49.92831,,-31.04497,-9.696216,49.92831,33.08075
1742845092131,186.9075,10279,,Center,716.549,789.8202,49.95211,,-30.54209,-9.809077,49.95211,32.70806
1742845092163,186.9384,10281,,Center,750.6268,786.3018,49.90704,,-29.57555,-10.00279,49.90704,32.02964
1742845092194,186.9697,10283,,Center,772.2653,787.3481,49.82267,,-28.93036,-9.925815,49.82267,31.54544
1742845092227,187.0034,10285,,Center,821.4478,780.3015,49.45385,,-27.37333,-10.25435,49.45385,30.58632
1742845092258,187.0326,10287,,Center,815.6668,776.8213,49.5031,,-27.55859,-10.46342,49.5031,30.77296
1742845092290,187.0637,10289,,Center,740.6145,772.5521,49.91337,,-29.85523,-10.79614,49.91337,32.45832
1742845092320,187.0936,10291,,Center,553.2543,764.078,48.60658,,-34.10155,-10.98871,48.60658,36.39423
1742845092337,187.1108,10292,,Center,585.1102,769.0178,49.04621,,-33.54737,-10.80859,49.04621,35.70179
1742845092353,187.1279,10293,,Center,571.1577,771.5569,48.87729,,-33.80835,-10.62816,48.87729,35.94482
1742845092385,187.1597,10295,,Center,581.2913,771.2733,49.01489,,-33.6293,-10.67398,49.01488,35.74764
1742845092416,187.1902,10297,,Center,621.5142,778.4409,49.47757,,-32.84799,-10.36554,49.47757,34.84437
1742845092435,187.2077,10298,,Center,658.032,788.6396,49.75873,,-32.03143,-9.838856,49.75873,33.95705
1742845092452,187.2249,10299,,Center,671.7872,788.0731,49.84048,,-31.70556,-9.887725,49.84048,33.67781
1742845092467,187.2423,10300,,Center,689.1515,792.9886,49.905,,-31.26817,-9.617442,49.905,33.24572
1742845092499,187.2738,10302,,Center,678.7409,788.6027,49.87326,,-31.53494,-9.863597,49.87326,33.52487
1742845092535,187.3081,10304,,Center,621.0621,761.9092,49.44421,,-32.83818,-11.30181,49.44421,35.08344
1742845092550,187.3257,10305,,Center,592.4719,755.5037,49.12694,,-33.40293,-11.5923,49.12694,35.74304
1742845092584,187.3569,10307,,Center,615.6662,768.8707,49.42006,,-32.96938,-10.89926,49.42006,35.0932
1742845092602,187.3755,10308,,Center,641.1859,778.5283,49.65678,,-32.42765,-10.39815,49.65678,34.44183
1742845092618,187.3927,10309,,Center,657.9243,776.9374,49.77315,,-32.04367,-10.51386,49.77315,34.12012
1742845092651,187.4234,10311,,Center,651.0218,777.8372,49.73196,,-32.20668,-10.45354,49.73196,34.24954
1742845092670,187.4418,10312,,Center,675.2271,782.5141,49.87116,,-31.63036,-10.21362,49.87116,33.68296
1742845092688,187.4612,10313,,Center,647.3138,782.0331,49.71499,,-32.29746,-10.20932,49.71499,34.26804
1742845092704,187.4783,10314,,Center,656.5016,781.0803,49.7732,,-32.0828,-10.27596,49.7732,34.09156
1742845092737,187.511,10316,,Center,637.5095,776.5327,49.63727,,-32.51566,-10.50826,49.63728,34.54447
1742845092771,187.5443,10318,,Center,629.0235,780.2869,49.57305,,-32.70585,-10.28001,49.57305,34.6667
1742845092802,187.577,10320,,Center,630.1132,784.2967,49.58783,,-32.68577,-10.05363,49.58783,34.59111
1742845092833,187.6082,10322,,Center,641.8065,783.6536,49.6818,,-32.42698,-10.10945,49.6818,34.35952
1742845092866,187.6391,10324,,Center,647.4707,782.7271,49.72233,,-32.29792,-10.171,49.72233,34.25537
1742845092881,187.6562,10325,,Center,645.5625,784.412,49.71083,,-32.34283,-10.07193,49.71083,34.27197
1742845092911,187.6855,10327,,Center,652.5323,789.5533,49.76099,,-32.18398,-9.786916,49.76099,34.05926
1742845092940,187.7148,10329,,Center,655.3444,788.9447,49.77906,,-32.11838,-9.825407,49.77906,34.00889
1742845092969,187.7432,10331,,Center,655.793,787.9486,49.78168,,-32.10774,-9.883095,49.78168,34.01282
1742845092997,187.7731,10333,,Center,653.7891,785.0152,49.7678,,-32.15384,-10.04892,49.7678,34.09385
1742845093026,187.8016,10335,,Center,649.128,783.6451,49.73623,,-32.26145,-10.1211,49.73623,34.20875
1742845093055,187.8297,10337,Eye Hit,Center,607.7146,821.6047,49.33776,NE_Tree_10,-33.13107,-7.879,49.33776,34.61512
1742845093084,187.8591,10339,Eye Hit,Center,594.1594,816.9608,49.19927,NE_Tree_10,-33.40627,-8.120383,49.19927,34.94476
1742845093112,187.8877,10341,Eye Hit,Center,581.4066,808.981,49.05897,NE_Tree_30,-33.65641,-8.548993,49.05897,35.29184
1742845093142,187.9165,10343,,Center,575.8228,802.0417,48.99496,,-33.76355,-8.93015,48.99496,35.48201
1742845093170,187.9448,10345,,Center,601.3681,827.944,49.25003,,-33.24472,-7.504645,49.25003,34.68341
1742845093198,187.9749,10347,,Center,577.9659,820.1858,48.99209,,-33.7036,-7.903973,48.99209,35.24518
1742845093228,188.0037,10349,Eye Hit,Center,755.4506,910.5078,49.25325,SouthCarSignal,-29.05694,-2.812863,49.25325,30.65554
1742845093256,188.0327,10351,Eye Hit,Center,763.7345,913.8228,49.18528,SouthCarSignal,-28.7919,-2.620798,49.18528,30.44686
1742845093286,188.0616,10353,Eye Hit,Center,770.0656,902.7901,49.27759,SouthCarSignal,-28.67368,-3.253004,49.27759,30.35382
1742845093315,188.0907,10355,Eye Hit,Center,749.7189,901.9876,49.36191,SouthCarSignal,-29.27725,-3.304325,49.36191,30.83212
1742845093344,188.12,10357,Eye Hit,Center,726.5215,901.4554,49.40699,SouthCarSignal,-29.93677,-3.337687,49.40699,31.36966
1742845093374,188.1504,10359,Eye Hit,Center,727.0245,897.5728,49.44566,SouthCarSignal,-29.94646,-3.561734,49.44566,31.37955
1742845093407,188.1849,10361,Eye Hit,Center,702.4991,894.5784,49.46432,SouthCarSignal,-30.62753,-3.734029,49.46432,31.95463
1742845093439,188.2164,10363,Eye Hit,Center,694.5665,890.9752,49.48229,SouthCarSignal,-30.85538,-3.941141,49.48229,32.15472
1742845093478,188.2492,10365,Eye Hit,Center,689.3798,893.0151,49.4492,SouthCarSignal,-30.97635,-3.822111,49.4492,32.25922
1742845093493,188.2693,10366,Eye Hit,Center,684.2569,888.7482,49.47258,SouthCarSignal,-31.13092,-4.06757,49.47258,32.3994
1742845093532,188.3008,10368,Eye Hit,Center,664.115,888.2617,49.39023,SouthCarSignal,-31.62835,-4.088483,49.39023,32.85052
1742845093550,188.3226,10369,Eye Hit,Center,653.8077,888.7805,49.32589,SouthCarSignal,-31.86784,-4.053627,49.32589,33.07511
1742845093565,188.3403,10370,Eye Hit,Center,645.5234,889.3044,49.26689,SouthCarSignal,-32.05505,-4.019078,49.26689,33.25426
1742845093603,188.3724,10372,Eye Hit,Center,616.2214,886.527,49.04925,SouthCarSignal,-32.70697,-4.158498,49.04926,33.90847
1742845093619,188.3931,10373,Eye Hit,Center,601.3707,887.4374,48.88903,SouthCarSignal,-33.00096,-4.093431,48.88903,34.22318
1742845093652,188.4242,10375,,Center,580.8273,887.7832,48.64513,,-33.38806,-4.053721,48.64513,34.65999
1742845093666,188.4422,10376,,Center,563.5133,889.8738,48.39863,,-33.68153,-3.916315,48.39863,35.01539
1742845093700,188.4733,10378,,Center,531.1218,897.6539,47.84147,,-34.14936,-3.441801,47.84147,35.65637
1742845093717,188.49,10379,,Center,731.8133,804.0007,49.96656,,-30.12984,-8.994395,49.96656,32.182
1742845093733,188.5078,10380,,Center,710.4042,809.2749,49.96085,,-30.71693,-8.689189,49.96085,32.57637
1742845093765,188.5391,10382,Eye Hit,Center,790.6909,761.5966,49.69013,MicroBus3-Detailed,-28.34789,-11.37583,49.69013,31.57966
1742845093782,188.5578,10383,Eye Hit,Center,809.3555,762.2463,49.54882,MicroBus3-Detailed,-27.75669,-11.30645,49.54882,31.16895
1742845093814,188.5884,10385,Eye Hit,Center,740.4657,778.1148,49.9443,MicroBus3-Detailed,-29.87783,-10.48218,49.9443,32.37352
1742845093846,188.6204,10387,Eye Hit,Center,693.5117,793.0683,49.93917,MicroBus3-Detailed,-31.16936,-9.619457,49.93917,33.15234
1742845093863,188.6376,10388,Eye Hit,Center,664.1619,799.2079,49.81794,MicroBus3-Detailed,-31.90095,-9.243204,49.81794,33.69094
1742845093897,188.6715,10390,Eye Hit,Center,628.0731,806.3401,49.55265,MicroBus3-Detailed,-32.71839,-8.786054,49.55265,34.35914
1742845093930,188.7036,10392,,Center,628.4681,802.6854,49.56057,,-32.71282,-8.996553,49.56057,34.39413
1742845093945,188.7204,10393,,Center,663.0878,792.5723,49.81474,,-31.92844,-9.623991,49.81474,33.79945
1742845093978,188.7511,10395,,Center,615.7661,793.2878,49.44884,,-32.98584,-9.512373,49.44884,34.77045
1742845093995,188.7684,10396,,Center,582.1908,794.2902,49.06711,,-33.64075,-9.382225,49.06711,35.44218
1742845094011,188.7853,10397,,Center,554.6721,796.9091,48.68724,,-34.12003,-9.162489,48.68724,35.96571
1742845094042,188.8156,10399,,Center,562.8221,791.7872,48.80813,,-33.98513,-9.473651,48.80813,35.86121
1742845094073,188.8471,10401,,Center,627.9622,754.67,49.49802,,-32.68535,-11.72763,49.49802,35.05181
1742845094104,188.8779,10403,,Center,567.2076,757.9798,48.81435,,-33.87127,-11.37906,48.81435,36.20372
1742845094134,188.9097,10405,,Center,556.4222,756.277,48.65309,,-34.04909,-11.43723,48.65309,36.437
1742845094163,188.939,10407,,Center,500.8168,755.6052,47.71933,,-34.86059,-11.25468,47.71933,37.51211
1742845094193,188.968,10409,,Center,518.3406,757.9154,48.04354,,-34.63262,-11.20304,48.04354,37.1489
1742845094223,188.9982,10411,,Center,661.7305,747.5391,49.7099,,-31.89849,-12.18686,49.7099,34.48635
1742845094252,189.0277,10413,,Center,673.0427,744.9022,49.7566,,-31.6177,-12.34958,49.7566,34.3018
1742845094283,189.0576,10415,Eye Hit,Center,614.8452,742.677,49.32589,SouthSidewalk,-32.9289,-12.36931,49.32589,35.49357
1742845094313,189.0882,10417,Eye Hit,Center,604.8827,744.9742,49.23397,SouthSidewalk,-33.13834,-12.21591,49.23397,35.65396
1742845094328,189.105,10418,Eye Hit,Center,580.7842,748.194,48.96279,SouthSidewalk,-33.60726,-11.96671,48.96279,36.07703
1742845094359,189.1351,10420,Eye Hit,Center,693.5345,757.5753,49.88358,SouthSidewalk,-31.13404,-11.65171,49.88358,33.67987
1742845094390,189.1672,10422,Eye Hit,Center,747.2458,765.545,49.90804,SouthSidewalk,-29.66931,-11.19841,49.90804,32.43251
1742845094427,189.2014,10424,Eye Hit,Center,752.3391,767.6617,49.89951,SouthSidewalk,-29.52392,-11.07466,49.89951,32.28976
1742845094459,189.2327,10426,Eye Hit,Center,777.5166,763.701,49.78096,SouthSidewalk,-28.7618,-11.27586,49.78096,31.82297
1742845094473,189.2494,10427,Eye Hit,Center,836.5488,763.3074,49.29247,Sedan1-Detailed,-26.87303,-11.18758,49.29247,30.56321
1742845094509,189.2833,10429,Eye Hit,Center,851.4496,770.8617,49.1382,Sedan1-Detailed,-26.38467,-10.72426,49.1382,30.09691
1742845094540,189.315,10431,Eye Hit,Center,835.031,771.7418,49.32862,Sedan1-Detailed,-26.93408,-10.71575,49.32862,30.44018
1742845094571,189.3459,10433,Eye Hit,Center,818.1609,766.154,49.48627,Sedan1-Detailed,-27.48108,-11.06904,49.48627,30.90822
1742845094602,189.3766,10435,Eye Hit,Center,816.5712,767.6474,49.50429,Sedan1-Detailed,-27.53452,-10.98772,49.50429,30.91551
1742845094634,189.4093,10437,Eye Hit,Center,814.1642,767.9163,49.52585,Sedan1-Detailed,-27.61233,-10.97719,49.52585,30.96273
1742845094666,189.4419,10439,Eye Hit,Center,809.3315,769.1401,49.57071,Sedan1-Detailed,-27.76961,-10.91717,49.57071,31.04532
1742845094697,189.4718,10441,Eye Hit,Center,805.5799,768.429,49.60045,Sedan1-Detailed,-27.889,-10.9644,49.60044,31.13893
1742845094729,189.5034,10443,Eye Hit,Center,810.2855,771.9216,49.56808,Sedan1-Detailed,-27.74203,-10.75738,49.56808,30.97553
1742845094760,189.5339,10445,Eye Hit,Center,841.095,772.0109,49.26143,Sedan1-Detailed,-26.73247,-10.68575,49.26143,30.3026
1742845094791,189.5657,10447,Eye Hit,Center,846.8705,778.1827,49.20472,Sedan1-Detailed,-26.54479,-10.32302,49.20472,30.06375
1742845094822,189.5959,10449,Eye Hit,Center,855.8964,780.3802,49.09706,Sedan1-Detailed,-26.24205,-10.17607,49.09706,29.82446
1742845094853,189.6285,10451,Eye Hit,Center,866.9034,781.0635,48.95425,Sedan1-Detailed,-25.86823,-10.10782,48.95425,29.56725
1742845094884,189.6588,10453,Eye Hit,Center,890.8334,782.804,48.61015,Sedan1-Detailed,-25.04416,-9.939046,48.61015,28.99932
1742845094900,189.6755,10454,Eye Hit,Center,904.7892,783.9709,48.38923,Sedan1-Detailed,-24.55751,-9.828897,48.38923,28.66274
1742845094932,189.7071,10456,Eye Hit,Center,936.4609,790.5226,47.8369,Sedan1-Detailed,-23.44072,-9.355021,47.8369,27.81593
1742845094963,189.7377,10458,Eye Hit,Center,979.228,789.5529,46.98813,Sedan1-Detailed,-21.91534,-9.241556,46.98813,26.84739
1742845094996,189.77,10460,,Center,1046.569,792.1187,45.46356,,-19.51398,-8.807121,45.46356,25.21632
1742845095027,189.8017,10462,Eye Hit,Center,979.7776,795.6774,46.97079,SouthSidewalk,-21.893,-8.906126,46.97079,26.71104
1742845095058,189.8325,10464,,Center,860.8143,795.7465,49.02603,,-26.07097,-9.292079,49.02603,29.44667
1742845095090,189.8641,10466,,Center,832.6572,801.2229,49.35382,,-27.01253,-9.042249,49.35382,29.99245
1742845095121,189.8956,10468,,Center,885.3698,833.9336,48.60101,,-25.18607,-7.069799,48.60101,28.29137
1742845095152,189.9261,10470,,Center,907.8041,829.4608,48.26672,,-24.41499,-7.270295,48.26672,27.82442
1742845095182,189.956,10472,,Center,902.7519,795.8304,48.41191,,-24.62347,-9.170876,48.41191,28.49117
1742845095212,189.9876,10474,,Center,889.1113,799.2825,48.62725,,-25.09922,-9.018008,48.62725,28.74302
1742845095242,190.0166,10476,,Center,836.633,800.3372,49.3172,,-26.88421,-9.085956,49.3172,29.91697
1742845095272,190.0462,10478,,Center,941.0519,801.951,47.73806,,-23.27129,-8.706155,47.73806,27.4959
1742845095301,190.077,10480,,Center,963.1807,805.1002,47.30674,,-22.48307,-8.455509,47.30674,26.91966
1742845095330,190.1061,10482,,Center,982.4661,834.5286,46.84484,,-21.76476,-6.782171,46.84484,25.94982
1742845095360,190.1357,10484,,Center,933.6799,833.882,47.81399,,-23.50291,-6.958237,47.814,27.14142
1742845095390,190.1654,10486,,Center,757.7559,820.5612,49.87486,,-29.36019,-8.024696,49.87486,31.39442
1742845095421,190.1956,10488,,Center,569.1444,817.0608,48.88269,,-33.86643,-8.062536,48.88269,35.45744
1742845095451,190.2266,10490,,Center,530.9473,823.8921,48.28415,,-34.47,-7.583287,48.28415,36.1657
1742845095483,190.2561,10492,,Center,622.4661,835.7465,49.44032,,-32.79728,-7.088548,49.44032,34.16427
1742845095497,190.2743,10493,,Center,646.0193,838.4503,49.62157,,-32.27224,-6.959683,49.62157,33.63657
1742845095529,190.304,10495,,Center,677.8585,847.4736,49.75314,,-31.48322,-6.460198,49.75314,32.86137
1742845095560,190.3356,10497,,Center,721.9822,845.3256,49.84793,,-30.32887,-6.596111,49.84793,31.9085
1742845095594,190.366,10499,,Center,704.2406,845.5759,49.83266,,-30.80769,-6.579635,49.83266,32.29965
1742845095610,190.3838,10500,Eye Hit,Center,645.1595,818.8217,49.67621,MicroBus3-Detailed,-32.33136,-8.092601,49.67621,33.85846
1742845095640,190.4152,10502,Eye Hit,Center,605.9785,789.3518,49.35681,MicroBus3-Detailed,-33.19117,-9.718918,49.35682,35.01933
1742845095671,190.4451,10504,,Center,590.0435,790.2285,49.17427,,-33.50103,-9.633257,49.17427,35.33198
1742845095701,190.4762,10506,,Center,607.4865,791.9183,49.3707,,-33.15939,-9.575501,49.3707,34.95679
1742845095733,190.5079,10508,,Center,634.6185,793.4142,49.62304,,-32.58554,-9.538693,49.62304,34.38063
1742845095764,190.539,10510,,Center,649.8402,790.4092,49.73547,,-32.2414,-9.732756,49.73547,34.10391
1742845095794,190.5689,10512,,Center,636.2995,788.0847,49.6319,,-32.5453,-9.84559,49.6319,34.41436
1742845095824,190.5998,10514,,Center,585.0466,777.2062,49.09224,,-33.5806,-10.35485,49.09224,35.59557
1742845095855,190.6294,10516,,Center,573.4769,784.635,48.94967,,-33.79574,-9.905199,48.94967,35.73355
1742845095886,190.6599,10518,,Center,572.255,789.4853,48.93691,,-33.81994,-9.628763,48.93691,35.69937
1742845095901,190.6768,10519,,Center,576.6626,793.368,48.9931,,-33.73954,-9.420218,48.9931,35.56468
1742845095931,190.7065,10521,,Center,589.7435,799.4235,49.15895,,-33.49874,-9.108552,49.15895,35.22892
1742845095961,190.7366,10523,,Center,593.0834,792.6217,49.20349,,-33.43836,-9.503082,49.20349,35.24139
1742845095992,190.7661,10525,Eye Hit,Center,592.2452,784.5679,49.19262,RoadEast,-33.45374,-9.958116,49.19262,35.35743
1742845096023,190.7966,10527,,Center,592.8313,790.2377,49.20335,,-33.44511,-9.638394,49.20335,35.27542
1742845096053,190.8277,10529,,Center,588.4767,792.6714,49.15245,,-33.52869,-9.490411,49.15245,35.33421
1742845096083,190.8578,10531,,Center,590.9489,791.4528,49.18284,,-33.48228,-9.565328,49.18284,35.29877
1742845096114,190.8886,10533,,Center,600.8011,788.4006,49.29691,,-33.29179,-9.761279,49.29691,35.13645
1742845096145,190.9191,10535,,Center,618.4158,789.7068,49.48108,,-32.93497,-9.722999,49.48108,34.7609
1742845096174,190.9488,10537,,Center,619.26,794.353,49.48915,,-32.91727,-9.459339,49.48915,34.68555
1742845096204,190.9801,10539,,Center,614.1054,793.0065,49.43919,,-33.02473,-9.526541,49.43919,34.80796
1742845096236,191.0109,10541,,Center,601.1547,795.3272,49.29991,,-33.2842,-9.367683,49.29991,35.04455
1742845096265,191.0408,10543,,Center,592.4824,801.3695,49.19676,,-33.45012,-9.005213,49.19676,35.15065
1742845096295,191.072,10545,Eye Hit,Center,633.4626,804.8606,49.60777,MicroBus3-Detailed,-32.60717,-8.880603,49.60777,34.26431
1742845096326,191.1008,10547,Eye Hit,Center,607.3224,805.1049,49.3618,MicroBus3-Detailed,-33.15789,-8.822634,49.3618,34.80331
1742845096357,191.1326,10549,Eye Hit,Center,569.4933,800.8004,48.90527,MicroBus3-Detailed,-33.87264,-8.98395,48.90527,35.62405
1742845096387,191.1614,10551,Eye Hit,Center,514.3859,796.343,48.03499,MicroBus3-Detailed,-34.73134,-9.071076,48.03499,36.77063
1742845096401,191.1781,10552,Eye Hit,Center,442.25,794.2805,46.59221,MicroBus3-Detailed,-35.54375,-8.909522,46.59221,38.18399
1742845096432,191.2082,10554,,Center,344.5144,792.0325,44.25679,,-36.15023,-8.577742,44.25679,40.01376
1742845096463,191.2387,10556,,Center,287.5807,798.3816,42.77488,,-36.28432,-7.977069,42.77488,40.97498
1742845096493,191.2686,10558,,Center,416.056,808.076,45.99065,,-35.74994,-8.062384,45.99065,38.54969
1742845096523,191.2983,10560,,Center,496.6761,808.3215,47.69622,,-34.95274,-8.347911,47.69622,36.9955
1742845096554,191.3282,10562,,Center,451.7378,805.8136,46.78822,,-35.44818,-8.324286,46.78822,37.89148
1742845096585,191.3596,10564,,Center,468.3044,805.3827,47.13852,,-35.28245,-8.410166,47.13852,37.57665
1742845096615,191.3893,10566,,Center,494.9447,820.8406,47.64082,,-34.95768,-7.649978,47.64082,36.91169
1742845096645,191.4195,10568,,Center,612.8745,830.284,49.35909,,-33.00477,-7.387952,49.35909,34.41949
1742845096676,191.4499,10570,,Center,644.3951,840.1717,49.59272,,-32.29795,-6.857269,49.59272,33.65491
1742845096705,191.4798,10572,,Center,622.6124,842.532,49.40526,,-32.77003,-6.696778,49.40526,34.09795
1742845096734,191.511,10574,,Center,540.1768,846.3068,48.34603,,-34.26782,-6.342599,48.34603,35.78564
1742845096763,191.5401,10576,,Center,505.2159,858.6293,47.68713,,-34.72125,-5.577987,47.68713,36.40659
1742845096794,191.5699,10578,,Center,558.6951,855.6265,48.58262,,-33.9388,-5.8512,48.58262,35.33226
1742845096824,191.5995,10580,Eye Hit,Center,699.5529,839.4596,49.86056,SW_Tree_10,-30.95398,-6.935198,49.86056,32.4646
1742845096855,191.6312,10582,,Center,823.846,844.0439,49.34471,,-27.24758,-6.602361,49.34471,29.60385
1742845096875,191.6512,10583,,Center,781.634,847.2549,49.6634,,-28.58099,-6.461043,49.6634,30.54127
1742845096906,191.6811,10585,,Center,821.1807,832.9487,49.42229,,-27.36314,-7.245452,49.42229,29.80151
1742845096944,191.7138,10587,,Center,822.172,829.5877,49.42509,,-27.33764,-7.437616,49.42509,29.8221
1742845096961,191.7348,10588,,Center,797.7919,826.4186,49.64217,,-28.12591,-7.651882,49.64217,30.42003
1742845096992,191.7669,10590,,Center,823.6387,818.806,49.43914,,-27.30539,-8.054733,49.43914,29.9347
1742845097031,191.8044,10592,,Center,830.5989,811.4761,49.38403,,-27.08518,-8.463604,49.38403,29.88227
1742845097063,191.837,10594,,Center,830.1985,807.3935,49.39261,,-27.1008,-8.697581,49.39261,29.95251
1742845097094,191.8683,10596,Eye Hit,Center,831.5103,810.3391,49.3717,SportCar5-Detailed,-27.05357,-8.52608,49.3717,29.87845
1742845097127,191.9025,10598,Eye Hit,Center,823.2555,809.5964,49.45541,SportCar5-Detailed,-27.32484,-8.582987,49.45541,30.07644
1742845097159,191.9339,10600,,Center,839.7138,811.6702,49.27734,,-26.77868,-8.434227,49.27734,29.6721
1742845097191,191.9655,10602,,Center,835.7271,809.2444,49.32458,,-26.91292,-8.580414,49.32458,29.79928
1742845097224,191.9966,10604,Eye Hit,Center,828.2538,811.7203,49.39832,SportCar5-Detailed,-27.15696,-8.452106,49.39832,29.93185
1742845097239,192.0139,10605,Eye Hit,Center,830.2654,813.7434,49.37348,SportCar5-Detailed,-27.08848,-8.332582,49.37348,29.85645
1742845097271,192.0451,10607,Eye Hit,Center,827.9776,811.3361,49.40093,SportCar5-Detailed,-27.16593,-8.474408,49.40093,29.94378
1742845097304,192.0774,10609,Eye Hit,Center,827.3801,806.2664,49.41436,SportCar5-Detailed,-27.18962,-8.765689,49.41436,30.03329
1742845097335,192.1101,10611,Eye Hit,Center,826.3337,804.7524,49.4252,SportCar5-Detailed,-27.22415,-8.853964,49.4252,30.07999
1742845097368,192.1424,10613,Eye Hit,Center,827.7754,801.2583,49.41377,SportCar5-Detailed,-27.17851,-9.051153,49.41376,30.10162
1742845097400,192.1745,10615,Eye Hit,Center,828.4898,798.8083,49.40858,SportCar5-Detailed,-27.15617,-9.189864,49.40858,30.12415
1742845097432,192.2073,10617,Eye Hit,Center,825.9515,800.31,49.43239,SportCar5-Detailed,-27.23853,-9.108682,49.43239,30.15742
1742845097465,192.2388,10619,Eye Hit,Center,831.0118,793.7682,49.38359,SportCar5-Detailed,-27.07368,-9.472497,49.38359,30.14886
1742845097496,192.2716,10621,Eye Hit,Center,830.824,791.1318,49.38679,SportCar5-Detailed,-27.08055,-9.623267,49.38679,30.19634
1742845097529,192.3039,10623,Eye Hit,Center,835.444,786.9993,49.33738,SportCar5-Detailed,-26.92761,-9.848902,49.33738,30.16286
1742845097561,192.3363,10625,Eye Hit,Center,830.3978,772.5033,49.37628,SportCar5-Detailed,-27.0864,-10.68261,49.37628,30.52756
1742845097594,192.368,10627,Eye Hit,Center,831.8017,768.4471,49.35481,SportCar5-Detailed,-27.03636,-10.90896,49.3548,30.57066
1742845097629,192.4035,10629,Eye Hit,Center,837.0594,763.714,49.28735,SportCar5-Detailed,-26.85635,-11.1633,49.28735,30.54451
1742845097661,192.4352,10631,Eye Hit,Center,839.9939,766.6354,49.2621,SportCar5-Detailed,-26.76278,-10.99146,49.2621,30.42601
1742845097693,192.4672,10633,Eye Hit,Center,846.7906,766.7632,49.18362,SportCar5-Detailed,-26.53558,-10.96682,49.18362,30.27561
1742845097726,192.4999,10635,Eye Hit,Center,852.6147,770.4534,49.12075,SportCar5-Detailed,-26.34372,-10.7435,49.12075,30.07895
1742845097758,192.5323,10637,Eye Hit,Center,855.4893,768.4066,49.08047,SportCar5-Detailed,-26.24422,-10.85077,49.08047,30.0545
1742845097790,192.5634,10639,Eye Hit,Center,856.7964,766.1968,49.05885,SportCar5-Detailed,-26.19725,-10.971,49.05885,30.06791
1742845097806,192.5802,10640,Eye Hit,Center,857.8607,766.8604,49.04658,SportCar5-Detailed,-26.16188,-10.93065,49.04659,30.03195
1742845097839,192.6124,10642,Eye Hit,Center,858.2598,767.478,49.04292,SportCar5-Detailed,-26.14911,-10.89484,49.04292,30.01141
1742845097871,192.6451,10644,Eye Hit,Center,863.7922,769.1516,48.97522,SportCar5-Detailed,-25.96342,-10.78528,48.97522,29.85817
1742845097905,192.6777,10646,Eye Hit,Center,864.6084,768.8399,48.96387,SportCar5-Detailed,-25.93534,-10.80034,48.96387,29.84617
1742845097921,192.695,10647,Eye Hit,Center,865.7643,769.7772,48.95078,SportCar5-Detailed,-25.89717,-10.7446,48.95078,29.80289
1742845097937,192.7117,10648,Eye Hit,Center,866.9491,770.0017,48.93513,SportCar5-Detailed,-25.85688,-10.72848,48.93513,29.77253
1742845097970,192.744,10650,Eye Hit,Center,869.0712,768.1035,48.90244,SportCar5-Detailed,-25.78232,-10.82839,48.90244,29.76227
1742845098003,192.7775,10652,Eye Hit,Center,881.4341,770.5612,48.73262,SportCar5-Detailed,-25.36015,-10.65265,48.73262,29.44213
1742845098036,192.8099,10654,Eye Hit,Center,889.0061,777.8092,48.63105,SportCar5-Detailed,-25.104,-10.22363,48.63105,29.13441
1742845098068,192.8428,10656,Eye Hit,Center,889.8419,780.4607,48.62113,SportCar5-Detailed,-25.07644,-10.07278,48.62114,29.06552
1742845098086,192.8598,10657,Eye Hit,Center,907.5201,788.9901,48.3449,SportCar5-Detailed,-24.46212,-9.539752,48.3449,28.50672
1742845098102,192.8767,10658,Eye Hit,Center,908.3329,788.061,48.33073,SportCar5-Detailed,-24.43326,-9.588771,48.33073,28.50549
1742845098135,192.9093,10660,Eye Hit,Center,923.7858,797.7103,48.06471,MicroBus5-Detailed,-23.8887,-9.000968,48.06471,27.9737
1742845098169,192.9424,10662,Eye Hit,Center,929.1311,795.0744,47.97007,MicroBus5-Detailed,-23.7001,-9.129082,47.97007,27.89878
1742845098187,192.9597,10663,Eye Hit,Center,935.565,795.6284,47.85278,MicroBus5-Detailed,-23.47217,-9.076099,47.85278,27.73993
1742845098202,192.9773,10664,Eye Hit,Center,937.1074,795.9589,47.82378,MicroBus5-Detailed,-23.41722,-9.052348,47.82378,27.69808
1742845098234,193.0087,10666,Eye Hit,Center,938.2407,795.1046,47.80306,MicroBus5-Detailed,-23.37717,-9.095658,47.80306,27.68794
1742845098267,193.0417,10668,Eye Hit,Center,939.3909,796.4735,47.78096,MicroBus5-Detailed,-23.33602,-9.015995,47.78096,27.63566
1742845098299,193.0744,10670,Eye Hit,Center,937.5084,795.7377,47.81664,MicroBus5-Detailed,-23.40314,-9.063228,47.81664,27.69295
1742845098332,193.1064,10672,Eye Hit,Center,935.9999,797.4357,47.84426,MicroBus5-Detailed,-23.45651,-8.974833,47.84426,27.69629
1742845098367,193.1408,10674,Eye Hit,Center,933.8731,796.077,47.88432,MicroBus5-Detailed,-23.53237,-9.057428,47.88432,27.77072
1742845098399,193.1743,10676,Eye Hit,Center,887.2645,773.0894,48.65083,SportCar5-Detailed,-25.16099,-10.4928,48.65083,29.26385
1742845098433,193.2056,10678,Eye Hit,Center,887.3236,775.8784,48.65477,SportCar5-Detailed,-25.16143,-10.337,48.65477,29.20881
1742845098451,193.2237,10679,Eye Hit,Center,887.4614,775.3967,48.65261,SportCar5-Detailed,-25.15662,-10.36364,48.65261,29.21498
1742845098466,193.2412,10680,Eye Hit,Center,887.3209,775.6298,48.65522,SportCar5-Detailed,-25.16175,-10.35121,48.65522,29.21369
1742845098498,193.2725,10682,Eye Hit,Center,886.0467,774.5595,48.673,SportCar5-Detailed,-25.20518,-10.41496,48.673,29.26254
1742845098530,193.305,10684,Eye Hit,Center,882.2921,776.46,48.73233,SportCar5-Detailed,-25.33692,-10.32076,48.73233,29.30985
1742845098562,193.3369,10686,Eye Hit,Center,878.5741,777.6594,48.78954,SportCar5-Detailed,-25.46682,-10.2655,48.78954,29.37009
1742845098594,193.3695,10688,Eye Hit,Center,873.4144,775.0987,48.85967,SportCar5-Detailed,-25.64261,-10.42453,48.85967,29.53296
1742845098626,193.401,10690,Eye Hit,Center,867.7426,772.921,48.93438,SportCar5-Detailed,-25.83506,-10.56348,48.93438,29.69961
1742845098659,193.4324,10692,Eye Hit,Center,858.4478,769.1711,49.05052,SportCar5-Detailed,-26.14808,-10.80073,49.05053,29.97513
1742845098675,193.4491,10693,Eye Hit,Center,857.749,765.7905,49.05133,SportCar5-Detailed,-26.16743,-10.99233,49.05133,30.05489
1742845098707,193.4821,10695,Eye Hit,Center,848.69,761.6746,49.15226,SportCar5-Detailed,-26.46712,-11.24839,49.15226,30.33123
1742845098740,193.5137,10697,Eye Hit,Center,838.7755,756.3236,49.25039,SportCar5-Detailed,-26.78955,-11.57482,49.25039,30.64872
1742845098772,193.5456,10699,Eye Hit,Center,834.7503,752.6533,49.28249,SportCar5-Detailed,-26.91652,-11.79124,49.28249,30.80657
1742845098803,193.5779,10701,Eye Hit,Center,830.1641,746.7354,49.30701,SportCar5-Detailed,-27.05476,-12.13379,49.30701,31.02089
1742845098835,193.6089,10703,Eye Hit,Center,829.2589,748.1627,49.32182,SportCar5-Detailed,-27.08753,-12.05615,49.32182,31.01181
1742845098867,193.642,10705,Eye Hit,Center,862.6161,762.1864,48.9795,MicroBus5-Detailed,-25.9975,-11.17989,48.9795,30.01855
1742845098898,193.6729,10707,Eye Hit,Center,863.6684,763.6651,48.96878,MicroBus5-Detailed,-25.96337,-11.09395,48.96878,29.96673
1742845098930,193.7044,10709,Eye Hit,Center,858.4319,761.6584,49.03125,MicroBus5-Detailed,-26.13824,-11.22163,49.03125,30.11997
1742845098961,193.7356,10711,Eye Hit,Center,854.5301,758.3685,49.0709,MicroBus5-Detailed,-26.26508,-11.41696,49.0709,30.26904
1742845098992,193.7665,10713,Eye Hit,Center,848.3567,757.9446,49.14489,MicroBus5-Detailed,-26.47219,-11.45817,49.14489,30.41078
1742845099025,193.798,10715,Eye Hit,Center,850.3549,751.868,49.0999,MicroBus5-Detailed,-26.39379,-11.79194,49.0999,30.48797
1742845099055,193.8296,10717,Eye Hit,Center,848.7018,748.6145,49.10712,MicroBus5-Detailed,-26.44249,-11.978,49.10712,30.58879
1742845099087,193.8613,10719,Eye Hit,Center,849.0957,747.6574,49.09803,MicroBus5-Detailed,-26.42691,-12.03011,49.09803,30.5998
1742845099119,193.892,10721,Eye Hit,Center,848.1674,744.9301,49.09762,MicroBus5-Detailed,-26.45186,-12.18453,49.09762,30.67516
1742845099134,193.9098,10722,Eye Hit,Center,848.9022,743.7069,49.08391,MicroBus5-Detailed,-26.42457,-12.2504,49.08392,30.68464
1742845099166,193.9401,10724,Eye Hit,Center,846.3557,741.3643,49.10353,MicroBus5-Detailed,-26.50416,-12.38792,49.10353,30.78684
1742845099198,193.9723,10726,Eye Hit,Center,845.5632,740.6029,49.10875,MicroBus5-Detailed,-26.52847,-12.4325,49.10875,30.81938
1742845099229,194.0038,10728,Eye Hit,Center,849.881,733.7154,49.02314,MicroBus5-Detailed,-26.36536,-12.80037,49.02314,30.87302
1742845099261,194.0359,10730,Eye Hit,Center,852.4417,732.1658,48.98365,MicroBus5-Detailed,-26.27487,-12.8777,48.98365,30.85247
1742845099293,194.0678,10732,Eye Hit,Center,855.7969,730.0336,48.92976,MicroBus5-Detailed,-26.15532,-12.98392,48.92976,30.82829
1742845099325,194.0988,10734,Eye Hit,Center,858.0878,728.1263,48.88994,MicroBus5-Detailed,-26.0722,-13.08097,48.88994,30.82199
1742845099357,194.1311,10736,Eye Hit,Center,860.6266,726.9802,48.85069,MicroBus5-Detailed,-25.98278,-13.13494,48.85069,30.79417
1742845099389,194.1632,10738,Eye Hit,Center,861.2462,726.309,48.83823,MicroBus5-Detailed,-25.95946,-13.16941,48.83823,30.79606
1742845099420,194.1944,10740,Eye Hit,Center,861.648,727.0549,48.83727,MicroBus5-Detailed,-25.94811,-13.12723,48.83727,30.77129
1742845099453,194.2264,10742,Eye Hit,Center,863.206,725.9491,48.81052,MicroBus5-Detailed,-25.89192,-13.18223,48.81052,30.76324
1742845099468,194.2442,10743,Eye Hit,Center,864.8227,726.1722,48.79082,MicroBus5-Detailed,-25.83792,-13.16443,48.79082,30.72466
1742845099500,194.275,10745,Eye Hit,Center,865.2401,725.6697,48.7817,MicroBus5-Detailed,-25.82185,-13.19026,48.7817,30.72712
1742845099534,194.3078,10747,Eye Hit,Center,871.5405,726.3712,48.70125,MicroBus5-Detailed,-25.60985,-13.12913,48.70124,30.58021
1742845099565,194.3406,10749,Eye Hit,Center,873.6631,722.5433,48.64909,MicroBus5-Detailed,-25.52541,-13.32996,48.64909,30.62219
1742845099599,194.3729,10751,Eye Hit,Center,835.5446,713.5293,49.05616,SportCar5-Detailed,-26.77139,-13.95163,49.05616,31.60772
1742845099631,194.4043,10753,Eye Hit,Center,813.395,705.8751,49.21243,SportCar5-Detailed,-27.45849,-14.43068,49.21243,32.22404
1742845099663,194.4384,10755,Eye Hit,Center,812.0722,703.8482,49.20729,SportCar5-Detailed,-27.49156,-14.54442,49.20729,32.29526
1742845099695,194.4701,10757,Eye Hit,Center,812.7711,703.8832,49.2021,SportCar5-Detailed,-27.46967,-14.54082,49.2021,32.28049
1742845099729,194.5022,10759,Eye Hit,Center,816.768,702.8369,49.15796,SportCar5-Detailed,-27.33656,-14.58722,49.15796,32.22391
1742845099745,194.5192,10760,Eye Hit,Center,812.9922,704.4702,49.20391,SportCar5-Detailed,-27.46468,-14.50795,49.20391,32.26307
1742845099777,194.5506,10762,Eye Hit,Center,854.3124,721.5984,48.89491,SportCar5-Detailed,-26.17676,-13.45048,48.89491,31.04407
1742845099808,194.5822,10764,Eye Hit,Center,915.5283,722.4362,48.00152,MicroBus5-Detailed,-24.07613,-13.15839,48.00152,29.75192
1742845099840,194.6146,10766,Eye Hit,Center,913.7048,727.4702,48.06128,MicroBus5-Detailed,-24.15449,-12.89555,48.06128,29.67085
1742845099872,194.6466,10768,Eye Hit,Center,914.1032,728.3476,48.05908,MicroBus5-Detailed,-24.14282,-12.84637,48.05908,29.64189
1742845099905,194.6786,10770,Eye Hit,Center,912.2979,731.897,48.10812,MicroBus5-Detailed,-24.2154,-12.66239,48.10812,29.5973
1742845099921,194.6953,10771,Eye Hit,Center,912.2043,732.559,48.11332,MicroBus5-Detailed,-24.22051,-12.62705,48.11332,29.58398
1742845099954,194.7274,10773,Eye Hit,Center,908.3044,734.9108,48.19006,MicroBus5-Detailed,-24.3629,-12.51648,48.19006,29.61281
1742845099971,194.7446,10774,Eye Hit,Center,908.5146,735.2514,48.18804,MicroBus5-Detailed,-24.35628,-12.49702,48.18804,29.60057
1742845100003,194.7773,10776,Eye Hit,Center,906.9233,736.2877,48.21904,MicroBus5-Detailed,-24.41432,-12.44731,48.21904,29.61083
1742845100038,194.8113,10778,Eye Hit,Center,900.3968,736.2072,48.32374,MicroBus5-Detailed,-24.64146,-12.47876,48.32373,29.75155
1742845100054,194.8283,10779,Eye Hit,Center,898.6844,735.4843,48.34768,MicroBus5-Detailed,-24.69938,-12.52533,48.34768,29.80425
1742845100087,194.8608,10781,Eye Hit,Center,918.9652,746.3714,48.06056,MicroBus5-Detailed,-24.01456,-11.84722,48.06056,29.12523
1742845100121,194.8951,10783,Eye Hit,Center,915.6722,752.296,48.13873,MicroBus5-Detailed,-24.14113,-11.53742,48.13873,29.06614
1742845100154,194.9278,10785,Eye Hit,Center,910.465,751.3914,48.22388,MicroBus5-Detailed,-24.32247,-11.60805,48.22388,29.19917
1742845100174,194.9451,10786,Eye Hit,Center,907.997,752.5164,48.26825,MicroBus5-Detailed,-24.41062,-11.55612,48.26825,29.22858
1742845100191,194.9645,10787,Eye Hit,Center,910.3039,753.1036,48.23219,MicroBus5-Detailed,-24.33096,-11.51474,48.23219,29.16564
1742845100224,194.9975,10789,Eye Hit,Center,905.6767,752.8558,48.30791,MicroBus5-Detailed,-24.49257,-11.54663,48.30791,29.27178
1742845100240,195.0147,10790,Eye Hit,Center,903.4909,754.011,48.34797,MicroBus5-Detailed,-24.57122,-11.49185,48.34797,29.29474
1742845100274,195.0482,10792,Eye Hit,Center,904.1703,753.608,48.33508,MicroBus5-Detailed,-24.54654,-11.51128,48.33508,29.28853
1742845100307,195.0813,10794,Eye Hit,Center,916.722,754.4174,48.12761,MicroBus5-Detailed,-24.10766,-11.41688,48.12761,28.99712
1742845100341,195.1138,10796,,Center,954.3145,746.7867,47.40936,,-22.7639,-11.66391,47.40936,28.34762
1742845100358,195.131,10797,,Center,952.196,747.2972,47.45204,,-22.8399,-11.64654,47.45204,28.38197
1742845100390,195.1639,10799,,Center,950.8715,747.8207,47.47969,,-22.88792,-11.62452,47.47969,28.39864
1742845100406,195.1807,10800,,Center,949.0835,748.7719,47.51716,,-22.9529,-11.58167,47.51716,28.41577
1742845100439,195.2137,10802,,Center,943.5242,748.657,47.62365,,-23.15051,-11.61399,47.62365,28.53982
1742845100472,195.2464,10804,,Center,939.873,748.5721,47.69109,,-23.27943,-11.63499,47.69109,28.62135
1742845100505,195.278,10806,,Center,939.6873,750.6794,47.70243,,-23.28985,-11.52183,47.70243,28.57761
1742845100522,195.2957,10807,,Center,932.4356,751.2136,47.83839,,-23.54777,-11.5251,47.83839,28.72408
1742845100555,195.3285,10809,,Center,931.9187,750.5963,47.84605,,-23.56518,-11.56108,47.84605,28.74919
1742845100588,195.3615,10811,,Center,930.4507,755.4991,47.8894,,-23.62535,-11.30064,47.8894,28.67264
1742845100621,195.3937,10813,,Center,929.7388,751.2346,47.88795,,-23.64346,-11.53596,47.88795,28.78255
1742845100638,195.4107,10814,,Center,929.6652,751.0131,47.88814,,-23.64551,-11.54824,47.88815,28.7891
1742845100670,195.4436,10816,,Center,925.5722,752.4244,47.9665,,-23.79259,-11.48901,47.9665,28.84721
1742845100704,195.4767,10818,,Center,926.9802,752.8517,47.94263,,-23.74348,-11.45969,47.94263,28.80701
1742845100721,195.494,10819,,Center,924.7676,753.4051,47.98441,,-23.82278,-11.43892,47.98441,28.84319
1742845100754,195.5266,10821,,Center,930.1013,755.0035,47.89462,,-23.63716,-11.32927,47.89462,28.6912
1742845100771,195.544,10822,,Center,933.6705,755.1412,47.82985,,-23.51096,-11.30629,47.82985,28.60977
1742845100787,195.5607,10823,,Center,937.6476,754.9639,47.75634,,-23.36995,-11.29875,47.75634,28.52631
1742845100821,195.5935,10825,,Center,944.145,758.9091,47.64676,,-23.14541,-11.05581,47.64676,28.29556
1742845100837,195.6107,10826,,Center,952.0968,758.7496,47.49344,,-22.86243,-11.02911,47.49344,28.12305
1742845100854,195.6277,10827,Eye Hit,Center,871.8609,758.6135,48.83939,MicroBus5-Detailed,-25.67385,-11.34931,48.83939,29.8882
1742845100887,195.6613,10829,Eye Hit,Center,891.7897,752.4063,48.52873,MicroBus5-Detailed,-24.97661,-11.6246,48.52873,29.58314
1742845100921,195.6955,10831,Eye Hit,Center,908.5104,753.8081,48.2672,MicroBus5-Detailed,-24.39641,-11.48387,48.2672,29.1896
1742845100954,195.7267,10833,Eye Hit,Center,949.6606,754.3763,47.52932,MicroBus5-Detailed,-22.94362,-11.27731,47.52932,28.27519
1742845100972,195.7445,10834,Eye Hit,Center,970.9731,754.8649,47.10662,MicroBus5-Detailed,-22.18529,-11.15043,47.10662,27.79362
1742845100987,195.7618,10835,Eye Hit,Center,982.6981,756.9873,46.86877,MicroBus5-Detailed,-21.76987,-10.97933,46.86877,27.48411
1742845101020,195.7932,10837,Eye Hit,Center,1026.917,764.8667,45.90565,MicroBus5-Detailed,-20.2018,-10.33624,45.90565,26.30456
1742845101036,195.8112,10838,Eye Hit,Center,1056.61,766.551,45.20314,MicroBus5-Detailed,-19.15161,-10.0903,45.20314,25.58909
1742845101068,195.842,10840,Eye Hit,Center,1131.444,772.3222,43.31707,MicroBus5-Detailed,-16.56283,-9.380781,43.31707,23.72219
1742845101100,195.8749,10842,Eye Hit,Center,1154.366,773.3677,42.71549,MicroBus5-Detailed,-15.79222,-9.199,42.71548,23.16397
1742845101132,195.9075,10844,,Center,1097.376,769.4879,44.19366,,-17.72925,-9.715092,44.19366,24.58191
1742845101165,195.9402,10846,,Center,1085.759,767.3107,44.48495,,-18.13141,-9.890957,44.48495,24.90484
1742845101198,195.9716,10848,,Center,1103.344,760.2767,44.02553,,-17.51673,-10.14618,44.02553,24.69308
1742845101213,195.9883,10849,,Center,1058.113,762.3856,45.16013,,-19.0959,-10.29776,45.16013,25.66029
1742845101247,196.0201,10851,,Center,1005.303,761.5091,46.39076,,-20.96887,-10.62527,46.39076,26.87235
1742845101265,196.0381,10852,,Center,1061.138,761.0979,45.08294,,-18.98797,-10.34705,45.08294,25.62484
1742845101281,196.0554,10853,,Center,900.7028,771.8264,48.43932,,-24.69221,-10.51778,48.43932,28.98968
1742845101317,196.0866,10855,,Center,855.7677,777.0403,49.08863,,-26.24102,-10.36345,49.08863,29.88783
1742845101334,196.1075,10856,,Center,905.3288,775.9564,48.36713,,-24.53189,-10.27165,48.36713,28.80494
1742845101366,196.1407,10858,,Center,884.8137,782.9456,48.69549,,-25.24998,-9.948685,48.69549,29.13203
1742845101401,196.173,10860,,Center,918.6537,784.5552,48.14915,,-24.0671,-9.747619,48.14915,28.33736
1742845101416,196.191,10861,,Center,850.4768,783.959,49.15971,,-26.42264,-9.985956,49.15971,29.88125
1742845101449,196.2218,10863,,Center,834.5071,781.9359,49.34108,,-26.95516,-10.138,49.34108,30.27057
1742845101465,196.2393,10864,,Center,876.5265,783.4977,48.81538,,-25.53549,-9.942077,48.81538,29.30781
1742845101497,196.273,10866,,Center,883.7067,784.6938,48.71058,,-25.28757,-9.853479,48.71058,29.12472
1742845101530,196.305,10868,,Center,840.8072,781.673,49.26948,,-26.74467,-10.13831,49.26949,30.13591
1742845101561,196.3363,10870,,Center,794.1232,776.0996,49.69408,,-28.25597,-10.54511,49.69408,31.25375
1742845101593,196.3675,10872,,Center,700.5441,768.4208,49.92652,,-30.96762,-11.03687,49.92652,33.3641
1742845101625,196.3996,10874,,Center,678.2108,760.3531,49.83809,,-31.52729,-11.48138,49.83809,33.94988
1742845101656,196.4302,10876,,Center,637.2244,752.3369,49.56589,,-32.47671,-11.877,49.56589,34.9021
1742845101688,196.4616,10878,,Center,652.6407,749.6724,49.66734,,-32.12043,-12.05402,49.66734,34.6348
1742845101718,196.4925,10880,Eye Hit,Center,618.4042,752.6174,49.40469,NE_Tree_10,-32.88443,-11.82254,49.40469,35.27264
1742845101749,196.5231,10882,Eye Hit,Center,640.5621,756.1471,49.60714,NE_Tree_30,-32.41231,-11.66888,49.60714,34.77737
1742845101764,196.5404,10883,Eye Hit,Center,639.0762,756.1491,49.59464,NE_Tree_30,-32.44484,-11.66577,49.59464,34.80717
1742845101796,196.5711,10885,,Center,643.9599,758.5207,49.63965,,-32.34044,-11.54058,49.63965,34.67326
1742845101827,196.6012,10887,,Center,645.2649,761.2899,49.6576,,-32.31636,-11.386,49.6576,34.60549
1742845101858,196.6324,10889,,Center,639.2477,760.4077,49.60997,,-32.45018,-11.42562,49.60997,34.74004
1742845101889,196.6634,10891,,Center,632.293,758.684,49.54703,,-32.59925,-11.5096,49.54704,34.90538
1742845101920,196.695,10893,,Center,614.277,757.9288,49.37934,,-32.98007,-11.51378,49.37934,35.27649
1742845101951,196.7246,10895,,Center,582.6642,751.9199,49.00092,,-33.58258,-11.76537,49.00092,35.98672
1742845101967,196.7424,10896,,Center,560.2371,745.1081,48.66895,,-33.95768,-12.06812,48.66895,36.51919
1742845101998,196.7737,10898,,Center,486.5302,726.6609,47.32596,,-34.94652,-12.74248,47.32596,38.16658
1742845102029,196.8056,10900,,Center,429.3842,725.5958,46.12709,,-35.51658,-12.47635,46.12709,39.21781
1742845102061,196.8361,10902,,Center,429.3673,711.5433,46.04748,,-35.45571,-13.20153,46.04748,39.40732
1742845102092,196.8677,10904,,Center,583.9299,703.8147,48.73061,,-33.36327,-14.40539,48.73061,36.71337
1742845102125,196.9,10906,,Center,662.5237,709.0109,49.46998,,-31.72288,-14.32729,49.46998,35.1311
1742845102159,196.9322,10908,,Center,687.7471,716.7781,49.63577,,-31.13796,-13.93035,49.63577,34.49864
1742845102174,196.9497,10909,,Center,741.785,723.9596,49.71569,,-29.70486,-13.54085,49.71569,33.29071
1742845102210,196.9843,10911,Eye Hit,Center,653.6866,725.0278,49.53463,MicroBus5-Detailed,-32.00602,-13.43052,49.53463,35.01954
1742845102227,197.0019,10912,Eye Hit,Center,610.0061,727.238,49.18338,MicroBus5-Detailed,-32.96517,-13.20976,49.18338,35.83157
1742845102266,197.0402,10914,Eye Hit,Center,601.2245,723.8763,49.06746,MicroBus5-Detailed,-33.12537,-13.36898,49.06746,36.05485
1742845102304,197.0736,10916,Eye Hit,Center,621.0739,724.2593,49.26903,MicroBus5-Detailed,-32.72152,-13.40229,49.26903,35.66659
1742845102322,197.094,10917,Eye Hit,Center,642.207,725.4027,49.45664,MicroBus5-Detailed,-32.26908,-13.38805,49.45664,35.23736
1742845102338,197.1117,10918,Eye Hit,Center,619.3067,726.98,49.27112,MicroBus5-Detailed,-32.77098,-13.24818,49.27112,35.65603
1742845102374,197.145,10920,Eye Hit,Center,503.8974,738.5479,47.70044,MicroBus5-Detailed,-34.76567,-12.18897,47.70044,37.68
1742845102390,197.1648,10921,Eye Hit,Center,552.2081,744.3832,48.5388,MicroBus5-Detailed,-34.08204,-12.07639,48.5388,36.68378
1742845102424,197.1966,10923,Eye Hit,Center,588.3531,747.1632,49.04336,MicroBus5-Detailed,-33.45761,-12.04458,49.04336,35.94452
1742845102439,197.2137,10924,,Center,621.8743,744.0482,49.39305,,-32.78205,-12.30815,49.39305,35.33418
1742845102471,197.245,10926,,Center,513.35,749.4921,47.91439,,-34.67154,-11.63865,47.91439,37.35435
1742845102503,197.2774,10928,,Center,516.7375,756.902,47.99929,,-34.64321,-11.24893,47.99929,37.19267
1742845102534,197.3085,10930,,Center,580.1115,760.8542,48.98205,,-33.63867,-11.25577,48.98205,35.91133
1742845102564,197.3403,10932,,Center,590.4104,761.683,49.11242,,-33.44895,-11.23871,49.11242,35.69669
1742845102594,197.3689,10934,,Center,551.8731,763.8273,48.59306,,-34.12912,-10.99975,48.59306,36.42447
1742845102622,197.3986,10936,,Center,573.5589,759.3322,48.89057,,-33.75272,-11.32055,48.89057,36.06093
1742845102652,197.4263,10938,,Center,769.0823,759.2078,49.79397,,-29.00119,-11.53694,49.79397,32.08018
1742845102680,197.456,10940,,Center,798.3354,763.4177,49.62891,,-28.10351,-11.2577,49.62891,31.38389
1742845102710,197.4851,10942,,Center,833.1238,767.1318,49.32661,,-26.98491,-10.97763,49.32661,30.56615
1742845102740,197.5148,10944,,Center,805.2906,775.6565,49.60069,,-27.89706,-10.55083,49.60069,31.01908
1742845102769,197.5445,10946,,Center,842.535,776.1425,49.24119,,-26.68234,-10.44675,49.2412,30.19607
1742845102798,197.5742,10948,,Center,828.9388,778.7095,49.39284,,-27.13528,-10.33253,49.39284,30.44944
1742845102828,197.6034,10950,,Center,866.5128,762.9293,48.91951,,-25.86042,-11.12421,48.91951,29.91899
1742845102857,197.6318,10952,,Center,859.2447,758.493,49.00132,,-26.1003,-11.39367,49.00132,30.16447
1742845102887,197.6609,10954,,Center,853.8862,755.7756,49.05823,,-26.27574,-11.56073,49.05823,30.33413
1742845102915,197.6909,10956,,Center,849.5062,760.4524,49.12414,,-26.42984,-11.31129,49.12414,30.33717
1742845102945,197.7201,10958,,Center,850.2884,760.5782,49.11282,,-26.40254,-11.30156,49.11282,30.31779
1742845102974,197.7488,10960,,Center,866.7424,749.3831,48.86158,,-25.8236,-11.87488,48.86158,30.18681
1742845103003,197.7791,10962,,Center,891.7404,726.2829,48.38501,,-24.90395,-13.04866,48.38501,30.15985
1742845103033,197.8087,10964,,Center,910.0561,712.2617,48.00492,,-24.22288,-13.72299,48.00492,30.11124
1742845103064,197.8397,10966,,Center,945.0135,710.1866,47.37409,,-22.99024,-13.65595,47.37409,29.44242
1742845103093,197.8689,10968,,Center,1009.575,716.0123,46.0861,,-20.72247,-12.97491,46.0861,27.94657
1742845103122,197.898,10970,,Center,1080.945,703.7301,44.33537,,-18.18829,-13.11033,44.33537,26.82619
1742845103152,197.9267,10972,Eye Hit,Center,1128.532,708.3392,43.15808,HighMale2,-16.57142,-12.5327,43.15808,25.70683
1742845103182,197.9564,10974,,Center,1088.688,730.7396,44.25566,,-17.9664,-11.70748,44.25566,25.85271
1742845103211,197.9863,10976,Eye Hit,Center,908.1644,749.3968,48.18323,SouthSidewalk,-24.36318,-11.70928,48.18324,29.29256
1742845103239,198.0153,10978,,Center,780.1575,794.2649,49.7151,,-28.65126,-9.507641,49.7151,31.26661
1742845103268,198.044,10980,,Center,863.5065,807.496,48.87822,,-25.91972,-8.601217,48.87822,29.19327
1742845103296,198.0724,10982,Eye Hit,Center,743.1581,798.5931,49.82761,SouthSidewalk,-29.73396,-9.280163,49.82761,32.01055
1742845103325,198.1004,10984,Eye Hit,Center,706.3669,799.5205,49.84781,SouthSidewalk,-30.75854,-9.230675,49.84781,32.7911
1742845103354,198.1294,10986,Eye Hit,Center,743.4284,805.9072,49.83048,SouthSidewalk,-29.72823,-8.860215,49.83047,31.90311
1742845103383,198.1588,10988,Eye Hit,Center,808.5693,812.1119,49.47657,SouthSidewalk,-27.73769,-8.443028,49.47657,30.37111
1742845103412,198.1874,10990,Eye Hit,Center,775.2766,805.9764,49.72007,SouthSidewalk,-28.78811,-8.836611,49.72007,31.2019
1742845103441,198.2163,10992,Eye Hit,Center,734.2123,795.243,49.87234,SouthSidewalk,-30.00697,-9.481403,49.87234,32.2518
1742845103469,198.2453,10994,Eye Hit,Center,762.424,793.3419,49.75948,SouthSidewalk,-29.16401,-9.569089,49.75948,31.66805
1742845103498,198.2746,10996,Eye Hit,Center,716.4617,788.107,49.85035,SouthSidewalk,-30.48228,-9.887588,49.85035,32.73454
1742845103527,198.3031,10998,Eye Hit,Center,737.6041,785.3354,49.83851,SouthSidewalk,-29.89328,-10.04475,49.83851,32.32396
1742845103556,198.3318,11000,Eye Hit,Center,757.0277,787.0061,49.79279,SouthSidewalk,-29.33188,-9.939425,49.79279,31.88083
1742845103586,198.3599,11002,Eye Hit,Center,772.2009,786.2181,49.73242,SouthSidewalk,-28.87971,-9.972716,49.73242,31.56449
1742845103614,198.3892,11004,Eye Hit,Center,778.5505,776.0736,49.67294,SouthSidewalk,-28.67104,-10.54214,49.67294,31.5906
1742845103643,198.4191,11006,Eye Hit,Center,782.2609,766.8636,49.64163,SouthSidewalk,-28.55126,-11.06307,49.64163,31.66692
1742845103672,198.4476,11008,Eye Hit,Center,768.6912,775.1606,49.74235,SouthSidewalk,-28.98186,-10.60943,49.74234,31.81761
1742845103702,198.4763,11010,Eye Hit,Center,757.9789,783.2418,49.76279,SouthSidewalk,-29.28808,-10.14966,49.76279,31.91849
1742845103730,198.5069,11012,Eye Hit,Center,710.3807,725.9609,49.64127,SouthSidewalk,-30.52109,-13.40602,49.64127,33.8825
1742845103760,198.5347,11014,Eye Hit,Center,711.8212,717.527,49.59854,SouthSidewalk,-30.45538,-13.87714,49.59855,34.01059
1742845103789,198.563,11016,Eye Hit,Center,708.7103,697.3215,49.44411,SouthSidewalk,-30.44547,-14.98674,49.44411,34.46235
1742845103818,198.5922,11018,Eye Hit,Center,706.605,679.3366,49.27455,SouthSidewalk,-30.39835,-15.9579,49.27455,34.86714
1742845103846,198.6205,11020,Eye Hit,Center,669.9682,732.5936,49.60347,SouthSidewalk,-31.60459,-13.01605,49.60347,34.5693
1742845103875,198.6493,11022,Eye Hit,Center,558.9814,953.2891,47.54498,SouthWalkingSignal,-33.20641,-0.3681972,47.54498,34.93291
1742845103903,198.6787,11024,Eye Hit,Center,562.2695,944.9561,47.67401,SouthWalkingSignal,-33.21,-0.8276682,47.67402,34.86964
1742845103931,198.7072,11026,Eye Hit,Center,549.7037,958.4712,47.32711,SouthWalkingSignal,-33.29666,-0.08343303,47.32711,35.12812
1742845103960,198.7352,11028,Eye Hit,Center,556.5637,962.52,47.37216,SouthWalkingSignal,-33.14895,0.1376762,47.37216,34.98287
1742845103988,198.7629,11030,Eye Hit,Center,568.6221,942.5012,47.80944,SouthWalkingSignal,-33.13665,-0.9653459,47.80944,34.73715
1742845104017,198.7919,11032,Eye Hit,Center,573.8569,929.4099,48.0447,SouthWalkingSignal,-33.16085,-1.695867,48.0447,34.64875
1742845104044,198.8193,11034,Eye Hit,Center,581.526,917.9894,48.27752,SouthWalkingSignal,-33.11713,-2.340377,48.27752,34.51573
1742845104072,198.8478,11036,Eye Hit,Center,586.6556,920.9529,48.31122,SouthWalkingSignal,-33.00342,-2.176701,48.31122,34.39656
1742845104101,198.8773,11038,Eye Hit,Center,613.4276,915.7783,48.61652,SouthWalkingSignal,-32.4934,-2.480695,48.61652,33.83419
1742845104129,198.9047,11040,Eye Hit,Center,617.5538,948.5129,48.25039,SouthWalkingSignal,-32.13877,-0.6396312,48.25039,33.67215
1742845104157,198.9324,11042,Eye Hit,Center,618.0642,954.2455,48.17974,SouthWalkingSignal,-32.07813,-0.3199937,48.17974,33.65704
1742845104186,198.9608,11044,Eye Hit,Center,645.1151,945.1353,48.51728,SouthWalkingSignal,-31.57826,-0.8321393,48.51728,33.06784
1742845104213,198.9893,11046,Eye Hit,Center,657.0447,938.2971,48.68809,SouthWalkingSignal,-31.36877,-1.219333,48.68809,32.81258
1742845104242,199.0177,11048,Eye Hit,Center,659.9869,957.4442,48.44051,SouthWalkingSignal,-31.13057,-0.1428608,48.44051,32.72733
1742845104271,199.0474,11050,Eye Hit,Center,651.4594,978.757,48.06685,SouthWalkingSignal,-31.11673,1.040362,48.06685,32.93215
1742845104300,199.0757,11052,Eye Hit,Center,637.7047,1004.169,47.51269,SouthWalkingSignal,-31.1188,2.421609,47.5127,33.30243
1742845104329,199.1056,11054,,Center,688.5816,919.1921,49.04211,,-30.74295,-2.30935,49.04211,32.15489
1742845104358,199.1334,11056,Eye Hit,Center,742.9948,763.256,49.79811,SouthSidewalk,-29.72085,-11.30539,49.79811,32.56014
1742845104387,199.1626,11058,Eye Hit,Center,747.6019,706.2261,49.48116,SouthSidewalk,-29.40581,-14.48947,49.48116,33.52491
1742845104415,199.1915,11060,Eye Hit,Center,739.8334,690.3408,49.3634,SouthSidewalk,-29.54756,-15.3598,49.3634,34.00426
1742845104445,199.22,11062,Eye Hit,Center,731.0411,696.6299,49.43906,SouthSidewalk,-29.83284,-15.02462,49.43906,34.04426
1742845104475,199.2506,11064,Eye Hit,Center,716.0445,705.0388,49.48273,SouthSidewalk,-30.26889,-14.55769,49.48273,34.16771
1742845104503,199.2787,11066,Eye Hit,Center,700.7679,719.3618,49.57917,SouthSidewalk,-30.74604,-13.76675,49.57917,34.19483
1742845104532,199.309,11068,Eye Hit,Center,697.0807,717.278,49.54271,SouthSidewalk,-30.82428,-13.87569,49.54271,34.30606
1742845104561,199.3372,11070,Eye Hit,Center,731.262,706.6378,49.48297,SouthSidewalk,-29.85329,-14.46659,49.48297,33.83824
1742845104589,199.3651,11072,Eye Hit,Center,807.8693,680.0767,48.88496,SouthSidewalk,-27.42491,-15.78995,48.88496,32.91699
1742845104618,199.3934,11074,Eye Hit,Center,811.8521,674.662,48.79991,SouthSidewalk,-27.26989,-16.0674,48.79991,32.96722
1742845104646,199.4215,11076,Eye Hit,Center,796.2836,675.3822,48.93368,SouthSidewalk,-27.76526,-16.07076,48.93369,33.24876
1742845104675,199.4511,11078,Eye Hit,Center,789.0325,679.1763,49.03035,SouthSidewalk,-28.0164,-15.88797,49.03035,33.30077
1742845104703,199.4787,11080,Eye Hit,Center,779.6957,684.5287,49.10349,SouthSidewalk,-28.3113,-15.60841,49.10349,33.36016
1742845104731,199.507,11082,Eye Hit,Center,766.0134,691.2571,49.24585,SouthSidewalk,-28.76539,-15.27118,49.24585,33.47783
1742845104760,199.5351,11084,Eye Hit,Center,753.5769,683.2269,49.22287,SouthSidewalk,-29.08994,-15.72015,49.22287,33.89151
1742845104788,199.563,11086,Eye Hit,Center,747.5862,682.1865,49.24006,SouthSidewalk,-29.26296,-15.78481,49.24006,34.02873
1742845104817,199.5921,11088,Eye Hit,Center,746.8977,666.332,49.08036,SouthSidewalk,-29.18671,-16.63154,49.08036,34.38944
1742845104845,199.6201,11090,Eye Hit,Center,755.7994,667.1512,49.07426,SouthSidewalk,-28.9419,-16.58305,49.07426,34.20422
1742845104873,199.6487,11092,Eye Hit,Center,755.3629,671.9912,49.14142,SouthSidewalk,-28.99335,-16.33131,49.14142,34.10422
1742845104903,199.6777,11094,Eye Hit,Center,750.2565,689.1166,49.30616,SouthSidewalk,-29.22955,-15.41176,49.30616,33.82899
1742845104930,199.7063,11096,Eye Hit,Center,742.7055,693.2859,49.37498,SouthSidewalk,-29.47619,-15.19577,49.37498,33.88719
1742845104959,199.7345,11098,Eye Hit,Center,737.5498,688.6987,49.34889,SouthSidewalk,-29.60109,-15.44885,49.34889,34.0827
1742845104988,199.7626,11100,Eye Hit,Center,734.2518,686.3266,49.3353,SouthSidewalk,-29.68277,-15.57971,49.33531,34.19587
1742845105015,199.792,11102,Eye Hit,Center,727.5693,684.8488,49.33135,SouthSidewalk,-29.8624,-15.66259,49.33135,34.35469
1742845105044,199.8195,11104,Eye Hit,Center,720.0792,693.4668,49.42118,SouthSidewalk,-30.12115,-15.19961,49.42118,34.32059
1742845105072,199.8474,11106,Eye Hit,Center,714.5693,696.4039,49.45072,SouthSidewalk,-30.28958,-15.04101,49.45072,34.36755
1742845105099,199.8758,11108,Eye Hit,Center,709.2048,701.8544,49.45982,SouthSidewalk,-30.44164,-14.73283,49.45982,34.36332
1742845105127,199.903,11110,Eye Hit,Center,703.3073,696.2944,49.40669,SouthSidewalk,-30.56981,-15.03402,49.40668,34.58683
1742845105155,199.9311,11112,Eye Hit,Center,704.2173,695.7153,49.40674,SouthSidewalk,-30.54501,-15.06702,49.40674,34.58078
1742845105182,199.9587,11114,Eye Hit,Center,702.8012,697.2244,49.42284,SouthSidewalk,-30.59362,-14.98576,49.42284,34.57817
1742845105211,199.9862,11116,Eye Hit,Center,703.2197,693.702,49.3969,SouthSidewalk,-30.56613,-15.17877,49.3969,34.63993
1742845105238,200.0139,11118,Eye Hit,Center,712.0072,693.7535,49.41442,SouthSidewalk,-30.33724,-15.18114,49.41442,34.47012
1742845105266,200.0424,11120,Eye Hit,Center,721.877,697.1656,49.41291,SouthSidewalk,-30.06706,-14.98615,49.41291,34.21099
1742845105294,200.0699,11122,Eye Hit,Center,724.2717,702.5001,49.46786,SouthSidewalk,-30.03509,-14.69825,49.46786,34.05743
1742845105322,200.097,11124,Eye Hit,Center,725.1492,693.9599,49.40086,SouthSidewalk,-29.97048,-15.16529,49.40086,34.2128
1742845105349,200.1246,11126,Eye Hit,Center,728.9075,692.5123,49.39613,SouthSidewalk,-29.86512,-15.24637,49.39613,34.16996
1742845105377,200.1532,11128,Eye Hit,Center,733.5632,691.2712,49.38992,SouthSidewalk,-29.7344,-15.3151,49.38992,34.10579
1742845105404,200.1803,11130,Eye Hit,Center,738.774,685.1647,49.33173,SouthSidewalk,-29.55745,-15.64463,49.33173,34.13372
1742845105432,200.2081,11132,Eye Hit,Center,739.0164,686.9382,49.31985,SouthSidewalk,-29.54372,-15.54002,49.31985,34.09159
1742845105461,200.237,11134,Eye Hit,Center,737.2522,681.4754,49.27844,SouthSidewalk,-29.56692,-15.83753,49.27844,34.24125
1742845105488,200.2633,11136,Eye Hit,Center,732.0235,676.6131,49.24352,SouthSidewalk,-29.68813,-16.10263,49.24352,34.4445
1742845105513,200.2896,11138,Eye Hit,Center,736.5344,670.2531,49.17392,SouthSidewalk,-29.52371,-16.44079,49.17392,34.49718
1742845105542,200.3181,11140,Eye Hit,Center,734.4103,661.3527,49.07779,SouthSidewalk,-29.52354,-16.91263,49.07779,34.7328
1742845105568,200.3443,11142,Eye Hit,Center,732.0052,658.4933,49.01699,SouthSidewalk,-29.55205,-17.05342,49.01699,34.84084
1742845105596,200.3718,11144,Eye Hit,Center,731.3743,649.1371,48.90136,SouthSidewalk,-29.49938,-17.54111,48.90136,35.06245
1742845105623,200.3984,11146,Eye Hit,Center,734.5283,649.2439,48.90119,SouthSidewalk,-29.41412,-17.53509,48.90119,35.00258
1742845105649,200.4253,11148,Eye Hit,Center,733.64,644.3438,48.83958,SouthSidewalk,-29.401,-17.7891,48.83958,35.13043
1742845105677,200.4529,11150,Eye Hit,Center,731.3812,632.4402,48.67802,SouthSidewalk,-29.36447,-18.39893,48.67802,35.44595
1742845105704,200.4797,11152,Eye Hit,Center,728.7722,624.0073,48.55827,SouthSidewalk,-29.36216,-18.82602,48.55827,35.6895
1742845105731,200.5078,11154,Eye Hit,Center,726.7221,619.1824,48.45203,SouthSidewalk,-29.35277,-19.05468,48.45203,35.83928
1742845105759,200.5342,11156,Eye Hit,Center,723.1318,613.8022,48.37283,SouthSidewalk,-29.40067,-19.32376,48.37283,36.02911
1742845105786,200.5617,11158,Eye Hit,Center,721.5317,609.5604,48.31112,SouthSidewalk,-29.40585,-19.53555,48.31112,36.15764
1742845105813,200.5892,11160,Eye Hit,Center,720.3615,605.7977,48.257,SouthSidewalk,-29.40409,-19.72334,48.257,36.26765
1742845105847,200.6219,11162,Eye Hit,Center,717.2154,580.851,47.83379,SouthSidewalk,-29.2293,-20.9273,47.83379,36.92604
1742845105875,200.6515,11164,Eye Hit,Center,714.5255,578.0859,47.7914,SouthSidewalk,-29.27437,-21.06116,47.7914,37.03812
1742845105903,200.679,11166,Eye Hit,Center,708.921,565.2804,47.51937,SouthSidewalk,-29.25478,-21.64353,47.51937,37.44519
1742845105931,200.7071,11168,Eye Hit,Center,708.9363,566.2358,47.54588,SouthSidewalk,-29.27069,-21.60319,47.54588,37.42127
1742845105959,200.7343,11170,Eye Hit,Center,722.0406,661.046,49.04863,SouthSidewalk,-29.84097,-16.91998,49.04863,34.96851
1742845105988,200.7623,11172,Eye Hit,Center,730.5355,668.8177,49.1445,SouthSidewalk,-29.66881,-16.51232,49.1445,34.64088
1742845106016,200.7911,11174,Eye Hit,Center,728.7231,688.1951,49.36292,SouthSidewalk,-29.85006,-15.48185,49.36292,34.26274
1742845106044,200.8183,11176,Eye Hit,Center,726.7967,687.1241,49.36551,SouthSidewalk,-29.90412,-15.54368,49.36551,34.32192
1742845106072,200.8465,11178,Eye Hit,Center,724.4269,679.8062,49.3007,SouthSidewalk,-29.92937,-15.93966,49.3007,34.52041
1742845106100,200.8756,11180,Eye Hit,Center,722.9311,674.897,49.2205,SouthSidewalk,-29.92133,-16.19256,49.2205,34.65272
1742845106128,200.903,11182,Eye Hit,Center,722.466,663.4308,49.09525,SouthSidewalk,-29.8578,-16.80085,49.09525,34.90849
1742845106157,200.9314,11184,Eye Hit,Center,711.7683,660.7709,49.06472,SouthSidewalk,-30.12902,-16.94107,49.06472,35.16405
1742845106184,200.959,11186,Eye Hit,Center,706.5927,659.7758,49.04996,SouthSidewalk,-30.26012,-16.99229,49.04996,35.28082
1742845106212,200.9872,11188,Eye Hit,Center,706.3552,648.456,48.90764,SouthSidewalk,-30.17873,-17.58179,48.90764,35.532
1742845106240,201.0149,11190,Eye Hit,Center,708.2156,632.1442,48.68618,SouthSidewalk,-29.99208,-18.41854,48.68618,35.86385
1742845106268,201.0434,11192,Eye Hit,Center,707.1423,628.6927,48.60191,SouthSidewalk,-29.96896,-18.58022,48.60191,35.9614
1742845106296,201.0712,11194,Eye Hit,Center,705.9743,625.8948,48.56036,SouthSidewalk,-29.97466,-18.72124,48.56036,36.04595
1742845106324,201.0988,11196,Eye Hit,Center,702.7649,617.4958,48.43037,SouthSidewalk,-29.98022,-19.14038,48.43037,36.29506
1742845106352,201.1267,11198,Eye Hit,Center,703.3149,610.1577,48.32004,SouthSidewalk,-29.89725,-19.50598,48.32004,36.45615
1742845106380,201.1547,11200,Eye Hit,Center,700.5488,603.7963,48.21868,SouthSidewalk,-29.90817,-19.81896,48.21869,36.6524
1742845106409,201.1834,11202,Eye Hit,Center,697.4106,594.8823,48.0702,SouthSidewalk,-29.89937,-20.2523,48.0702,36.91569
1742845106435,201.2103,11204,Eye Hit,Center,703.0585,587.4319,47.91876,SouthSidewalk,-29.65576,-20.60052,47.91875,36.99957
1742845106463,201.2392,11206,Eye Hit,Center,704.6832,559.4431,47.41041,SouthSidewalk,-29.29862,-21.91312,47.41042,37.65751
1742845106491,201.2663,11208,Eye Hit,Center,704.9106,558.6049,47.40544,SouthSidewalk,-29.28959,-21.95675,47.40544,37.67475
1742845106520,201.2937,11210,Eye Hit,Center,710.2724,550.0443,47.25072,SouthSidewalk,-29.05412,-22.35175,47.25072,37.8043
1742845106547,201.3218,11212,Eye Hit,Center,707.2283,532.3249,46.89301,SouthSidewalk,-28.91299,-23.14134,46.89301,38.29975
1742845106575,201.3501,11214,Eye Hit,Center,706.9864,538.6179,47.03313,SouthSidewalk,-29.00567,-22.86907,47.03313,38.14378
1742845106603,201.3793,11216,Eye Hit,Center,707.1514,539.7696,47.03496,SouthSidewalk,-29.00251,-22.80734,47.03496,38.11204
1742845106631,201.406,11218,Eye Hit,Center,733.8945,654.6199,48.97489,SouthSidewalk,-29.47558,-17.25773,48.97489,34.89271
1742845106659,201.4334,11220,Eye Hit,Center,737.421,679.9453,49.26734,SouthSidewalk,-29.55568,-15.92098,49.26734,34.27074
1742845106687,201.4613,11222,Eye Hit,Center,740.7231,672.5826,49.18623,SouthSidewalk,-29.41735,-16.31261,49.18623,34.36746
1742845106715,201.4898,11224,Eye Hit,Center,741.9758,666.4408,49.11655,SouthSidewalk,-29.3417,-16.63763,49.11655,34.47909
1742845106742,201.5174,11226,Eye Hit,Center,746.3054,670.4249,49.15516,SouthSidewalk,-29.24727,-16.42476,49.15516,34.30975
1742845106770,201.5449,11228,Eye Hit,Center,748.5706,673.8903,49.15453,SouthSidewalk,-29.18541,-16.22785,49.15453,34.19059
1742845106798,201.5737,11230,Eye Hit,Center,749.4844,674.8419,49.16422,SouthSidewalk,-29.16637,-16.17722,49.16422,34.15245
1742845106826,201.6008,11232,Eye Hit,Center,745.3604,664.787,49.06366,SouthSidewalk,-29.21841,-16.7133,49.06366,34.45262
1742845106854,201.6291,11234,Eye Hit,Center,745.7142,662.7089,49.0415,SouthSidewalk,-29.19565,-16.82343,49.0415,34.49255
1742845106882,201.6566,11236,Eye Hit,Center,747.1561,661.4649,49.02824,SouthSidewalk,-29.14872,-16.8892,49.02824,34.49364
1742845106909,201.6849,11238,Eye Hit,Center,749.3333,735.3364,49.67977,SouthSidewalk,-29.47636,-12.87896,49.67977,32.92262
1742845106938,201.7129,11240,Eye Hit,Center,745.134,736.0746,49.65882,SouthSidewalk,-29.57906,-12.8313,49.65882,32.99467
1742845106965,201.741,11242,Eye Hit,Center,746.5502,760.0409,49.76374,SouthSidewalk,-29.60265,-11.48211,49.76374,32.53967
1742845106993,201.7687,11244,Eye Hit,Center,747.8417,753.5081,49.74575,SouthSidewalk,-29.55647,-11.85293,49.74575,32.62521
1742845107022,201.7976,11246,Eye Hit,Center,744.3063,749.3856,49.74569,SouthSidewalk,-29.65353,-12.08955,49.74569,32.77098
1742845107049,201.8237,11248,Eye Hit,Center,735.9495,745.918,49.75634,SouthSidewalk,-29.88944,-12.29124,49.75634,33.00475
1742845107077,201.8522,11250,Eye Hit,Center,730.751,745.9285,49.77272,SouthSidewalk,-30.04215,-12.29473,49.77272,33.11146
1742845107105,201.8805,11252,Eye Hit,Center,726.7393,740.5507,49.71865,SouthSidewalk,-30.11963,-12.58994,49.71865,33.28873
1742845107133,201.9088,11254,Eye Hit,Center,730.6776,724.2359,49.63161,SouthSidewalk,-29.95899,-13.50224,49.63161,33.50854
1742845107161,201.9363,11256,Eye Hit,Center,732.2397,723.6306,49.63631,SouthSidewalk,-29.91901,-13.53818,49.63631,33.48868
1742845107189,201.9638,11258,Eye Hit,Center,725.4044,732.845,49.70782,SouthSidewalk,-30.14969,-13.02901,49.70782,33.45475
1742845107218,201.9921,11260,Eye Hit,Center,726.0566,729.845,49.69911,SouthSidewalk,-30.12652,-13.19888,49.69911,33.49669
1742845107245,202.0199,11262,Eye Hit,Center,724.8601,714.9216,49.60811,SouthSidewalk,-30.10414,-14.02894,49.60811,33.80221
1742845107273,202.0478,11264,Eye Hit,Center,726.5817,701.1622,49.50212,SouthSidewalk,-29.99276,-14.78491,49.50212,34.0392
1742845107301,202.0765,11266,Eye Hit,Center,725.4699,693.2166,49.40051,SouthSidewalk,-29.96152,-15.20759,49.40051,34.22182
1742845107329,202.1043,11268,Eye Hit,Center,724.6979,692.4174,49.39645,SouthSidewalk,-29.98012,-15.25174,49.39645,34.253
1742845107357,202.1314,11270,Eye Hit,Center,723.4227,687.4187,49.35178,SouthSidewalk,-29.98774,-15.5226,49.35178,34.3804
1742845107385,202.1591,11272,Eye Hit,Center,720.2285,688.4327,49.36523,SouthSidewalk,-30.08297,-15.46921,49.36524,34.42066
1742845107412,202.1876,11274,Eye Hit,Center,717.3281,686.1663,49.34575,SouthSidewalk,-30.15012,-15.59206,49.34575,34.52272
1742845107440,202.2148,11276,Eye Hit,Center,718.0616,679.2654,49.27906,SouthSidewalk,-30.08942,-15.96348,49.27906,34.65232
1742845107468,202.2432,11278,Eye Hit,Center,719.6336,677.0022,49.21988,SouthSidewalk,-30.01056,-16.07274,49.21988,34.67019
1742845107496,202.2714,11280,Eye Hit,Center,721.1664,674.7975,49.19999,SouthSidewalk,-29.9568,-16.19144,49.19999,34.68805
1742845107524,202.299,11282,Eye Hit,Center,724.8284,675.0251,49.20741,SouthSidewalk,-29.86183,-16.18093,49.20741,34.61425
1742845107552,202.3269,11284,Eye Hit,Center,729.9317,668.5185,49.1379,SouthSidewalk,-29.6812,-16.52696,49.1379,34.65865
1742845107580,202.3542,11286,Eye Hit,Center,731.8283,669.582,49.15602,SouthSidewalk,-29.64068,-16.47286,49.15602,34.60007
1742845107608,202.3826,11288,Eye Hit,Center,733.8216,665.6844,49.1166,SouthSidewalk,-29.56285,-16.68055,49.1166,34.64806
1742845107636,202.4101,11290,Eye Hit,Center,744.1537,665.5054,49.06401,SouthSidewalk,-29.25131,-16.6728,49.06401,34.45916
1742845107663,202.439,11292,Eye Hit,Center,757.2402,655.2065,48.91125,SouthSidewalk,-28.80685,-17.2021,48.91125,34.44935
1742845107691,202.4662,11294,Eye Hit,Center,759.0135,655.3579,48.91707,SouthSidewalk,-28.76239,-17.19555,48.91706,34.41309
1742845107719,202.494,11296,Eye Hit,Center,756.0856,655.5375,48.93861,SouthSidewalk,-28.85416,-17.19305,48.93861,34.46307
1742845107747,202.5218,11298,Eye Hit,Center,712.3022,684.1042,49.32925,SouthSidewalk,-30.27693,-15.70426,49.32925,34.6609
1742845107775,202.5495,11300,,Center,633.2184,739.8221,49.40458,,-32.48028,-12.55187,49.40458,35.17687
1742845107802,202.5782,11302,,Center,640.7397,745.2224,49.45912,,-32.31077,-12.25745,49.45913,34.94244
1742845107830,202.6058,11304,,Center,638.114,753.9724,49.48078,,-32.39663,-11.76336,49.48078,34.85941
1742845107858,202.6331,11306,,Center,648.5434,748.6355,49.54227,,-32.15163,-12.08302,49.54227,34.73318
1742845107886,202.661,11308,,Center,663.2278,746.2245,49.62815,,-31.805,-12.24197,49.62815,34.47741
1742845107914,202.6889,11310,,Center,675.0514,748.1496,49.70061,,-31.52702,-12.1495,49.70061,34.2083
1742845107941,202.7172,11312,,Center,681.6727,749.7444,49.73891,,-31.36948,-12.06741,49.73891,34.04842
1742845107969,202.7446,11314,,Center,691.931,752.92,49.7531,,-31.09663,-11.88846,49.75311,33.78797
1742845107998,202.7737,11316,,Center,700.9431,749.4774,49.76501,,-30.85647,-12.08893,49.76501,33.66088
1742845108025,202.7997,11318,,Center,709.3017,749.2162,49.78069,,-30.63647,-12.10775,49.78069,33.49449
1742845108054,202.8275,11320,,Center,710.6141,744.9095,49.76866,,-30.59301,-12.3522,49.76866,33.54113
1742845108081,202.8559,11322,,Center,716.5881,744.9254,49.77773,,-30.4344,-12.3535,49.77773,33.41898
1742845108109,202.8836,11324,,Center,724.0411,743.4632,49.77557,,-30.22827,-12.43708,49.77557,33.29228
1742845108137,202.9117,11326,,Center,729.538,740.0455,49.7225,,-30.04513,-12.61975,49.7225,33.2406
1742845108165,202.94,11328,,Center,738.1125,737.6073,49.70494,,-29.79922,-12.75523,49.70494,33.10978
1742845108193,202.968,11330,,Center,738.6833,729.8753,49.66782,,-29.76131,-13.18886,49.66782,33.24121
1742845108221,202.9955,11332,,Center,747.4639,719.9012,49.59118,,-29.47497,-13.73926,49.59118,33.25522
1742845108248,203.0235,11334,,Center,749.5804,723.7307,49.62019,,-29.43424,-13.52791,49.62019,33.13818
1742845108276,203.0511,11336,,Center,749.2963,715.9611,49.57639,,-29.41603,-13.96058,49.57639,33.29607
1742845108304,203.0788,11338,,Center,756.3533,719.1844,49.54855,,-29.20647,-13.76846,49.54855,33.09094
1742845108332,203.1078,11340,,Center,766.7053,705.345,49.41208,,-28.84361,-14.51957,49.41208,33.16557
1742845108360,203.1344,11342,,Center,781.6904,704.7288,49.33845,,-28.39244,-14.53294,49.33845,32.88136
1742845108388,203.1624,11344,,Center,784.7428,710.2252,49.3719,,-28.32848,-14.22976,49.3719,32.70441
1742845108416,203.1899,11346,,Center,792.7471,705.8489,49.29304,,-28.0654,-14.45581,49.29304,32.63739
1742845108443,203.218,11348,,Center,799.2156,700.3499,49.20715,,-27.84077,-14.74297,49.20715,32.62818
1742845108471,203.2463,11350,,Center,817.2383,696.0284,49.02641,,-27.25067,-14.93326,49.02641,32.36752
1742845108498,203.2737,11352,,Center,828.7055,696.1539,48.89275,,-26.86683,-14.88546,48.89275,32.13742
1742845108526,203.3019,11354,,Center,836.6078,697.1984,48.82479,,-26.61648,-14.80592,48.82479,31.95632
1742845108555,203.3297,11356,,Center,855.4659,698.7163,48.62576,,-26.00171,-14.66042,48.62576,31.54452
1742845108582,203.3578,11358,,Center,873.6112,695.5628,48.36823,,-25.37944,-14.7588,48.36823,31.25712
1742845108610,203.3859,11360,,Center,884.5688,693.8575,48.20444,,-25.00187,-14.8037,48.20444,31.08002
1742845108636,203.4124,11362,,Center,920.274,693.3727,47.61118,,-23.75562,-14.64804,47.61118,30.37795
1742845108664,203.4404,11364,,Center,867.5398,698.6169,48.46126,,-25.59069,-14.61637,48.46126,31.305
1742845108692,203.467,11366,,Center,764.6573,714.5506,49.51146,,-28.95761,-14.02276,49.51146,33.01719
1742845108720,203.4952,11368,,Center,780.4799,709.7313,49.40228,,-28.46219,-14.26661,49.40228,32.80001
1742845108747,203.523,11370,,Center,833.1529,709.1594,48.97481,,-26.79168,-14.17547,48.97481,31.75352
1742845108775,203.5503,11372,Eye Hit,Center,843.0743,715.5379,48.92182,SouthSidewalk,-26.49471,-13.80015,48.92182,31.40963
1742845108802,203.5784,11374,Eye Hit,Center,901.1735,715.2391,48.10538,SouthSidewalk,-24.50948,-13.58635,48.10538,30.22247
1742845108830,203.6073,11376,Eye Hit,Center,895.9923,720.8308,48.23596,SouthSidewalk,-24.71399,-13.31208,48.23596,30.19753
1742845108857,203.6332,11378,Eye Hit,Center,725.3886,761.5186,49.88631,SouthSidewalk,-30.25839,-11.42533,49.88631,32.9572
1742845108884,203.6604,11380,Eye Hit,Center,686.0334,776.5859,49.87924,SouthSidewalk,-31.33788,-10.55643,49.87924,33.54294
1742845108913,203.69,11382,Eye Hit,Center,666.9802,778.8526,49.81382,SouthSidewalk,-31.8208,-10.41241,49.81382,33.90599
1742845108927,203.7079,11383,Eye Hit,Center,688.3499,781.8277,49.90215,SouthSidewalk,-31.28847,-10.25956,49.90215,33.41856
1742845108961,203.7368,11385,Eye Hit,Center,741.9316,774.1166,49.91978,SouthSidewalk,-29.82276,-10.70726,49.91978,32.40538
1742845108991,203.7668,11387,Eye Hit,Center,783.7965,775.7298,49.75379,SouthSidewalk,-28.5736,-10.57904,49.75379,31.48321
1742845109022,203.7969,11389,Eye Hit,Center,764.1494,776.9742,49.86792,SouthSidewalk,-29.18007,-10.53178,49.86792,31.88545
1742845109051,203.8262,11391,Eye Hit,Center,682.166,800.7943,49.91295,SouthWalkingPole,-31.46565,-9.169435,49.91295,33.2902
1742845109086,203.861,11393,,Center,686.5687,800.0311,49.93629,,-31.35898,-9.217732,49.93629,33.20664
1742845109116,203.8921,11395,,Center,716.9934,794.8275,49.99431,,-30.55563,-9.528618,49.9943,32.62781
1742845109146,203.9216,11397,,Center,751.9825,795.492,49.94468,,-29.56049,-9.480861,49.94468,31.86347
1742845109177,203.9531,11399,,Center,777.0683,797.466,49.83592,,-28.80589,-9.346536,49.83592,31.28619
1742845109211,203.9824,11401,,Center,831.7732,800.8773,49.40097,,-27.06244,-9.070665,49.40097,30.01779
1742845109227,204.0027,11402,,Center,854.4511,802.7097,49.13601,,-26.30208,-8.917989,49.13601,29.47615
1742845109257,204.0326,11404,,Center,855.4767,802.5899,49.12686,,-26.26937,-8.923258,49.12686,29.45484
1742845109288,204.0637,11406,,Center,705.3296,793.3616,50.00417,,-30.88367,-9.614998,50.00417,32.89727
1742845109323,204.0944,11408,,Center,725.9768,793.2993,50.01985,,-30.32315,-9.621636,50.01985,32.4567
1742845109338,204.1143,11409,,Center,749.2264,794.6782,49.98568,,-29.66082,-9.535557,49.98568,31.93515
1742845109371,204.1476,11411,,Center,797.3687,796.0945,49.73659,,-28.19103,-9.406647,49.73659,30.85949
1742845109386,204.1667,11412,,Center,816.7172,798.8425,49.5673,,-27.56557,-9.217492,49.5673,30.38699
1742845109431,204.2115,11414,,Center,866.0048,795.3459,49.01898,,-25.92674,-9.313364,49.01898,29.33608
1742845109462,204.2402,11415,,Center,807.0673,794.6044,49.66784,,-27.88611,-9.479086,49.66784,30.66804
1742845109487,204.2673,11416,,Center,650.6479,799.3466,49.79314,,-32.25658,-9.230618,49.79314,33.97265
1742845109518,204.2962,11417,,Center,719.7043,807.2225,50.03641,,-30.50648,-8.820869,50.03642,32.40169
1742845109544,204.3253,11418,,Center,702.6143,803.4498,50.02278,,-30.97014,-9.036192,50.02278,32.81941
1742845109572,204.3536,11419,,Center,749.3936,797.4243,49.99816,,-29.6636,-9.379438,49.99816,31.89176
1742845109604,204.3832,11420,,Center,794.9305,800.8592,49.76805,,-28.27586,-9.139015,49.76805,30.84107
1742845109631,204.4119,11421,,Center,836.6167,786.658,49.38417,,-26.92118,-9.877825,49.38417,30.14265
1742845109660,204.4407,11422,,Center,819.0658,789.0941,49.55994,,-27.49723,-9.773662,49.55994,30.49102
1742845109689,204.4698,11423,,Center,850.3843,796.4581,49.2311,,-26.46352,-9.290377,49.2311,29.67012
1742845109718,204.4987,11424,,Center,751.2629,785.954,49.98814,,-29.60607,-10.03926,49.98814,32.02129
1742845109751,204.5315,11425,,Center,750.1736,776.2869,49.98165,,-29.63228,-10.59545,49.98166,32.19546
1742845109780,204.5598,11426,,Center,744.0914,761.2278,49.95937,,-29.78684,-11.45882,49.95937,32.57113
1742845109809,204.5887,11427,,Center,760.8737,748.4786,49.85688,,-29.26378,-12.16869,49.85688,32.44328
1742845109840,204.6177,11428,,Center,760.242,753.2645,49.87477,,-29.29167,-11.89775,49.87477,32.37076
1742845109869,204.647,11429,,Center,743.644,758.2784,49.93993,,-29.78758,-11.6243,49.93993,32.63049
1742845109903,204.6764,11430,Eye Hit,Center,740.689,761.0627,49.95422,LowMale2,-29.87761,-11.46717,49.95422,32.6452
1742845109931,204.7061,11431,,Center,738.8898,761.7739,49.95571,,-29.92812,-11.42654,49.95571,32.67096
1742845109960,204.7354,11432,,Center,753.5366,758.4461,49.90421,,-29.49372,-11.60627,49.90421,32.42048
1742845109991,204.768,11433,,Center,767.3113,748.8625,49.81052,,-29.05953,-12.13533,49.81052,32.30223
1742845110021,204.797,11434,,Center,781.7555,743.3286,49.7126,,-28.60596,-12.42893,49.7126,32.10394
1742845110051,204.8267,11435,,Center,792.9032,745.6528,49.64674,,-28.2625,-12.27932,49.64674,31.82708
1742845110083,204.8592,11436,,Center,788.2947,756.3126,49.71709,,-28.42905,-11.68528,49.71709,31.72584
1742845110113,204.8885,11437,Eye Hit,Center,775.4776,776.7139,49.84018,LowFemale2,-28.85212,-10.54094,49.84018,31.64624
1742845110144,204.9214,11438,,Center,772.4482,778.4578,49.85469,,-28.9439,-10.44359,49.85469,31.68295
1742845110174,204.9506,11439,,Center,794.7047,781.9199,49.71972,,-28.25459,-10.21674,49.71972,31.14407
1742845110208,204.9802,11440,,Center,835.5453,788.0549,49.35281,,-26.93328,-9.791919,49.35281,30.14274
1742845110237,205.0111,11441,,Center,874.5734,794.1228,48.86317,,-25.61317,-9.352729,48.86317,29.16303
1742845110268,205.0418,11442,,Center,901.6526,795.6483,48.45132,,-24.67291,-9.18851,48.45132,28.51956
1742845110299,205.0754,11443,Eye Hit,Center,738.6926,790.2789,49.96922,Sedan5-Detailed,-29.94164,-9.785932,49.96922,32.22706
1742845110333,205.1057,11444,Eye Hit,Center,650.1141,787.5473,49.74509,Sedan5-Detailed,-32.24012,-9.898982,49.74509,34.13602
1742845110363,205.1369,11445,Eye Hit,Center,650.2875,783.8727,49.74406,Sedan5-Detailed,-32.23468,-10.1096,49.74406,34.1817
1742845110394,205.1676,11446,Eye Hit,Center,690.7892,784.915,49.94029,Sedan5-Detailed,-31.24512,-10.08946,49.94028,33.32332
1742845110430,205.2003,11447,Eye Hit,Center,744.9903,772.2739,49.93601,Sedan5-Detailed,-29.74813,-10.81703,49.93601,32.37004
1742845110461,205.2303,11448,Eye Hit,Center,776.3533,767.7973,49.80349,Sedan5-Detailed,-28.8068,-11.04557,49.80349,31.77704
1742845110495,205.2613,11449,Eye Hit,Center,809.0518,769.5247,49.58001,Sedan5-Detailed,-27.78247,-10.89709,49.58001,31.04451
1742845110539,205.2972,11450,Eye Hit,Center,856.908,773.2518,49.08012,Sedan5-Detailed,-26.2056,-10.57622,49.08012,29.93246
1742845110583,205.3318,11451,Eye Hit,Center,888.3582,771.9865,48.63934,Sedan5-Detailed,-25.12568,-10.5523,48.63934,29.26101
1742845110619,205.3744,11452,Eye Hit,Center,871.1911,769.506,48.88224,NorthSidewalk,-25.71445,-10.74485,48.88224,29.68862
1742845110655,205.4102,11453,Eye Hit,Center,737.0909,767.7573,49.94018,NorthSidewalk,-29.96842,-11.07817,49.94019,32.61008
1742845110678,205.4463,11454,Eye Hit,Center,711.1657,768.8334,49.95248,NorthSidewalk,-30.69079,-11.01878,49.95249,33.1364
1742845110712,205.4685,11455,Eye Hit,Center,734.0555,772.2516,49.95415,NorthSidewalk,-30.06051,-10.82211,49.95415,32.6018
1742845110742,205.5028,11456,Eye Hit,Center,755.1376,769.7139,49.89882,NorthSidewalk,-29.44642,-10.95631,49.89882,32.19647
1742845110760,205.5321,11457,Eye Hit,Center,753.4485,771.9224,49.90881,NorthSidewalk,-29.49886,-10.83133,49.90881,32.19611
1742845110783,205.55,11458,Eye Hit,Center,742.2615,771.686,49.93858,Car2-Detailed,-29.8249,-10.8515,49.93858,32.43735
1742845110800,205.5734,11459,Eye Hit,Center,749.0512,771.5533,49.92165,Car2-Detailed,-29.62765,-10.85544,49.92165,32.29556
1742845110831,205.6063,11461,,Center,602.0912,798.2238,49.31533,,-33.26912,-9.205823,49.31533,34.9909
1742845110863,205.6381,11463,,Center,585.8693,797.0654,49.12546,,-33.58101,-9.236156,49.12547,35.33513
1742845110894,205.6686,11465,,Center,598.6891,795.6795,49.27929,,-33.33735,-9.34384,49.27929,35.09065
1742845110924,205.699,11467,,Center,601.6761,796.9003,49.31241,,-33.27844,-9.280711,49.3124,35.01513
1742845110955,205.7299,11469,,Center,609.3729,798.4969,49.39429,,-33.1238,-9.205113,49.39429,34.83841
1742845110984,205.7589,11471,,Center,608.4064,795.9373,49.38531,,-33.14414,-9.349251,49.38531,34.88895
1742845111014,205.7881,11473,,Center,612.3658,795.8514,49.42624,,-33.06355,-9.361904,49.42624,34.80882
1742845111043,205.8175,11475,,Center,608.7577,795.8584,49.38856,,-33.13673,-9.354385,49.38856,34.88271
1742845111073,205.8485,11477,,Center,607.787,794.9973,49.37832,,-33.15633,-9.401423,49.37832,34.913
1742845111103,205.8776,11479,,Center,598.7957,793.3352,49.28062,,-33.33537,-9.477386,49.28062,35.11666
1742845111132,205.9078,11481,Eye Hit,Center,606.8674,797.4593,49.36787,Car2-Detailed,-33.17438,-9.259122,49.36786,34.90216
1742845111162,205.9381,11483,,Center,778.3892,852.7187,49.63804,,-28.65532,-6.144744,49.63804,30.55798
1742845111192,205.9669,11485,,Center,824.9266,886.4626,49.0341,,-27.0468,-4.160765,49.0341,29.16503
1742845111221,205.9962,11487,,Center,820.1737,887.7233,49.06788,,-27.1942,-4.092315,49.06787,29.26872
1742845111251,206.0263,11489,,Center,804.7792,887.5832,49.20098,,-27.68615,-4.111293,49.20098,29.63494
1742845111281,206.0561,11491,,Center,783.3423,887.032,49.35413,,-28.35646,-4.155535,49.35413,30.1432
1742845111310,206.0853,11493,,Center,764.8483,888.8179,49.43176,,-28.90577,-4.060248,49.43176,30.56192
1742845111340,206.1152,11495,,Center,748.1724,877.9902,49.58367,,-29.45112,-4.692174,49.58367,31.02519
1742845111356,206.132,11496,,Center,702.2697,882.7039,49.56607,,-30.69681,-4.42089,49.56607,32.03424
1742845111371,206.1495,11497,,Center,676.4697,884.5945,49.47427,,-31.34468,-4.304745,49.47427,32.599
1742845111411,206.1882,11499,,Center,795.9625,828.2233,49.63028,,-28.16931,-7.54668,49.63028,30.43844
1742845111438,206.216,11500,,Center,770.8727,825.512,49.79181,,-28.95071,-7.726995,49.79181,31.03905
1742845111474,206.2446,11501,,Center,706.0444,824.4299,49.91205,,-30.80707,-7.807915,49.91205,32.48663
1742845111509,206.2731,11502,,Center,678.7501,826.5453,49.83318,,-31.50934,-7.673912,49.83318,33.0552
1742845111545,206.3021,11503,Eye Hit,Center,706.4456,808.2904,49.95288,NorthSidewalk,-30.8212,-8.744592,49.95289,32.67442
1742845111585,206.3382,11504,Eye Hit,Center,827.1832,768.748,49.39764,NorthSidewalk,-27.18579,-10.90129,49.39764,30.66556
1742845111613,206.3781,11505,Eye Hit,Center,956.9024,739.041,47.32548,NorthSidewalk,-22.65601,-12.06626,47.32548,28.47494
1742845111642,206.4055,11506,Eye Hit,Center,1047.439,748.2971,45.37497,NorthSidewalk,-19.45416,-11.0843,45.37497,26.26408
1742845111674,206.4348,11507,Eye Hit,Center,1104.715,750.0369,43.96102,NorthSidewalk,-17.4578,-10.65069,43.96102,24.94737
1742845111705,206.4667,11508,Eye Hit,Center,1115.815,762.8754,43.70783,NorthSidewalk,-17.08939,-9.941926,43.70783,24.33927
1742845111735,206.4975,11509,Eye Hit,Center,1131.155,763.8365,43.31166,NorthSidewalk,-16.56767,-9.803723,43.31166,23.96398
1742845111764,206.5271,11510,Eye Hit,Center,1128.399,765.7485,43.38719,NorthSidewalk,-16.66258,-9.725161,43.38719,23.97331
1742845111794,206.5568,11511,Eye Hit,Center,995.1434,770.1229,46.6351,NorthSidewalk,-21.3409,-10.21763,46.6351,26.90145
1742845111822,206.586,11512,,Center,754.7566,781.3216,49.92142,,-29.47026,-10.29266,49.92142,32.01781
1742845111851,206.6141,11513,,Center,770.9986,778.6176,49.8515,,-28.98195,-10.4338,49.8515,31.71162
1742845111879,206.6434,11514,,Center,780.1422,782.7193,49.80613,,-28.70414,-10.18851,49.80613,31.44769
1742845111907,206.6722,11515,,Center,795.4344,781.2305,49.70438,,-28.22585,-10.25302,49.70438,31.13951
1742845111935,206.6994,11516,,Center,816.317,782.3806,49.53384,,-27.55792,-10.15228,49.53384,30.66359
1742845111963,206.7273,11517,,Center,848.7867,776.5261,49.18332,,-26.48122,-10.41252,49.18332,30.05135
1742845111991,206.7554,11518,,Center,884.3146,775.4026,48.70428,,-25.26796,-10.37428,48.70428,29.28495
1742845112020,206.7832,11519,,Center,926.8375,772.4109,48.00345,,-23.77738,-10.39072,48.00345,28.39376
1742845112060,206.8123,11520,,Center,986.4998,766.4962,46.81716,,-21.64764,-10.45344,46.81716,27.17936
1742845112102,206.8531,11521,,Center,818.7202,763.1548,49.47491,,-27.45949,-11.23768,49.47491,30.95102
1742845112143,206.8947,11522,,Center,717.1159,777.0979,49.96909,,-30.53684,-10.5461,49.96909,32.88397
1742845112171,206.9369,11523,,Center,708.9619,778.1082,49.9647,,-30.75909,-10.48684,49.9647,33.04045
1742845112213,206.9638,11524,,Center,761.4295,776.1438,49.88463,,-29.26475,-10.58308,49.88463,31.95718
1742845112255,207.0063,11525,,Center,807.8212,776.7185,49.59727,,-27.82584,-10.48918,49.59727,30.94577
1742845112285,207.0458,11526,,Center,833.8384,778.9688,49.35183,,-26.97925,-10.30927,49.35183,30.33717
1742845112315,207.0747,11527,,Center,809.4327,773.4535,49.57736,,-27.77056,-10.67183,49.57736,30.96723
1742845112343,207.1056,11528,,Center,717.7133,771.2216,49.95678,,-30.51284,-10.88213,49.95678,32.96205
1742845112362,207.1335,11529,,Center,552.4102,767.4849,48.63178,,-34.1419,-10.80315,48.63177,36.36629
1742845112384,207.1514,11530,,Center,532.5791,774.5093,48.33153,,-34.46029,-10.34484,48.33153,36.66517
1742845112402,207.1745,11531,,Center,536.8051,776.0594,48.40271,,-34.39809,-10.27348,48.40271,36.56372
1742845112419,207.1917,11532,,Center,552.7105,771.6904,48.64621,,-34.14396,-10.5703,48.64621,36.30651
1742845112435,207.2085,11533,,Center,556.1748,772.7067,48.69943,,-34.08816,-10.52483,48.69942,36.22556
1742845112467,207.242,11535,,Center,572.341,774.9057,48.93283,,-33.81479,-10.45115,48.93283,35.87816
1742845112499,207.2737,11537,,Center,577.7862,777.0329,49.00922,,-33.72025,-10.34706,49.00922,35.74265
1742845112530,207.3046,11539,,Center,577.3242,775.4014,49.00123,,-33.72725,-10.43771,49.00123,35.77279
1742845112559,207.3346,11541,,Center,574.6072,773.0309,48.9617,,-33.7735,-10.56321,48.9617,35.85736
1742845112588,207.3636,11543,Eye Hit,Center,547.8102,762.5834,48.55305,Car2-Detailed,-34.20994,-11.06034,48.55305,36.51989
1742845112618,207.3939,11545,Eye Hit,Center,545.3062,762.8638,48.51528,Car2-Detailed,-34.2504,-11.03599,48.51528,36.56487
1742845112647,207.4219,11547,Eye Hit,Center,544.6689,764.9677,48.51061,Car2-Detailed,-34.26416,-10.91723,48.51061,36.54987
1742845112677,207.4539,11549,Eye Hit,Center,552.2075,766.8663,48.63071,Car2-Detailed,-34.14658,-10.83759,48.63071,36.37825
1742845112707,207.4819,11551,Eye Hit,Center,550.2358,768.275,48.60399,SW_Tree_10,-34.18074,-10.75266,48.604,36.39861
1742845112736,207.5118,11553,Eye Hit,Center,556.4863,769.0271,48.69887,SW_Tree_10,-34.0794,-10.73148,48.69888,36.26655
1742845112766,207.5427,11555,Eye Hit,Center,552.2598,773.707,48.64445,SW_Tree_10,-34.15483,-10.45672,48.64445,36.28988
1742845112796,207.5723,11557,Eye Hit,Center,498.518,773.8966,47.72949,SW_Tree_50,-34.92858,-10.24966,47.72949,37.33133
1742845112825,207.6004,11559,,Center,495.815,769.2879,47.67053,,-34.95659,-10.4905,47.67052,37.43783
1742845112855,207.6296,11561,Eye Hit,Center,507.0959,769.1554,47.88079,SW_Tree_50,-34.81255,-10.54408,47.88079,37.22339
1742845112885,207.6597,11563,Eye Hit,Center,509.5968,776.3043,47.9385,SW_Tree_50,-34.78832,-10.16141,47.9385,37.08964
1742845112914,207.6893,11565,Eye Hit,Center,514.5942,776.8906,48.02933,SW_Tree_50,-34.72172,-10.14806,48.02933,36.98601
1742845112943,207.7203,11567,Eye Hit,Center,517.0908,776.679,48.0736,SW_Tree_50,-34.68746,-10.16916,48.0736,36.94014
1742845112973,207.7492,11569,,Center,522.9173,777.3904,48.17643,,-34.60668,-10.15139,48.17643,36.81851
1742845113003,207.778,11571,,Center,524.9979,777.6871,48.21305,,-34.5776,-10.14255,48.21305,36.77445
1742845113032,207.8084,11573,Eye Hit,Center,523.6631,776.7109,48.18908,SW_Tree_50,-34.59592,-10.19193,48.18908,36.81213
1742845113062,207.8382,11575,Eye Hit,Center,521.7451,775.6812,48.15445,SW_Tree_50,-34.62206,-10.24173,48.15445,36.86174
1742845113091,207.8668,11577,,Center,525.6551,773.251,48.21819,,-34.56379,-10.39048,48.21819,36.81522
1742845113120,207.8949,11579,Eye Hit,Center,524.3869,771.5211,48.19389,SW_Tree_30,-34.58012,-10.4814,48.19389,36.86098
1742845113150,207.9245,11581,,Center,658.7289,827.8191,49.73835,,-31.99917,-7.58626,49.73835,33.472
1742845113179,207.9542,11583,,Center,752.5156,895.8607,49.41356,,-29.23159,-3.657067,49.41356,30.80262
1742845113209,207.9838,11585,,Center,749.2909,896.9266,49.41283,,-29.31913,-3.596318,49.41283,30.87087
1742845113237,208.0125,11587,,Center,740.184,896.8752,49.43445,,-29.58052,-3.600721,49.43444,31.08139
1742845113266,208.0425,11589,,Center,729.9082,896.5786,49.45242,,-29.87183,-3.619,49.45242,31.31921
1742845113296,208.0721,11591,,Center,722.3008,897.4109,49.44841,,-30.07709,-3.571176,49.44841,31.48849
1742845113325,208.1007,11593,,Center,720.8639,896.5685,49.45679,,-30.12142,-3.619895,49.45679,31.5261
1742845113356,208.1302,11595,,Center,780.4164,939.7174,48.78197,,-28.10652,-1.141678,48.78197,29.96952
1742845113385,208.1605,11597,Eye Hit,Center,853.8291,982.4214,47.52755,NorthCarSignal,-25.45741,1.229576,47.52755,28.20284
1742845113414,208.1907,11599,Eye Hit,Center,849.837,975.3608,47.68378,NorthCarSignal,-25.64619,0.8450824,47.68378,28.28607
1742845113444,208.2196,11601,Eye Hit,Center,839.3681,969.2792,47.88909,NorthCarSignal,-26.0334,0.5127677,47.88909,28.53397
1742845113475,208.2504,11603,Eye Hit,Center,819.0825,969.6111,48.07572,NorthCarSignal,-26.67329,0.5331126,48.07572,29.02718
1742845113505,208.2801,11605,Eye Hit,Center,795.5504,967.0153,48.29589,NorthCarSignal,-27.42292,0.3909311,48.29589,29.59087
1742845113535,208.3104,11607,Eye Hit,Center,781.5608,966.2508,48.39278,NorthCarSignal,-27.8517,0.3490669,48.39278,29.92385
1742845113564,208.3404,11609,Eye Hit,Center,776.5754,966.1223,48.4205,NorthCarSignal,-28.00094,0.3420632,48.42051,30.04208
1742845113597,208.3728,11611,Eye Hit,Center,743.3564,975.1603,48.39468,NorthCarSignal,-28.87358,0.8466003,48.39468,30.83228
1742845113627,208.4042,11613,Eye Hit,Center,723.4595,979.6246,48.34429,NorthCarSignal,-29.37458,1.094695,48.3443,31.30102
1742845113657,208.4354,11615,,Center,710.3376,974.9128,48.41774,,-29.76998,0.8331603,48.41774,31.59557
1742845113679,208.4578,11616,,Center,724.6289,956.944,48.7006,,-29.55963,-0.1716797,48.70059,31.25678
1742845113707,208.4843,11617,,Center,677.6385,955.9664,48.6348,,-30.78146,-0.2263591,48.6348,32.33084
1742845113733,208.5088,11618,Eye Hit,Center,736.6744,836.084,49.87062,NW_Tree_10,-29.93814,-7.130839,49.87062,31.67915
1742845113769,208.5362,11619,,Center,711.0728,782.7576,49.97064,,-30.70451,-10.22008,49.97064,32.9269
1742845113806,208.5629,11620,,Center,804.5001,782.1705,49.62531,,-27.93257,-10.18295,49.62531,30.92606
1742845113844,208.5982,11621,Eye Hit,Center,783.8221,790.8444,49.77616,LowMale2,-28.58574,-9.715653,49.77616,31.23888
1742845113871,208.6368,11622,,Center,745.6723,797.7021,49.94101,,-29.7323,-9.352711,49.94101,31.96865
1742845113900,208.6626,11623,,Center,703.5388,808.9839,49.94819,,-30.89848,-8.703757,49.94819,32.72825
1742845113933,208.692,11624,,Center,670.949,803.8774,49.85252,,-31.73628,-8.980899,49.85252,33.48872
1742845113962,208.7247,11625,,Center,695.5978,804.6024,49.93975,,-31.11221,-8.954894,49.93975,32.95481
1742845113993,208.7543,11626,,Center,703.0217,806.6465,49.95266,,-30.9155,-8.839256,49.95266,32.76922
1742845114023,208.7856,11627,,Center,673.2179,813.0189,49.84858,,-31.67133,-8.454405,49.84858,33.32885
1742845114051,208.815,11628,,Center,690.4445,818.1503,49.90092,,-31.22999,-8.167847,49.90092,32.89844
1742845114079,208.8437,11629,,Center,655.8051,818.3692,49.7443,,-32.08331,-8.1295,49.7443,33.63771
1742845114107,208.8718,11630,,Center,667.968,807.3766,49.83498,,-31.80713,-8.776608,49.83498,33.50858
1742845114135,208.8987,11631,,Center,765.7502,803.3597,49.86876,,-29.13649,-9.013693,49.86876,31.44924
1742845114164,208.9272,11632,,Center,778.6511,793.9706,49.81008,,-28.74743,-9.54272,49.81008,31.30412
1742845114192,208.9555,11633,,Center,750.5841,797.8997,49.9308,,-29.59082,-9.339381,49.93081,31.85903
1742845114221,208.9841,11634,,Center,729.4151,800.138,49.97116,,-30.19877,-9.21788,49.97116,32.28675
1742845114248,209.0133,11635,,Center,713.3778,801.463,49.97167,,-30.64154,-9.141528,49.97167,32.61457
1742845114276,209.0406,11636,,Center,690.8831,802.7874,49.93165,,-31.23713,-9.05802,49.93165,33.07897
1742845114304,209.0702,11637,,Center,682.9455,799.9581,49.90882,,-31.44157,-9.216842,49.90882,33.28451
1742845114332,209.0961,11638,Eye Hit,Center,689.0479,786.0546,49.93049,NorthSidewalk,-31.28699,-10.02177,49.93049,33.34381
1742845114360,209.1239,11639,Eye Hit,Center,874.0034,701.4935,48.48798,RoadEast,-25.43178,-14.46351,48.48798,31.10617
1742845114389,209.1521,11640,Eye Hit,Center,881.6467,696.3018,48.33831,RoadEast,-25.14928,-14.70836,48.33831,31.07829
1742845114416,209.181,11641,Eye Hit,Center,867.1973,698.0869,48.55116,RoadEast,-25.64735,-14.67312,48.55116,31.32453
1742845114444,209.2087,11642,Eye Hit,Center,869.1707,694.3436,48.49334,RoadEast,-25.56397,-14.86524,48.49334,31.37533
1742845114471,209.236,11643,Eye Hit,Center,851.6531,698.4058,48.7502,RoadEast,-26.17087,-14.71542,48.75019,31.6281
1742845114499,209.2632,11644,Eye Hit,Center,843.1977,698.8247,48.85234,RoadEast,-26.45375,-14.72259,48.85234,31.78723
1742845114526,209.2908,11645,Eye Hit,Center,831.3152,700.514,48.99488,RoadEast,-26.85236,-14.67003,48.99488,31.98567
1742845114555,209.3183,11646,Eye Hit,Center,827.0405,701.2847,49.04488,RoadEast,-26.99552,-14.64141,49.04488,32.05355
1742845114583,209.3466,11647,Eye Hit,Center,822.962,701.306,49.08453,RoadEast,-27.12788,-14.65212,49.08453,32.13454
1742845114610,209.3757,11648,Eye Hit,Center,817.4771,699.6063,49.12142,RoadEast,-27.29701,-14.75946,49.12143,32.28204
1742845114638,209.4029,11649,Eye Hit,Center,815.2675,698.603,49.13313,RoadEast,-27.36345,-14.81976,49.13313,32.34846
1742845114666,209.4305,11650,Eye Hit,Center,814.6501,699.5481,49.14718,RoadEast,-27.38804,-14.77037,49.14718,32.33952
1742845114694,209.458,11651,Eye Hit,Center,810.9956,699.903,49.18215,RoadEast,-27.50676,-14.76081,49.18216,32.40422
1742845114722,209.4866,11652,Eye Hit,Center,811.5476,699.7108,49.17591,RoadEast,-27.48827,-14.76983,49.17591,32.39753
1742845114751,209.5145,11653,Eye Hit,Center,816.2465,700.6434,49.14279,RoadEast,-27.34227,-14.707,49.14278,32.28323
1742845114778,209.5425,11654,Eye Hit,Center,815.5166,697.6896,49.12376,RoadEast,-27.35147,-14.86884,49.12376,32.36411
1742845114806,209.5701,11655,Eye Hit,Center,715.4155,678.198,49.35881,RoadCrosswalk,-30.21022,-16.04994,49.35881,34.72461
1742845114833,209.5986,11656,Eye Hit,Center,684.045,678.5259,49.30243,RoadCrosswalk,-31.02962,-16.013,49.30243,35.30755
1742845114861,209.6256,11657,Eye Hit,Center,686.5733,675.9041,49.28249,RoadCrosswalk,-30.94827,-16.1556,49.28249,35.31343
1742845114889,209.6531,11658,Eye Hit,Center,697.1641,675.1771,49.30262,RoadCrosswalk,-30.67263,-16.20358,49.30262,35.13042
1742845114918,209.6808,11659,Eye Hit,Center,706.5764,675.2408,49.31927,RoadCrosswalk,-30.42672,-16.20548,49.31927,34.9528
1742845114945,209.71,11660,Eye Hit,Center,714.4355,675.2384,49.3265,RoadCrosswalk,-30.21714,-16.20805,49.3265,34.80531
1742845114972,209.7381,11661,Eye Hit,Center,719.3729,675.4828,49.33083,RoadCrosswalk,-30.0853,-16.19554,49.33083,34.70726
1742845115000,209.7638,11662,Eye Hit,Center,680.3144,710.5437,49.585,RoadCrosswalk,-31.30959,-14.27283,49.585,34.7586
1742845115028,209.7917,11663,Eye Hit,Center,605.089,799.1623,49.34561,NorthSidewalk,-33.20787,-9.158012,49.34562,34.91838
1742845115056,209.8205,11664,Eye Hit,Center,606.8571,797.768,49.36563,NorthSidewalk,-33.17315,-9.241202,49.36563,34.89871
1742845115084,209.8482,11665,Eye Hit,Center,623.0559,797.0667,49.52697,NorthSidewalk,-32.83862,-9.31145,49.52697,34.57402
1742845115112,209.8764,11666,Eye Hit,Center,636.3763,794.9748,49.64286,NorthSidewalk,-32.55038,-9.453108,49.64286,34.32456
1742845115139,209.9048,11667,Eye Hit,Center,649.4851,796.295,49.73977,NorthSidewalk,-32.25394,-9.395859,49.73977,34.0354
1742845115167,209.9314,11668,,Center,657.8118,798.8423,49.79201,,-32.05892,-9.259281,49.79201,33.82894
1742845115195,209.9595,11669,,Center,670.3704,800.2832,49.8589,,-31.75626,-9.188802,49.8589,33.54638
1742845115223,209.9876,11670,Eye Hit,Center,685.4467,798.01,49.92234,NorthSidewalk,-31.38114,-9.331517,49.92234,33.25694
1742845115252,210.0155,11671,Eye Hit,Center,700.5787,798.1445,49.96228,NorthSidewalk,-30.98885,-9.331162,49.96228,32.93329
1742845115279,210.0444,11672,Eye Hit,Center,713.092,798.2614,49.97868,NorthSidewalk,-30.65373,-9.32755,49.97868,32.66402
1742845115307,210.0728,11673,Eye Hit,Center,724.3392,799.0077,49.9795,NorthSidewalk,-30.34388,-9.284611,49.9795,32.41193
1742845115335,210.0997,11674,Eye Hit,Center,740.7615,799.1599,49.95938,NorthSidewalk,-29.87869,-9.272115,49.95938,32.05459
1742845115363,210.1271,11675,Eye Hit,Center,743.1284,800.5948,49.95325,NorthSidewalk,-29.80975,-9.188275,49.95325,31.98302
1742845115391,210.1546,11676,Eye Hit,Center,758.4783,802.8256,49.90471,NorthSidewalk,-29.35785,-9.050841,49.90471,31.61645
1742845115420,210.1831,11677,Eye Hit,Center,753.9253,791.6348,49.92595,NorthSidewalk,-29.49583,-9.699372,49.92595,31.87808
1742845115446,210.2122,11678,Eye Hit,Center,761.9166,795.1842,49.89581,NorthSidewalk,-29.2579,-9.489286,49.89581,31.65176
1742845115475,210.2397,11679,Eye Hit,Center,729.9656,688.851,49.46424,RoadCrosswalk,-29.87741,-15.47627,49.46424,34.22529
1742845115502,210.2669,11680,Eye Hit,Center,687.5436,631.8927,48.72456,RoadCrosswalk,-30.57182,-18.44719,48.72456,36.23463
1742845115529,210.294,11681,Eye Hit,Center,681.8477,635.5282,48.75827,RoadCrosswalk,-30.74629,-18.25553,48.75827,36.25494
1742845115558,210.3215,11682,Eye Hit,Center,688.3855,643.8461,48.89469,RoadCrosswalk,-30.65582,-17.83714,48.8947,35.95657
1742845115586,210.3498,11683,Eye Hit,Center,692.5556,650.8038,48.99829,RoadCrosswalk,-30.60798,-17.48168,48.99829,35.73058
1742845115613,210.3778,11684,Eye Hit,Center,696.1835,658.3342,49.10184,RoadCrosswalk,-30.57431,-17.09194,49.10184,35.50267
1742845115640,210.4053,11685,Eye Hit,Center,695.8433,667.9915,49.21669,RoadCrosswalk,-30.65507,-16.5835,49.21669,35.30453
1742845115668,210.4328,11686,Eye Hit,Center,698.2073,684.6365,49.40232,RoadCrosswalk,-30.70621,-15.69719,49.40232,34.91739
1742845115696,210.4603,11687,Eye Hit,Center,698.0352,697.8965,49.52781,RoadCrosswalk,-30.78892,-14.97924,49.52781,34.65674
1742845115725,210.4896,11688,Eye Hit,Center,694.4913,713.4547,49.64789,RoadCrosswalk,-30.9607,-14.12428,49.64789,34.42801
1742845115753,210.5171,11689,Eye Hit,Center,692.7414,723.6863,49.71456,RoadCrosswalk,-31.05031,-13.55629,49.71457,34.27452
1742845115780,210.5452,11690,Eye Hit,Center,692.8155,733.1399,49.77253,RoadCrosswalk,-31.08447,-13.02908,49.77253,34.10481
1742845115806,210.5724,11691,Eye Hit,Center,691.9151,732.8832,49.76879,RoadCrosswalk,-31.10688,-13.04291,49.7688,34.12732
1742845115834,210.5992,11692,Eye Hit,Center,722.2886,714.7459,49.68729,RoadCrosswalk,-30.22272,-14.06138,49.68729,33.85646
1742845115862,210.6259,11693,Eye Hit,Center,755.2498,627.3902,48.64655,RoadCrosswalk,-28.70442,-18.67041,48.64655,35.14163
1742845115890,210.6543,11694,Eye Hit,Center,773.0616,539.9525,47.01944,RoadCrosswalk,-27.28193,-22.78994,47.01944,37.09056
1742845115918,210.682,11695,Eye Hit,Center,770.1543,546.2114,47.15848,RoadCrosswalk,-27.43831,-22.51679,47.15848,36.96755
1742845115945,210.7111,11696,Eye Hit,Center,787.9969,503.1697,46.16051,SouthSidewalk,-26.40294,-24.33279,46.16051,37.87716
1742845115973,210.7381,11697,Eye Hit,Center,791.6662,494.8413,45.95528,SouthSidewalk,-26.19245,-24.6662,45.95528,38.05762
1742845116001,210.7657,11698,Eye Hit,Center,783.0698,510.9103,46.3582,SouthSidewalk,-26.64211,-24.02301,46.3582,37.73388
1742845116029,210.7935,11699,Eye Hit,Center,782.8431,501.4924,46.15152,SouthSidewalk,-26.52911,-24.41748,46.15152,37.99853
1742845116057,210.8207,11700,Eye Hit,Center,779.6359,482.6534,45.73796,SouthSidewalk,-26.37237,-25.19284,45.73796,38.56901
1742845116086,210.8491,11701,Eye Hit,Center,782.7507,476.3451,45.57699,SouthSidewalk,-26.20118,-25.43591,45.57699,38.70222
1742845116114,210.878,11702,Eye Hit,Center,786.7878,314.4083,41.43817,SouthSidewalk,-23.7295,-30.86919,41.43817,43.21671
1742845116141,210.9064,11703,Eye Hit,Center,789.1184,307.2253,41.23898,SouthSidewalk,-23.56238,-31.06264,41.23898,43.39292
1742845116169,210.9328,11704,Eye Hit,Center,789.3387,300.8669,41.0697,SouthSidewalk,-23.46066,-31.23641,41.0697,43.56734
1742845116197,210.9609,11705,Eye Hit,Center,784.0596,293.0017,40.87951,SouthSidewalk,-23.47116,-31.46275,40.87951,43.8372
1742845116225,210.9894,11706,Eye Hit,Center,768.7629,358.3007,42.66492,SouthSidewalk,-24.85658,-29.62217,42.66492,42.18763
1742845116254,211.0166,11707,Eye Hit,Center,754.5434,651.6686,48.99295,RoadCrosswalk,-28.92792,-17.4308,48.99295,34.5807
1742845116281,211.0459,11708,Eye Hit,Center,758.7048,647.2477,48.92141,RoadCrosswalk,-28.77328,-17.65505,48.92141,34.60744
1742845116309,211.0734,11709,Eye Hit,Center,748.5946,791.7495,49.94289,RoadCrosswalk,-29.65284,-9.696186,49.94289,31.99182
1742845116336,211.1013,11710,Eye Hit,Center,745.5409,797.8654,49.94931,RoadCrosswalk,-29.74087,-9.344928,49.94931,31.9692
1742845116365,211.1277,11711,Eye Hit,Center,745.1317,796.8691,49.95108,RoadCrosswalk,-29.75321,-9.402624,49.95108,31.9923
1742845116394,211.1566,11712,Eye Hit,Center,742.9823,795.02,49.95689,RoadCrosswalk,-29.81595,-9.510242,49.95689,32.06546
1742845116420,211.1863,11713,Eye Hit,Center,740.5841,793.0122,49.96252,RoadCrosswalk,-29.88547,-9.627204,49.96252,32.1464
1742845116448,211.2121,11714,Eye Hit,Center,737.9783,792.067,49.9679,RoadCrosswalk,-29.96058,-9.682751,49.96791,32.21634
1742845116475,211.2407,11715,Eye Hit,Center,738.3245,793.3928,49.96721,RoadCrosswalk,-29.95061,-9.606178,49.96721,32.18964
1742845116517,211.2675,11716,Eye Hit,Center,738.0043,795.5863,49.9672,RoadCrosswalk,-29.95943,-9.479609,49.9672,32.16499
1742845116557,211.3095,11717,Eye Hit,Center,736.7979,793.5289,49.97005,RoadCrosswalk,-29.99442,-9.598722,49.97005,32.22057
1742845116586,211.35,11718,Eye Hit,Center,736.8323,791.9058,49.97021,RoadCrosswalk,-29.99357,-9.692345,49.97021,32.24332
1742845116614,211.3779,11719,Eye Hit,Center,731.118,792.8499,49.97789,RoadCrosswalk,-30.15586,-9.639492,49.97789,32.35267
1742845116641,211.4067,11720,Eye Hit,Center,726.4644,794.7366,49.98149,RoadCrosswalk,-30.28644,-9.53133,49.98149,32.42582
1742845116669,211.4328,11721,Eye Hit,Center,726.0156,795.4196,49.98177,RoadCrosswalk,-30.299,-9.491911,49.98177,32.42582
1742845116697,211.4613,11722,Eye Hit,Center,725.0638,793.9128,49.98307,RoadCrosswalk,-30.32605,-9.579094,49.98307,32.46757
1742845116726,211.4901,11723,Eye Hit,Center,725.3087,776.9642,49.97215,RoadCrosswalk,-30.31266,-10.55436,49.97215,32.71298
1742845116754,211.522,11724,Eye Hit,Center,723.1742,778.0104,49.97519,RoadCrosswalk,-30.37341,-10.49457,49.97519,32.74206
1742845116794,211.547,11725,Eye Hit,Center,759.2315,662.9241,49.1187,RoadCrosswalk,-28.87503,-16.83772,49.1187,34.23562
1742845116835,211.5861,11726,Eye Hit,Center,767.5864,547.6547,47.20554,RoadCrosswalk,-27.53262,-22.46058,47.20554,36.96907
1742845116864,211.6281,11727,Eye Hit,Center,767.1133,550.5984,47.26636,RoadCrosswalk,-27.58043,-22.32903,47.26636,36.8981
1742845116903,211.6561,11728,Eye Hit,Center,767.8715,551.3875,47.27949,RoadCrosswalk,-27.5683,-22.29213,47.27949,36.86515
1742845116944,211.6962,11729,Eye Hit,Center,766.9621,549.602,47.24767,RoadCrosswalk,-27.57347,-22.37446,47.24767,36.92695
1742845116986,211.7371,11730,Eye Hit,Center,766.3875,545.8464,47.17482,RoadCrosswalk,-27.54592,-22.54439,47.17482,37.03605
1742845117028,211.779,11731,Eye Hit,Center,764.1,545.649,47.17981,RoadCrosswalk,-27.60842,-22.55758,47.17981,37.07701
1742845117070,211.8214,11732,Eye Hit,Center,748.5288,783.517,49.94223,RoadCrosswalk,-29.65427,-10.17045,49.94223,32.11742
1742845117111,211.8621,11733,Eye Hit,Center,748.7584,783.3322,49.94136,RoadCrosswalk,-29.64742,-10.18093,49.94136,32.11533
1742845117155,211.9044,11734,Eye Hit,Center,748.5281,782.6957,49.94131,RoadCrosswalk,-29.65373,-10.2175,49.94131,32.13005
1742845117182,211.9474,11735,Eye Hit,Center,750.8709,781.4987,49.93306,RoadCrosswalk,-29.58425,-10.28477,49.93306,32.09839
1742845117223,211.9759,11736,Eye Hit,Center,747.025,782.2163,49.94478,RoadCrosswalk,-29.69725,-10.24584,49.94478,32.16969
1742845117303,212.0161,11737,Eye Hit,Center,745.6803,781.9762,49.94813,RoadCrosswalk,-29.73631,-10.26043,49.94813,32.20221
1742845117323,212.0987,11738,Eye Hit,Center,749.3599,776.8145,49.93063,RoadCrosswalk,-29.62446,-10.55416,49.93063,32.20441
1742845117363,212.126,11739,Eye Hit,Center,748.7701,777.1404,49.93343,RoadCrosswalk,-29.64239,-10.53609,49.93343,32.21185
1742845117395,212.1593,11740,Eye Hit,Center,757.8162,594.3089,48.11377,RoadCrosswalk,-28.32187,-20.3026,48.11377,35.91452
1742845117436,212.197,11741,Eye Hit,Center,759.1893,594.8688,48.11944,RoadCrosswalk,-28.28873,-20.27379,48.11943,35.87715
1742845117477,212.2286,11742,Eye Hit,Center,760.4485,592.8833,48.08138,RoadCrosswalk,-28.23293,-20.36798,48.08138,35.90627
1742845117516,212.2694,11743,Eye Hit,Center,760.5727,590.0847,48.03293,RoadCrosswalk,-28.20119,-20.50266,48.03293,35.97535
1742845117560,212.313,11744,Eye Hit,Center,760.5256,588.2656,48.00167,RoadCrosswalk,-28.18407,-20.59002,48.00167,36.02247
1742845117603,212.354,11745,Eye Hit,Center,759.964,588.5306,48.00874,RoadCrosswalk,-28.20311,-20.5784,48.00874,36.02511
1742845117648,212.3948,11746,Eye Hit,Center,759.7289,588.769,48.01377,RoadCrosswalk,-28.21231,-20.56738,48.01377,36.02298
1742845117697,212.4417,11747,Eye Hit,Center,759.9377,590.187,48.0377,RoadCrosswalk,-28.22083,-20.49902,48.0377,35.98338
1742845117743,212.4904,11748,Eye Hit,Center,760.316,589.4722,48.02367,RoadCrosswalk,-28.20255,-20.5326,48.02367,35.99523
1742845117784,212.5341,11749,Eye Hit,Center,759.808,588.778,48.01297,RoadCrosswalk,-28.20974,-20.56648,48.01297,36.02141
1742845117827,212.5758,11750,Eye Hit,Center,757.6265,587.1192,47.99081,RoadCrosswalk,-28.25452,-20.6489,47.99081,36.10011
1742845117867,212.6223,11751,Eye Hit,Center,753.1567,585.361,47.97292,RoadCrosswalk,-28.36237,-20.73837,47.97292,36.21915
1742845117909,212.6581,11752,Eye Hit,Center,748.3494,583.0869,47.94485,RoadCrosswalk,-28.47303,-20.85207,47.94485,36.35659
1742845117955,212.7018,11753,Eye Hit,Center,744.5865,578.3044,47.86637,RoadCrosswalk,-28.52586,-21.08215,47.86637,36.53991
1742845117996,212.7484,11754,Eye Hit,Center,742.4847,574.5481,47.80112,RoadCrosswalk,-28.54244,-21.26056,47.80112,36.66965
1742845118039,212.7875,11755,Eye Hit,Center,739.6558,571.3755,47.74692,RoadCrosswalk,-28.58465,-21.41131,47.74692,36.79635
1742845118079,212.8337,11756,Eye Hit,Center,738.9077,566.9119,47.66343,RoadCrosswalk,-28.55436,-21.61932,47.66343,36.92209
1742845118119,212.8729,11757,Eye Hit,Center,739.1196,564.6387,47.61967,RoadCrosswalk,-28.52257,-21.72445,47.61967,36.97675
1742845118157,212.9102,11758,Eye Hit,Center,740.7019,562.1603,47.56919,RoadCrosswalk,-28.45078,-21.83734,47.56919,37.01482
1742845118198,212.948,11759,Eye Hit,Center,743.696,561.9142,47.55903,RoadCrosswalk,-28.36608,-21.84628,47.55903,36.9733
1742845118240,212.9886,11760,Eye Hit,Center,747.0238,559.1463,47.49823,RoadCrosswalk,-28.24256,-21.97002,47.49823,36.99164
1742845118281,213.0303,11761,Eye Hit,Center,751.442,557.9855,47.4648,RoadCrosswalk,-28.1069,-22.01811,47.4648,36.95145
1742845118323,213.074,11762,Eye Hit,Center,760.7969,559.7985,47.4722,RoadCrosswalk,-27.86609,-21.9223,47.47219,36.75506
1742845118377,213.1144,11763,Eye Hit,Center,769.1436,551.2997,47.27516,RoadCrosswalk,-27.53257,-22.29496,47.27516,36.8475
1742845118422,213.1713,11764,Eye Hit,Center,771.7458,537.3887,46.98429,RoadCrosswalk,-27.29568,-22.91181,46.98429,37.17997
1742845118461,213.2131,11765,Eye Hit,Center,778.2066,524.4374,46.68578,RoadCrosswalk,-26.95572,-23.46401,46.68578,37.43371
1742845118502,213.2512,11766,Eye Hit,Center,786.897,515.0688,46.44298,RoadCrosswalk,-26.5927,-23.84407,46.44298,37.56218
1742845118544,213.2941,11767,Eye Hit,Center,797.7078,508.0282,46.22964,RoadCrosswalk,-26.19461,-24.11016,46.22964,37.59981
1742845118587,213.3358,11768,Eye Hit,Center,807.7167,502.9035,46.05422,RoadCrosswalk,-25.84073,-24.29099,46.05422,37.59914
1742845118628,213.3792,11769,Eye Hit,Center,817.0325,498.2107,45.88567,RoadCrosswalk,-25.51014,-24.45047,45.88567,37.59899
1742845118671,213.4219,11770,Eye Hit,Center,825.113,495.4973,45.76448,RoadCrosswalk,-25.23861,-24.52922,45.76448,37.56175
1742845118713,213.4631,11771,Eye Hit,Center,832.1355,492.0204,45.63056,RoadCrosswalk,-24.98784,-24.64056,45.63056,37.56308
1742845118755,213.5061,11772,Eye Hit,Center,838.0826,492.8372,45.59805,RoadCrosswalk,-24.82031,-24.58003,45.59805,37.45498
1742845118798,213.5489,11773,Eye Hit,Center,842.0266,494.0966,45.59089,RoadCrosswalk,-24.71714,-24.50992,45.59089,37.36209
1742845118837,213.5911,11774,Eye Hit,Center,845.9092,493.8958,45.55102,RoadCrosswalk,-24.59789,-24.49891,45.55102,37.31287
1742845118892,213.6306,11775,Eye Hit,Center,847.5849,496.4888,45.59239,RoadCrosswalk,-24.57804,-24.3848,45.59238,37.21253
1742845118947,213.6857,11776,Eye Hit,Center,847.0146,494.23,45.54821,RoadCrosswalk,-24.56857,-24.47985,45.54821,37.28733
1742845118991,213.7432,11777,Eye Hit,Center,846.7446,494.346,45.5534,RoadCrosswalk,-24.57816,-24.47655,45.5534,37.28775
1742845119033,213.7835,11778,Eye Hit,Center,846.6032,495.4644,45.57946,RoadCrosswalk,-24.59578,-24.43179,45.57946,37.25677
1742845119073,213.825,11779,Eye Hit,Center,847.1761,495.5276,45.57542,RoadCrosswalk,-24.57918,-24.42632,45.57542,37.24676
1742845119114,213.8665,11780,Eye Hit,Center,847.6132,496.7528,45.59823,RoadCrosswalk,-24.58047,-24.37401,45.59823,37.20432
1742845119157,213.9064,11781,Eye Hit,Center,848.4697,496.0335,45.57442,RoadCrosswalk,-24.54609,-24.39919,45.57442,37.21342
1742845119211,213.9487,11782,Eye Hit,Center,849.0782,497.0523,45.59117,RoadCrosswalk,-24.5398,-24.35458,45.59117,37.17466
1742845119254,214.0053,11783,Eye Hit,Center,849.4641,495.3028,45.54929,RoadCrosswalk,-24.50755,-24.42413,45.5493,37.22089
1742845119295,214.0474,11784,Eye Hit,Center,849.7502,494.9479,45.53897,RoadCrosswalk,-24.4948,-24.43718,45.53897,37.22729
1742845119337,214.0883,11785,Eye Hit,Center,849.0038,495.447,45.5572,RoadCrosswalk,-24.52339,-24.42073,45.55721,37.22313
1742845119379,214.129,11786,Eye Hit,Center,847.9662,495.1608,45.56088,RoadCrosswalk,-24.55146,-24.43782,45.56087,37.24638
1742845119421,214.1741,11787,Eye Hit,Center,846.9578,495.4552,45.57703,RoadCrosswalk,-24.58554,-24.43101,45.57703,37.25201
1742845119463,214.2134,11788,Eye Hit,Center,847.0587,494.7025,45.5596,RoadCrosswalk,-24.5736,-24.46112,45.5596,37.27274
1742845119504,214.2569,11789,Eye Hit,Center,847.0073,495.581,45.57958,RoadCrosswalk,-24.58567,-24.42577,45.57958,37.24759
1742845119546,214.2977,11790,Eye Hit,Center,847.1311,496.0915,45.58969,RoadCrosswalk,-24.588,-24.40422,45.58969,37.2307
1742845119588,214.3395,11791,Eye Hit,Center,846.7554,495.3906,45.57802,RoadCrosswalk,-24.59117,-24.43484,45.57802,37.25674
1742845119629,214.3808,11792,Eye Hit,Center,846.6586,492.9564,45.5255,RoadCrosswalk,-24.56527,-24.53468,45.52551,37.33007
1742845119685,214.4214,11793,Eye Hit,Center,845.6073,492.3256,45.52141,RoadCrosswalk,-24.58948,-24.56547,45.52141,37.36348
